拠点,取得時刻,機器の計測時刻,PV(W),BAT(V),水位(m),取得方法
cam02,2026-08-28T04:29:36.289Z,2026-08-28 13:20:07,17.030,13.355,0.470,サーバー(直接取得)
cam03,2026-08-28T04:29:36.290Z,2026-08-28 13:20:15,17.078,13.108,-4.400,サーバー(直接取得)
cam04,2026-08-28T04:29:36.291Z,2026-08-28 13:20:07,17.143,13.368,0.990,サーバー(直接取得)
cam08,2026-08-28T04:29:36.292Z,2026-08-28 13:00:22,20.618,13.566,0.170,サーバー(直接取得)
cam09,2026-08-28T04:29:37.096Z,2026-08-28 13:20:21,17.046,12.981,0.290,サーバー(直接取得)
cam11,2026-08-28T04:29:37.100Z,2026-08-28 13:20:06,19.186,13.447,0.443,サーバー(直接取得)
cam12,2026-08-28T04:29:37.289Z,2026-08-28 13:20:07,17.102,13.231,-0.090,サーバー(直接取得)
cam13,2026-08-28T04:29:37.305Z,2026-08-28 13:20:07,18.020,13.596,0.036,サーバー(直接取得)
cam14,2026-08-28T04:29:37.358Z,2026-08-28 13:20:17,16.942,13.060,0.037,サーバー(直接取得)
cam36,2026-08-28T04:29:37.363Z,2026-08-28 13:20:07,16.998,13.464,0.023,サーバー(直接取得)
cam39,2026-08-28T04:29:37.486Z,2026-08-28 13:28:06,24.085,13.377,0.043,サーバー(直接取得)
cam40,2026-08-28T04:29:37.543Z,2026-08-28 13:20:07,18.374,13.526,0.194,サーバー(直接取得)
cam41,2026-08-28T04:29:37.564Z,2026-08-28 13:20:03,19.677,13.645,0.108,サーバー(直接取得)
cam42,2026-08-28T04:29:37.609Z,2026-08-28 13:10:18,17.006,13.205,0.410,サーバー(直接取得)
cam43,2026-08-28T04:29:37.627Z,2026-08-28 13:20:18,17.143,13.016,0.440,サーバー(直接取得)
cam44,2026-08-28T04:29:37.737Z,2026-08-28 13:20:03,16.909,13.025,0.180,サーバー(直接取得)
cam45,2026-08-28T04:29:37.793Z,2026-08-28 13:20:03,16.966,13.306,0.330,サーバー(直接取得)
cam46,2026-08-28T04:29:37.813Z,2026-08-28 13:20:25,16.917,13.069,0.790,サーバー(直接取得)
cam47,2026-08-28T04:29:37.877Z,2026-08-28 13:20:07,16.966,13.412,0.500,サーバー(直接取得)
cam48,2026-08-28T04:29:37.880Z,2026-08-28 13:20:03,24.182,13.746,-16.410,サーバー(直接取得)
cam50,2026-08-28T04:29:38.006Z,2026-08-28 13:29:00,23.659,13.508,0.190,サーバー(直接取得)
cam51,2026-08-28T04:29:38.043Z,2026-08-28 13:28:23,23.627,13.605,0.100,サーバー(直接取得)
cam52,2026-08-28T04:29:38.068Z,2026-08-28 13:20:33,16.901,13.249,0.130,サーバー(直接取得)
cam53,2026-08-28T04:29:38.131Z,2026-08-28 13:20:27,18.840,13.086,0.030,サーバー(直接取得)
cam54,2026-08-28T04:29:38.147Z,2026-08-28 13:20:21,16.966,13.020,0.050,サーバー(直接取得)
cam55,2026-08-28T04:29:38.257Z,2026-08-28 13:20:22,17.070,13.245,0.600,サーバー(直接取得)
kw01,2026-08-28T04:29:38.292Z,2026/08/28 13:20,,,0.450,サーバー(国交省 川の防災情報)
kw02,2026-08-28T04:29:38.324Z,2026/08/28 13:20,,,0.110,サーバー(国交省 川の防災情報)
kw03,2026-08-28T04:29:38.382Z,2026/08/28 13:20,,,1.020,サーバー(国交省 川の防災情報)
kw04,2026-08-28T04:29:38.403Z,2026/08/28 13:20,,,0.650,サーバー(国交省 川の防災情報)
kw05,2026-08-28T04:29:38.512Z,2026/08/28 09:00,,,-1.280,サーバー(国交省 川の防災情報)
kw06,2026-08-28T04:29:38.886Z,2026/08/28 09:00,,,-2.620,サーバー(国交省 川の防災情報)
kw07,2026-08-28T04:29:39.209Z,2026/08/28 09:00,,,-4.230,サーバー(国交省 川の防災情報)
kw08,2026-08-28T04:29:39.210Z,2026/08/28 13:20,,,0.410,サーバー(国交省 川の防災情報)
kw09,2026-08-28T04:29:39.220Z,2026/08/28 10:00,,,-4.040,サーバー(国交省 川の防災情報)
kw10,2026-08-28T04:29:39.240Z,2026/08/28 13:20,,,0.210,サーバー(国交省 川の防災情報)
kw11,2026-08-28T04:29:39.246Z,2026/08/28 13:20,,,-0.520,サーバー(国交省 川の防災情報)
cam02,2026-08-29T00:44:29.836Z,2026-08-29 09:40:07,17.014,12.779,0.490,サーバー(直接取得)
cam03,2026-08-29T00:44:29.838Z,2026-08-29 09:30:17,17.127,12.458,-4.090,サーバー(直接取得)
cam04,2026-08-29T00:44:29.838Z,2026-08-29 09:40:06,17.102,12.924,1.040,サーバー(直接取得)
cam08,2026-08-29T00:44:29.839Z,2026-08-29 09:10:22,17.038,12.704,0.180,サーバー(直接取得)
cam09,2026-08-29T00:44:30.452Z,2026-08-29 09:40:20,17.609,12.489,0.320,サーバー(直接取得)
cam11,2026-08-29T00:44:30.454Z,2026-08-29 09:40:06,17.151,12.691,0.437,サーバー(直接取得)
cam12,2026-08-29T00:44:30.549Z,2026-08-29 09:40:07,17.102,12.814,-0.053,サーバー(直接取得)
cam13,2026-08-29T00:44:30.559Z,2026-08-29 09:40:07,17.030,12.985,0.070,サーバー(直接取得)
cam14,2026-08-29T00:44:30.568Z,2026-08-29 09:40:21,17.102,12.511,0.057,サーバー(直接取得)
cam36,2026-08-29T00:44:30.858Z,2026-08-29 09:40:06,17.006,12.950,0.028,サーバー(直接取得)
cam39,2026-08-29T00:44:30.876Z,2026-08-29 09:44:06,24.085,13.381,0.059,サーバー(直接取得)
cam40,2026-08-29T00:44:30.880Z,2026-08-29 09:40:07,17.006,12.928,0.216,サーバー(直接取得)
cam41,2026-08-29T00:44:30.885Z,2026-08-29 09:40:03,17.046,12.840,0.115,サーバー(直接取得)
cam42,2026-08-29T00:44:30.886Z,2026-08-29 09:40:15,17.199,12.484,0.410,サーバー(直接取得)
cam43,2026-08-29T00:44:31.075Z,2026-08-29 09:40:18,17.151,12.207,0.450,サーバー(直接取得)
cam44,2026-08-29T00:44:31.093Z,2026-08-29 09:40:03,16.942,12.423,0.180,サーバー(直接取得)
cam45,2026-08-29T00:44:31.112Z,2026-08-29 09:40:03,17.046,12.765,0.340,サーバー(直接取得)
cam46,2026-08-29T00:44:31.127Z,2026-08-29 09:40:18,17.135,12.291,0.760,サーバー(直接取得)
cam47,2026-08-29T00:44:31.128Z,2026-08-29 09:40:07,17.328,12.717,0.485,サーバー(直接取得)
cam48,2026-08-29T00:44:31.293Z,2026-08-29 09:40:03,24.190,13.741,-16.650,サーバー(直接取得)
cam50,2026-08-29T00:44:31.311Z,2026-08-29 09:41:00,23.659,13.500,0.260,サーバー(直接取得)
cam51,2026-08-29T00:44:31.342Z,2026-08-29 09:44:19,23.587,13.605,0.280,サーバー(直接取得)
cam52,2026-08-29T00:44:31.350Z,2026-08-29 09:40:23,16.934,12.216,0.160,サーバー(直接取得)
cam53,2026-08-29T00:44:31.385Z,2026-08-29 09:40:26,16.942,12.647,0.040,サーバー(直接取得)
cam54,2026-08-29T00:44:31.525Z,2026-08-29 09:40:21,17.545,12.475,0.060,サーバー(直接取得)
cam55,2026-08-29T00:44:31.531Z,2026-08-29 09:40:21,17.223,12.374,0.620,サーバー(直接取得)
kw01,2026-08-29T00:44:31.558Z,2026/08/29 09:30,,,0.450,サーバー(国交省 川の防災情報)
kw02,2026-08-29T00:44:31.573Z,2026/08/29 09:30,,,0.120,サーバー(国交省 川の防災情報)
kw03,2026-08-29T00:44:31.605Z,2026/08/29 09:30,,,1.020,サーバー(国交省 川の防災情報)
kw04,2026-08-29T00:44:31.757Z,2026/08/29 09:30,,,0.660,サーバー(国交省 川の防災情報)
kw05,2026-08-29T00:44:31.764Z,2026/08/29 09:00,,,-0.690,サーバー(国交省 川の防災情報)
kw06,2026-08-29T00:44:32.099Z,2026/08/29 09:00,,,-2.650,サーバー(国交省 川の防災情報)
kw07,2026-08-29T00:44:32.144Z,2026/08/29 09:00,,,-4.220,サーバー(国交省 川の防災情報)
kw08,2026-08-29T00:44:32.157Z,2026/08/29 09:30,,,0.420,サーバー(国交省 川の防災情報)
kw09,2026-08-29T00:44:32.207Z,2026/08/28 10:00,,,-4.040,サーバー(国交省 川の防災情報)
kw10,2026-08-29T00:44:32.229Z,2026/08/29 09:30,,,0.270,サーバー(国交省 川の防災情報)
kw11,2026-08-29T00:44:32.332Z,2026/08/29 09:30,,,-0.530,サーバー(国交省 川の防災情報)
cam02,2026-08-29T07:24:40.078Z,2026-08-29 16:20:07,17.046,12.493,0.490,サーバー(直接取得)
cam03,2026-08-29T07:24:40.079Z,2026-08-29 16:20:17,15.823,12.352,-4.580,サーバー(直接取得)
cam04,2026-08-29T07:24:40.080Z,2026-08-29 16:20:07,17.119,12.620,1.050,サーバー(直接取得)
cam08,2026-08-29T07:24:40.081Z,2026-08-29 16:20:21,17.046,12.462,0.190,サーバー(直接取得)
cam09,2026-08-29T07:24:40.665Z,2026-08-29 16:20:22,17.135,12.317,0.320,サーバー(直接取得)
cam11,2026-08-29T07:24:40.669Z,2026-08-29 16:20:06,17.175,12.493,0.446,サーバー(直接取得)
cam12,2026-08-29T07:24:40.672Z,2026-08-29 16:20:07,17.102,12.528,-0.067,サーバー(直接取得)
cam13,2026-08-29T07:24:40.700Z,2026-08-29 16:20:06,17.070,12.708,0.057,サーバー(直接取得)
cam14,2026-08-29T07:24:40.764Z,2026-08-29 16:20:19,16.966,12.330,0.067,サーバー(直接取得)
cam36,2026-08-29T07:24:40.888Z,2026-08-29 16:20:07,17.014,12.678,0.032,サーバー(直接取得)
cam39,2026-08-29T07:24:40.901Z,2026-08-29 16:24:06,24.085,13.385,0.059,サーバー(直接取得)
cam40,2026-08-29T07:24:40.910Z,2026-08-29 16:20:07,17.022,12.682,0.235,サーバー(直接取得)
cam41,2026-08-29T07:24:40.927Z,2026-08-29 16:20:03,16.161,12.594,0.115,サーバー(直接取得)
cam42,2026-08-29T07:24:40.980Z,2026-08-29 16:20:17,17.054,12.361,0.420,サーバー(直接取得)
cam43,2026-08-29T07:24:41.108Z,2026-08-29 16:20:23,17.159,12.115,0.450,サーバー(直接取得)
cam44,2026-08-29T07:24:41.127Z,2026-08-29 16:20:03,12.332,12.343,0.180,サーバー(直接取得)
cam45,2026-08-29T07:24:41.145Z,2026-08-29 16:20:03,16.966,12.541,0.340,サーバー(直接取得)
cam46,2026-08-29T07:24:41.150Z,2026-08-29 16:20:23,16.990,12.198,0.760,サーバー(直接取得)
cam47,2026-08-29T07:24:41.194Z,2026-08-29 16:20:07,16.982,12.453,0.481,サーバー(直接取得)
cam48,2026-08-29T07:24:41.332Z,2026-08-29 16:20:03,24.182,13.750,-16.480,サーバー(直接取得)
cam50,2026-08-29T07:24:41.346Z,2026-08-29 16:24:00,23.659,13.504,0.200,サーバー(直接取得)
cam51,2026-08-29T07:24:41.359Z,2026-08-29 16:24:20,23.587,13.605,0.130,サーバー(直接取得)
cam52,2026-08-29T07:24:41.365Z,2026-08-29 16:20:26,16.990,12.185,0.170,サーバー(直接取得)
cam53,2026-08-29T07:24:41.408Z,2026-08-29 16:20:27,16.958,12.436,0.040,サーバー(直接取得)
cam54,2026-08-29T07:24:41.549Z,2026-08-29 16:20:21,17.054,12.260,0.060,サーバー(直接取得)
cam55,2026-08-29T07:24:41.563Z,2026-08-29 16:20:21,17.127,12.326,0.660,サーバー(直接取得)
kw01,2026-08-29T07:24:41.565Z,2026/08/29 16:10,,,0.510,サーバー(国交省 川の防災情報)
kw02,2026-08-29T07:24:41.575Z,2026/08/29 16:10,,,0.200,サーバー(国交省 川の防災情報)
kw03,2026-08-29T07:24:41.621Z,2026/08/29 16:10,,,1.030,サーバー(国交省 川の防災情報)
kw04,2026-08-29T07:24:41.766Z,2026/08/29 16:10,,,0.760,サーバー(国交省 川の防災情報)
kw05,2026-08-29T07:24:41.788Z,2026/08/29 15:55,,,-1.270,サーバー(国交省 川の防災情報)
kw06,2026-08-29T07:24:41.994Z,2026/08/29 09:00,,,-2.650,サーバー(国交省 川の防災情報)
kw07,2026-08-29T07:24:42.044Z,2026/08/29 09:00,,,-4.220,サーバー(国交省 川の防災情報)
kw08,2026-08-29T07:24:42.230Z,2026/08/29 16:10,,,0.530,サーバー(国交省 川の防災情報)
kw09,2026-08-29T07:24:42.275Z,2026/08/29 10:00,,,-4.040,サーバー(国交省 川の防災情報)
kw10,2026-08-29T07:24:42.363Z,2026/08/29 16:10,,,0.290,サーバー(国交省 川の防災情報)
kw11,2026-08-29T07:24:42.475Z,2026/08/29 16:10,,,-0.430,サーバー(国交省 川の防災情報)
cam02,2026-08-29T13:13:20.224Z,2026-08-29 22:10:06,0.193,12.300,0.500,サーバー(直接取得)
cam03,2026-08-29T13:13:20.226Z,2026-08-29 22:10:12,0.530,12.278,-4.580,サーバー(直接取得)
cam04,2026-08-29T13:13:20.227Z,2026-08-29 22:10:07,0.305,12.326,1.060,サーバー(直接取得)
cam08,2026-08-29T13:13:20.228Z,2026-08-29 22:00:20,0.659,12.154,0.190,サーバー(直接取得)
cam09,2026-08-29T13:13:21.446Z,2026-08-29 22:10:17,1.922,12.102,0.320,サーバー(直接取得)
cam11,2026-08-29T13:13:21.448Z,2026-08-29 22:10:07,1.061,12.273,0.460,サーバー(直接取得)
cam12,2026-08-29T13:13:21.601Z,2026-08-29 22:10:06,0.273,12.418,-0.070,サーバー(直接取得)
cam13,2026-08-29T13:13:21.619Z,2026-08-29 22:10:06,0.297,12.475,0.053,サーバー(直接取得)
cam14,2026-08-29T13:13:21.634Z,2026-08-29 22:10:15,0.386,12.119,0.047,サーバー(直接取得)
cam36,2026-08-29T13:13:21.686Z,2026-08-29 22:10:06,0.313,12.423,0.031,サーバー(直接取得)
cam39,2026-08-29T13:13:21.689Z,2026-08-29 22:12:06,24.085,13.390,0.066,サーバー(直接取得)
cam40,2026-08-29T13:13:21.844Z,2026-08-29 22:10:06,0.394,12.445,0.217,サーバー(直接取得)
cam41,2026-08-29T13:13:21.866Z,2026-08-29 22:10:03,1.126,12.484,0.117,サーバー(直接取得)
cam42,2026-08-29T13:13:21.871Z,2026-08-29 22:10:12,0.362,12.256,0.420,サーバー(直接取得)
cam43,2026-08-29T13:13:21.934Z,2026-08-29 22:10:14,0.378,11.908,0.450,サーバー(直接取得)
cam44,2026-08-29T13:13:21.952Z,2026-08-29 22:10:03,0.981,12.286,0.170,サーバー(直接取得)
cam45,2026-08-29T13:13:22.089Z,2026-08-29 22:10:03,0.595,12.427,0.340,サーバー(直接取得)
cam46,2026-08-29T13:13:22.114Z,2026-08-29 22:10:10,0.498,11.987,0.820,サーバー(直接取得)
cam47,2026-08-29T13:13:22.121Z,2026-08-29 22:10:06,1.681,12.260,0.482,サーバー(直接取得)
cam48,2026-08-29T13:13:22.183Z,2026-08-29 22:10:03,24.182,13.755,-16.700,サーバー(直接取得)
cam50,2026-08-29T13:13:22.191Z,2026-08-29 22:12:00,23.627,13.504,0.200,サーバー(直接取得)
cam51,2026-08-29T13:13:22.334Z,2026-08-29 22:12:13,23.418,13.618,0.110,サーバー(直接取得)
cam52,2026-08-29T13:13:22.361Z,2026-08-29 22:10:11,0.394,11.943,0.180,サーバー(直接取得)
cam53,2026-08-29T13:13:22.369Z,2026-08-29 22:10:09,0.418,12.295,0.040,サーバー(直接取得)
cam54,2026-08-29T13:13:22.431Z,2026-08-29 22:10:21,0.426,12.150,0.060,サーバー(直接取得)
cam55,2026-08-29T13:13:22.436Z,2026-08-29 22:10:21,0.812,12.234,0.660,サーバー(直接取得)
kw01,2026-08-29T13:13:22.572Z,2026/08/29 22:00,,,0.520,サーバー(国交省 川の防災情報)
kw02,2026-08-29T13:13:22.600Z,2026/08/29 22:00,,,0.190,サーバー(国交省 川の防災情報)
kw03,2026-08-29T13:13:22.609Z,2026/08/29 22:00,,,1.030,サーバー(国交省 川の防災情報)
kw04,2026-08-29T13:13:22.680Z,2026/08/29 22:00,,,0.760,サーバー(国交省 川の防災情報)
kw05,2026-08-29T13:13:22.686Z,2026/08/29 17:55,,,-1.280,サーバー(国交省 川の防災情報)
kw06,2026-08-29T13:13:23.324Z,2026/08/29 09:00,,,-2.650,サーバー(国交省 川の防災情報)
kw07,2026-08-29T13:13:23.591Z,2026/08/29 09:00,,,-4.220,サーバー(国交省 川の防災情報)
kw08,2026-08-29T13:13:23.596Z,2026/08/29 22:00,,,0.000,サーバー(国交省 川の防災情報)
kw09,2026-08-29T13:13:23.695Z,2026/08/29 10:00,,,-4.040,サーバー(国交省 川の防災情報)
kw10,2026-08-29T13:13:23.717Z,2026/08/29 22:00,,,0.280,サーバー(国交省 川の防災情報)
kw11,2026-08-29T13:13:23.769Z,2026/08/29 22:00,,,-0.430,サーバー(国交省 川の防災情報)
cam02,2026-08-29T17:07:40.839Z,2026-08-30 02:00:07,0.193,12.273,0.500,サーバー(直接取得)
cam03,2026-08-29T17:07:40.840Z,2026-08-30 02:00:11,0.530,12.251,-4.580,サーバー(直接取得)
cam04,2026-08-29T17:07:40.841Z,2026-08-30 02:00:07,0.289,12.295,1.050,サーバー(直接取得)
cam08,2026-08-29T17:07:40.843Z,2026-08-30 01:40:20,0.659,12.128,0.160,サーバー(直接取得)
cam09,2026-08-29T17:07:41.640Z,2026-08-30 02:00:18,1.978,12.058,0.320,サーバー(直接取得)
cam11,2026-08-29T17:07:41.642Z,2026-08-30 02:00:07,1.061,12.247,0.458,サーバー(直接取得)
cam12,2026-08-29T17:07:41.772Z,2026-08-30 02:00:06,0.257,12.396,-2.199,サーバー(直接取得)
cam13,2026-08-29T17:07:41.788Z,2026-08-30 02:00:06,0.281,12.449,0.057,サーバー(直接取得)
cam14,2026-08-29T17:07:41.910Z,2026-08-30 01:50:13,0.297,12.093,0.047,サーバー(直接取得)
cam36,2026-08-29T17:07:41.929Z,2026-08-30 02:00:06,0.313,12.396,0.031,サーバー(直接取得)
cam39,2026-08-29T17:07:42.048Z,2026-08-30 02:06:06,24.085,13.407,0.059,サーバー(直接取得)
cam40,2026-08-29T17:07:42.067Z,2026-08-30 02:00:06,0.329,12.418,0.212,サーバー(直接取得)
cam41,2026-08-29T17:07:42.073Z,2026-08-30 02:00:03,1.126,12.471,0.116,サーバー(直接取得)
cam42,2026-08-29T17:07:42.250Z,2026-08-30 02:00:15,0.321,12.216,0.420,サーバー(直接取得)
cam43,2026-08-29T17:07:42.255Z,2026-08-30 02:00:13,0.353,11.842,0.450,サーバー(直接取得)
cam44,2026-08-29T17:07:42.319Z,2026-08-30 02:00:03,0.981,12.264,0.170,サーバー(直接取得)
cam45,2026-08-29T17:07:42.337Z,2026-08-30 01:50:03,0.579,12.396,0.340,サーバー(直接取得)
cam46,2026-08-29T17:07:42.343Z,2026-08-30 02:00:11,0.466,11.943,0.740,サーバー(直接取得)
cam47,2026-08-29T17:07:42.517Z,2026-08-30 02:00:06,1.761,12.225,0.485,サーバー(直接取得)
cam48,2026-08-29T17:07:42.530Z,2026-08-30 02:00:03,24.198,13.741,-16.590,サーバー(直接取得)
cam50,2026-08-29T17:07:42.582Z,2026-08-30 02:07:00,23.611,13.504,0.190,サーバー(直接取得)
cam51,2026-08-29T17:07:42.601Z,2026-08-30 02:06:13,23.450,13.618,0.100,サーバー(直接取得)
cam52,2026-08-29T17:07:42.608Z,2026-08-30 02:00:16,0.394,11.899,0.170,サーバー(直接取得)
cam53,2026-08-29T17:07:42.787Z,2026-08-30 02:00:10,0.506,12.256,0.050,サーバー(直接取得)
cam54,2026-08-29T17:07:42.792Z,2026-08-30 02:00:20,0.418,12.119,0.060,サーバー(直接取得)
cam55,2026-08-29T17:07:42.851Z,2026-08-30 02:00:21,0.764,12.216,0.650,サーバー(直接取得)
kw01,2026-08-29T17:07:42.872Z,2026/08/30 02:00,,,0.500,サーバー(国交省 川の防災情報)
kw02,2026-08-29T17:07:42.887Z,2026/08/30 02:00,,,0.170,サーバー(国交省 川の防災情報)
kw03,2026-08-29T17:07:43.056Z,2026/08/30 02:00,,,1.030,サーバー(国交省 川の防災情報)
kw04,2026-08-29T17:07:43.063Z,2026/08/30 02:00,,,0.850,サーバー(国交省 川の防災情報)
kw05,2026-08-29T17:07:43.122Z,2026/08/30 00:15,,,-1.270,サーバー(国交省 川の防災情報)
kw06,2026-08-29T17:07:43.375Z,2026/08/29 09:00,,,-2.650,サーバー(国交省 川の防災情報)
kw07,2026-08-29T17:07:43.588Z,2026/08/29 09:00,,,-4.220,サーバー(国交省 川の防災情報)
kw09,2026-08-29T17:07:43.723Z,2026/08/29 10:00,,,-4.040,サーバー(国交省 川の防災情報)
kw10,2026-08-29T17:07:43.729Z,2026/08/30 02:00,,,0.300,サーバー(国交省 川の防災情報)
cam02,2026-08-29T19:42:20.348Z,2026-08-30 04:40:07,0.201,12.242,0.490,サーバー(直接取得)
cam03,2026-08-29T19:42:20.349Z,2026-08-30 04:40:11,0.538,12.229,-4.580,サーバー(直接取得)
cam04,2026-08-29T19:42:20.351Z,2026-08-30 04:40:07,0.305,12.282,1.040,サーバー(直接取得)
cam08,2026-08-29T19:42:20.352Z,2026-08-30 04:40:21,0.724,12.110,0.200,サーバー(直接取得)
cam09,2026-08-29T19:42:20.943Z,2026-08-30 04:40:17,1.922,12.027,0.320,サーバー(直接取得)
cam11,2026-08-29T19:42:20.945Z,2026-08-30 04:40:06,1.061,12.220,0.450,サーバー(直接取得)
cam12,2026-08-29T19:42:21.082Z,2026-08-30 04:40:07,0.273,12.379,-0.071,サーバー(直接取得)
cam13,2026-08-29T19:42:21.092Z,2026-08-30 04:40:07,0.305,12.423,0.056,サーバー(直接取得)
cam14,2026-08-29T19:42:21.153Z,2026-08-30 04:40:13,0.305,12.049,0.047,サーバー(直接取得)
cam36,2026-08-29T19:42:21.162Z,2026-08-30 04:40:06,0.313,12.374,0.028,サーバー(直接取得)
cam39,2026-08-29T19:42:21.195Z,2026-08-30 04:40:06,24.085,13.412,0.063,サーバー(直接取得)
cam40,2026-08-29T19:42:21.289Z,2026-08-30 04:40:06,0.329,12.396,0.210,サーバー(直接取得)
cam41,2026-08-29T19:42:21.302Z,2026-08-30 04:40:03,1.126,12.462,0.113,サーバー(直接取得)
cam42,2026-08-29T19:42:21.360Z,2026-08-30 04:30:14,0.329,12.190,0.390,サーバー(直接取得)
cam43,2026-08-29T19:42:21.383Z,2026-08-30 04:30:13,0.345,11.820,0.440,サーバー(直接取得)
cam44,2026-08-29T19:42:21.410Z,2026-08-30 04:40:03,0.981,12.264,0.170,サーバー(直接取得)
cam45,2026-08-29T19:42:21.496Z,2026-08-30 04:40:03,0.587,12.374,0.340,サーバー(直接取得)
cam46,2026-08-29T19:42:21.507Z,2026-08-30 04:30:11,0.466,11.908,1.070,サーバー(直接取得)
cam47,2026-08-29T19:42:21.570Z,2026-08-30 04:40:06,1.665,12.194,0.487,サーバー(直接取得)
cam48,2026-08-29T19:42:21.592Z,2026-08-30 04:40:03,24.190,13.750,-16.460,サーバー(直接取得)
cam50,2026-08-29T19:42:21.613Z,2026-08-30 04:41:00,23.619,13.504,0.180,サーバー(直接取得)
cam51,2026-08-29T19:42:21.732Z,2026-08-30 04:40:14,23.442,13.618,0.100,サーバー(直接取得)
cam52,2026-08-29T19:42:21.784Z,2026-08-30 04:40:12,0.394,11.877,0.170,サーバー(直接取得)
cam53,2026-08-29T19:42:21.811Z,2026-08-30 04:40:04,0.506,12.229,0.040,サーバー(直接取得)
cam54,2026-08-29T19:42:21.832Z,2026-08-30 04:40:21,0.426,12.080,0.060,サーバー(直接取得)
cam55,2026-08-29T19:42:21.947Z,2026-08-30 04:40:21,0.796,12.212,0.640,サーバー(直接取得)
kw01,2026-08-29T19:42:21.998Z,2026/08/30 04:30,,,0.480,サーバー(国交省 川の防災情報)
kw02,2026-08-29T19:42:22.022Z,2026/08/30 04:30,,,0.150,サーバー(国交省 川の防災情報)
kw03,2026-08-29T19:42:22.044Z,2026/08/30 04:30,,,1.020,サーバー(国交省 川の防災情報)
kw04,2026-08-29T19:42:22.056Z,2026/08/30 04:30,,,0.710,サーバー(国交省 川の防災情報)
kw05,2026-08-29T19:42:22.156Z,2026/08/30 00:15,,,-1.270,サーバー(国交省 川の防災情報)
kw06,2026-08-29T19:42:22.427Z,2026/08/29 09:00,,,-2.650,サーバー(国交省 川の防災情報)
kw07,2026-08-29T19:42:22.442Z,2026/08/29 09:00,,,-4.220,サーバー(国交省 川の防災情報)
kw08,2026-08-29T19:42:22.472Z,2026/08/30 04:30,,,0.470,サーバー(国交省 川の防災情報)
kw09,2026-08-29T19:42:22.472Z,2026/08/29 10:00,,,-4.040,サーバー(国交省 川の防災情報)
kw10,2026-08-29T19:42:22.659Z,2026/08/30 04:30,,,0.290,サーバー(国交省 川の防災情報)
kw11,2026-08-29T19:42:22.681Z,2026/08/30 04:30,,,-0.430,サーバー(国交省 川の防災情報)
cam02,2026-08-29T21:56:51.713Z,2026-08-30 06:50:08,14.745,12.308,0.500,サーバー(直接取得)
cam03,2026-08-29T21:56:51.714Z,2026-08-30 06:50:17,12.179,12.216,-4.520,サーバー(直接取得)
cam04,2026-08-29T21:56:51.716Z,2026-08-30 06:50:07,16.660,12.361,1.050,サーバー(直接取得)
cam08,2026-08-29T21:56:51.717Z,2026-08-30 06:50:21,17.046,12.238,0.150,サーバー(直接取得)
cam09,2026-08-29T21:56:52.573Z,2026-08-30 06:50:21,17.135,12.137,0.310,サーバー(直接取得)
cam11,2026-08-29T21:56:52.576Z,2026-08-30 06:50:06,16.161,12.330,0.419,サーバー(直接取得)
cam12,2026-08-29T21:56:52.804Z,2026-08-30 06:50:07,12.509,12.383,-0.070,サーバー(直接取得)
cam13,2026-08-29T21:56:52.818Z,2026-08-30 06:50:06,17.022,12.467,0.055,サーバー(直接取得)
cam14,2026-08-29T21:56:52.825Z,2026-08-30 06:50:19,15.783,12.150,0.047,サーバー(直接取得)
cam36,2026-08-29T21:56:52.847Z,2026-08-30 06:50:07,16.732,12.475,0.030,サーバー(直接取得)
cam39,2026-08-29T21:56:52.869Z,2026-08-30 06:56:05,24.093,13.385,0.064,サーバー(直接取得)
cam40,2026-08-29T21:56:53.078Z,2026-08-30 06:50:07,17.014,12.511,0.207,サーバー(直接取得)
cam41,2026-08-29T21:56:53.092Z,2026-08-30 06:50:03,12.453,12.475,0.113,サーバー(直接取得)
cam42,2026-08-29T21:56:53.104Z,2026-08-30 06:50:14,16.998,12.207,0.390,サーバー(直接取得)
cam43,2026-08-29T21:56:53.119Z,2026-08-30 06:50:17,17.183,11.908,0.440,サーバー(直接取得)
cam44,2026-08-29T21:56:53.138Z,2026-08-30 06:50:03,12.139,12.260,0.160,サーバー(直接取得)
cam45,2026-08-29T21:56:53.349Z,2026-08-30 06:50:03,12.332,12.383,0.340,サーバー(直接取得)
cam46,2026-08-29T21:56:53.364Z,2026-08-30 06:50:19,16.958,11.987,0.750,サーバー(直接取得)
cam47,2026-08-29T21:56:53.375Z,2026-08-30 06:50:06,16.966,12.300,0.491,サーバー(直接取得)
cam48,2026-08-29T21:56:53.390Z,2026-08-30 06:50:03,24.198,13.746,-16.560,サーバー(直接取得)
cam50,2026-08-29T21:56:53.403Z,2026-08-30 06:53:00,23.643,13.500,0.190,サーバー(直接取得)
cam51,2026-08-29T21:56:53.627Z,2026-08-30 06:56:21,23.627,13.601,0.100,サーバー(直接取得)
cam52,2026-08-29T21:56:53.634Z,2026-08-30 06:50:23,16.934,12.005,0.170,サーバー(直接取得)
cam53,2026-08-29T21:56:53.650Z,2026-08-30 06:50:08,16.950,12.181,0.050,サーバー(直接取得)
cam54,2026-08-29T21:56:53.666Z,2026-08-30 06:50:21,16.998,12.115,0.060,サーバー(直接取得)
cam55,2026-08-29T21:56:53.671Z,2026-08-30 06:50:21,17.102,12.185,0.640,サーバー(直接取得)
cam02,2026-08-29T23:48:45.059Z,2026-08-30 08:40:07,17.078,12.361,0.490,サーバー(直接取得)
cam03,2026-08-29T23:48:45.060Z,2026-08-30 08:40:13,17.111,12.247,-4.430,サーバー(直接取得)
cam04,2026-08-29T23:48:45.062Z,2026-08-30 08:40:08,17.094,12.436,1.060,サーバー(直接取得)
cam08,2026-08-29T23:48:45.063Z,2026-08-30 08:40:21,17.038,12.286,0.150,サーバー(直接取得)
cam09,2026-08-29T23:48:46.132Z,2026-08-30 08:40:22,17.119,12.168,0.310,サーバー(直接取得)
cam11,2026-08-29T23:48:46.146Z,2026-08-30 08:40:06,17.336,12.414,0.416,サーバー(直接取得)
cam12,2026-08-29T23:48:46.385Z,2026-08-30 08:40:07,17.167,12.445,-0.064,サーバー(直接取得)
cam13,2026-08-29T23:48:46.392Z,2026-08-30 08:40:06,17.191,12.524,0.053,サーバー(直接取得)
cam14,2026-08-29T23:48:46.636Z,2026-08-30 08:40:21,17.086,12.181,0.047,サーバー(直接取得)
cam36,2026-08-29T23:48:46.648Z,2026-08-30 08:40:07,17.006,12.554,0.027,サーバー(直接取得)
cam39,2026-08-29T23:48:46.889Z,2026-08-30 08:48:05,24.093,13.385,0.062,サーバー(直接取得)
cam40,2026-08-29T23:48:46.900Z,2026-08-30 08:40:07,17.006,12.585,0.200,サーバー(直接取得)
cam41,2026-08-29T23:48:47.074Z,2026-08-30 08:40:03,17.062,12.607,0.115,サーバー(直接取得)
cam42,2026-08-29T23:48:47.089Z,2026-08-30 08:40:15,17.143,12.256,0.390,サーバー(直接取得)
cam43,2026-08-29T23:48:47.144Z,2026-08-30 08:40:19,17.151,11.939,0.450,サーバー(直接取得)
cam44,2026-08-29T23:48:47.157Z,2026-08-30 08:40:04,16.942,12.295,0.160,サーバー(直接取得)
cam45,2026-08-29T23:48:47.328Z,2026-08-30 08:40:03,17.030,12.427,0.340,サーバー(直接取得)
cam46,2026-08-29T23:48:47.338Z,2026-08-30 08:40:21,17.135,12.023,0.750,サーバー(直接取得)
cam47,2026-08-29T23:48:47.399Z,2026-08-30 08:40:07,16.958,12.343,0.488,サーバー(直接取得)
cam48,2026-08-29T23:48:47.410Z,2026-08-30 08:40:03,24.190,13.750,-16.530,サーバー(直接取得)
cam50,2026-08-29T23:48:47.583Z,2026-08-30 08:48:00,23.635,13.504,0.190,サーバー(直接取得)
cam51,2026-08-29T23:48:47.597Z,2026-08-30 08:48:21,23.595,13.605,0.100,サーバー(直接取得)
cam52,2026-08-29T23:48:47.660Z,2026-08-30 08:40:32,16.926,12.075,0.170,サーバー(直接取得)
cam53,2026-08-29T23:48:47.662Z,2026-08-30 08:40:27,16.950,12.313,0.040,サーバー(直接取得)
cam54,2026-08-29T23:48:47.837Z,2026-08-30 08:40:21,17.279,12.159,0.060,サーバー(直接取得)
cam55,2026-08-29T23:48:47.850Z,2026-08-30 08:40:22,17.344,12.212,0.630,サーバー(直接取得)
kw01,2026-08-29T23:48:47.917Z,2026/08/30 08:40,,,0.480,サーバー(国交省 川の防災情報)
kw02,2026-08-29T23:48:47.932Z,2026/08/30 08:40,,,0.150,サーバー(国交省 川の防災情報)
kw03,2026-08-29T23:48:48.095Z,2026/08/30 08:40,,,1.020,サーバー(国交省 川の防災情報)
kw04,2026-08-29T23:48:48.122Z,2026/08/30 08:40,,,0.700,サーバー(国交省 川の防災情報)
kw05,2026-08-29T23:48:48.637Z,2026/08/30 08:40,,,-1.280,サーバー(国交省 川の防災情報)
kw06,2026-08-29T23:48:48.677Z,2026/08/29 09:00,,,-2.650,サーバー(国交省 川の防災情報)
kw07,2026-08-29T23:48:48.689Z,2026/08/29 09:00,,,-4.220,サーバー(国交省 川の防災情報)
kw08,2026-08-29T23:48:48.837Z,2026/08/30 08:40,,,0.460,サーバー(国交省 川の防災情報)
kw09,2026-08-29T23:48:48.902Z,2026/08/29 10:00,,,-4.040,サーバー(国交省 川の防災情報)
kw10,2026-08-29T23:48:48.979Z,2026/08/30 08:40,,,0.280,サーバー(国交省 川の防災情報)
kw11,2026-08-29T23:48:49.087Z,2026/08/30 08:40,,,-0.470,サーバー(国交省 川の防災情報)
cam02,2026-08-30T01:45:29.706Z,2026-08-30 10:40:08,17.022,12.449,0.490,サーバー(直接取得)
cam03,2026-08-30T01:45:29.707Z,2026-08-30 10:40:12,17.135,12.269,-4.370,サーバー(直接取得)
cam04,2026-08-30T01:45:29.708Z,2026-08-30 10:40:07,17.094,12.620,1.030,サーバー(直接取得)
cam08,2026-08-30T01:45:29.709Z,2026-08-30 10:40:21,17.030,12.453,0.130,サーバー(直接取得)
cam09,2026-08-30T01:45:30.555Z,2026-08-30 10:40:22,17.473,12.185,0.280,サーバー(直接取得)
cam11,2026-08-30T01:45:30.557Z,2026-08-30 10:40:07,17.151,12.524,0.406,サーバー(直接取得)
cam12,2026-08-30T01:45:30.825Z,2026-08-30 10:40:07,17.102,12.489,-0.080,サーバー(直接取得)
cam13,2026-08-30T01:45:30.833Z,2026-08-30 10:40:07,17.030,12.713,0.048,サーバー(直接取得)
cam14,2026-08-30T01:45:31.093Z,2026-08-30 10:40:21,17.094,12.216,0.047,サーバー(直接取得)
cam36,2026-08-30T01:45:31.124Z,2026-08-30 10:40:07,17.006,12.656,0.025,サーバー(直接取得)
cam39,2026-08-30T01:45:31.359Z,2026-08-30 10:44:06,24.085,13.385,0.056,サーバー(直接取得)
cam40,2026-08-30T01:45:31.389Z,2026-08-30 10:40:07,17.006,12.682,0.203,サーバー(直接取得)
cam41,2026-08-30T01:45:31.580Z,2026-08-30 10:40:03,17.094,12.783,0.112,サーバー(直接取得)
cam42,2026-08-30T01:45:31.590Z,2026-08-30 10:40:16,17.006,12.313,0.390,サーバー(直接取得)
cam43,2026-08-30T01:45:31.628Z,2026-08-30 10:40:18,17.159,11.970,0.440,サーバー(直接取得)
cam44,2026-08-30T01:45:31.648Z,2026-08-30 10:40:03,16.958,12.308,0.170,サーバー(直接取得)
cam45,2026-08-30T01:45:31.807Z,2026-08-30 10:40:03,17.062,12.519,0.340,サーバー(直接取得)
cam46,2026-08-30T01:45:31.842Z,2026-08-30 10:40:19,17.376,12.040,0.790,サーバー(直接取得)
cam47,2026-08-30T01:45:31.856Z,2026-08-30 10:40:07,16.958,12.431,0.481,サーバー(直接取得)
cam48,2026-08-30T01:45:31.897Z,2026-08-30 10:40:03,24.174,13.746,-16.610,サーバー(直接取得)
cam50,2026-08-30T01:45:31.916Z,2026-08-30 10:44:00,23.627,13.500,0.180,サーバー(直接取得)
cam51,2026-08-30T01:45:32.076Z,2026-08-30 10:44:23,23.603,13.605,0.090,サーバー(直接取得)
cam52,2026-08-30T01:45:32.112Z,2026-08-30 10:40:27,17.650,12.264,0.160,サーバー(直接取得)
cam53,2026-08-30T01:45:32.125Z,2026-08-30 10:40:30,16.942,12.387,0.040,サーバー(直接取得)
cam54,2026-08-30T01:45:32.165Z,2026-08-30 10:40:21,17.424,12.212,0.060,サーバー(直接取得)
cam55,2026-08-30T01:45:32.181Z,2026-08-30 10:40:21,17.754,12.282,0.620,サーバー(直接取得)
cam02,2026-08-30T07:27:23.314Z,2026-08-30 16:20:07,17.038,12.343,0.490,サーバー(直接取得)
cam03,2026-08-30T07:27:23.316Z,2026-08-30 16:20:13,15.357,12.194,-4.250,サーバー(直接取得)
cam04,2026-08-30T07:27:23.317Z,2026-08-30 16:20:08,17.111,12.418,1.040,サーバー(直接取得)
cam08,2026-08-30T07:27:23.318Z,2026-08-30 16:20:22,17.054,12.326,0.160,サーバー(直接取得)
cam09,2026-08-30T07:27:24.136Z,2026-08-30 16:20:21,17.135,12.132,0.280,サーバー(直接取得)
cam11,2026-08-30T07:27:24.140Z,2026-08-30 16:20:07,17.159,12.370,0.453,サーバー(直接取得)
cam12,2026-08-30T07:27:24.286Z,2026-08-30 16:20:07,17.102,12.418,-0.066,サーバー(直接取得)
cam13,2026-08-30T07:27:24.294Z,2026-08-30 16:20:07,17.078,12.519,0.046,サーバー(直接取得)
cam14,2026-08-30T07:27:24.400Z,2026-08-30 16:20:19,16.966,12.141,0.057,サーバー(直接取得)
cam36,2026-08-30T07:27:24.404Z,2026-08-30 16:20:06,17.006,12.532,0.203,サーバー(直接取得)
cam39,2026-08-30T07:27:24.455Z,2026-08-30 16:26:05,24.085,13.385,0.062,サーバー(直接取得)
cam40,2026-08-30T07:27:24.541Z,2026-08-30 16:20:07,17.006,12.550,0.208,サーバー(直接取得)
cam41,2026-08-30T07:27:24.582Z,2026-08-30 16:20:03,12.646,12.519,0.116,サーバー(直接取得)
cam42,2026-08-30T07:27:24.661Z,2026-08-30 16:20:13,17.022,12.203,0.390,サーバー(直接取得)
cam43,2026-08-30T07:27:24.672Z,2026-08-30 16:20:18,17.151,11.869,0.440,サーバー(直接取得)
cam44,2026-08-30T07:27:24.742Z,2026-08-30 16:20:03,12.211,12.247,0.180,サーバー(直接取得)
cam45,2026-08-30T07:27:24.799Z,2026-08-30 16:20:03,15.904,12.370,0.340,サーバー(直接取得)
cam46,2026-08-30T07:27:24.850Z,2026-08-30 16:20:19,16.942,11.961,0.830,サーバー(直接取得)
cam47,2026-08-30T07:27:24.929Z,2026-08-30 16:20:06,16.966,12.308,0.481,サーバー(直接取得)
cam48,2026-08-30T07:27:24.937Z,2026-08-30 16:20:03,24.158,13.759,-16.490,サーバー(直接取得)
cam50,2026-08-30T07:27:25.020Z,2026-08-30 16:26:00,23.651,13.504,0.180,サーバー(直接取得)
cam51,2026-08-30T07:27:25.060Z,2026-08-30 16:26:19,23.603,13.605,0.090,サーバー(直接取得)
cam52,2026-08-30T07:27:25.098Z,2026-08-30 16:20:26,16.966,12.132,0.160,サーバー(直接取得)
cam53,2026-08-30T07:27:25.206Z,2026-08-30 16:20:27,16.966,12.260,0.050,サーバー(直接取得)
cam54,2026-08-30T07:27:25.210Z,2026-08-30 16:20:21,17.054,12.115,0.080,サーバー(直接取得)
cam55,2026-08-30T07:27:25.290Z,2026-08-30 16:20:21,17.102,12.176,0.620,サーバー(直接取得)
kw01,2026-08-30T07:27:25.323Z,2026/08/30 16:20,,,0.470,サーバー(国交省 川の防災情報)
kw02,2026-08-30T07:27:25.357Z,2026/08/30 16:20,,,0.130,サーバー(国交省 川の防災情報)
kw03,2026-08-30T07:27:25.466Z,2026/08/30 16:20,,,1.020,サーバー(国交省 川の防災情報)
kw04,2026-08-30T07:27:25.470Z,2026/08/30 16:20,,,1.010,サーバー(国交省 川の防災情報)
kw05,2026-08-30T07:27:25.557Z,2026/08/30 15:50,,,-1.280,サーバー(国交省 川の防災情報)
kw06,2026-08-30T07:27:25.840Z,2026/08/30 09:00,,,-2.610,サーバー(国交省 川の防災情報)
kw07,2026-08-30T07:27:26.052Z,2026/08/30 09:00,,,-4.240,サーバー(国交省 川の防災情報)
kw09,2026-08-30T07:27:26.139Z,2026/08/30 10:00,,,-4.040,サーバー(国交省 川の防災情報)
kw10,2026-08-30T07:27:26.221Z,2026/08/30 16:20,,,0.240,サーバー(国交省 川の防災情報)
cam02,2026-08-30T17:22:36.284Z,2026-08-31 02:20:07,0.176,12.097,0.490,サーバー(直接取得)
cam03,2026-08-30T17:22:36.286Z,2026-08-31 02:20:12,0.522,12.089,-4.080,サーバー(直接取得)
cam04,2026-08-30T17:22:36.286Z,2026-08-31 02:20:06,0.289,12.203,1.050,サーバー(直接取得)
cam08,2026-08-30T17:22:36.287Z,2026-08-31 02:20:21,0.659,12.049,0.150,サーバー(直接取得)
cam09,2026-08-30T17:22:36.874Z,2026-08-31 02:20:18,1.890,11.877,0.280,サーバー(直接取得)
cam11,2026-08-30T17:22:36.875Z,2026-08-31 02:20:07,1.053,12.150,0.420,サーバー(直接取得)
cam12,2026-08-30T17:22:36.986Z,2026-08-31 02:20:06,0.265,12.286,-0.068,サーバー(直接取得)
cam13,2026-08-30T17:22:36.999Z,2026-08-31 02:20:07,0.273,12.348,0.053,サーバー(直接取得)
cam14,2026-08-30T17:22:37.090Z,2026-08-31 02:20:13,0.297,11.913,0.057,サーバー(直接取得)
cam36,2026-08-30T17:22:37.100Z,2026-08-31 02:20:07,0.305,12.308,0.066,サーバー(直接取得)
cam39,2026-08-30T17:22:37.110Z,2026-08-31 02:22:05,24.093,13.407,0.067,サーバー(直接取得)
cam40,2026-08-30T17:22:37.202Z,2026-08-31 02:20:07,0.329,12.330,0.198,サーバー(直接取得)
cam41,2026-08-30T17:22:37.214Z,2026-08-31 02:20:03,1.118,12.431,0.118,サーバー(直接取得)
cam42,2026-08-30T17:22:37.305Z,2026-08-31 02:10:11,0.321,12.036,0.390,サーバー(直接取得)
cam43,2026-08-30T17:22:37.316Z,2026-08-31 02:10:14,0.337,11.605,0.440,サーバー(直接取得)
cam44,2026-08-30T17:22:37.339Z,2026-08-31 02:20:03,0.973,12.198,0.180,サーバー(直接取得)
cam45,2026-08-30T17:22:37.424Z,2026-08-31 02:20:03,0.587,12.269,0.340,サーバー(直接取得)
cam46,2026-08-30T17:22:37.425Z,2026-08-31 02:10:12,0.450,11.662,0.760,サーバー(直接取得)
cam47,2026-08-30T17:22:37.520Z,2026-08-31 02:20:06,1.657,12.080,0.483,サーバー(直接取得)
cam48,2026-08-30T17:22:37.532Z,2026-08-31 02:20:03,24.182,13.755,-16.590,サーバー(直接取得)
cam50,2026-08-30T17:22:37.551Z,2026-08-31 02:22:00,23.627,13.504,0.180,サーバー(直接取得)
cam51,2026-08-30T17:22:37.639Z,2026-08-31 02:22:16,23.442,13.618,0.090,サーバー(直接取得)
cam52,2026-08-30T17:22:37.649Z,2026-08-31 02:20:15,0.394,11.763,0.160,サーバー(直接取得)
cam53,2026-08-30T17:22:37.728Z,2026-08-31 02:20:10,0.418,12.084,0.050,サーバー(直接取得)
cam54,2026-08-30T17:22:37.742Z,2026-08-31 02:20:20,0.418,11.974,0.070,サーバー(直接取得)
cam55,2026-08-30T17:22:37.767Z,2026-08-31 02:20:21,0.756,12.075,0.610,サーバー(直接取得)
kw01,2026-08-30T17:22:37.851Z,2026/08/31 02:10,,,0.460,サーバー(国交省 川の防災情報)
kw02,2026-08-30T17:22:37.860Z,2026/08/31 02:10,,,0.110,サーバー(国交省 川の防災情報)
kw03,2026-08-30T17:22:37.939Z,2026/08/31 02:10,,,1.010,サーバー(国交省 川の防災情報)
kw04,2026-08-30T17:22:37.953Z,2026/08/31 02:10,,,0.690,サーバー(国交省 川の防災情報)
kw05,2026-08-30T17:22:37.994Z,2026/08/31 01:25,,,-1.280,サーバー(国交省 川の防災情報)
kw06,2026-08-30T17:22:38.515Z,2026/08/30 09:00,,,-2.610,サーバー(国交省 川の防災情報)
kw07,2026-08-30T17:22:38.524Z,2026/08/30 09:00,,,-4.240,サーバー(国交省 川の防災情報)
kw08,2026-08-30T17:22:38.899Z,2026/08/31 02:10,,,0.420,サーバー(国交省 川の防災情報)
kw09,2026-08-30T17:22:38.917Z,2026/08/30 10:00,,,-4.040,サーバー(国交省 川の防災情報)
kw10,2026-08-30T17:22:38.926Z,2026/08/31 02:10,,,0.260,サーバー(国交省 川の防災情報)
kw11,2026-08-30T17:22:39.008Z,2026/08/31 02:10,,,-0.480,サーバー(国交省 川の防災情報)
cam02,2026-08-30T19:52:55.515Z,2026-08-31 04:50:06,0.530,12.154,0.490,サーバー(直接取得)
cam03,2026-08-30T19:52:55.517Z,2026-08-31 04:50:12,0.667,12.058,-4.040,サーバー(直接取得)
cam04,2026-08-30T19:52:55.518Z,2026-08-31 04:50:07,0.949,12.185,1.000,サーバー(直接取得)
cam08,2026-08-30T19:52:55.519Z,2026-08-31 04:50:21,0.925,12.031,0.190,サーバー(直接取得)
cam09,2026-08-30T19:52:56.460Z,2026-08-31 04:50:16,1.970,11.842,0.280,サーバー(直接取得)
cam11,2026-08-30T19:52:56.467Z,2026-08-31 04:50:06,1.077,12.124,0.434,サーバー(直接取得)
cam12,2026-08-30T19:52:56.687Z,2026-08-31 04:50:07,0.772,12.260,-0.070,サーバー(直接取得)
cam13,2026-08-30T19:52:56.692Z,2026-08-31 04:50:06,0.812,12.335,0.053,サーバー(直接取得)
cam14,2026-08-30T19:52:56.772Z,2026-08-31 04:50:13,0.828,11.886,0.057,サーバー(直接取得)
cam36,2026-08-30T19:52:56.783Z,2026-08-31 04:50:07,0.860,12.291,0.029,サーバー(直接取得)
cam39,2026-08-30T19:52:56.922Z,2026-08-31 04:52:05,24.085,13.407,0.066,サーバー(直接取得)
cam40,2026-08-30T19:52:56.928Z,2026-08-31 04:50:06,0.876,12.308,0.194,サーバー(直接取得)
cam41,2026-08-30T19:52:57.005Z,2026-08-31 04:50:03,1.134,12.414,0.114,サーバー(直接取得)
cam42,2026-08-30T19:52:57.015Z,2026-08-31 04:50:10,0.933,12.036,0.390,サーバー(直接取得)
cam43,2026-08-30T19:52:57.153Z,2026-08-31 04:50:18,0.892,11.557,0.440,サーバー(直接取得)
cam44,2026-08-30T19:52:57.164Z,2026-08-31 04:50:03,0.981,12.176,0.180,サーバー(直接取得)
cam45,2026-08-30T19:52:57.236Z,2026-08-31 04:50:03,0.965,12.238,0.340,サーバー(直接取得)
cam46,2026-08-30T19:52:57.240Z,2026-08-31 04:50:14,0.844,11.719,0.750,サーバー(直接取得)
cam47,2026-08-30T19:52:57.381Z,2026-08-31 04:50:06,1.705,12.058,0.487,サーバー(直接取得)
cam48,2026-08-30T19:52:57.393Z,2026-08-31 04:50:03,24.182,13.759,-16.490,サーバー(直接取得)
cam50,2026-08-30T19:52:57.460Z,2026-08-31 04:52:00,23.635,13.504,0.180,サーバー(直接取得)
cam51,2026-08-30T19:52:57.469Z,2026-08-31 04:52:15,23.442,13.618,0.090,サーバー(直接取得)
cam52,2026-08-30T19:52:57.480Z,2026-08-31 04:50:22,1.053,11.825,0.160,サーバー(直接取得)
cam53,2026-08-30T19:52:57.608Z,2026-08-31 04:50:17,1.029,12.080,0.040,サーバー(直接取得)
cam54,2026-08-30T19:52:57.618Z,2026-08-31 04:50:20,1.021,11.939,0.070,サーバー(直接取得)
cam55,2026-08-30T19:52:57.685Z,2026-08-31 04:50:21,1.045,12.045,0.620,サーバー(直接取得)
kw01,2026-08-30T19:52:57.692Z,2026/08/31 04:40,,,0.460,サーバー(国交省 川の防災情報)
kw02,2026-08-30T19:52:57.714Z,2026/08/31 04:40,,,0.110,サーバー(国交省 川の防災情報)
kw03,2026-08-30T19:52:57.838Z,2026/08/31 04:40,,,1.020,サーバー(国交省 川の防災情報)
kw04,2026-08-30T19:52:57.847Z,2026/08/31 04:40,,,0.660,サーバー(国交省 川の防災情報)
kw05,2026-08-30T19:52:57.924Z,2026/08/31 03:05,,,-1.280,サーバー(国交省 川の防災情報)
kw06,2026-08-30T19:52:58.439Z,2026/08/30 09:00,,,-2.610,サーバー(国交省 川の防災情報)
kw07,2026-08-30T19:52:58.446Z,2026/08/30 09:00,,,-4.240,サーバー(国交省 川の防災情報)
kw08,2026-08-30T19:52:58.495Z,2026/08/31 04:40,,,0.410,サーバー(国交省 川の防災情報)
kw09,2026-08-30T19:52:58.503Z,2026/08/30 10:00,,,-4.040,サーバー(国交省 川の防災情報)
kw10,2026-08-30T19:52:58.669Z,2026/08/31 04:40,,,0.250,サーバー(国交省 川の防災情報)
kw11,2026-08-30T19:52:58.698Z,2026/08/31 04:40,,,-0.490,サーバー(国交省 川の防災情報)
cam02,2026-08-30T22:09:00.958Z,2026-08-31 07:00:07,17.038,12.321,0.480,サーバー(直接取得)
cam03,2026-08-30T22:09:00.961Z,2026-08-31 07:00:18,17.070,12.141,-4.010,サーバー(直接取得)
cam04,2026-08-30T22:09:00.962Z,2026-08-31 07:00:07,17.111,12.594,1.100,サーバー(直接取得)
cam08,2026-08-30T22:09:00.962Z,2026-08-31 07:00:21,17.038,12.365,0.170,サーバー(直接取得)
cam09,2026-08-30T22:09:01.853Z,2026-08-31 07:00:24,17.094,12.053,0.280,サーバー(直接取得)
cam11,2026-08-30T22:09:01.855Z,2026-08-31 07:00:07,17.143,12.651,0.426,サーバー(直接取得)
cam12,2026-08-30T22:09:02.063Z,2026-08-31 07:00:07,18.052,12.528,-0.079,サーバー(直接取得)
cam13,2026-08-30T22:09:02.090Z,2026-08-31 07:00:07,17.030,12.603,0.042,サーバー(直接取得)
cam14,2026-08-30T22:09:02.140Z,2026-08-31 07:00:23,16.950,12.102,0.057,サーバー(直接取得)
cam36,2026-08-30T22:09:02.177Z,2026-08-31 07:00:07,17.014,12.594,0.203,サーバー(直接取得)
cam39,2026-08-30T22:09:02.269Z,2026-08-31 07:08:06,24.085,13.381,0.060,サーバー(直接取得)
cam40,2026-08-30T22:09:02.349Z,2026-08-31 07:00:07,17.006,12.612,0.196,サーバー(直接取得)
cam41,2026-08-30T22:09:02.366Z,2026-08-31 07:00:03,17.070,12.594,0.112,サーバー(直接取得)
cam42,2026-08-30T22:09:02.419Z,2026-08-31 07:00:21,16.998,12.207,0.390,サーバー(直接取得)
cam43,2026-08-30T22:09:02.452Z,2026-08-31 07:00:19,17.135,11.820,0.440,サーバー(直接取得)
cam44,2026-08-30T22:09:02.553Z,2026-08-31 07:00:03,16.934,12.242,0.180,サーバー(直接取得)
cam45,2026-08-30T22:09:02.616Z,2026-08-31 07:00:03,17.102,12.418,0.350,サーバー(直接取得)
cam46,2026-08-30T22:09:02.648Z,2026-08-31 07:00:17,17.296,11.812,0.810,サーバー(直接取得)
cam47,2026-08-30T22:09:02.695Z,2026-08-31 07:00:06,17.473,12.326,0.512,サーバー(直接取得)
cam48,2026-08-30T22:09:02.725Z,2026-08-31 07:00:03,24.158,13.750,-16.630,サーバー(直接取得)
cam50,2026-08-30T22:09:02.826Z,2026-08-31 07:04:00,23.651,13.500,0.170,サーバー(直接取得)
cam51,2026-08-30T22:09:02.881Z,2026-08-31 07:08:21,23.611,13.605,0.070,サーバー(直接取得)
cam52,2026-08-30T22:09:02.935Z,2026-08-31 07:00:25,17.505,12.093,0.140,サーバー(直接取得)
cam53,2026-08-30T22:09:02.967Z,2026-08-31 07:00:31,16.950,12.251,0.040,サーバー(直接取得)
cam54,2026-08-30T22:09:02.999Z,2026-08-31 07:00:21,17.650,12.071,0.060,サーバー(直接取得)
cam55,2026-08-30T22:09:03.100Z,2026-08-31 07:00:22,18.172,12.234,0.580,サーバー(直接取得)
kw01,2026-08-30T22:09:03.143Z,2026/08/31 07:00,,,0.460,サーバー(国交省 川の防災情報)
kw02,2026-08-30T22:09:03.215Z,2026/08/31 07:00,,,0.120,サーバー(国交省 川の防災情報)
kw03,2026-08-30T22:09:03.246Z,2026/08/31 07:00,,,1.010,サーバー(国交省 川の防災情報)
kw04,2026-08-30T22:09:03.272Z,2026/08/31 07:00,,,0.660,サーバー(国交省 川の防災情報)
kw05,2026-08-30T22:09:03.373Z,2026/08/31 03:05,,,-1.280,サーバー(国交省 川の防災情報)
kw06,2026-08-30T22:09:03.879Z,2026/08/30 09:00,,,-2.610,サーバー(国交省 川の防災情報)
kw07,2026-08-30T22:09:03.959Z,2026/08/30 09:00,,,-4.240,サーバー(国交省 川の防災情報)
kw08,2026-08-30T22:09:04.003Z,2026/08/31 07:00,,,0.410,サーバー(国交省 川の防災情報)
kw09,2026-08-30T22:09:04.038Z,2026/08/30 10:00,,,-4.040,サーバー(国交省 川の防災情報)
kw10,2026-08-30T22:09:04.062Z,2026/08/31 07:00,,,0.250,サーバー(国交省 川の防災情報)
kw11,2026-08-30T22:09:04.090Z,2026/08/31 07:00,,,-0.480,サーバー(国交省 川の防災情報)
cam02,2026-08-31T00:31:21.927Z,2026-08-31 09:30:08,20.240,13.025,0.450,サーバー(直接取得)
cam03,2026-08-31T00:31:21.929Z,2026-08-31 09:30:14,17.086,12.431,-3.980,サーバー(直接取得)
cam04,2026-08-31T00:31:21.930Z,2026-08-31 09:30:07,17.537,13.311,1.010,サーバー(直接取得)
cam08,2026-08-31T00:31:21.931Z,2026-08-31 09:30:21,20.803,13.100,0.170,サーバー(直接取得)
cam09,2026-08-31T00:31:25.282Z,2026-08-31 09:30:22,18.872,12.475,0.280,サーバー(直接取得)
cam11,2026-08-31T00:31:25.284Z,2026-08-31 09:30:07,17.135,12.941,0.399,サーバー(直接取得)
cam12,2026-08-31T00:31:25.422Z,2026-08-31 09:30:07,19.098,13.240,-0.100,サーバー(直接取得)
cam13,2026-08-31T00:31:25.435Z,2026-08-31 09:30:07,19.411,13.346,0.034,サーバー(直接取得)
cam14,2026-08-31T00:31:25.532Z,2026-08-31 09:30:22,16.950,12.708,0.047,サーバー(直接取得)
cam36,2026-08-31T00:31:25.544Z,2026-08-31 09:30:07,17.392,13.337,0.196,サーバー(直接取得)
cam39,2026-08-31T00:31:25.626Z,2026-08-31 09:30:06,24.077,13.377,0.052,サーバー(直接取得)
cam40,2026-08-31T00:31:25.670Z,2026-08-31 09:30:07,17.006,13.223,0.187,サーバー(直接取得)
cam41,2026-08-31T00:31:25.685Z,2026-08-31 09:30:03,17.046,13.130,0.107,サーバー(直接取得)
cam42,2026-08-31T00:31:25.808Z,2026-08-31 09:20:17,16.998,12.809,0.390,サーバー(直接取得)
cam43,2026-08-31T00:31:25.812Z,2026-08-31 09:20:24,17.159,12.321,0.440,サーバー(直接取得)
cam44,2026-08-31T00:31:25.877Z,2026-08-31 09:30:03,16.917,12.739,0.180,サーバー(直接取得)
cam45,2026-08-31T00:31:25.923Z,2026-08-31 09:30:03,16.966,12.831,0.330,サーバー(直接取得)
cam46,2026-08-31T00:31:25.939Z,2026-08-31 09:20:20,16.934,12.370,0.730,サーバー(直接取得)
cam47,2026-08-31T00:31:26.053Z,2026-08-31 09:30:07,16.966,12.919,0.520,サーバー(直接取得)
cam48,2026-08-31T00:31:26.079Z,2026-08-31 09:30:03,24.190,13.755,-16.680,サーバー(直接取得)
cam50,2026-08-31T00:31:26.134Z,2026-08-31 09:27:00,23.643,13.504,0.170,サーバー(直接取得)
cam51,2026-08-31T00:31:26.170Z,2026-08-31 09:30:19,23.619,13.601,0.070,サーバー(直接取得)
cam52,2026-08-31T00:31:26.185Z,2026-08-31 09:30:27,19.090,12.554,0.140,サーバー(直接取得)
cam53,2026-08-31T00:31:26.313Z,2026-08-31 09:30:27,20.940,13.139,0.030,サーバー(直接取得)
cam54,2026-08-31T00:31:26.324Z,2026-08-31 09:30:20,19.822,12.765,0.050,サーバー(直接取得)
cam55,2026-08-31T00:31:26.389Z,2026-08-31 09:30:22,19.347,12.607,0.590,サーバー(直接取得)
kw01,2026-08-31T00:31:26.421Z,2026/08/31 09:20,,,0.460,サーバー(国交省 川の防災情報)
kw03,2026-08-31T00:31:26.560Z,2026/08/31 09:20,,,1.010,サーバー(国交省 川の防災情報)
kw04,2026-08-31T00:31:26.574Z,2026/08/31 09:20,,,0.650,サーバー(国交省 川の防災情報)
kw06,2026-08-31T00:31:27.001Z,2026/08/31 09:00,,,-2.730,サーバー(国交省 川の防災情報)
kw09,2026-08-31T00:31:27.317Z,2026/08/30 10:00,,,-4.040,サーバー(国交省 川の防災情報)
kw10,2026-08-31T00:31:27.339Z,2026/08/31 09:20,,,0.230,サーバー(国交省 川の防災情報)
cam02,2026-08-31T05:58:27.220Z,2026-08-31 14:50:07,17.030,13.267,0.450,サーバー(直接取得)
cam03,2026-08-31T05:58:27.221Z,2026-08-31 14:50:13,18.349,13.082,-3.920,サーバー(直接取得)
cam04,2026-08-31T05:58:27.223Z,2026-08-31 14:50:07,17.062,13.460,1.000,サーバー(直接取得)
cam08,2026-08-31T05:58:27.224Z,2026-08-31 14:20:21,21.793,13.566,0.160,サーバー(直接取得)
cam09,2026-08-31T05:58:28.067Z,2026-08-31 14:50:22,19.371,13.025,0.280,サーバー(直接取得)
cam11,2026-08-31T05:58:28.069Z,2026-08-31 14:50:07,17.135,13.271,0.378,サーバー(直接取得)
cam12,2026-08-31T05:58:28.210Z,2026-08-31 14:50:07,18.494,13.069,-0.083,サーバー(直接取得)
cam13,2026-08-31T05:58:28.217Z,2026-08-31 14:50:07,19.773,13.592,0.032,サーバー(直接取得)
cam14,2026-08-31T05:58:28.339Z,2026-08-31 14:50:22,16.934,13.056,0.037,サーバー(直接取得)
cam36,2026-08-31T05:58:28.343Z,2026-08-31 14:50:07,17.883,13.526,0.014,サーバー(直接取得)
cam39,2026-08-31T05:58:28.444Z,2026-08-31 14:58:06,24.085,13.381,0.045,サーバー(直接取得)
cam40,2026-08-31T05:58:28.475Z,2026-08-31 14:50:07,16.990,13.544,0.188,サーバー(直接取得)
cam41,2026-08-31T05:58:28.512Z,2026-08-31 14:50:03,19.982,13.460,0.098,サーバー(直接取得)
cam42,2026-08-31T05:58:28.602Z,2026-08-31 14:50:19,16.998,13.135,0.390,サーバー(直接取得)
cam43,2026-08-31T05:58:28.613Z,2026-08-31 14:50:20,17.143,12.568,0.440,サーバー(直接取得)
cam44,2026-08-31T05:58:28.714Z,2026-08-31 14:50:03,16.909,12.897,0.180,サーバー(直接取得)
cam45,2026-08-31T05:58:28.755Z,2026-08-31 14:50:03,16.966,13.051,0.320,サーバー(直接取得)
cam46,2026-08-31T05:58:28.779Z,2026-08-31 14:50:26,18.253,12.260,0.800,サーバー(直接取得)
cam47,2026-08-31T05:58:28.863Z,2026-08-31 14:50:07,19.122,12.924,0.500,サーバー(直接取得)
cam48,2026-08-31T05:58:28.877Z,2026-08-31 14:50:03,24.190,13.755,-16.540,サーバー(直接取得)
cam51,2026-08-31T05:58:29.021Z,2026-08-31 14:58:19,23.619,13.601,0.060,サーバー(直接取得)
cam52,2026-08-31T05:58:29.048Z,2026-08-31 14:50:26,18.921,12.612,0.140,サーバー(直接取得)
cam53,2026-08-31T05:58:29.136Z,2026-08-31 14:50:24,20.707,13.438,0.020,サーバー(直接取得)
cam54,2026-08-31T05:58:29.142Z,2026-08-31 14:50:21,19.604,13.051,0.050,サーバー(直接取得)
cam55,2026-08-31T05:58:29.246Z,2026-08-31 14:50:22,17.070,12.915,0.580,サーバー(直接取得)
kw01,2026-08-31T05:58:29.301Z,2026/08/31 14:50,,,0.450,サーバー(国交省 川の防災情報)
kw02,2026-08-31T05:58:29.314Z,2026/08/31 14:50,,,0.100,サーバー(国交省 川の防災情報)
kw03,2026-08-31T05:58:29.401Z,2026/08/31 14:50,,,1.010,サーバー(国交省 川の防災情報)
kw04,2026-08-31T05:58:29.408Z,2026/08/31 14:50,,,0.650,サーバー(国交省 川の防災情報)
kw05,2026-08-31T05:58:29.518Z,2026/08/31 09:00,,,-1.280,サーバー(国交省 川の防災情報)
kw06,2026-08-31T05:58:29.740Z,2026/08/31 09:00,,,-2.730,サーバー(国交省 川の防災情報)
kw07,2026-08-31T05:58:29.980Z,2026/08/31 09:00,,,-4.250,サーバー(国交省 川の防災情報)
kw08,2026-08-31T05:58:30.014Z,2026/08/31 14:50,,,0.000,サーバー(国交省 川の防災情報)
kw09,2026-08-31T05:58:30.088Z,2026/08/31 10:00,,,-4.040,サーバー(国交省 川の防災情報)
kw10,2026-08-31T05:58:30.113Z,2026/08/31 14:50,,,0.200,サーバー(国交省 川の防災情報)
kw11,2026-08-31T05:58:30.134Z,2026/08/31 14:50,,,-0.570,サーバー(国交省 川の防災情報)
cam02,2026-08-31T12:41:35.119Z,2026-08-31 21:40:07,0.193,12.431,0.480,サーバー(直接取得)
cam03,2026-08-31T12:41:35.120Z,2026-08-31 21:40:10,0.522,12.273,-3.840,サーバー(直接取得)
cam04,2026-08-31T12:41:35.121Z,2026-08-31 21:40:06,0.313,12.541,1.040,サーバー(直接取得)
cam08,2026-08-31T12:41:35.122Z,2026-08-31 21:40:20,0.756,12.352,0.170,サーバー(直接取得)
cam09,2026-08-31T12:41:35.844Z,2026-08-31 21:40:21,1.970,12.093,0.270,サーバー(直接取得)
cam11,2026-08-31T12:41:35.847Z,2026-08-31 21:40:06,1.045,12.427,0.450,サーバー(直接取得)
cam12,2026-08-31T12:41:36.088Z,2026-08-31 21:40:06,0.273,12.537,-0.070,サーバー(直接取得)
cam13,2026-08-31T12:41:36.109Z,2026-08-31 21:40:06,0.281,12.695,0.045,サーバー(直接取得)
cam14,2026-08-31T12:41:36.301Z,2026-08-31 21:40:15,0.378,12.163,0.057,サーバー(直接取得)
cam36,2026-08-31T12:41:36.308Z,2026-08-31 21:40:07,0.305,12.598,0.027,サーバー(直接取得)
cam39,2026-08-31T12:41:36.333Z,2026-08-31 21:40:05,24.085,13.390,0.060,サーバー(直接取得)
cam40,2026-08-31T12:41:36.355Z,2026-08-31 21:40:07,0.329,12.603,0.192,サーバー(直接取得)
cam41,2026-08-31T12:41:36.555Z,2026-08-31 21:40:03,1.118,12.660,0.112,サーバー(直接取得)
cam42,2026-08-31T12:41:36.580Z,2026-08-31 21:30:10,0.345,12.304,0.390,サーバー(直接取得)
cam43,2026-08-31T12:41:36.597Z,2026-08-31 21:30:11,0.345,11.825,0.440,サーバー(直接取得)
cam44,2026-08-31T12:41:36.610Z,2026-08-31 21:40:03,0.965,12.339,0.180,サーバー(直接取得)
cam45,2026-08-31T12:41:36.801Z,2026-08-31 21:40:03,0.595,12.524,0.340,サーバー(直接取得)
cam46,2026-08-31T12:41:36.827Z,2026-08-31 21:30:10,0.466,11.820,0.590,サーバー(直接取得)
cam47,2026-08-31T12:41:36.858Z,2026-08-31 21:40:06,1.737,12.317,0.450,サーバー(直接取得)
cam48,2026-08-31T12:41:36.867Z,2026-08-31 21:40:03,24.190,13.755,-16.760,サーバー(直接取得)
cam50,2026-08-31T12:41:36.898Z,2026-08-31 21:41:00,23.627,13.500,0.180,サーバー(直接取得)
cam51,2026-08-31T12:41:37.040Z,2026-08-31 21:40:15,23.434,13.618,0.090,サーバー(直接取得)
cam52,2026-08-31T12:41:37.055Z,2026-08-31 21:40:11,0.402,11.957,0.150,サーバー(直接取得)
cam53,2026-08-31T12:41:37.100Z,2026-08-31 21:40:13,0.482,12.387,0.040,サーバー(直接取得)
cam54,2026-08-31T12:41:37.100Z,2026-08-31 21:40:20,0.426,12.220,0.070,サーバー(直接取得)
cam55,2026-08-31T12:41:37.129Z,2026-08-31 21:40:21,0.949,12.229,0.610,サーバー(直接取得)
kw01,2026-08-31T12:41:37.282Z,2026/08/31 21:30,,,0.450,サーバー(国交省 川の防災情報)
kw02,2026-08-31T12:41:37.298Z,2026/08/31 21:30,,,0.110,サーバー(国交省 川の防災情報)
kw03,2026-08-31T12:41:37.344Z,2026/08/31 21:30,,,1.020,サーバー(国交省 川の防災情報)
kw04,2026-08-31T12:41:37.347Z,2026/08/31 21:30,,,0.650,サーバー(国交省 川の防災情報)
kw05,2026-08-31T12:41:37.365Z,2026/08/31 09:00,,,-1.280,サーバー(国交省 川の防災情報)
kw06,2026-08-31T12:41:38.557Z,2026/08/31 09:00,,,-2.730,サーバー(国交省 川の防災情報)
kw07,2026-08-31T12:41:38.589Z,2026/08/31 09:00,,,-4.250,サーバー(国交省 川の防災情報)
kw09,2026-08-31T12:41:38.613Z,2026/08/31 10:00,,,-4.040,サーバー(国交省 川の防災情報)
kw10,2026-08-31T12:41:38.648Z,2026/08/31 21:30,,,0.230,サーバー(国交省 川の防災情報)
cam02,2026-08-31T19:14:44.792Z,2026-09-01 04:10:06,0.201,12.295,0.490,サーバー(直接取得)
cam03,2026-08-31T19:14:44.793Z,2026-09-01 04:10:11,0.538,12.150,-3.770,サーバー(直接取得)
cam04,2026-08-31T19:14:44.794Z,2026-09-01 04:10:07,0.329,12.440,1.030,サーバー(直接取得)
cam08,2026-08-31T19:14:44.795Z,2026-09-01 04:10:21,0.667,12.264,0.170,サーバー(直接取得)
cam09,2026-08-31T19:14:45.531Z,2026-09-01 04:10:16,1.938,11.952,0.270,サーバー(直接取得)
cam11,2026-08-31T19:14:45.532Z,2026-09-01 04:10:07,1.053,12.313,0.444,サーバー(直接取得)
cam12,2026-08-31T19:14:45.771Z,2026-09-01 04:10:07,0.257,12.431,-0.059,サーバー(直接取得)
cam13,2026-08-31T19:14:45.787Z,2026-09-01 04:10:07,0.273,12.598,0.048,サーバー(直接取得)
cam14,2026-08-31T19:14:46.017Z,2026-09-01 04:10:09,0.337,12.045,0.047,サーバー(直接取得)
cam36,2026-08-31T19:14:46.025Z,2026-09-01 04:10:06,0.313,12.497,0.031,サーバー(直接取得)
cam39,2026-08-31T19:14:46.117Z,2026-09-01 04:14:06,24.085,13.403,0.060,サーバー(直接取得)
cam40,2026-08-31T19:14:46.123Z,2026-09-01 04:10:06,0.329,12.493,0.191,サーバー(直接取得)
cam41,2026-08-31T19:14:46.260Z,2026-09-01 04:10:03,1.118,12.576,0.108,サーバー(直接取得)
cam42,2026-08-31T19:14:46.273Z,2026-09-01 04:10:10,0.329,12.168,0.390,サーバー(直接取得)
cam43,2026-08-31T19:14:46.357Z,2026-09-01 04:10:14,0.337,11.631,0.440,サーバー(直接取得)
cam44,2026-08-31T19:14:46.366Z,2026-09-01 04:10:03,0.973,12.234,0.170,サーバー(直接取得)
cam45,2026-08-31T19:14:46.507Z,2026-09-01 04:10:03,0.619,12.409,0.340,サーバー(直接取得)
cam46,2026-08-31T19:14:46.516Z,2026-09-01 04:10:12,0.458,11.631,0.760,サーバー(直接取得)
cam47,2026-08-31T19:14:46.598Z,2026-09-01 04:10:06,1.729,12.181,0.456,サーバー(直接取得)
cam48,2026-08-31T19:14:46.614Z,2026-09-01 04:10:03,24.198,13.755,-16.600,サーバー(直接取得)
cam50,2026-08-31T19:14:46.626Z,2026-09-01 04:14:00,23.627,13.500,0.180,サーバー(直接取得)
cam51,2026-08-31T19:14:46.745Z,2026-09-01 04:14:14,23.434,13.618,0.090,サーバー(直接取得)
cam52,2026-08-31T19:14:46.763Z,2026-09-01 04:10:14,0.418,11.785,0.150,サーバー(直接取得)
cam53,2026-08-31T19:14:46.837Z,2026-09-01 04:10:13,0.410,12.291,0.040,サーバー(直接取得)
cam54,2026-08-31T19:14:46.859Z,2026-09-01 04:10:20,0.410,12.132,0.070,サーバー(直接取得)
cam55,2026-08-31T19:14:46.871Z,2026-09-01 04:10:21,0.764,12.115,0.610,サーバー(直接取得)
kw01,2026-08-31T19:14:46.988Z,2026/09/01 04:00,,,0.450,サーバー(国交省 川の防災情報)
kw02,2026-08-31T19:14:47.002Z,2026/09/01 04:00,,,0.100,サーバー(国交省 川の防災情報)
kw03,2026-08-31T19:14:47.079Z,2026/09/01 04:00,,,1.010,サーバー(国交省 川の防災情報)
kw04,2026-08-31T19:14:47.101Z,2026/09/01 04:00,,,0.650,サーバー(国交省 川の防災情報)
kw05,2026-08-31T19:14:47.118Z,2026/08/31 09:00,,,-1.280,サーバー(国交省 川の防災情報)
kw06,2026-08-31T19:14:47.649Z,2026/08/31 09:00,,,-2.730,サーバー(国交省 川の防災情報)
kw07,2026-08-31T19:14:47.654Z,2026/08/31 09:00,,,-4.250,サーバー(国交省 川の防災情報)
kw08,2026-08-31T19:14:47.862Z,2026/09/01 04:00,,,0.400,サーバー(国交省 川の防災情報)
kw09,2026-08-31T19:14:47.866Z,2026/08/31 10:00,,,-4.040,サーバー(国交省 川の防災情報)
kw10,2026-08-31T19:14:47.991Z,2026/09/01 04:00,,,0.220,サーバー(国交省 川の防災情報)
kw11,2026-08-31T19:14:47.993Z,2026/09/01 04:00,,,-0.540,サーバー(国交省 川の防災情報)
cam02,2026-08-31T23:12:36.558Z,2026-09-01 08:10:08,18.816,13.179,0.450,サーバー(直接取得)
cam03,2026-08-31T23:12:36.559Z,2026-09-01 08:00:13,17.070,12.225,-3.740,サーバー(直接取得)
cam04,2026-08-31T23:12:36.560Z,2026-09-01 08:10:07,17.111,13.601,1.000,サーバー(直接取得)
cam08,2026-08-31T23:12:36.561Z,2026-09-01 08:10:21,17.022,13.104,0.170,サーバー(直接取得)
cam09,2026-08-31T23:12:37.521Z,2026-09-01 08:10:23,17.014,13.042,0.280,サーバー(直接取得)
cam11,2026-08-31T23:12:37.524Z,2026-09-01 08:10:07,17.151,13.346,0.415,サーバー(直接取得)
cam12,2026-08-31T23:12:37.713Z,2026-09-01 08:10:07,17.086,13.372,-0.120,サーバー(直接取得)
cam13,2026-08-31T23:12:37.719Z,2026-09-01 08:10:06,17.022,13.513,0.019,サーバー(直接取得)
cam14,2026-08-31T23:12:37.797Z,2026-09-01 08:10:26,16.950,12.216,0.057,サーバー(直接取得)
cam36,2026-08-31T23:12:37.833Z,2026-09-01 08:10:06,16.998,13.592,0.005,サーバー(直接取得)
cam39,2026-08-31T23:12:37.887Z,2026-09-01 08:12:06,24.077,13.377,0.041,サーバー(直接取得)
cam40,2026-08-31T23:12:37.950Z,2026-09-01 08:10:06,17.006,13.407,0.171,サーバー(直接取得)
cam41,2026-08-31T23:12:37.965Z,2026-09-01 08:10:03,17.046,12.787,0.108,サーバー(直接取得)
cam42,2026-08-31T23:12:38.040Z,2026-09-01 08:00:17,17.006,12.902,0.390,サーバー(直接取得)
cam43,2026-08-31T23:12:38.076Z,2026-09-01 08:00:23,17.143,12.511,0.430,サーバー(直接取得)
cam44,2026-08-31T23:12:38.144Z,2026-09-01 08:10:03,16.917,12.875,0.180,サーバー(直接取得)
cam45,2026-08-31T23:12:38.193Z,2026-09-01 08:00:03,17.022,12.524,0.330,サーバー(直接取得)
cam46,2026-08-31T23:12:38.203Z,2026-09-01 08:00:19,18.937,12.449,0.750,サーバー(直接取得)
cam47,2026-08-31T23:12:38.288Z,2026-09-01 08:10:07,18.398,13.086,0.519,サーバー(直接取得)
cam48,2026-08-31T23:12:38.317Z,2026-09-01 08:10:03,24.174,13.755,-16.740,サーバー(直接取得)
cam50,2026-08-31T23:12:38.387Z,2026-09-01 08:12:00,23.651,13.508,0.160,サーバー(直接取得)
cam51,2026-08-31T23:12:38.435Z,2026-09-01 08:12:18,23.578,13.601,0.060,サーバー(直接取得)
cam52,2026-08-31T23:12:38.441Z,2026-09-01 08:10:22,19.814,12.708,0.110,サーバー(直接取得)
cam53,2026-08-31T23:12:38.525Z,2026-09-01 07:50:28,16.950,13.073,0.030,サーバー(直接取得)
cam54,2026-08-31T23:12:38.553Z,2026-09-01 08:10:21,17.481,12.198,0.070,サーバー(直接取得)
cam55,2026-08-31T23:12:38.622Z,2026-09-01 08:10:21,17.078,12.875,0.560,サーバー(直接取得)
kw01,2026-08-31T23:12:38.675Z,2026/09/01 08:00,,,0.450,サーバー(国交省 川の防災情報)
kw02,2026-08-31T23:12:38.676Z,2026/09/01 08:00,,,0.100,サーバー(国交省 川の防災情報)
kw03,2026-08-31T23:12:38.765Z,2026/09/01 08:00,,,1.000,サーバー(国交省 川の防災情報)
kw04,2026-08-31T23:12:38.785Z,2026/09/01 08:00,,,0.640,サーバー(国交省 川の防災情報)
kw05,2026-08-31T23:12:38.887Z,2026/08/31 09:00,,,-1.280,サーバー(国交省 川の防災情報)
kw06,2026-08-31T23:12:39.193Z,2026/08/31 09:00,,,-2.730,サーバー(国交省 川の防災情報)
kw07,2026-08-31T23:12:39.250Z,2026/08/31 09:00,,,-4.250,サーバー(国交省 川の防災情報)
kw08,2026-08-31T23:12:39.272Z,2026/09/01 08:00,,,0.400,サーバー(国交省 川の防災情報)
kw09,2026-08-31T23:12:39.427Z,2026/08/31 10:00,,,-4.040,サーバー(国交省 川の防災情報)
kw10,2026-08-31T23:12:39.456Z,2026/09/01 08:00,,,0.220,サーバー(国交省 川の防災情報)
kw11,2026-08-31T23:12:39.577Z,2026/09/01 08:00,,,-0.520,サーバー(国交省 川の防災情報)
cam02,2026-09-01T06:48:28.466Z,2026-09-01 15:40:07,19.452,13.574,0.410,サーバー(直接取得)
cam03,2026-09-01T06:48:28.466Z,2026-09-01 15:40:18,17.062,13.047,-3.680,サーバー(直接取得)
cam04,2026-09-01T06:48:28.467Z,2026-09-01 15:40:06,19.009,13.526,1.010,サーバー(直接取得)
cam08,2026-09-01T06:48:28.468Z,2026-09-01 15:40:21,22.372,12.550,0.160,サーバー(直接取得)
cam09,2026-09-01T06:48:29.207Z,2026-09-01 15:40:23,18.510,12.700,0.270,サーバー(直接取得)
cam11,2026-09-01T06:48:29.223Z,2026-09-01 15:40:07,17.135,13.231,0.414,サーバー(直接取得)
cam12,2026-09-01T06:48:29.333Z,2026-09-01 15:40:07,17.102,13.073,-0.083,サーバー(直接取得)
cam13,2026-09-01T06:48:29.378Z,2026-09-01 15:40:07,19.073,13.601,0.037,サーバー(直接取得)
cam14,2026-09-01T06:48:29.451Z,2026-09-01 15:40:20,16.950,12.950,0.047,サーバー(直接取得)
cam36,2026-09-01T06:48:29.476Z,2026-09-01 15:40:07,17.030,13.438,0.096,サーバー(直接取得)
cam39,2026-09-01T06:48:29.531Z,2026-09-01 15:48:07,24.085,13.377,0.049,サーバー(直接取得)
cam40,2026-09-01T06:48:29.587Z,2026-09-01 15:40:07,19.435,13.544,0.184,サーバー(直接取得)
cam41,2026-09-01T06:48:29.613Z,2026-09-01 15:40:03,18.639,13.658,0.106,サーバー(直接取得)
cam42,2026-09-01T06:48:29.692Z,2026-09-01 15:40:19,16.990,12.959,0.390,サーバー(直接取得)
cam43,2026-09-01T06:48:29.736Z,2026-09-01 15:40:56,17.151,12.383,0.440,サーバー(直接取得)
cam44,2026-09-01T06:48:29.775Z,2026-09-01 15:40:03,17.086,12.700,0.180,サーバー(直接取得)
cam45,2026-09-01T06:48:29.826Z,2026-09-01 15:40:03,18.108,13.583,0.330,サーバー(直接取得)
cam46,2026-09-01T06:48:29.851Z,2026-09-01 15:40:18,17.827,12.339,0.670,サーバー(直接取得)
cam47,2026-09-01T06:48:29.928Z,2026-09-01 15:40:07,16.958,13.108,0.426,サーバー(直接取得)
cam48,2026-09-01T06:48:29.979Z,2026-09-01 15:40:03,24.198,13.755,-16.620,サーバー(直接取得)
cam50,2026-09-01T06:48:30.013Z,2026-09-01 15:47:00,23.643,13.508,0.180,サーバー(直接取得)
cam51,2026-09-01T06:48:30.063Z,2026-09-01 15:46:19,23.595,13.596,0.080,サーバー(直接取得)
cam52,2026-09-01T06:48:30.084Z,2026-09-01 15:40:50,17.127,12.440,0.150,サーバー(直接取得)
cam53,2026-09-01T06:48:30.183Z,2026-09-01 15:30:04,21.431,13.618,0.020,サーバー(直接取得)
cam54,2026-09-01T06:48:30.219Z,2026-09-01 15:40:21,16.982,12.924,0.060,サーバー(直接取得)
cam55,2026-09-01T06:48:30.266Z,2026-09-01 15:40:21,18.414,12.757,0.600,サーバー(直接取得)
kw01,2026-09-01T06:48:30.306Z,2026/09/01 15:40,,,0.440,サーバー(国交省 川の防災情報)
kw02,2026-09-01T06:48:30.343Z,2026/09/01 15:40,,,0.090,サーバー(国交省 川の防災情報)
kw03,2026-09-01T06:48:30.421Z,2026/09/01 15:40,,,1.010,サーバー(国交省 川の防災情報)
kw04,2026-09-01T06:48:30.470Z,2026/09/01 15:40,,,0.630,サーバー(国交省 川の防災情報)
kw05,2026-09-01T06:48:30.503Z,2026/09/01 09:00,,,-1.280,サーバー(国交省 川の防災情報)
kw06,2026-09-01T06:48:30.963Z,2026/09/01 09:00,,,-2.540,サーバー(国交省 川の防災情報)
kw07,2026-09-01T06:48:31.185Z,2026/09/01 09:00,,,-4.230,サーバー(国交省 川の防災情報)
kw08,2026-09-01T06:48:31.281Z,2026/09/01 15:40,,,0.400,サーバー(国交省 川の防災情報)
kw09,2026-09-01T06:48:31.306Z,2026/09/01 10:00,,,-4.040,サーバー(国交省 川の防災情報)
kw10,2026-09-01T06:48:31.325Z,2026/09/01 15:40,,,0.190,サーバー(国交省 川の防災情報)
kw11,2026-09-01T06:48:31.384Z,2026/09/01 15:40,,,-0.570,サーバー(国交省 川の防災情報)
cam02,2026-09-01T12:05:12.333Z,2026-09-01 21:00:07,0.193,12.559,0.470,サーバー(直接取得)
cam03,2026-09-01T12:05:12.334Z,2026-09-01 21:00:11,0.522,12.357,-3.640,サーバー(直接取得)
cam04,2026-09-01T12:05:12.335Z,2026-09-01 21:00:07,0.313,12.572,1.030,サーバー(直接取得)
cam08,2026-09-01T12:05:12.336Z,2026-09-01 21:00:21,0.909,12.326,0.130,サーバー(直接取得)
cam09,2026-09-01T12:05:15.444Z,2026-09-01 21:00:19,1.818,12.198,0.280,サーバー(直接取得)
cam11,2026-09-01T12:05:15.446Z,2026-09-01 21:00:06,1.045,12.546,0.410,サーバー(直接取得)
cam12,2026-09-01T12:05:15.664Z,2026-09-01 21:00:07,0.273,12.656,-0.074,サーバー(直接取得)
cam13,2026-09-01T12:05:15.676Z,2026-09-01 21:00:06,0.297,12.713,0.054,サーバー(直接取得)
cam14,2026-09-01T12:05:15.802Z,2026-09-01 21:00:16,0.386,12.335,0.047,サーバー(直接取得)
cam36,2026-09-01T12:05:15.814Z,2026-09-01 21:00:06,0.305,12.634,0.025,サーバー(直接取得)
cam39,2026-09-01T12:05:15.886Z,2026-09-01 21:04:06,24.085,13.377,0.066,サーバー(直接取得)
cam40,2026-09-01T12:05:15.910Z,2026-09-01 21:00:07,0.394,12.647,0.186,サーバー(直接取得)
cam41,2026-09-01T12:05:15.924Z,2026-09-01 21:00:03,1.118,12.686,0.110,サーバー(直接取得)
cam42,2026-09-01T12:05:16.031Z,2026-09-01 21:00:12,0.337,12.431,0.390,サーバー(直接取得)
cam43,2026-09-01T12:05:16.053Z,2026-09-01 21:00:11,0.353,11.948,0.440,サーバー(直接取得)
cam44,2026-09-01T12:05:16.101Z,2026-09-01 21:00:03,0.965,12.431,0.180,サーバー(直接取得)
cam45,2026-09-01T12:05:16.127Z,2026-09-01 21:00:03,0.595,12.682,0.340,サーバー(直接取得)
cam46,2026-09-01T12:05:16.147Z,2026-09-01 21:00:13,0.474,11.987,0.690,サーバー(直接取得)
cam47,2026-09-01T12:05:16.248Z,2026-09-01 21:00:06,1.729,12.489,0.463,サーバー(直接取得)
cam48,2026-09-01T12:05:16.286Z,2026-09-01 21:00:03,24.182,13.741,-16.830,サーバー(直接取得)
cam50,2026-09-01T12:05:16.320Z,2026-09-01 21:04:00,23.635,13.500,0.180,サーバー(直接取得)
cam51,2026-09-01T12:05:16.344Z,2026-09-01 21:02:17,23.442,13.618,0.090,サーバー(直接取得)
cam52,2026-09-01T12:05:16.363Z,2026-09-01 21:00:17,0.418,12.141,0.150,サーバー(直接取得)
cam53,2026-09-01T12:05:16.461Z,2026-09-01 21:00:04,0.474,12.840,0.020,サーバー(直接取得)
cam54,2026-09-01T12:05:16.496Z,2026-09-01 21:00:21,0.490,12.409,0.070,サーバー(直接取得)
cam55,2026-09-01T12:05:16.536Z,2026-09-01 21:00:21,0.772,12.449,0.600,サーバー(直接取得)
cam02,2026-09-01T16:31:52.871Z,2026-09-02 01:30:07,0.209,12.462,0.470,サーバー(直接取得)
cam03,2026-09-01T16:31:52.872Z,2026-09-02 01:30:09,0.522,12.264,-3.620,サーバー(直接取得)
cam04,2026-09-01T16:31:52.873Z,2026-09-02 01:30:06,0.313,12.493,1.060,サーバー(直接取得)
cam08,2026-09-01T16:31:52.874Z,2026-09-02 01:10:21,0.667,12.256,0.140,サーバー(直接取得)
cam09,2026-09-01T16:31:53.684Z,2026-09-02 01:30:20,1.882,12.102,0.290,サーバー(直接取得)
cam11,2026-09-01T16:31:53.689Z,2026-09-02 01:30:07,1.045,12.484,0.402,サーバー(直接取得)
cam12,2026-09-01T16:31:53.931Z,2026-09-02 01:30:07,0.273,12.572,-0.066,サーバー(直接取得)
cam13,2026-09-01T16:31:53.947Z,2026-09-02 01:30:06,0.281,12.638,0.054,サーバー(直接取得)
cam14,2026-09-01T16:31:54.179Z,2026-09-02 01:30:12,0.313,12.242,0.067,サーバー(直接取得)
cam36,2026-09-01T16:31:54.189Z,2026-09-02 01:30:07,0.313,12.559,0.206,サーバー(直接取得)
cam39,2026-09-01T16:31:54.245Z,2026-09-02 01:30:06,24.093,13.407,0.063,サーバー(直接取得)
cam40,2026-09-01T16:31:54.253Z,2026-09-02 01:30:07,0.329,12.568,0.193,サーバー(直接取得)
cam41,2026-09-01T16:31:54.265Z,2026-09-02 01:30:03,1.118,12.620,0.110,サーバー(直接取得)
cam42,2026-09-01T16:31:54.422Z,2026-09-02 01:20:14,0.321,12.396,0.390,サーバー(直接取得)
cam43,2026-09-01T16:31:54.435Z,2026-09-02 01:20:14,0.337,11.891,0.440,サーバー(直接取得)
cam44,2026-09-01T16:31:54.491Z,2026-09-02 01:30:03,0.965,12.361,0.180,サーバー(直接取得)
cam45,2026-09-01T16:31:54.498Z,2026-09-02 01:30:03,0.587,12.598,0.340,サーバー(直接取得)
cam46,2026-09-01T16:31:54.504Z,2026-09-02 01:20:10,0.458,11.899,0.770,サーバー(直接取得)
cam47,2026-09-01T16:31:54.671Z,2026-09-02 01:30:06,1.745,12.423,0.451,サーバー(直接取得)
cam48,2026-09-01T16:31:54.681Z,2026-09-02 01:30:03,24.182,13.750,-16.740,サーバー(直接取得)
cam50,2026-09-01T16:31:54.739Z,2026-09-02 01:31:00,23.595,13.500,0.180,サーバー(直接取得)
cam51,2026-09-01T16:31:54.752Z,2026-09-02 01:30:14,23.450,13.618,0.090,サーバー(直接取得)
cam52,2026-09-01T16:31:54.761Z,2026-09-02 01:30:13,0.410,12.053,0.150,サーバー(直接取得)
cam53,2026-09-01T16:31:54.917Z,2026-09-02 01:30:04,0.402,12.796,0.020,サーバー(直接取得)
cam54,2026-09-01T16:31:54.928Z,2026-09-02 01:30:21,0.418,12.321,0.070,サーバー(直接取得)
cam55,2026-09-01T16:31:54.985Z,2026-09-02 01:30:21,0.748,12.374,0.610,サーバー(直接取得)
kw02,2026-09-01T16:31:55.011Z,2026/09/02 01:20,,,0.090,サーバー(国交省 川の防災情報)
kw03,2026-09-01T16:31:55.163Z,2026/09/02 01:20,,,1.010,サーバー(国交省 川の防災情報)
kw04,2026-09-01T16:31:55.175Z,2026/09/02 01:20,,,0.640,サーバー(国交省 川の防災情報)
kw05,2026-09-01T16:31:55.224Z,2026/09/01 09:00,,,-1.280,サーバー(国交省 川の防災情報)
kw06,2026-09-01T16:31:55.686Z,2026/09/01 09:00,,,-2.540,サーバー(国交省 川の防災情報)
kw07,2026-09-01T16:31:55.876Z,2026/09/01 09:00,,,-4.230,サーバー(国交省 川の防災情報)
kw09,2026-09-01T16:31:56.085Z,2026/09/01 10:00,,,-4.040,サーバー(国交省 川の防災情報)
kw11,2026-09-01T16:31:56.238Z,2026/09/02 01:20,,,-0.530,サーバー(国交省 川の防災情報)
cam02,2026-09-01T19:30:07.215Z,2026-09-02 04:20:06,0.193,12.409,0.480,サーバー(直接取得)
cam03,2026-09-01T19:30:07.217Z,2026-09-02 04:20:13,0.530,12.212,-4.580,サーバー(直接取得)
cam04,2026-09-01T19:30:07.218Z,2026-09-02 04:20:07,0.297,12.449,1.060,サーバー(直接取得)
cam08,2026-09-01T19:30:07.219Z,2026-09-02 04:20:21,0.675,12.216,0.170,サーバー(直接取得)
cam09,2026-09-01T19:30:10.212Z,2026-09-02 04:20:14,1.938,12.045,0.290,サーバー(直接取得)
cam11,2026-09-01T19:30:10.215Z,2026-09-02 04:20:06,1.045,12.440,0.394,サーバー(直接取得)
cam12,2026-09-01T19:30:10.372Z,2026-09-02 04:20:07,0.273,12.515,-0.069,サーバー(直接取得)
cam13,2026-09-01T19:30:10.383Z,2026-09-02 04:20:06,0.281,12.603,0.056,サーバー(直接取得)
cam14,2026-09-01T19:30:10.474Z,2026-09-02 04:20:14,0.313,12.203,0.057,サーバー(直接取得)
cam36,2026-09-01T19:30:10.483Z,2026-09-02 04:20:07,0.313,12.515,0.206,サーバー(直接取得)
cam39,2026-09-01T19:30:10.590Z,2026-09-02 04:28:06,24.085,13.407,0.067,サーバー(直接取得)
cam40,2026-09-01T19:30:10.629Z,2026-09-02 04:20:07,0.337,12.528,0.183,サーバー(直接取得)
cam41,2026-09-01T19:30:10.639Z,2026-09-02 04:20:03,1.118,12.590,0.108,サーバー(直接取得)
cam42,2026-09-01T19:30:10.740Z,2026-09-02 04:20:12,0.313,12.348,0.400,サーバー(直接取得)
cam43,2026-09-01T19:30:10.754Z,2026-09-02 04:20:16,0.337,11.829,0.440,サーバー(直接取得)
cam44,2026-09-01T19:30:10.846Z,2026-09-02 04:20:04,0.965,12.317,0.180,サーバー(直接取得)
cam45,2026-09-01T19:30:10.886Z,2026-09-02 04:20:03,0.587,12.576,0.340,サーバー(直接取得)
cam46,2026-09-01T19:30:10.897Z,2026-09-02 04:20:11,0.458,11.834,0.720,サーバー(直接取得)
cam47,2026-09-01T19:30:11.004Z,2026-09-02 04:20:06,1.681,12.379,0.460,サーバー(直接取得)
cam48,2026-09-01T19:30:11.032Z,2026-09-02 04:20:03,24.198,13.750,-16.600,サーバー(直接取得)
cam50,2026-09-01T19:30:11.102Z,2026-09-02 04:29:00,23.635,13.500,0.180,サーバー(直接取得)
cam51,2026-09-01T19:30:11.142Z,2026-09-02 04:28:15,23.450,13.618,0.090,サーバー(直接取得)
cam52,2026-09-01T19:30:11.151Z,2026-09-02 04:20:11,0.402,12.018,0.160,サーバー(直接取得)
cam53,2026-09-01T19:30:11.263Z,2026-09-02 04:20:04,0.402,12.757,0.020,サーバー(直接取得)
cam54,2026-09-01T19:30:11.286Z,2026-09-02 04:20:21,0.418,12.300,0.070,サーバー(直接取得)
cam55,2026-09-01T19:30:11.353Z,2026-09-02 04:20:21,0.748,12.343,0.610,サーバー(直接取得)
cam02,2026-09-01T21:55:11.477Z,2026-09-02 06:50:07,17.022,12.550,0.480,サーバー(直接取得)
cam03,2026-09-01T21:55:11.478Z,2026-09-02 06:50:13,17.111,12.225,-4.580,サーバー(直接取得)
cam04,2026-09-01T21:55:11.479Z,2026-09-02 06:50:07,17.094,12.607,1.050,サーバー(直接取得)
cam08,2026-09-01T21:55:11.481Z,2026-09-02 06:40:21,17.078,12.370,0.170,サーバー(直接取得)
cam09,2026-09-01T21:55:14.480Z,2026-09-02 06:50:22,17.223,12.159,0.270,サーバー(直接取得)
cam11,2026-09-01T21:55:14.485Z,2026-09-02 06:50:07,17.279,12.603,0.380,サーバー(直接取得)
cam12,2026-09-01T21:55:14.650Z,2026-09-02 06:50:07,17.159,12.576,-0.071,サーバー(直接取得)
cam13,2026-09-01T21:55:14.671Z,2026-09-02 06:50:06,17.175,12.678,0.055,サーバー(直接取得)
cam14,2026-09-01T21:55:14.742Z,2026-09-02 06:50:20,17.054,12.308,0.057,サーバー(直接取得)
cam36,2026-09-01T21:55:14.759Z,2026-09-02 06:50:07,17.006,12.656,0.202,サーバー(直接取得)
cam39,2026-09-01T21:55:14.920Z,2026-09-02 06:54:06,24.085,13.381,0.067,サーバー(直接取得)
cam40,2026-09-01T21:55:14.932Z,2026-09-02 06:50:07,16.998,12.664,0.184,サーバー(直接取得)
cam41,2026-09-01T21:55:14.942Z,2026-09-02 06:50:03,17.038,12.647,0.109,サーバー(直接取得)
cam42,2026-09-01T21:55:15.002Z,2026-09-02 06:50:18,17.143,12.392,0.400,サーバー(直接取得)
cam43,2026-09-01T21:55:15.020Z,2026-09-02 06:50:17,17.199,11.921,0.440,サーバー(直接取得)
cam44,2026-09-01T21:55:15.181Z,2026-09-02 06:50:03,16.934,12.330,0.180,サーバー(直接取得)
cam45,2026-09-01T21:55:15.192Z,2026-09-02 06:50:03,17.014,12.620,0.340,サーバー(直接取得)
cam46,2026-09-01T21:55:15.202Z,2026-09-02 06:50:18,17.102,11.935,0.610,サーバー(直接取得)
cam47,2026-09-01T21:55:15.267Z,2026-09-02 06:50:06,17.030,12.511,0.479,サーバー(直接取得)
cam48,2026-09-01T21:55:15.283Z,2026-09-02 06:50:03,24.182,13.763,-16.750,サーバー(直接取得)
cam50,2026-09-01T21:55:15.441Z,2026-09-02 06:54:00,23.627,13.500,0.180,サーバー(直接取得)
cam51,2026-09-01T21:55:15.451Z,2026-09-02 06:54:23,23.603,13.605,0.080,サーバー(直接取得)
cam52,2026-09-01T21:55:15.463Z,2026-09-02 06:50:25,17.191,12.159,0.150,サーバー(直接取得)
cam53,2026-09-01T21:55:15.521Z,2026-09-02 06:50:29,17.022,12.581,0.040,サーバー(直接取得)
cam54,2026-09-01T21:55:15.540Z,2026-09-02 06:50:21,17.199,12.321,0.070,サーバー(直接取得)
cam55,2026-09-01T21:55:15.700Z,2026-09-02 06:50:21,17.384,12.352,0.600,サーバー(直接取得)
cam02,2026-09-01T23:39:25.479Z,2026-09-02 08:30:08,19.202,13.394,0.440,サーバー(直接取得)
cam03,2026-09-01T23:39:25.480Z,2026-09-02 08:30:13,17.062,12.286,-4.580,サーバー(直接取得)
cam04,2026-09-01T23:39:25.481Z,2026-09-02 08:30:07,17.102,13.614,1.010,サーバー(直接取得)
cam08,2026-09-01T23:39:25.481Z,2026-09-02 08:30:22,19.999,13.113,0.180,サーバー(直接取得)
cam09,2026-09-01T23:39:26.084Z,2026-09-02 08:30:22,19.017,12.704,0.270,サーバー(直接取得)
cam11,2026-09-01T23:39:26.085Z,2026-09-02 08:30:06,17.135,13.588,0.396,サーバー(直接取得)
cam12,2026-09-01T23:39:26.186Z,2026-09-02 08:30:07,17.658,13.561,-0.123,サーバー(直接取得)
cam13,2026-09-01T23:39:26.198Z,2026-09-02 08:30:07,17.022,13.588,0.030,サーバー(直接取得)
cam14,2026-09-01T23:39:26.301Z,2026-09-02 08:30:21,16.958,12.686,0.057,サーバー(直接取得)
cam36,2026-09-01T23:39:26.306Z,2026-09-02 08:30:07,17.006,13.618,0.174,サーバー(直接取得)
cam39,2026-09-01T23:39:26.311Z,2026-09-02 08:38:06,24.085,13.372,0.028,サーバー(直接取得)
cam40,2026-09-01T23:39:26.400Z,2026-09-02 08:30:07,16.998,13.522,0.171,サーバー(直接取得)
cam41,2026-09-01T23:39:26.413Z,2026-09-02 08:30:04,17.046,12.717,0.111,サーバー(直接取得)
cam42,2026-09-01T23:39:26.523Z,2026-09-02 08:30:18,16.982,13.157,0.400,サーバー(直接取得)
cam43,2026-09-01T23:39:26.537Z,2026-09-02 08:30:18,17.135,12.642,0.430,サーバー(直接取得)
cam44,2026-09-01T23:39:26.545Z,2026-09-02 08:30:03,16.909,12.862,0.180,サーバー(直接取得)
cam45,2026-09-01T23:39:26.618Z,2026-09-02 08:30:03,17.119,12.700,0.330,サーバー(直接取得)
cam46,2026-09-01T23:39:26.629Z,2026-09-02 08:30:21,18.245,12.581,0.750,サーバー(直接取得)
cam47,2026-09-01T23:39:26.740Z,2026-09-02 08:30:07,17.979,13.390,0.550,サーバー(直接取得)
cam48,2026-09-01T23:39:26.754Z,2026-09-02 08:30:03,24.182,13.741,-16.750,サーバー(直接取得)
cam50,2026-09-01T23:39:26.755Z,2026-09-02 08:38:00,23.651,13.508,0.150,サーバー(直接取得)
cam51,2026-09-01T23:39:26.839Z,2026-09-02 08:36:21,23.619,13.610,0.050,サーバー(直接取得)
cam52,2026-09-01T23:39:26.850Z,2026-09-02 08:30:28,19.508,13.012,0.120,サーバー(直接取得)
cam53,2026-09-01T23:39:26.956Z,2026-09-02 08:30:32,20.723,13.605,0.020,サーバー(直接取得)
cam54,2026-09-01T23:39:26.973Z,2026-09-02 08:30:21,19.966,12.700,0.060,サーバー(直接取得)
cam55,2026-09-01T23:39:26.974Z,2026-09-02 08:30:21,19.210,12.722,0.570,サーバー(直接取得)
kw01,2026-09-01T23:39:27.051Z,2026/09/02 08:30,,,0.440,サーバー(国交省 川の防災情報)
kw02,2026-09-01T23:39:27.067Z,2026/09/02 08:30,,,0.100,サーバー(国交省 川の防災情報)
kw03,2026-09-01T23:39:27.170Z,2026/09/02 08:30,,,1.010,サーバー(国交省 川の防災情報)
kw04,2026-09-01T23:39:27.193Z,2026/09/02 08:30,,,0.640,サーバー(国交省 川の防災情報)
kw05,2026-09-01T23:39:27.204Z,2026/09/02 07:15,,,-1.280,サーバー(国交省 川の防災情報)
kw06,2026-09-01T23:39:27.535Z,2026/09/01 09:00,,,-2.540,サーバー(国交省 川の防災情報)
kw07,2026-09-01T23:39:27.550Z,2026/09/01 09:00,,,-4.230,サーバー(国交省 川の防災情報)
kw08,2026-09-01T23:39:27.639Z,2026/09/02 08:30,,,0.000,サーバー(国交省 川の防災情報)
kw09,2026-09-01T23:39:27.774Z,2026/09/01 10:00,,,-4.040,サーバー(国交省 川の防災情報)
kw10,2026-09-01T23:39:27.781Z,2026/09/02 08:30,,,0.220,サーバー(国交省 川の防災情報)
kw11,2026-09-01T23:39:27.874Z,2026/09/02 08:30,,,-0.520,サーバー(国交省 川の防災情報)
cam02,2026-09-02T01:22:51.966Z,2026-09-02 10:20:07,19.629,13.561,0.430,サーバー(直接取得)
cam03,2026-09-02T01:22:51.967Z,2026-09-02 10:20:13,17.062,12.506,-4.580,サーバー(直接取得)
cam04,2026-09-02T01:22:51.967Z,2026-09-02 10:20:07,18.277,13.508,1.020,サーバー(直接取得)
cam08,2026-09-02T01:22:51.968Z,2026-09-02 10:20:22,17.014,13.051,0.170,サーバー(直接取得)
cam09,2026-09-02T01:22:52.698Z,2026-09-02 10:20:21,18.687,12.801,0.250,サーバー(直接取得)
cam11,2026-09-02T01:22:52.699Z,2026-09-02 10:20:07,19.347,13.447,0.368,サーバー(直接取得)
cam12,2026-09-02T01:22:52.897Z,2026-09-02 10:20:07,18.470,13.530,-0.123,サーバー(直接取得)
cam13,2026-09-02T01:22:52.908Z,2026-09-02 10:20:07,19.484,13.592,0.016,サーバー(直接取得)
cam14,2026-09-02T01:22:52.934Z,2026-09-02 10:20:19,18.317,13.284,0.047,サーバー(直接取得)
cam36,2026-09-02T01:22:52.958Z,2026-09-02 10:20:07,18.414,13.530,0.075,サーバー(直接取得)
cam39,2026-09-02T01:22:53.059Z,2026-09-02 10:22:06,24.085,13.377,0.025,サーバー(直接取得)
cam40,2026-09-02T01:22:53.146Z,2026-09-02 10:20:07,19.122,13.526,0.169,サーバー(直接取得)
cam41,2026-09-02T01:22:53.148Z,2026-09-02 10:20:03,19.556,13.464,0.101,サーバー(直接取得)
cam42,2026-09-02T01:22:53.179Z,2026-09-02 10:00:22,18.325,13.482,0.400,サーバー(直接取得)
cam43,2026-09-02T01:22:53.201Z,2026-09-02 10:20:20,17.722,12.774,0.430,サーバー(直接取得)
cam44,2026-09-02T01:22:53.301Z,2026-09-02 10:20:03,16.901,12.871,0.180,サーバー(直接取得)
cam45,2026-09-02T01:22:53.392Z,2026-09-02 10:20:04,19.049,13.614,0.320,サーバー(直接取得)
cam46,2026-09-02T01:22:53.393Z,2026-09-02 10:20:19,18.261,12.682,0.760,サーバー(直接取得)
cam47,2026-09-02T01:22:53.423Z,2026-09-02 10:20:07,18.808,13.513,0.492,サーバー(直接取得)
cam48,2026-09-02T01:22:53.442Z,2026-09-02 10:20:03,24.166,13.763,-16.810,サーバー(直接取得)
cam50,2026-09-02T01:22:53.543Z,2026-09-02 10:22:00,23.627,13.508,0.170,サーバー(直接取得)
cam51,2026-09-02T01:22:53.631Z,2026-09-02 10:18:20,23.619,13.601,0.050,サーバー(直接取得)
cam52,2026-09-02T01:22:53.646Z,2026-09-02 10:20:27,20.739,13.157,0.120,サーバー(直接取得)
cam53,2026-09-02T01:22:53.662Z,2026-09-02 10:20:29,21.286,13.623,0.030,サーバー(直接取得)
cam54,2026-09-02T01:22:53.707Z,2026-09-02 10:20:21,20.787,13.341,0.050,サーバー(直接取得)
cam55,2026-09-02T01:22:53.784Z,2026-09-02 10:20:22,18.687,12.796,0.590,サーバー(直接取得)
kw01,2026-09-02T01:22:53.872Z,2026/09/02 10:10,,,0.440,サーバー(国交省 川の防災情報)
kw02,2026-09-02T01:22:53.903Z,2026/09/02 10:10,,,0.100,サーバー(国交省 川の防災情報)
kw03,2026-09-02T01:22:53.907Z,2026/09/02 10:10,,,1.010,サーバー(国交省 川の防災情報)
kw04,2026-09-02T01:22:53.950Z,2026/09/02 10:10,,,0.640,サーバー(国交省 川の防災情報)
kw05,2026-09-02T01:22:54.022Z,2026/09/02 09:00,,,-1.280,サーバー(国交省 川の防災情報)
kw06,2026-09-02T01:22:54.536Z,2026/09/02 09:00,,,-2.640,サーバー(国交省 川の防災情報)
kw07,2026-09-02T01:22:54.550Z,2026/09/02 09:00,,,-4.230,サーバー(国交省 川の防災情報)
kw08,2026-09-02T01:22:54.567Z,2026/09/02 10:10,,,0.000,サーバー(国交省 川の防災情報)
kw09,2026-09-02T01:22:54.570Z,2026/09/02 10:00,,,-4.040,サーバー(国交省 川の防災情報)
kw10,2026-09-02T01:22:54.750Z,2026/09/02 10:10,,,0.220,サーバー(国交省 川の防災情報)
kw11,2026-09-02T01:22:54.750Z,2026/09/02 10:10,,,-0.550,サーバー(国交省 川の防災情報)
cam02,2026-09-02T06:02:04.950Z,2026-09-02 15:00:07,17.038,13.390,0.430,サーバー(直接取得)
cam03,2026-09-02T06:02:04.951Z,2026-09-02 15:00:13,17.062,13.064,-4.580,サーバー(直接取得)
cam04,2026-09-02T06:02:04.953Z,2026-09-02 15:00:08,17.794,13.508,1.030,サーバー(直接取得)
cam08,2026-09-02T06:02:04.954Z,2026-09-02 15:00:22,21.986,12.629,0.150,サーバー(直接取得)
cam09,2026-09-02T06:02:05.905Z,2026-09-02 15:00:24,16.877,12.823,0.270,サーバー(直接取得)
cam11,2026-09-02T06:02:05.924Z,2026-09-02 15:00:07,19.258,13.456,0.364,サーバー(直接取得)
cam12,2026-09-02T06:02:06.071Z,2026-09-02 15:00:07,17.062,13.231,-0.099,サーバー(直接取得)
cam13,2026-09-02T06:02:06.083Z,2026-09-02 15:00:06,19.122,13.605,0.038,サーバー(直接取得)
cam14,2026-09-02T06:02:06.167Z,2026-09-02 15:00:19,16.942,13.130,0.047,サーバー(直接取得)
cam36,2026-09-02T06:02:06.177Z,2026-09-02 15:00:07,16.781,13.517,0.011,サーバー(直接取得)
cam39,2026-09-02T06:02:06.336Z,2026-09-02 15:00:06,24.077,13.377,0.039,サーバー(直接取得)
cam40,2026-09-02T06:02:06.339Z,2026-09-02 15:00:07,18.189,13.530,0.176,サーバー(直接取得)
cam41,2026-09-02T06:02:06.425Z,2026-09-02 15:00:03,19.846,13.495,0.102,サーバー(直接取得)
cam42,2026-09-02T06:02:06.442Z,2026-09-02 14:50:15,16.990,13.337,0.400,サーバー(直接取得)
cam43,2026-09-02T06:02:06.581Z,2026-09-02 14:50:18,17.143,12.717,0.420,サーバー(直接取得)
cam44,2026-09-02T06:02:06.617Z,2026-09-02 15:00:03,17.111,12.884,0.180,サーバー(直接取得)
cam45,2026-09-02T06:02:06.618Z,2026-09-02 15:00:03,19.452,13.618,0.320,サーバー(直接取得)
cam46,2026-09-02T06:02:06.688Z,2026-09-02 14:50:21,18.293,12.554,0.640,サーバー(直接取得)
cam47,2026-09-02T06:02:06.709Z,2026-09-02 15:00:07,16.950,13.280,0.429,サーバー(直接取得)
cam48,2026-09-02T06:02:06.846Z,2026-09-02 15:00:03,24.182,13.755,-16.790,サーバー(直接取得)
cam50,2026-09-02T06:02:06.870Z,2026-09-02 14:57:00,23.643,13.508,0.180,サーバー(直接取得)
cam51,2026-09-02T06:02:06.884Z,2026-09-02 15:00:22,23.627,13.596,0.080,サーバー(直接取得)
cam52,2026-09-02T06:02:06.947Z,2026-09-02 15:00:26,20.586,13.574,0.120,サーバー(直接取得)
cam53,2026-09-02T06:02:06.963Z,2026-09-02 15:00:04,21.551,13.601,0.030,サーバー(直接取得)
cam54,2026-09-02T06:02:07.097Z,2026-09-02 15:00:21,22.275,12.568,0.060,サーバー(直接取得)
cam55,2026-09-02T06:02:07.114Z,2026-09-02 15:00:21,21.817,12.664,0.590,サーバー(直接取得)
kw01,2026-09-02T06:02:07.139Z,2026/09/02 14:50,,,0.430,サーバー(国交省 川の防災情報)
kw02,2026-09-02T06:02:07.220Z,2026/09/02 14:50,,,0.100,サーバー(国交省 川の防災情報)
kw03,2026-09-02T06:02:07.221Z,2026/09/02 14:50,,,1.010,サーバー(国交省 川の防災情報)
kw04,2026-09-02T06:02:07.357Z,2026/09/02 14:50,,,0.630,サーバー(国交省 川の防災情報)
kw05,2026-09-02T06:02:07.373Z,2026/09/02 09:00,,,-1.280,サーバー(国交省 川の防災情報)
kw06,2026-09-02T06:02:08.004Z,2026/09/02 09:00,,,-2.640,サーバー(国交省 川の防災情報)
kw07,2026-09-02T06:02:08.006Z,2026/09/02 09:00,,,-4.230,サーバー(国交省 川の防災情報)
kw08,2026-09-02T06:02:08.067Z,2026/09/02 14:50,,,0.000,サーバー(国交省 川の防災情報)
kw09,2026-09-02T06:02:08.149Z,2026/09/02 10:00,,,-4.040,サーバー(国交省 川の防災情報)
kw10,2026-09-02T06:02:08.151Z,2026/09/02 14:50,,,0.190,サーバー(国交省 川の防災情報)
kw11,2026-09-02T06:02:08.223Z,2026/09/02 14:50,,,-0.580,サーバー(国交省 川の防災情報)
cam02,2026-09-02T10:23:54.622Z,2026-09-02 19:20:06,0.176,12.603,0.470,サーバー(直接取得)
cam03,2026-09-02T10:23:54.624Z,2026-09-02 19:20:13,0.514,12.489,-4.580,サーバー(直接取得)
cam04,2026-09-02T10:23:54.626Z,2026-09-02 19:20:07,0.297,12.603,1.050,サーバー(直接取得)
cam08,2026-09-02T10:23:54.627Z,2026-09-02 19:20:20,0.957,12.497,0.160,サーバー(直接取得)
cam09,2026-09-02T10:23:55.501Z,2026-09-02 19:20:17,1.922,12.335,0.280,サーバー(直接取得)
cam11,2026-09-02T10:23:55.503Z,2026-09-02 19:20:07,1.037,12.568,0.368,サーバー(直接取得)
cam12,2026-09-02T10:23:55.708Z,2026-09-02 19:20:07,0.273,12.700,-0.067,サーバー(直接取得)
cam13,2026-09-02T10:23:55.718Z,2026-09-02 19:20:06,0.289,12.744,0.054,サーバー(直接取得)
cam14,2026-09-02T10:23:55.762Z,2026-09-02 19:20:12,0.378,12.414,0.047,サーバー(直接取得)
cam36,2026-09-02T10:23:55.820Z,2026-09-02 19:20:07,0.305,12.664,0.023,サーバー(直接取得)
cam39,2026-09-02T10:23:55.868Z,2026-09-02 19:22:06,24.085,13.381,0.061,サーバー(直接取得)
cam40,2026-09-02T10:23:55.968Z,2026-09-02 19:20:06,0.386,12.682,0.194,サーバー(直接取得)
cam41,2026-09-02T10:23:55.978Z,2026-09-02 19:20:03,1.126,12.695,0.109,サーバー(直接取得)
cam42,2026-09-02T10:23:56.030Z,2026-09-02 19:20:12,0.321,12.537,0.390,サーバー(直接取得)
cam43,2026-09-02T10:23:56.090Z,2026-09-02 19:20:13,0.345,12.141,0.440,サーバー(直接取得)
cam44,2026-09-02T10:23:56.127Z,2026-09-02 19:20:03,0.957,12.484,0.180,サーバー(直接取得)
cam45,2026-09-02T10:23:56.227Z,2026-09-02 19:20:03,0.579,12.748,0.330,サーバー(直接取得)
cam46,2026-09-02T10:23:56.246Z,2026-09-02 19:20:11,0.466,12.141,0.570,サーバー(直接取得)
cam47,2026-09-02T10:23:56.292Z,2026-09-02 19:20:06,1.729,12.532,0.480,サーバー(直接取得)
cam48,2026-09-02T10:23:56.360Z,2026-09-02 19:20:03,24.190,13.746,-16.820,サーバー(直接取得)
cam50,2026-09-02T10:23:56.389Z,2026-09-02 19:23:00,23.619,13.500,0.190,サーバー(直接取得)
cam51,2026-09-02T10:23:56.484Z,2026-09-02 19:18:18,23.450,13.618,0.100,サーバー(直接取得)
cam52,2026-09-02T10:23:56.522Z,2026-09-02 19:20:16,0.410,12.291,0.150,サーバー(直接取得)
cam53,2026-09-02T10:23:56.566Z,2026-09-02 19:20:04,0.402,12.897,0.030,サーバー(直接取得)
cam54,2026-09-02T10:23:56.630Z,2026-09-02 19:20:21,0.426,12.449,0.060,サーバー(直接取得)
cam55,2026-09-02T10:23:56.656Z,2026-09-02 19:20:21,0.804,12.528,0.600,サーバー(直接取得)
kw01,2026-09-02T10:23:56.742Z,2026/09/02 19:10,,,0.440,サーバー(国交省 川の防災情報)
kw02,2026-09-02T10:23:56.792Z,2026/09/02 19:10,,,0.090,サーバー(国交省 川の防災情報)
kw03,2026-09-02T10:23:56.834Z,2026/09/02 19:10,,,1.010,サーバー(国交省 川の防災情報)
kw04,2026-09-02T10:23:56.893Z,2026/09/02 19:10,,,0.630,サーバー(国交省 川の防災情報)
kw05,2026-09-02T10:23:56.923Z,2026/09/02 09:00,,,-1.280,サーバー(国交省 川の防災情報)
kw06,2026-09-02T10:23:57.257Z,2026/09/02 09:00,,,-2.640,サーバー(国交省 川の防災情報)
kw07,2026-09-02T10:23:57.561Z,2026/09/02 09:00,,,-4.230,サーバー(国交省 川の防災情報)
kw08,2026-09-02T10:23:57.607Z,2026/09/02 19:10,,,0.390,サーバー(国交省 川の防災情報)
kw09,2026-09-02T10:23:57.660Z,2026/09/02 10:00,,,-4.040,サーバー(国交省 川の防災情報)
kw10,2026-09-02T10:23:57.700Z,2026/09/02 19:10,,,0.220,サーバー(国交省 川の防災情報)
kw11,2026-09-02T10:23:57.758Z,2026/09/02 19:10,,,-0.550,サーバー(国交省 川の防災情報)
cam02,2026-09-02T14:34:18.081Z,2026-09-02 23:30:07,0.176,12.502,0.480,サーバー(直接取得)
cam03,2026-09-02T14:34:18.082Z,2026-09-02 23:30:14,0.522,12.396,-4.580,サーバー(直接取得)
cam04,2026-09-02T14:34:18.084Z,2026-09-02 23:30:06,0.289,12.532,1.030,サーバー(直接取得)
cam08,2026-09-02T14:34:18.085Z,2026-09-02 23:10:20,0.659,12.330,0.140,サーバー(直接取得)
cam09,2026-09-02T14:34:18.784Z,2026-09-02 23:30:16,1.858,12.234,0.280,サーバー(直接取得)
cam11,2026-09-02T14:34:18.787Z,2026-09-02 23:30:06,1.045,12.502,0.388,サーバー(直接取得)
cam12,2026-09-02T14:34:18.910Z,2026-09-02 23:30:06,0.273,12.612,-0.066,サーバー(直接取得)
cam13,2026-09-02T14:34:18.917Z,2026-09-02 23:30:07,0.281,12.678,0.054,サーバー(直接取得)
cam14,2026-09-02T14:34:18.993Z,2026-09-02 23:31:06,0.313,12.343,0.067,サーバー(直接取得)
cam36,2026-09-02T14:34:19.002Z,2026-09-02 23:30:06,0.313,12.581,0.023,サーバー(直接取得)
cam39,2026-09-02T14:34:19.014Z,2026-09-02 23:32:06,24.093,13.403,0.067,サーバー(直接取得)
cam40,2026-09-02T14:34:19.117Z,2026-09-02 23:30:06,0.329,12.598,0.186,サーバー(直接取得)
cam41,2026-09-02T14:34:19.127Z,2026-09-02 23:30:03,1.118,12.642,0.109,サーバー(直接取得)
cam42,2026-09-02T14:34:19.204Z,2026-09-02 23:30:15,0.297,12.475,0.400,サーバー(直接取得)
cam43,2026-09-02T14:34:19.205Z,2026-09-02 23:30:12,0.337,12.067,0.430,サーバー(直接取得)
cam44,2026-09-02T14:34:19.215Z,2026-09-02 23:30:03,0.965,12.436,0.180,サーバー(直接取得)
cam45,2026-09-02T14:34:19.325Z,2026-09-02 23:30:03,0.571,12.664,0.340,サーバー(直接取得)
cam46,2026-09-02T14:34:19.335Z,2026-09-02 23:30:13,0.466,12.045,0.780,サーバー(直接取得)
cam47,2026-09-02T14:34:19.411Z,2026-09-02 23:30:06,1.689,12.462,0.477,サーバー(直接取得)
cam48,2026-09-02T14:34:19.437Z,2026-09-02 23:30:03,24.198,13.741,-16.890,サーバー(直接取得)
cam50,2026-09-02T14:34:19.455Z,2026-09-02 23:31:00,23.627,13.500,0.190,サーバー(直接取得)
cam51,2026-09-02T14:34:19.529Z,2026-09-02 23:32:16,23.442,13.618,0.100,サーバー(直接取得)
cam52,2026-09-02T14:34:19.531Z,2026-09-02 23:30:10,0.394,12.207,0.150,サーバー(直接取得)
cam53,2026-09-02T14:34:19.618Z,2026-09-02 23:00:04,0.514,12.858,0.030,サーバー(直接取得)
cam54,2026-09-02T14:34:19.641Z,2026-09-02 23:30:21,0.418,12.348,0.070,サーバー(直接取得)
cam55,2026-09-02T14:34:19.659Z,2026-09-02 23:30:21,0.828,12.445,0.610,サーバー(直接取得)
kw01,2026-09-02T14:34:19.867Z,2026/09/02 23:20,,,0.440,サーバー(国交省 川の防災情報)
kw02,2026-09-02T14:34:19.877Z,2026/09/02 23:20,,,0.090,サーバー(国交省 川の防災情報)
kw03,2026-09-02T14:34:19.884Z,2026/09/02 23:20,,,1.010,サーバー(国交省 川の防災情報)
kw04,2026-09-02T14:34:19.887Z,2026/09/02 23:20,,,0.650,サーバー(国交省 川の防災情報)
kw05,2026-09-02T14:34:19.914Z,2026/09/02 09:00,,,-1.280,サーバー(国交省 川の防災情報)
kw06,2026-09-02T14:34:20.375Z,2026/09/02 09:00,,,-2.640,サーバー(国交省 川の防災情報)
kw07,2026-09-02T14:34:20.394Z,2026/09/02 09:00,,,-4.230,サーバー(国交省 川の防災情報)
kw08,2026-09-02T14:34:20.409Z,2026/09/02 23:20,,,0.410,サーバー(国交省 川の防災情報)
kw09,2026-09-02T14:34:20.617Z,2026/09/02 10:00,,,-4.040,サーバー(国交省 川の防災情報)
kw10,2026-09-02T14:34:20.659Z,2026/09/02 23:20,,,0.240,サーバー(国交省 川の防災情報)
kw11,2026-09-02T14:34:20.697Z,2026/09/02 23:20,,,-0.530,サーバー(国交省 川の防災情報)
cam02,2026-09-02T18:00:52.225Z,2026-09-03 03:00:07,0.176,12.440,0.470,サーバー(直接取得)
cam03,2026-09-02T18:00:52.226Z,2026-09-03 03:00:11,0.530,12.321,-4.580,サーバー(直接取得)
cam04,2026-09-02T18:00:52.227Z,2026-09-03 03:00:07,0.297,12.453,1.070,サーバー(直接取得)
cam08,2026-09-02T18:00:52.228Z,2026-09-03 02:50:21,0.659,12.269,0.140,サーバー(直接取得)
cam09,2026-09-02T18:00:53.007Z,2026-09-03 03:00:20,1.793,12.163,0.290,サーバー(直接取得)
cam11,2026-09-02T18:00:53.024Z,2026-09-03 03:00:07,1.045,12.445,0.416,サーバー(直接取得)
cam12,2026-09-02T18:00:53.251Z,2026-09-03 03:00:06,0.273,12.554,-0.071,サーバー(直接取得)
cam13,2026-09-02T18:00:53.266Z,2026-09-03 03:00:06,0.281,12.612,0.055,サーバー(直接取得)
cam14,2026-09-02T18:00:53.273Z,2026-09-03 03:00:14,0.313,12.282,0.057,サーバー(直接取得)
cam36,2026-09-02T18:00:53.284Z,2026-09-03 03:00:06,0.305,12.528,0.025,サーバー(直接取得)
cam39,2026-09-02T18:00:53.303Z,2026-09-03 03:00:05,24.085,13.407,0.068,サーバー(直接取得)
cam40,2026-09-02T18:00:53.481Z,2026-09-03 03:00:06,0.329,12.537,0.184,サーバー(直接取得)
cam41,2026-09-02T18:00:53.498Z,2026-09-03 03:00:03,1.118,12.594,0.107,サーバー(直接取得)
cam42,2026-09-02T18:00:53.506Z,2026-09-03 02:50:13,0.297,12.418,0.400,サーバー(直接取得)
cam43,2026-09-02T18:00:53.520Z,2026-09-03 02:50:13,0.337,11.983,0.440,サーバー(直接取得)
cam44,2026-09-02T18:00:53.537Z,2026-09-03 03:00:03,0.965,12.383,0.180,サーバー(直接取得)
cam45,2026-09-02T18:00:53.715Z,2026-09-03 03:00:03,0.579,12.612,0.340,サーバー(直接取得)
cam46,2026-09-02T18:00:53.733Z,2026-09-03 02:50:10,0.466,11.974,0.740,サーバー(直接取得)
cam47,2026-09-02T18:00:53.739Z,2026-09-03 03:00:06,1.673,12.409,0.473,サーバー(直接取得)
cam48,2026-09-02T18:00:53.752Z,2026-09-03 03:00:03,24.190,13.750,-16.830,サーバー(直接取得)
cam50,2026-09-02T18:00:53.766Z,2026-09-03 03:00:00,23.627,13.500,0.180,サーバー(直接取得)
cam51,2026-09-02T18:00:53.944Z,2026-09-03 03:00:14,23.458,13.618,0.100,サーバー(直接取得)
cam52,2026-09-02T18:00:53.965Z,2026-09-03 03:00:14,0.394,12.163,0.150,サーバー(直接取得)
cam53,2026-09-02T18:00:53.973Z,2026-09-03 02:50:04,0.506,12.809,0.030,サーバー(直接取得)
cam54,2026-09-02T18:00:54.017Z,2026-09-03 03:00:21,0.418,12.286,0.070,サーバー(直接取得)
cam55,2026-09-02T18:00:54.028Z,2026-09-03 03:00:21,0.707,12.396,0.600,サーバー(直接取得)
cam02,2026-09-02T20:48:40.239Z,2026-09-03 05:40:07,12.453,12.493,0.480,サーバー(直接取得)
cam03,2026-09-02T20:48:40.240Z,2026-09-03 05:40:18,10.023,12.286,-4.580,サーバー(直接取得)
cam04,2026-09-02T20:48:40.242Z,2026-09-03 05:40:07,12.533,12.506,1.050,サーバー(直接取得)
cam08,2026-09-02T20:48:40.243Z,2026-09-03 05:40:21,12.533,12.348,0.140,サーバー(直接取得)
cam09,2026-09-02T20:48:41.067Z,2026-09-03 05:40:19,12.268,12.216,0.290,サーバー(直接取得)
cam11,2026-09-02T20:48:41.069Z,2026-09-03 05:40:06,12.630,12.528,0.370,サーバー(直接取得)
cam12,2026-09-02T20:48:41.247Z,2026-09-03 05:40:07,12.549,12.532,-0.067,サーバー(直接取得)
cam13,2026-09-02T20:48:41.266Z,2026-09-03 05:40:07,12.597,12.598,0.057,サーバー(直接取得)
cam14,2026-09-02T20:48:41.316Z,2026-09-03 05:40:22,12.268,12.321,0.057,サーバー(直接取得)
cam36,2026-09-02T20:48:41.329Z,2026-09-03 05:40:07,12.597,12.598,0.024,サーバー(直接取得)
cam39,2026-09-02T20:48:41.492Z,2026-09-03 05:48:06,24.085,13.377,0.066,サーバー(直接取得)
cam40,2026-09-02T20:48:41.517Z,2026-09-03 05:40:07,12.670,12.607,0.186,サーバー(直接取得)
cam41,2026-09-02T20:48:41.563Z,2026-09-03 05:40:03,12.445,12.576,0.108,サーバー(直接取得)
cam42,2026-09-02T20:48:41.573Z,2026-09-03 05:40:17,12.388,12.392,0.400,サーバー(直接取得)
cam43,2026-09-02T20:48:41.693Z,2026-09-03 05:40:20,12.075,12.036,0.440,サーバー(直接取得)
cam44,2026-09-02T20:48:41.735Z,2026-09-03 05:40:03,12.107,12.361,0.180,サーバー(直接取得)
cam45,2026-09-02T20:48:41.762Z,2026-09-03 05:40:03,12.469,12.590,0.340,サーバー(直接取得)
cam46,2026-09-02T20:48:41.809Z,2026-09-03 05:40:16,11.978,12.009,0.650,サーバー(直接取得)
cam47,2026-09-02T20:48:41.810Z,2026-09-03 05:40:07,12.509,12.471,0.478,サーバー(直接取得)
cam48,2026-09-02T20:48:41.986Z,2026-09-03 05:40:03,24.198,13.750,-16.640,サーバー(直接取得)
cam50,2026-09-02T20:48:41.998Z,2026-09-03 05:48:00,23.635,13.500,0.180,サーバー(直接取得)
cam51,2026-09-02T20:48:42.018Z,2026-09-03 05:48:20,23.619,13.596,0.100,サーバー(直接取得)
cam52,2026-09-02T20:48:42.051Z,2026-09-03 05:40:26,12.219,12.234,0.150,サーバー(直接取得)
cam53,2026-09-02T20:48:42.067Z,2026-09-03 05:40:04,12.742,12.809,0.030,サーバー(直接取得)
cam54,2026-09-02T20:48:42.354Z,2026-09-03 05:40:20,12.324,12.260,0.070,サーバー(直接取得)
cam55,2026-09-02T20:48:42.359Z,2026-09-03 05:40:21,13.418,12.321,0.610,サーバー(直接取得)
kw01,2026-09-02T20:48:42.368Z,2026/09/03 05:40,,,0.450,サーバー(国交省 川の防災情報)
kw02,2026-09-02T20:48:42.372Z,2026/09/03 05:40,,,0.090,サーバー(国交省 川の防災情報)
kw03,2026-09-02T20:48:42.389Z,2026/09/03 05:40,,,1.010,サーバー(国交省 川の防災情報)
kw04,2026-09-02T20:48:42.599Z,2026/09/03 05:40,,,0.640,サーバー(国交省 川の防災情報)
kw05,2026-09-02T20:48:42.608Z,2026/09/02 09:00,,,-1.280,サーバー(国交省 川の防災情報)
kw06,2026-09-02T20:48:43.011Z,2026/09/02 09:00,,,-2.640,サーバー(国交省 川の防災情報)
kw07,2026-09-02T20:48:43.107Z,2026/09/02 09:00,,,-4.230,サーバー(国交省 川の防災情報)
kw08,2026-09-02T20:48:43.303Z,2026/09/03 05:40,,,0.390,サーバー(国交省 川の防災情報)
kw09,2026-09-02T20:48:43.370Z,2026/09/02 10:00,,,-4.040,サーバー(国交省 川の防災情報)
kw10,2026-09-02T20:48:43.508Z,2026/09/03 05:40,,,0.230,サーバー(国交省 川の防災情報)
kw11,2026-09-02T20:48:43.537Z,2026/09/03 05:40,,,-0.530,サーバー(国交省 川の防災情報)
cam02,2026-09-02T22:51:51.064Z,2026-09-03 07:50:07,18.591,12.946,0.470,サーバー(直接取得)
cam03,2026-09-02T22:51:51.066Z,2026-09-03 07:40:17,17.078,12.467,-4.580,サーバー(直接取得)
cam04,2026-09-02T22:51:51.068Z,2026-09-03 07:50:07,17.119,13.095,1.040,サーバー(直接取得)
cam08,2026-09-02T22:51:51.069Z,2026-09-03 07:40:21,17.038,12.845,0.150,サーバー(直接取得)
cam09,2026-09-02T22:51:51.652Z,2026-09-03 07:50:21,18.518,12.493,0.270,サーバー(直接取得)
cam11,2026-09-02T22:51:51.658Z,2026-09-03 07:50:07,17.151,13.086,0.446,サーバー(直接取得)
cam12,2026-09-02T22:51:51.745Z,2026-09-03 07:50:07,18.221,12.941,-0.087,サーバー(直接取得)
cam13,2026-09-02T22:51:51.758Z,2026-09-03 07:50:06,17.030,13.144,0.048,サーバー(直接取得)
cam14,2026-09-02T22:51:51.869Z,2026-09-03 07:50:20,16.958,12.647,0.057,サーバー(直接取得)
cam36,2026-09-02T22:51:51.871Z,2026-09-03 07:50:06,17.014,13.139,0.021,サーバー(直接取得)
cam39,2026-09-02T22:51:51.884Z,2026-09-03 07:50:06,24.085,13.381,0.058,サーバー(直接取得)
cam40,2026-09-02T22:51:51.950Z,2026-09-03 07:50:07,17.014,13.183,0.178,サーバー(直接取得)
cam41,2026-09-02T22:51:51.962Z,2026-09-03 07:50:03,17.038,13.144,0.105,サーバー(直接取得)
cam42,2026-09-02T22:51:52.079Z,2026-09-03 07:40:21,17.006,12.827,0.400,サーバー(直接取得)
cam43,2026-09-02T22:51:52.089Z,2026-09-03 07:40:22,17.167,12.365,0.440,サーバー(直接取得)
cam44,2026-09-02T22:51:52.091Z,2026-09-03 07:50:03,17.102,12.625,0.180,サーバー(直接取得)
cam45,2026-09-02T22:51:52.159Z,2026-09-03 07:50:03,17.279,13.007,0.340,サーバー(直接取得)
cam46,2026-09-02T22:51:52.168Z,2026-09-03 07:40:18,18.285,12.282,0.730,サーバー(直接取得)
cam47,2026-09-02T22:51:52.352Z,2026-09-03 07:50:06,18.390,12.968,0.522,サーバー(直接取得)
cam48,2026-09-02T22:51:52.370Z,2026-09-03 07:50:03,24.174,13.741,-16.810,サーバー(直接取得)
cam50,2026-09-02T22:51:52.394Z,2026-09-03 07:51:00,23.651,13.504,0.180,サーバー(直接取得)
cam51,2026-09-02T22:51:52.403Z,2026-09-03 07:50:22,23.603,13.601,0.080,サーバー(直接取得)
cam52,2026-09-02T22:51:52.412Z,2026-09-03 07:50:26,18.921,12.695,0.150,サーバー(直接取得)
cam53,2026-09-02T22:51:52.560Z,2026-09-03 07:50:28,16.950,13.144,0.030,サーバー(直接取得)
cam54,2026-09-02T22:51:52.573Z,2026-09-03 07:50:21,18.760,12.638,0.060,サーバー(直接取得)
cam55,2026-09-02T22:51:52.611Z,2026-09-03 07:50:22,19.009,12.704,0.590,サーバー(直接取得)
kw01,2026-09-02T22:51:52.611Z,2026/09/03 07:40,,,0.450,サーバー(国交省 川の防災情報)
kw02,2026-09-02T22:51:52.642Z,2026/09/03 07:40,,,0.100,サーバー(国交省 川の防災情報)
kw03,2026-09-02T22:51:52.769Z,2026/09/03 07:40,,,1.010,サーバー(国交省 川の防災情報)
kw04,2026-09-02T22:51:52.781Z,2026/09/03 07:40,,,0.640,サーバー(国交省 川の防災情報)
kw06,2026-09-02T22:51:53.383Z,2026/09/02 09:00,,,-2.640,サーバー(国交省 川の防災情報)
kw07,2026-09-02T22:51:53.394Z,2026/09/02 09:00,,,-4.230,サーバー(国交省 川の防災情報)
kw08,2026-09-02T22:51:53.397Z,2026/09/03 07:40,,,0.390,サーバー(国交省 川の防災情報)
kw09,2026-09-02T22:51:53.401Z,2026/09/02 10:00,,,-4.040,サーバー(国交省 川の防災情報)
kw10,2026-09-02T22:51:53.659Z,2026/09/03 07:40,,,0.220,サーバー(国交省 川の防災情報)
kw11,2026-09-02T22:51:53.692Z,2026/09/03 07:40,,,-0.520,サーバー(国交省 川の防災情報)
cam02,2026-09-03T00:45:24.525Z,2026-09-03 09:40:07,17.038,13.245,0.460,サーバー(直接取得)
cam03,2026-09-03T00:45:24.526Z,2026-09-03 09:40:16,17.086,12.783,-4.580,サーバー(直接取得)
cam04,2026-09-03T00:45:24.528Z,2026-09-03 09:40:07,17.119,13.289,1.060,サーバー(直接取得)
cam08,2026-09-03T00:45:24.529Z,2026-09-03 09:30:22,19.299,13.073,0.170,サーバー(直接取得)
cam09,2026-09-03T00:45:25.353Z,2026-09-03 09:40:23,17.046,12.704,0.260,サーバー(直接取得)
cam11,2026-09-03T00:45:25.355Z,2026-09-03 09:40:06,17.151,13.289,0.409,サーバー(直接取得)
cam12,2026-09-03T00:45:25.516Z,2026-09-03 09:40:07,17.102,13.179,-0.089,サーバー(直接取得)
cam13,2026-09-03T00:45:25.519Z,2026-09-03 09:40:07,17.022,13.355,0.045,サーバー(直接取得)
cam14,2026-09-03T00:45:25.609Z,2026-09-03 09:40:18,16.950,12.915,0.057,サーバー(直接取得)
cam36,2026-09-03T00:45:25.624Z,2026-09-03 09:40:07,17.006,13.381,0.022,サーバー(直接取得)
cam39,2026-09-03T00:45:25.725Z,2026-09-03 09:44:07,24.077,13.377,0.052,サーバー(直接取得)
cam40,2026-09-03T00:45:25.772Z,2026-09-03 09:40:07,17.006,13.442,0.188,サーバー(直接取得)
cam41,2026-09-03T00:45:25.789Z,2026-09-03 09:40:03,17.038,13.425,0.105,サーバー(直接取得)
cam42,2026-09-03T00:45:25.873Z,2026-09-03 09:40:17,16.998,13.113,0.400,サーバー(直接取得)
cam43,2026-09-03T00:45:25.881Z,2026-09-03 09:40:18,17.159,12.598,0.440,サーバー(直接取得)
cam44,2026-09-03T00:45:25.987Z,2026-09-03 09:40:03,16.917,12.818,0.180,サーバー(直接取得)
cam45,2026-09-03T00:45:26.034Z,2026-09-03 09:40:03,16.974,13.209,0.330,サーバー(直接取得)
cam46,2026-09-03T00:45:26.048Z,2026-09-03 09:40:23,18.599,12.387,0.720,サーバー(直接取得)
cam47,2026-09-03T00:45:26.146Z,2026-09-03 09:40:07,16.966,13.214,0.510,サーバー(直接取得)
cam48,2026-09-03T00:45:26.151Z,2026-09-03 09:40:03,24.182,13.768,-16.860,サーバー(直接取得)
cam50,2026-09-03T00:45:26.259Z,2026-09-03 09:44:00,23.611,13.508,0.180,サーバー(直接取得)
cam51,2026-09-03T00:45:26.295Z,2026-09-03 09:44:23,23.619,13.605,0.090,サーバー(直接取得)
cam52,2026-09-03T00:45:26.305Z,2026-09-03 09:40:27,19.355,12.831,0.140,サーバー(直接取得)
cam53,2026-09-03T00:45:26.407Z,2026-09-03 09:40:29,16.974,13.438,0.040,サーバー(直接取得)
cam54,2026-09-03T00:45:26.421Z,2026-09-03 09:40:21,19.315,12.893,0.060,サーバー(直接取得)
cam55,2026-09-03T00:45:26.517Z,2026-09-03 09:40:22,19.218,12.933,0.590,サーバー(直接取得)
cam02,2026-09-03T05:07:45.628Z,2026-09-03 14:00:07,17.022,12.858,0.460,サーバー(直接取得)
cam03,2026-09-03T05:07:45.629Z,2026-09-03 14:00:14,17.127,12.519,-4.580,サーバー(直接取得)
cam04,2026-09-03T05:07:45.631Z,2026-09-03 14:00:07,17.094,12.884,1.030,サーバー(直接取得)
cam08,2026-09-03T05:07:45.632Z,2026-09-03 14:00:22,17.022,12.708,0.150,サーバー(直接取得)
cam09,2026-09-03T05:07:46.301Z,2026-09-03 14:00:21,17.432,12.462,0.290,サーバー(直接取得)
cam11,2026-09-03T05:07:46.303Z,2026-09-03 14:00:06,17.682,12.875,0.439,サーバー(直接取得)
cam12,2026-09-03T05:07:46.539Z,2026-09-03 14:00:07,17.304,12.840,-0.076,サーバー(直接取得)
cam13,2026-09-03T05:07:46.542Z,2026-09-03 14:00:07,17.569,12.950,0.051,サーバー(直接取得)
cam14,2026-09-03T05:07:46.562Z,2026-09-03 14:00:19,17.094,12.594,0.057,サーバー(直接取得)
cam36,2026-09-03T05:07:46.563Z,2026-09-03 14:00:07,16.998,12.955,0.021,サーバー(直接取得)
cam39,2026-09-03T05:07:46.673Z,2026-09-03 14:06:07,24.085,13.377,0.063,サーバー(直接取得)
cam40,2026-09-03T05:07:46.766Z,2026-09-03 14:00:07,16.990,12.990,0.182,サーバー(直接取得)
cam41,2026-09-03T05:07:46.776Z,2026-09-03 14:00:03,17.038,12.998,0.108,サーバー(直接取得)
cam42,2026-09-03T05:07:46.792Z,2026-09-03 14:00:20,17.505,12.708,0.370,サーバー(直接取得)
cam43,2026-09-03T05:07:46.804Z,2026-09-03 14:00:20,17.143,12.286,0.440,サーバー(直接取得)
cam44,2026-09-03T05:07:46.899Z,2026-09-03 14:00:03,16.934,12.532,0.180,サーバー(直接取得)
cam45,2026-09-03T05:07:47.003Z,2026-09-03 14:00:03,17.046,12.911,0.340,サーバー(直接取得)
cam46,2026-09-03T05:07:47.024Z,2026-09-03 14:00:24,17.304,12.242,0.750,サーバー(直接取得)
cam47,2026-09-03T05:07:47.026Z,2026-09-03 14:00:07,16.950,12.809,0.485,サーバー(直接取得)
cam48,2026-09-03T05:07:47.037Z,2026-09-03 14:00:03,24.158,13.759,-16.660,サーバー(直接取得)
cam50,2026-09-03T05:07:47.129Z,2026-09-03 14:07:00,23.627,13.500,0.190,サーバー(直接取得)
cam51,2026-09-03T05:07:47.234Z,2026-09-03 14:06:21,23.603,13.601,0.090,サーバー(直接取得)
cam52,2026-09-03T05:07:47.263Z,2026-09-03 14:00:28,17.473,12.590,0.140,サーバー(直接取得)
cam53,2026-09-03T05:07:47.279Z,2026-09-03 14:00:03,16.917,13.478,0.030,サーバー(直接取得)
cam54,2026-09-03T05:07:47.292Z,2026-09-03 14:00:21,17.440,12.576,0.060,サーバー(直接取得)
cam55,2026-09-03T05:07:47.357Z,2026-09-03 14:00:21,17.827,12.656,0.600,サーバー(直接取得)
kw01,2026-09-03T05:07:47.477Z,2026/09/03 14:00,,,0.440,サーバー(国交省 川の防災情報)
kw02,2026-09-03T05:07:47.485Z,2026/09/03 14:00,,,0.100,サーバー(国交省 川の防災情報)
kw03,2026-09-03T05:07:47.505Z,2026/09/03 14:00,,,1.010,サーバー(国交省 川の防災情報)
kw04,2026-09-03T05:07:47.520Z,2026/09/03 14:00,,,0.640,サーバー(国交省 川の防災情報)
kw05,2026-09-03T05:07:47.582Z,2026/09/03 09:00,,,-1.270,サーバー(国交省 川の防災情報)
kw06,2026-09-03T05:07:48.061Z,2026/09/03 09:00,,,-2.650,サーバー(国交省 川の防災情報)
kw07,2026-09-03T05:07:48.067Z,2026/09/03 09:00,,,-4.250,サーバー(国交省 川の防災情報)
kw09,2026-09-03T05:07:48.272Z,2026/09/03 10:00,,,-4.040,サーバー(国交省 川の防災情報)
kw10,2026-09-03T05:07:48.478Z,2026/09/03 14:00,,,0.200,サーバー(国交省 川の防災情報)
kw11,2026-09-03T05:07:48.500Z,2026/09/03 14:00,,,0.000,サーバー(国交省 川の防災情報)
kw01,2026-09-03T09:41:50.352Z,2026/09/03 18:30,,,0.440,サーバー(国交省 川の防災情報)
kw02,2026-09-03T09:41:50.353Z,2026/09/03 18:30,,,0.090,サーバー(国交省 川の防災情報)
kw03,2026-09-03T09:41:50.354Z,2026/09/03 18:30,,,1.010,サーバー(国交省 川の防災情報)
kw04,2026-09-03T09:41:51.007Z,2026/09/03 18:30,,,0.650,サーバー(国交省 川の防災情報)
kw05,2026-09-03T09:41:51.236Z,2026/09/03 09:00,,,-1.270,サーバー(国交省 川の防災情報)
kw06,2026-09-03T09:41:51.373Z,2026/09/03 09:00,,,-2.650,サーバー(国交省 川の防災情報)
kw07,2026-09-03T09:41:51.513Z,2026/09/03 09:00,,,-4.250,サーバー(国交省 川の防災情報)
kw08,2026-09-03T09:41:51.630Z,2026/09/03 18:30,,,0.400,サーバー(国交省 川の防災情報)
kw09,2026-09-03T09:41:51.852Z,2026/09/03 10:00,,,-4.040,サーバー(国交省 川の防災情報)
kw10,2026-09-03T09:41:52.021Z,2026/09/03 18:30,,,0.210,サーバー(国交省 川の防災情報)
kw11,2026-09-03T09:41:52.102Z,2026/09/03 18:30,,,-0.560,サーバー(国交省 川の防災情報)
cam02,2026-09-03T13:51:34.980Z,2026-09-03 22:50:07,0.176,12.427,0.480,サーバー(直接取得)
cam03,2026-09-03T13:51:34.982Z,2026-09-03 22:50:11,0.522,12.242,-4.580,サーバー(直接取得)
cam04,2026-09-03T13:51:34.983Z,2026-09-03 22:50:06,0.297,12.511,1.080,サーバー(直接取得)
cam08,2026-09-03T13:51:34.984Z,2026-09-03 22:20:21,0.667,12.317,0.110,サーバー(直接取得)
cam09,2026-09-03T13:51:35.565Z,2026-09-03 22:50:17,1.793,12.084,0.280,サーバー(直接取得)
cam11,2026-09-03T13:51:35.573Z,2026-09-03 22:50:07,1.045,12.467,0.446,サーバー(直接取得)
cam12,2026-09-03T13:51:35.676Z,2026-09-03 22:50:07,0.273,12.506,-0.070,サーバー(直接取得)
cam13,2026-09-03T13:51:35.680Z,2026-09-03 22:50:07,0.289,12.660,0.053,サーバー(直接取得)
cam14,2026-09-03T13:51:35.797Z,2026-09-03 22:50:17,0.386,12.220,0.067,サーバー(直接取得)
cam36,2026-09-03T13:51:35.803Z,2026-09-03 22:50:06,0.305,12.541,0.024,サーバー(直接取得)
cam39,2026-09-03T13:51:35.889Z,2026-09-03 22:50:06,24.085,13.385,0.067,サーバー(直接取得)
cam40,2026-09-03T13:51:35.905Z,2026-09-03 22:50:06,0.337,12.568,0.185,サーバー(直接取得)
cam41,2026-09-03T13:51:36.015Z,2026-09-03 22:50:03,1.118,12.625,0.110,サーバー(直接取得)
cam42,2026-09-03T13:51:36.019Z,2026-09-03 22:40:17,0.345,12.414,0.380,サーバー(直接取得)
cam43,2026-09-03T13:51:36.101Z,2026-09-03 22:40:16,0.378,12.159,0.430,サーバー(直接取得)
cam44,2026-09-03T13:51:36.121Z,2026-09-03 22:50:03,0.965,12.308,0.180,サーバー(直接取得)
cam45,2026-09-03T13:51:36.122Z,2026-09-03 22:50:03,0.579,12.590,0.340,サーバー(直接取得)
cam46,2026-09-03T13:51:36.234Z,2026-09-03 22:40:11,0.498,12.273,0.750,サーバー(直接取得)
cam47,2026-09-03T13:51:36.243Z,2026-09-03 22:50:06,1.729,12.423,0.458,サーバー(直接取得)
cam48,2026-09-03T13:51:36.319Z,2026-09-03 22:50:03,24.182,13.741,-16.890,サーバー(直接取得)
cam50,2026-09-03T13:51:36.332Z,2026-09-03 22:51:00,23.627,13.500,0.190,サーバー(直接取得)
cam51,2026-09-03T13:51:36.359Z,2026-09-03 22:50:15,23.434,13.618,0.100,サーバー(直接取得)
cam52,2026-09-03T13:51:36.450Z,2026-09-03 22:50:14,0.394,12.168,0.160,サーバー(直接取得)
cam53,2026-09-03T13:51:36.456Z,2026-09-03 22:50:04,0.410,12.827,0.030,サーバー(直接取得)
cam54,2026-09-03T13:51:36.534Z,2026-09-03 22:50:20,0.426,12.269,0.060,サーバー(直接取得)
cam55,2026-09-03T13:51:36.548Z,2026-09-03 22:50:21,0.804,12.365,0.600,サーバー(直接取得)
kw01,2026-09-03T13:51:36.567Z,2026/09/03 22:40,,,0.450,サーバー(国交省 川の防災情報)
kw02,2026-09-03T13:51:36.667Z,2026/09/03 22:40,,,0.090,サーバー(国交省 川の防災情報)
kw03,2026-09-03T13:51:36.676Z,2026/09/03 22:40,,,1.010,サーバー(国交省 川の防災情報)
kw04,2026-09-03T13:51:36.746Z,2026/09/03 22:40,,,0.640,サーバー(国交省 川の防災情報)
kw05,2026-09-03T13:51:36.763Z,2026/09/03 22:50,,,-0.620,サーバー(国交省 川の防災情報)
kw06,2026-09-03T13:51:36.987Z,2026/09/03 09:00,,,-2.650,サーバー(国交省 川の防災情報)
kw07,2026-09-03T13:51:37.001Z,2026/09/03 09:00,,,-4.250,サーバー(国交省 川の防災情報)
kw09,2026-09-03T13:51:37.258Z,2026/09/03 10:00,,,-4.040,サーバー(国交省 川の防災情報)
kw10,2026-09-03T13:51:37.290Z,2026/09/03 22:40,,,0.190,サーバー(国交省 川の防災情報)
cam02,2026-09-03T17:18:37.499Z,2026-09-04 02:10:07,0.168,12.374,0.490,サーバー(直接取得)
cam03,2026-09-03T17:18:37.501Z,2026-09-04 02:10:11,0.522,12.203,-4.580,サーバー(直接取得)
cam04,2026-09-03T17:18:37.503Z,2026-09-04 02:10:07,0.289,12.431,1.060,サーバー(直接取得)
cam08,2026-09-03T17:18:37.504Z,2026-09-04 02:00:20,0.659,12.234,0.100,サーバー(直接取得)
cam09,2026-09-03T17:18:38.489Z,2026-09-04 02:10:13,1.810,12.031,0.280,サーバー(直接取得)
cam11,2026-09-03T17:18:38.491Z,2026-09-04 02:10:06,1.045,12.414,0.424,サーバー(直接取得)
cam12,2026-09-03T17:18:38.688Z,2026-09-04 02:10:06,0.273,12.475,-0.066,サーバー(直接取得)
cam13,2026-09-03T17:18:38.692Z,2026-09-04 02:10:07,0.289,12.581,0.057,サーバー(直接取得)
cam14,2026-09-03T17:18:38.730Z,2026-09-04 02:10:17,0.313,12.176,0.067,サーバー(直接取得)
cam36,2026-09-03T17:18:38.740Z,2026-09-04 02:10:06,0.313,12.489,0.208,サーバー(直接取得)
cam39,2026-09-03T17:18:38.936Z,2026-09-04 02:18:05,24.085,13.407,0.069,サーバー(直接取得)
cam40,2026-09-03T17:18:38.949Z,2026-09-04 02:10:06,0.329,12.506,0.189,サーバー(直接取得)
cam41,2026-09-03T17:18:38.970Z,2026-09-04 02:10:03,1.118,12.559,0.110,サーバー(直接取得)
cam42,2026-09-03T17:18:38.983Z,2026-09-04 02:10:13,0.353,12.330,0.380,サーバー(直接取得)
cam43,2026-09-03T17:18:39.180Z,2026-09-04 02:10:15,0.378,12.110,0.440,サーバー(直接取得)
cam44,2026-09-03T17:18:39.201Z,2026-09-04 02:10:03,0.965,12.282,0.180,サーバー(直接取得)
cam45,2026-09-03T17:18:39.218Z,2026-09-04 02:10:03,0.571,12.541,0.340,サーバー(直接取得)
cam46,2026-09-03T17:18:39.229Z,2026-09-04 02:10:11,0.482,12.225,0.610,サーバー(直接取得)
cam47,2026-09-03T17:18:39.432Z,2026-09-04 02:10:06,1.689,12.361,0.458,サーバー(直接取得)
cam48,2026-09-03T17:18:39.447Z,2026-09-04 02:10:03,24.174,13.746,-16.770,サーバー(直接取得)
cam50,2026-09-03T17:18:39.460Z,2026-09-04 02:18:00,23.619,13.500,0.190,サーバー(直接取得)
cam51,2026-09-03T17:18:39.467Z,2026-09-04 02:16:15,23.458,13.618,0.110,サーバー(直接取得)
cam52,2026-09-03T17:18:39.577Z,2026-09-04 02:10:15,0.394,12.097,0.160,サーバー(直接取得)
cam53,2026-09-03T17:18:39.680Z,2026-09-04 02:10:04,0.410,12.792,0.030,サーバー(直接取得)
cam54,2026-09-03T17:18:39.832Z,2026-09-04 02:10:20,0.418,12.220,0.060,サーバー(直接取得)
cam55,2026-09-03T17:18:39.842Z,2026-09-04 02:10:21,0.748,12.335,0.610,サーバー(直接取得)
kw01,2026-09-03T17:18:39.846Z,2026/09/04 02:10,,,0.450,サーバー(国交省 川の防災情報)
kw02,2026-09-03T17:18:39.866Z,2026/09/04 02:10,,,0.090,サーバー(国交省 川の防災情報)
kw03,2026-09-03T17:18:39.923Z,2026/09/04 02:10,,,1.010,サーバー(国交省 川の防災情報)
kw04,2026-09-03T17:18:40.078Z,2026/09/04 02:10,,,0.650,サーバー(国交省 川の防災情報)
kw05,2026-09-03T17:18:40.090Z,2026/09/04 00:02,,,-1.280,サーバー(国交省 川の防災情報)
kw06,2026-09-03T17:18:40.622Z,2026/09/03 09:00,,,-2.650,サーバー(国交省 川の防災情報)
kw07,2026-09-03T17:18:40.673Z,2026/09/03 09:00,,,-4.250,サーバー(国交省 川の防災情報)
kw08,2026-09-03T17:18:40.711Z,2026/09/04 02:10,,,0.390,サーバー(国交省 川の防災情報)
kw09,2026-09-03T17:18:40.826Z,2026/09/03 10:00,,,-4.040,サーバー(国交省 川の防災情報)
kw10,2026-09-03T17:18:40.835Z,2026/09/04 02:10,,,0.190,サーバー(国交省 川の防災情報)
kw11,2026-09-03T17:18:40.873Z,2026/09/04 02:10,,,-0.510,サーバー(国交省 川の防災情報)
cam02,2026-09-03T19:54:48.552Z,2026-09-04 04:50:07,0.257,12.339,0.480,サーバー(直接取得)
cam03,2026-09-03T19:54:48.553Z,2026-09-04 04:50:09,0.538,12.176,-4.580,サーバー(直接取得)
cam04,2026-09-03T19:54:48.555Z,2026-09-04 04:50:07,0.386,12.401,1.060,サーバー(直接取得)
cam08,2026-09-03T19:54:48.555Z,2026-09-04 04:50:21,0.788,12.212,0.110,サーバー(直接取得)
cam09,2026-09-03T19:54:49.259Z,2026-09-04 04:50:12,1.802,11.996,0.270,サーバー(直接取得)
cam11,2026-09-03T19:54:49.262Z,2026-09-04 04:50:06,1.045,12.392,0.400,サーバー(直接取得)
cam12,2026-09-03T19:54:49.374Z,2026-09-04 04:50:06,0.345,12.458,-0.065,サーバー(直接取得)
cam13,2026-09-03T19:54:49.383Z,2026-09-04 04:50:06,0.370,12.554,0.056,サーバー(直接取得)
cam14,2026-09-03T19:54:49.467Z,2026-09-04 04:50:13,0.378,12.150,0.067,サーバー(直接取得)
cam36,2026-09-03T19:54:49.478Z,2026-09-04 04:50:07,0.345,12.471,0.028,サーバー(直接取得)
cam39,2026-09-03T19:54:49.491Z,2026-09-04 04:54:06,24.093,13.403,0.068,サーバー(直接取得)
cam40,2026-09-03T19:54:49.584Z,2026-09-04 04:50:07,0.458,12.493,0.189,サーバー(直接取得)
cam41,2026-09-03T19:54:49.594Z,2026-09-04 04:50:04,1.118,12.546,0.109,サーバー(直接取得)
cam42,2026-09-03T19:54:49.680Z,2026-09-04 04:50:11,0.394,12.326,0.380,サーバー(直接取得)
cam43,2026-09-03T19:54:49.699Z,2026-09-04 04:50:13,0.418,12.084,0.430,サーバー(直接取得)
cam44,2026-09-03T19:54:49.701Z,2026-09-04 04:50:03,0.973,12.251,0.180,サーバー(直接取得)
cam45,2026-09-03T19:54:49.792Z,2026-09-04 04:50:03,0.651,12.537,0.340,サーバー(直接取得)
cam46,2026-09-03T19:54:49.807Z,2026-09-04 04:50:11,0.571,12.212,0.690,サーバー(直接取得)
cam47,2026-09-03T19:54:49.893Z,2026-09-04 04:50:06,1.681,12.330,0.463,サーバー(直接取得)
cam48,2026-09-03T19:54:49.911Z,2026-09-04 04:50:03,24.190,13.741,-16.670,サーバー(直接取得)
cam50,2026-09-03T19:54:49.920Z,2026-09-04 04:54:00,23.619,13.500,0.190,サーバー(直接取得)
cam51,2026-09-03T19:54:50.017Z,2026-09-04 04:54:14,23.458,13.618,0.100,サーバー(直接取得)
cam52,2026-09-03T19:54:50.026Z,2026-09-04 04:50:16,0.595,12.067,0.160,サーバー(直接取得)
cam53,2026-09-03T19:54:50.099Z,2026-09-04 04:50:04,0.506,12.770,0.030,サーバー(直接取得)
cam54,2026-09-03T19:54:50.121Z,2026-09-04 04:50:21,0.530,12.185,0.060,サーバー(直接取得)
cam55,2026-09-03T19:54:50.125Z,2026-09-04 04:50:21,0.901,12.286,0.610,サーバー(直接取得)
kw01,2026-09-03T19:54:50.223Z,2026/09/04 04:40,,,0.440,サーバー(国交省 川の防災情報)
kw02,2026-09-03T19:54:50.235Z,2026/09/04 04:40,,,0.090,サーバー(国交省 川の防災情報)
kw03,2026-09-03T19:54:50.303Z,2026/09/04 04:40,,,1.010,サーバー(国交省 川の防災情報)
kw04,2026-09-03T19:54:50.324Z,2026/09/04 04:40,,,0.640,サーバー(国交省 川の防災情報)
kw05,2026-09-03T19:54:50.342Z,2026/09/04 00:02,,,-1.280,サーバー(国交省 川の防災情報)
kw06,2026-09-03T19:54:50.786Z,2026/09/03 09:00,,,-2.650,サーバー(国交省 川の防災情報)
kw07,2026-09-03T19:54:50.802Z,2026/09/03 09:00,,,-4.250,サーバー(国交省 川の防災情報)
kw08,2026-09-03T19:54:50.806Z,2026/09/04 04:40,,,0.390,サーバー(国交省 川の防災情報)
kw09,2026-09-03T19:54:51.022Z,2026/09/03 10:00,,,-4.040,サーバー(国交省 川の防災情報)
kw10,2026-09-03T19:54:51.064Z,2026/09/04 04:40,,,0.180,サーバー(国交省 川の防災情報)
kw11,2026-09-03T19:54:51.116Z,2026/09/04 04:40,,,-0.520,サーバー(国交省 川の防災情報)
cam02,2026-09-03T21:57:49.640Z,2026-09-04 06:50:07,17.022,12.480,0.480,サーバー(直接取得)
cam03,2026-09-03T21:57:49.641Z,2026-09-04 06:50:13,17.094,12.207,-4.580,サーバー(直接取得)
cam04,2026-09-03T21:57:49.643Z,2026-09-04 06:50:07,17.135,12.568,1.050,サーバー(直接取得)
cam08,2026-09-03T21:57:49.644Z,2026-09-04 06:50:21,17.030,12.383,0.110,サーバー(直接取得)
cam09,2026-09-03T21:57:50.514Z,2026-09-04 06:50:21,17.223,12.132,0.280,サーバー(直接取得)
cam11,2026-09-03T21:57:50.516Z,2026-09-04 06:50:07,17.255,12.550,0.411,サーバー(直接取得)
cam12,2026-09-03T21:57:50.730Z,2026-09-04 06:50:07,17.159,12.532,-0.066,サーバー(直接取得)
cam13,2026-09-03T21:57:50.735Z,2026-09-04 06:50:07,17.175,12.647,0.058,サーバー(直接取得)
cam14,2026-09-03T21:57:50.784Z,2026-09-04 06:50:17,17.054,12.278,0.067,サーバー(直接取得)
cam36,2026-09-03T21:57:50.803Z,2026-09-04 06:50:06,17.006,12.620,0.027,サーバー(直接取得)
cam39,2026-09-03T21:57:51.006Z,2026-09-04 06:56:06,24.085,13.377,0.067,サーバー(直接取得)
cam40,2026-09-03T21:57:51.015Z,2026-09-04 06:50:07,16.998,12.647,0.185,サーバー(直接取得)
cam41,2026-09-03T21:57:51.027Z,2026-09-04 06:50:03,17.038,12.612,0.108,サーバー(直接取得)
cam42,2026-09-03T21:57:51.046Z,2026-09-04 06:50:21,17.135,12.374,0.380,サーバー(直接取得)
cam43,2026-09-03T21:57:51.064Z,2026-09-04 06:50:16,17.207,12.220,0.440,サーバー(直接取得)
cam44,2026-09-03T21:57:51.281Z,2026-09-04 06:50:03,16.934,12.286,0.180,サーバー(直接取得)
cam45,2026-09-03T21:57:51.290Z,2026-09-04 06:50:03,16.990,12.576,0.340,サーバー(直接取得)
cam46,2026-09-03T21:57:51.308Z,2026-09-04 06:50:19,17.086,12.343,0.710,サーバー(直接取得)
cam47,2026-09-03T21:57:51.322Z,2026-09-04 06:50:06,17.038,12.475,0.473,サーバー(直接取得)
cam48,2026-09-03T21:57:51.327Z,2026-09-04 06:50:03,24.182,13.750,-16.800,サーバー(直接取得)
cam50,2026-09-03T21:57:51.547Z,2026-09-04 06:57:00,23.643,13.500,0.190,サーバー(直接取得)
cam51,2026-09-03T21:57:51.554Z,2026-09-04 06:50:22,23.619,13.601,0.100,サーバー(直接取得)
cam52,2026-09-03T21:57:51.569Z,2026-09-04 06:50:23,17.046,12.207,0.160,サーバー(直接取得)
cam53,2026-09-03T21:57:51.585Z,2026-09-04 06:50:29,16.926,12.594,0.040,サーバー(直接取得)
cam54,2026-09-03T21:57:51.592Z,2026-09-04 06:50:21,17.183,12.242,0.070,サーバー(直接取得)
cam55,2026-09-03T21:57:51.818Z,2026-09-04 06:50:21,17.215,12.308,0.610,サーバー(直接取得)
kw01,2026-09-03T21:57:51.830Z,2026/09/04 06:50,,,0.450,サーバー(国交省 川の防災情報)
kw02,2026-09-03T21:57:51.835Z,2026/09/04 06:50,,,0.100,サーバー(国交省 川の防災情報)
kw03,2026-09-03T21:57:51.839Z,2026/09/04 06:50,,,1.010,サーバー(国交省 川の防災情報)
kw04,2026-09-03T21:57:51.854Z,2026/09/04 06:50,,,0.640,サーバー(国交省 川の防災情報)
kw05,2026-09-03T21:57:52.084Z,2026/09/04 00:02,,,-1.280,サーバー(国交省 川の防災情報)
kw06,2026-09-03T21:57:52.344Z,2026/09/03 09:00,,,-2.650,サーバー(国交省 川の防災情報)
kw07,2026-09-03T21:57:52.500Z,2026/09/03 09:00,,,-4.250,サーバー(国交省 川の防災情報)
kw08,2026-09-03T21:57:52.582Z,2026/09/04 06:50,,,0.390,サーバー(国交省 川の防災情報)
kw09,2026-09-03T21:57:52.669Z,2026/09/03 10:00,,,-4.040,サーバー(国交省 川の防災情報)
kw10,2026-09-03T21:57:52.690Z,2026/09/04 06:50,,,0.180,サーバー(国交省 川の防災情報)
kw11,2026-09-03T21:57:52.807Z,2026/09/04 06:50,,,-0.520,サーバー(国交省 川の防災情報)
cam02,2026-09-03T23:45:39.382Z,2026-09-04 08:40:07,17.038,12.682,0.470,サーバー(直接取得)
cam03,2026-09-03T23:45:39.384Z,2026-09-04 08:40:16,17.070,12.295,-4.580,サーバー(直接取得)
cam04,2026-09-03T23:45:39.385Z,2026-09-04 08:40:07,17.102,12.893,1.030,サーバー(直接取得)
cam08,2026-09-03T23:45:39.385Z,2026-09-04 08:40:21,17.030,12.695,0.110,サーバー(直接取得)
cam09,2026-09-03T23:45:39.974Z,2026-09-04 08:40:21,17.875,12.251,0.260,サーバー(直接取得)
cam11,2026-09-03T23:45:39.977Z,2026-09-04 08:40:07,17.151,12.796,0.394,サーバー(直接取得)
cam12,2026-09-03T23:45:40.084Z,2026-09-04 08:40:07,17.601,12.664,-0.078,サーバー(直接取得)
cam13,2026-09-03T23:45:40.098Z,2026-09-04 08:40:07,17.022,12.968,0.048,サーバー(直接取得)
cam14,2026-09-03T23:45:40.190Z,2026-09-04 08:40:17,16.950,12.387,0.067,サーバー(直接取得)
cam36,2026-09-03T23:45:40.203Z,2026-09-04 08:40:07,17.014,12.867,0.029,サーバー(直接取得)
cam39,2026-09-03T23:45:40.217Z,2026-09-04 08:44:06,24.085,13.381,0.054,サーバー(直接取得)
cam40,2026-09-03T23:45:40.313Z,2026-09-04 08:40:07,17.006,12.919,0.183,サーバー(直接取得)
cam41,2026-09-03T23:45:40.323Z,2026-09-04 08:40:03,17.111,12.976,0.107,サーバー(直接取得)
cam42,2026-09-03T23:45:40.410Z,2026-09-04 08:40:21,16.998,12.590,0.380,サーバー(直接取得)
cam43,2026-09-03T23:45:40.422Z,2026-09-04 08:40:18,17.143,12.361,0.430,サーバー(直接取得)
cam44,2026-09-03T23:45:40.540Z,2026-09-04 08:40:03,16.982,12.335,0.180,サーバー(直接取得)
cam45,2026-09-03T23:45:40.542Z,2026-09-04 08:40:03,17.127,12.809,0.340,サーバー(直接取得)
cam46,2026-09-03T23:45:40.557Z,2026-09-04 08:40:19,17.762,12.453,0.750,サーバー(直接取得)
cam47,2026-09-03T23:45:40.631Z,2026-09-04 08:40:07,17.770,12.717,0.510,サーバー(直接取得)
cam48,2026-09-03T23:45:40.646Z,2026-09-04 08:40:03,24.174,13.746,-16.860,サーバー(直接取得)
cam50,2026-09-03T23:45:40.761Z,2026-09-04 08:45:00,23.635,13.504,0.180,サーバー(直接取得)
cam51,2026-09-03T23:45:40.789Z,2026-09-04 08:44:20,23.611,13.605,0.090,サーバー(直接取得)
cam52,2026-09-03T23:45:40.801Z,2026-09-04 08:40:25,17.641,12.427,0.150,サーバー(直接取得)
cam53,2026-09-03T23:45:40.851Z,2026-09-04 08:40:26,16.950,12.867,0.030,サーバー(直接取得)
cam54,2026-09-03T23:45:40.880Z,2026-09-04 08:40:21,18.012,12.427,0.060,サーバー(直接取得)
cam55,2026-09-03T23:45:41.004Z,2026-09-04 08:40:21,17.947,12.462,0.600,サーバー(直接取得)
cam02,2026-09-04T01:23:10.880Z,2026-09-04 10:20:07,18.430,12.924,0.460,サーバー(直接取得)
cam03,2026-09-04T01:23:10.883Z,2026-09-04 10:20:18,17.078,12.475,-4.580,サーバー(直接取得)
cam04,2026-09-04T01:23:10.884Z,2026-09-04 10:20:07,17.111,13.100,1.020,サーバー(直接取得)
cam08,2026-09-04T01:23:10.884Z,2026-09-04 10:20:21,18.896,12.893,0.110,サーバー(直接取得)
cam09,2026-09-04T01:23:11.721Z,2026-09-04 10:20:25,18.462,12.427,0.280,サーバー(直接取得)
cam11,2026-09-04T01:23:11.726Z,2026-09-04 10:20:06,17.151,13.086,0.395,サーバー(直接取得)
cam12,2026-09-04T01:23:11.936Z,2026-09-04 10:20:06,18.003,12.862,-0.088,サーバー(直接取得)
cam13,2026-09-04T01:23:11.963Z,2026-09-04 10:20:07,17.022,13.174,0.041,サーバー(直接取得)
cam14,2026-09-04T01:23:11.996Z,2026-09-04 10:20:19,16.950,12.638,0.057,サーバー(直接取得)
cam36,2026-09-04T01:23:12.000Z,2026-09-04 10:20:07,17.006,13.135,0.023,サーバー(直接取得)
cam39,2026-09-04T01:23:12.098Z,2026-09-04 10:22:06,24.077,13.381,0.052,サーバー(直接取得)
cam40,2026-09-04T01:23:12.209Z,2026-09-04 10:20:07,17.014,13.188,0.179,サーバー(直接取得)
cam41,2026-09-04T01:23:12.238Z,2026-09-04 10:20:03,17.038,13.218,0.106,サーバー(直接取得)
cam42,2026-09-04T01:23:12.260Z,2026-09-04 10:20:18,17.006,12.884,0.380,サーバー(直接取得)
cam43,2026-09-04T01:23:12.274Z,2026-09-04 10:20:19,17.159,12.717,0.430,サーバー(直接取得)
cam44,2026-09-04T01:23:12.369Z,2026-09-04 10:20:03,17.086,12.572,0.180,サーバー(直接取得)
cam45,2026-09-04T01:23:12.474Z,2026-09-04 10:20:03,16.958,13.038,0.330,サーバー(直接取得)
cam46,2026-09-04T01:23:12.510Z,2026-09-04 10:20:18,18.349,12.726,0.690,サーバー(直接取得)
cam47,2026-09-04T01:23:12.528Z,2026-09-04 10:20:07,18.317,12.937,0.518,サーバー(直接取得)
cam48,2026-09-04T01:23:12.547Z,2026-09-04 10:20:03,24.182,13.750,-16.740,サーバー(直接取得)
cam50,2026-09-04T01:23:12.633Z,2026-09-04 10:22:00,23.635,13.504,0.180,サーバー(直接取得)
cam51,2026-09-04T01:23:12.740Z,2026-09-04 10:18:21,23.619,13.601,0.090,サーバー(直接取得)
cam52,2026-09-04T01:23:12.784Z,2026-09-04 10:20:27,19.041,12.739,0.150,サーバー(直接取得)
cam53,2026-09-04T01:23:12.804Z,2026-09-04 10:20:31,16.950,13.218,0.030,サーバー(直接取得)
cam54,2026-09-04T01:23:12.811Z,2026-09-04 10:20:20,18.896,12.691,0.060,サーバー(直接取得)
cam55,2026-09-04T01:23:12.892Z,2026-09-04 10:20:22,18.961,12.726,0.590,サーバー(直接取得)
kw01,2026-09-04T01:23:13.005Z,2026/09/04 10:10,,,0.440,サーバー(国交省 川の防災情報)
kw02,2026-09-04T01:23:13.058Z,2026/09/04 10:10,,,0.100,サーバー(国交省 川の防災情報)
kw03,2026-09-04T01:23:13.075Z,2026/09/04 10:10,,,1.010,サーバー(国交省 川の防災情報)
kw04,2026-09-04T01:23:13.083Z,2026/09/04 10:10,,,0.640,サーバー(国交省 川の防災情報)
kw05,2026-09-04T01:23:13.155Z,2026/09/04 09:00,,,-0.910,サーバー(国交省 川の防災情報)
kw06,2026-09-04T01:23:13.351Z,2026/09/04 09:00,,,-2.630,サーバー(国交省 川の防災情報)
kw07,2026-09-04T01:23:13.370Z,2026/09/04 09:00,,,-4.220,サーバー(国交省 川の防災情報)
kw08,2026-09-04T01:23:13.424Z,2026/09/04 10:10,,,0.390,サーバー(国交省 川の防災情報)
kw09,2026-09-04T01:23:13.577Z,2026/09/04 10:00,,,-4.040,サーバー(国交省 川の防災情報)
kw10,2026-09-04T01:23:13.640Z,2026/09/04 10:10,,,0.170,サーバー(国交省 川の防災情報)
kw11,2026-09-04T01:23:13.647Z,2026/09/04 10:10,,,-0.540,サーバー(国交省 川の防災情報)
kw01,2026-09-04T06:03:20.329Z,2026/09/04 14:50,,,0.440,サーバー(国交省 川の防災情報)
kw02,2026-09-04T06:03:20.330Z,2026/09/04 14:50,,,0.090,サーバー(国交省 川の防災情報)
kw03,2026-09-04T06:03:20.331Z,2026/09/04 14:50,,,1.010,サーバー(国交省 川の防災情報)
kw04,2026-09-04T06:03:21.118Z,2026/09/04 14:50,,,0.630,サーバー(国交省 川の防災情報)
kw05,2026-09-04T06:03:21.119Z,2026/09/04 12:50,,,-1.280,サーバー(国交省 川の防災情報)
kw06,2026-09-04T06:03:21.335Z,2026/09/04 09:00,,,-2.630,サーバー(国交省 川の防災情報)
kw07,2026-09-04T06:03:21.351Z,2026/09/04 09:00,,,-4.220,サーバー(国交省 川の防災情報)
kw08,2026-09-04T06:03:21.419Z,2026/09/04 14:50,,,0.390,サーバー(国交省 川の防災情報)
kw09,2026-09-04T06:03:21.562Z,2026/09/04 10:00,,,-4.040,サーバー(国交省 川の防災情報)
kw10,2026-09-04T06:03:21.603Z,2026/09/04 14:50,,,0.170,サーバー(国交省 川の防災情報)
kw11,2026-09-04T06:03:21.614Z,2026/09/04 14:50,,,-0.570,サーバー(国交省 川の防災情報)
cam02,2026-09-04T11:06:27.668Z,2026-09-04 20:00:07,0.176,12.348,0.490,サーバー(直接取得)
cam03,2026-09-04T11:06:27.670Z,2026-09-04 20:00:13,0.522,12.137,-4.580,サーバー(直接取得)
cam04,2026-09-04T11:06:27.671Z,2026-09-04 20:00:07,0.289,12.475,1.050,サーバー(直接取得)
cam08,2026-09-04T11:06:27.672Z,2026-09-04 20:00:21,0.892,12.423,0.150,サーバー(直接取得)
cam09,2026-09-04T11:06:28.396Z,2026-09-04 20:00:17,1.793,11.948,0.320,サーバー(直接取得)
cam11,2026-09-04T11:06:28.409Z,2026-09-04 20:00:07,1.053,12.431,0.464,サーバー(直接取得)
cam12,2026-09-04T11:06:28.505Z,2026-09-04 20:00:07,0.257,12.440,-0.060,サーバー(直接取得)
cam13,2026-09-04T11:06:28.517Z,2026-09-04 20:00:06,0.321,12.638,0.073,サーバー(直接取得)
cam14,2026-09-04T11:06:28.610Z,2026-09-04 20:02:14,0.386,12.102,0.067,サーバー(直接取得)
cam36,2026-09-04T11:06:28.622Z,2026-09-04 20:00:06,0.305,12.528,0.036,サーバー(直接取得)
cam39,2026-09-04T11:06:28.636Z,2026-09-04 20:04:06,24.085,13.381,0.059,サーバー(直接取得)
cam40,2026-09-04T11:06:28.721Z,2026-09-04 20:00:07,0.329,12.563,0.261,サーバー(直接取得)
cam41,2026-09-04T11:06:28.730Z,2026-09-04 20:00:03,1.126,12.647,0.123,サーバー(直接取得)
cam42,2026-09-04T11:06:28.827Z,2026-09-04 20:00:13,0.394,12.291,0.370,サーバー(直接取得)
cam43,2026-09-04T11:06:28.840Z,2026-09-04 20:00:12,0.394,12.014,0.440,サーバー(直接取得)
cam44,2026-09-04T11:06:28.848Z,2026-09-04 20:00:03,0.973,12.212,0.180,サーバー(直接取得)
cam45,2026-09-04T11:06:28.932Z,2026-09-04 20:00:03,0.579,12.515,0.350,サーバー(直接取得)
cam46,2026-09-04T11:06:28.952Z,2026-09-04 20:00:12,0.498,12.163,1.040,サーバー(直接取得)
cam47,2026-09-04T11:06:29.045Z,2026-09-04 20:00:06,1.665,12.330,0.448,サーバー(直接取得)
cam48,2026-09-04T11:06:29.059Z,2026-09-04 20:00:03,24.182,13.741,-16.800,サーバー(直接取得)
cam50,2026-09-04T11:06:29.070Z,2026-09-04 20:05:00,23.595,13.504,0.250,サーバー(直接取得)
cam51,2026-09-04T11:06:29.164Z,2026-09-04 20:06:15,23.442,13.618,0.270,サーバー(直接取得)
cam52,2026-09-04T11:06:29.181Z,2026-09-04 20:00:14,0.394,12.071,0.170,サーバー(直接取得)
cam53,2026-09-04T11:06:29.258Z,2026-09-04 20:00:04,0.514,12.818,0.040,サーバー(直接取得)
cam54,2026-09-04T11:06:29.274Z,2026-09-04 20:00:20,0.418,12.203,0.070,サーバー(直接取得)
cam55,2026-09-04T11:06:29.283Z,2026-09-04 20:00:21,0.804,12.300,0.640,サーバー(直接取得)
cam02,2026-09-04T14:55:03.026Z,2026-09-04 23:50:07,0.168,12.282,0.510,サーバー(直接取得)
cam03,2026-09-04T14:55:03.028Z,2026-09-04 23:50:11,0.530,12.089,-4.580,サーバー(直接取得)
cam04,2026-09-04T14:55:03.029Z,2026-09-04 23:50:07,0.281,12.365,1.060,サーバー(直接取得)
cam08,2026-09-04T14:55:03.030Z,2026-09-04 23:50:22,0.659,12.234,0.180,サーバー(直接取得)
cam09,2026-09-04T14:55:03.628Z,2026-09-04 23:50:17,1.818,11.895,0.310,サーバー(直接取得)
cam11,2026-09-04T14:55:03.631Z,2026-09-04 23:50:07,1.053,12.339,0.536,サーバー(直接取得)
cam12,2026-09-04T14:55:03.749Z,2026-09-04 23:50:07,0.249,12.392,-0.058,サーバー(直接取得)
cam13,2026-09-04T14:55:03.785Z,2026-09-04 23:50:06,0.273,12.532,0.098,サーバー(直接取得)
cam14,2026-09-04T14:55:03.847Z,2026-09-04 23:50:14,0.289,12.045,0.097,サーバー(直接取得)
cam36,2026-09-04T14:55:03.864Z,2026-09-04 23:50:06,0.297,12.436,0.045,サーバー(直接取得)
cam39,2026-09-04T14:55:03.936Z,2026-09-04 23:54:06,24.085,13.407,0.079,サーバー(直接取得)
cam40,2026-09-04T14:55:04.055Z,2026-09-04 23:50:07,0.321,12.467,0.393,サーバー(直接取得)
cam41,2026-09-04T14:55:04.069Z,2026-09-04 23:50:03,1.126,12.541,0.131,サーバー(直接取得)
cam42,2026-09-04T14:55:04.096Z,2026-09-04 23:50:12,0.297,12.225,0.390,サーバー(直接取得)
cam43,2026-09-04T14:55:04.107Z,2026-09-04 23:50:14,0.321,11.983,0.440,サーバー(直接取得)
cam44,2026-09-04T14:55:04.155Z,2026-09-04 23:50:03,0.981,12.176,0.180,サーバー(直接取得)
cam45,2026-09-04T14:55:04.278Z,2026-09-04 23:50:03,0.563,12.462,0.370,サーバー(直接取得)
cam46,2026-09-04T14:55:04.293Z,2026-09-04 23:50:11,0.458,12.093,0.810,サーバー(直接取得)
cam47,2026-09-04T14:55:04.305Z,2026-09-04 23:50:07,1.761,12.269,0.473,サーバー(直接取得)
cam48,2026-09-04T14:55:04.324Z,2026-09-04 23:50:04,24.198,13.741,-16.850,サーバー(直接取得)
cam50,2026-09-04T14:55:04.375Z,2026-09-04 23:52:00,23.611,13.500,0.240,サーバー(直接取得)
cam51,2026-09-04T14:55:04.502Z,2026-09-04 23:52:17,23.450,13.618,0.240,サーバー(直接取得)
cam52,2026-09-04T14:55:04.510Z,2026-09-04 23:50:13,0.394,12.005,0.180,サーバー(直接取得)
cam53,2026-09-04T14:55:04.521Z,2026-09-04 23:50:04,0.474,12.752,0.040,サーバー(直接取得)
cam54,2026-09-04T14:55:04.537Z,2026-09-04 23:50:21,0.402,12.132,0.090,サーバー(直接取得)
cam55,2026-09-04T14:55:04.599Z,2026-09-04 23:50:21,0.740,12.242,0.730,サーバー(直接取得)
cam02,2026-09-04T17:52:46.309Z,2026-09-05 02:50:06,0.168,12.251,0.570,サーバー(直接取得)
cam03,2026-09-04T17:52:46.310Z,2026-09-05 02:50:12,0.547,12.049,-4.580,サーバー(直接取得)
cam04,2026-09-04T17:52:46.311Z,2026-09-05 02:50:07,0.281,12.330,1.050,サーバー(直接取得)
cam08,2026-09-04T17:52:46.312Z,2026-09-05 02:50:21,0.659,12.168,0.140,サーバー(直接取得)
cam09,2026-09-04T17:52:46.919Z,2026-09-05 02:50:20,1.793,11.847,0.320,サーバー(直接取得)
cam11,2026-09-04T17:52:46.922Z,2026-09-05 02:50:06,1.061,12.304,0.570,サーバー(直接取得)
cam12,2026-09-04T17:52:47.023Z,2026-09-05 02:50:07,0.249,12.374,0.000,サーバー(直接取得)
cam13,2026-09-04T17:52:47.036Z,2026-09-05 02:50:07,0.273,12.497,0.183,サーバー(直接取得)
cam14,2026-09-04T17:52:47.246Z,2026-09-05 02:50:13,0.289,12.018,0.147,サーバー(直接取得)
cam36,2026-09-04T17:52:47.257Z,2026-09-05 02:50:07,0.297,12.414,0.114,サーバー(直接取得)
cam39,2026-09-04T17:52:47.259Z,2026-09-05 02:52:06,24.093,13.407,0.078,サーバー(直接取得)
cam40,2026-09-04T17:52:47.270Z,2026-09-05 02:50:06,0.321,12.436,0.523,サーバー(直接取得)
cam41,2026-09-04T17:52:47.274Z,2026-09-05 02:50:03,1.126,12.506,0.159,サーバー(直接取得)
cam42,2026-09-04T17:52:47.469Z,2026-09-05 02:40:10,0.305,12.207,0.450,サーバー(直接取得)
cam43,2026-09-04T17:52:47.487Z,2026-09-05 02:50:14,0.329,11.943,0.440,サーバー(直接取得)
cam44,2026-09-04T17:52:47.493Z,2026-09-05 02:50:03,0.981,12.150,0.180,サーバー(直接取得)
cam45,2026-09-04T17:52:47.493Z,2026-09-05 02:50:03,0.555,12.418,0.390,サーバー(直接取得)
cam46,2026-09-04T17:52:47.501Z,2026-09-05 02:50:12,0.450,12.062,0.810,サーバー(直接取得)
cam47,2026-09-04T17:52:47.695Z,2026-09-05 02:50:06,1.729,12.234,0.487,サーバー(直接取得)
cam48,2026-09-04T17:52:47.698Z,2026-09-05 02:50:03,24.190,13.755,-16.720,サーバー(直接取得)
cam50,2026-09-04T17:52:47.710Z,2026-09-05 02:52:00,23.611,13.504,0.330,サーバー(直接取得)
cam51,2026-09-04T17:52:47.720Z,2026-09-05 02:52:15,23.466,13.618,0.340,サーバー(直接取得)
cam52,2026-09-04T17:52:47.732Z,2026-09-05 02:50:11,0.386,11.957,0.220,サーバー(直接取得)
cam53,2026-09-04T17:52:47.915Z,2026-09-05 02:50:04,0.498,12.726,0.040,サーバー(直接取得)
cam54,2026-09-04T17:52:47.934Z,2026-09-05 02:50:21,0.410,12.102,0.120,サーバー(直接取得)
cam55,2026-09-04T17:52:47.939Z,2026-09-05 02:50:20,0.748,12.212,0.730,サーバー(直接取得)
kw01,2026-09-04T17:52:47.945Z,2026/09/05 02:40,,,0.790,サーバー(国交省 川の防災情報)
kw02,2026-09-04T17:52:47.958Z,2026/09/05 02:40,,,0.630,サーバー(国交省 川の防災情報)
kw03,2026-09-04T17:52:48.135Z,2026/09/05 02:40,,,1.230,サーバー(国交省 川の防災情報)
kw04,2026-09-04T17:52:48.162Z,2026/09/05 02:40,,,0.970,サーバー(国交省 川の防災情報)
kw05,2026-09-04T17:52:48.167Z,2026/09/04 16:25,,,-1.270,サーバー(国交省 川の防災情報)
kw06,2026-09-04T17:52:48.432Z,2026/09/04 09:00,,,-2.630,サーバー(国交省 川の防災情報)
kw07,2026-09-04T17:52:48.451Z,2026/09/04 09:00,,,-4.220,サーバー(国交省 川の防災情報)
kw08,2026-09-04T17:52:48.617Z,2026/09/05 02:40,,,1.040,サーバー(国交省 川の防災情報)
kw09,2026-09-04T17:52:48.701Z,2026/09/04 10:00,,,-4.040,サーバー(国交省 川の防災情報)
kw10,2026-09-04T17:52:48.734Z,2026/09/05 02:40,,,0.620,サーバー(国交省 川の防災情報)
kw11,2026-09-04T17:52:48.805Z,2026/09/05 02:40,,,-0.160,サーバー(国交省 川の防災情報)
cam02,2026-09-04T19:55:29.299Z,2026-09-05 04:50:07,0.209,12.234,0.520,サーバー(直接取得)
cam03,2026-09-04T19:55:29.300Z,2026-09-05 04:50:12,0.547,12.031,-4.580,サーバー(直接取得)
cam04,2026-09-04T19:55:29.301Z,2026-09-05 04:50:06,0.329,12.313,1.070,サーバー(直接取得)
cam08,2026-09-04T19:55:29.302Z,2026-09-05 04:50:21,0.683,12.154,0.150,サーバー(直接取得)
cam09,2026-09-04T19:55:32.267Z,2026-09-05 04:50:22,1.818,11.807,0.320,サーバー(直接取得)
cam11,2026-09-04T19:55:32.270Z,2026-09-05 04:50:06,1.061,12.286,0.512,サーバー(直接取得)
cam12,2026-09-04T19:55:32.452Z,2026-09-05 04:50:06,0.281,12.361,-0.055,サーバー(直接取得)
cam13,2026-09-04T19:55:32.474Z,2026-09-05 04:50:06,0.297,12.484,0.081,サーバー(直接取得)
cam14,2026-09-04T19:55:32.513Z,2026-09-05 04:50:13,0.313,11.979,0.117,サーバー(直接取得)
cam36,2026-09-04T19:55:32.550Z,2026-09-05 04:50:06,0.313,12.392,0.040,サーバー(直接取得)
cam39,2026-09-04T19:55:32.701Z,2026-09-05 04:54:05,24.093,13.407,0.067,サーバー(直接取得)
cam40,2026-09-04T19:55:32.721Z,2026-09-05 04:50:06,0.337,12.423,0.352,サーバー(直接取得)
cam41,2026-09-04T19:55:32.759Z,2026-09-05 04:50:03,1.126,12.497,0.145,サーバー(直接取得)
cam42,2026-09-04T19:55:32.816Z,2026-09-05 04:50:13,0.321,12.190,0.400,サーバー(直接取得)
cam43,2026-09-04T19:55:32.823Z,2026-09-05 04:50:13,0.337,11.913,0.440,サーバー(直接取得)
cam44,2026-09-04T19:55:32.967Z,2026-09-05 04:50:03,0.981,12.150,0.180,サーバー(直接取得)
cam45,2026-09-04T19:55:32.974Z,2026-09-05 04:50:03,0.579,12.401,0.350,サーバー(直接取得)
cam46,2026-09-04T19:55:33.008Z,2026-09-05 04:50:11,0.482,12.023,1.390,サーバー(直接取得)
cam47,2026-09-04T19:55:33.056Z,2026-09-05 04:50:06,1.737,12.212,0.478,サーバー(直接取得)
cam48,2026-09-04T19:55:33.063Z,2026-09-05 04:50:03,24.198,13.750,-16.740,サーバー(直接取得)
cam50,2026-09-04T19:55:33.212Z,2026-09-05 04:55:00,23.611,13.504,0.320,サーバー(直接取得)
cam51,2026-09-04T19:55:33.249Z,2026-09-05 04:54:15,23.450,13.618,0.260,サーバー(直接取得)
cam52,2026-09-04T19:55:33.253Z,2026-09-05 04:50:12,0.410,11.939,0.220,サーバー(直接取得)
cam53,2026-09-04T19:55:33.295Z,2026-09-05 04:50:03,0.514,12.708,0.040,サーバー(直接取得)
cam54,2026-09-04T19:55:33.312Z,2026-09-05 04:50:21,0.434,12.075,0.090,サーバー(直接取得)
cam55,2026-09-04T19:55:33.462Z,2026-09-05 04:50:21,0.764,12.185,0.730,サーバー(直接取得)
cam02,2026-09-04T21:56:30.532Z,2026-09-05 06:50:07,17.094,12.348,0.510,サーバー(直接取得)
cam03,2026-09-04T21:56:30.534Z,2026-09-05 06:50:14,17.094,12.053,-4.230,サーバー(直接取得)
cam04,2026-09-04T21:56:30.536Z,2026-09-05 06:50:07,17.143,12.453,1.050,サーバー(直接取得)
cam08,2026-09-04T21:56:30.537Z,2026-09-05 06:50:21,17.046,12.326,0.150,サーバー(直接取得)
cam09,2026-09-04T21:56:31.141Z,2026-09-05 06:50:22,17.199,11.952,0.310,サーバー(直接取得)
cam11,2026-09-04T21:56:31.153Z,2026-09-05 06:50:06,17.288,12.471,0.528,サーバー(直接取得)
cam12,2026-09-04T21:56:31.243Z,2026-09-05 06:50:07,17.159,12.414,-0.065,サーバー(直接取得)
cam13,2026-09-04T21:56:31.268Z,2026-09-05 06:50:07,17.175,12.559,0.074,サーバー(直接取得)
cam14,2026-09-04T21:56:31.353Z,2026-09-05 06:50:20,17.062,12.106,0.117,サーバー(直接取得)
cam36,2026-09-04T21:56:31.374Z,2026-09-05 06:50:07,17.038,12.546,0.034,サーバー(直接取得)
cam39,2026-09-04T21:56:31.456Z,2026-09-05 06:56:05,24.093,13.385,0.068,サーバー(直接取得)
cam40,2026-09-04T21:56:31.479Z,2026-09-05 06:50:07,17.014,12.576,0.336,サーバー(直接取得)
cam41,2026-09-04T21:56:31.563Z,2026-09-05 06:50:03,17.054,12.598,0.121,サーバー(直接取得)
cam42,2026-09-04T21:56:31.592Z,2026-09-05 06:50:16,17.143,12.256,0.360,サーバー(直接取得)
cam43,2026-09-04T21:56:31.668Z,2026-09-05 06:50:17,17.223,12.049,0.440,サーバー(直接取得)
cam44,2026-09-04T21:56:31.698Z,2026-09-05 06:50:03,16.934,12.172,0.170,サーバー(直接取得)
cam45,2026-09-04T21:56:31.700Z,2026-09-05 06:50:03,17.014,12.445,0.350,サーバー(直接取得)
cam46,2026-09-04T21:56:31.775Z,2026-09-05 06:50:20,17.086,12.146,0.810,サーバー(直接取得)
cam47,2026-09-04T21:56:31.808Z,2026-09-05 06:50:06,17.038,12.357,0.469,サーバー(直接取得)
cam48,2026-09-04T21:56:31.881Z,2026-09-05 06:50:03,24.182,13.750,-16.750,サーバー(直接取得)
cam50,2026-09-04T21:56:31.915Z,2026-09-05 06:56:00,23.643,13.504,0.210,サーバー(直接取得)
cam51,2026-09-04T21:56:31.919Z,2026-09-05 06:50:25,23.619,13.605,0.150,サーバー(直接取得)
cam52,2026-09-04T21:56:31.988Z,2026-09-05 06:50:28,17.094,12.106,0.220,サーバー(直接取得)
cam53,2026-09-04T21:56:32.021Z,2026-09-05 06:50:04,16.982,12.568,0.070,サーバー(直接取得)
cam54,2026-09-04T21:56:32.101Z,2026-09-05 06:50:20,17.151,12.132,0.080,サーバー(直接取得)
cam55,2026-09-04T21:56:32.127Z,2026-09-05 06:50:22,17.312,12.212,0.730,サーバー(直接取得)
cam02,2026-09-04T23:35:00.772Z,2026-09-05 08:30:07,17.046,12.511,0.500,サーバー(直接取得)
cam03,2026-09-04T23:35:00.774Z,2026-09-05 08:30:18,17.078,12.137,-4.140,サーバー(直接取得)
cam04,2026-09-04T23:35:00.775Z,2026-09-05 08:30:08,17.111,12.744,1.050,サーバー(直接取得)
cam08,2026-09-04T23:35:00.776Z,2026-09-05 08:30:22,17.046,12.638,0.140,サーバー(直接取得)
cam09,2026-09-04T23:35:01.622Z,2026-09-05 08:30:21,17.770,12.071,0.310,サーバー(直接取得)
cam11,2026-09-04T23:35:01.630Z,2026-09-05 08:30:07,17.159,12.867,0.522,サーバー(直接取得)
cam12,2026-09-04T23:35:02.007Z,2026-09-05 08:30:07,17.111,12.524,-0.068,サーバー(直接取得)
cam13,2026-09-04T23:35:02.042Z,2026-09-05 08:30:07,17.030,12.889,0.056,サーバー(直接取得)
cam14,2026-09-04T23:35:02.108Z,2026-09-05 08:30:19,16.958,12.198,0.097,サーバー(直接取得)
cam36,2026-09-04T23:35:02.114Z,2026-09-05 08:30:07,17.014,12.787,0.026,サーバー(直接取得)
cam39,2026-09-04T23:35:02.244Z,2026-09-05 08:34:06,24.093,13.385,0.060,サーバー(直接取得)
cam40,2026-09-04T23:35:02.312Z,2026-09-05 08:30:07,17.022,12.915,0.243,サーバー(直接取得)
cam41,2026-09-04T23:35:02.389Z,2026-09-05 08:30:03,17.046,13.126,0.119,サーバー(直接取得)
cam42,2026-09-04T23:35:02.393Z,2026-09-05 08:30:17,17.006,12.576,0.350,サーバー(直接取得)
cam43,2026-09-04T23:35:02.518Z,2026-09-05 08:30:18,17.167,12.291,0.440,サーバー(直接取得)
cam44,2026-09-04T23:35:02.583Z,2026-09-05 08:30:03,17.046,12.291,0.160,サーバー(直接取得)
cam45,2026-09-04T23:35:02.674Z,2026-09-05 08:30:03,17.151,12.774,0.340,サーバー(直接取得)
cam46,2026-09-04T23:35:02.675Z,2026-09-05 08:20:18,18.124,12.242,0.810,サーバー(直接取得)
cam47,2026-09-04T23:35:02.788Z,2026-09-05 08:30:07,18.003,12.669,0.471,サーバー(直接取得)
cam48,2026-09-04T23:35:02.855Z,2026-09-05 08:30:03,24.174,13.746,-16.710,サーバー(直接取得)
cam50,2026-09-04T23:35:02.943Z,2026-09-05 08:34:00,23.627,13.500,0.190,サーバー(直接取得)
cam51,2026-09-04T23:35:02.960Z,2026-09-05 08:34:20,23.587,13.601,0.100,サーバー(直接取得)
cam52,2026-09-04T23:35:02.969Z,2026-09-05 08:30:26,18.744,12.528,0.200,サーバー(直接取得)
cam53,2026-09-04T23:35:03.061Z,2026-09-05 08:30:26,16.950,12.906,0.050,サーバー(直接取得)
cam54,2026-09-04T23:35:03.118Z,2026-09-05 08:30:20,17.907,12.317,0.070,サーバー(直接取得)
cam55,2026-09-04T23:35:03.217Z,2026-09-05 08:30:21,18.567,12.467,0.710,サーバー(直接取得)
cam02,2026-09-05T01:20:52.333Z,2026-09-05 10:20:07,18.583,12.814,0.490,サーバー(直接取得)
cam03,2026-09-05T01:20:52.335Z,2026-09-05 10:20:16,17.086,12.313,-4.100,サーバー(直接取得)
cam04,2026-09-05T01:20:52.336Z,2026-09-05 10:20:07,17.127,13.038,1.060,サーバー(直接取得)
cam08,2026-09-05T01:20:52.337Z,2026-09-05 10:10:22,17.038,12.871,0.160,サーバー(直接取得)
cam09,2026-09-05T01:20:53.337Z,2026-09-05 10:20:27,18.567,12.220,0.290,サーバー(直接取得)
cam11,2026-09-05T01:20:53.340Z,2026-09-05 10:20:07,17.151,13.038,0.494,サーバー(直接取得)
cam12,2026-09-05T01:20:53.530Z,2026-09-05 10:20:07,18.060,12.752,-0.072,サーバー(直接取得)
cam13,2026-09-05T01:20:53.541Z,2026-09-05 10:20:06,17.030,13.122,0.054,サーバー(直接取得)
cam14,2026-09-05T01:20:53.580Z,2026-09-05 10:20:18,16.958,12.462,0.087,サーバー(直接取得)
cam36,2026-09-05T01:20:53.587Z,2026-09-05 10:20:07,17.022,13.069,0.028,サーバー(直接取得)
cam39,2026-09-05T01:20:53.699Z,2026-09-05 10:20:06,24.085,13.381,0.059,サーバー(直接取得)
cam40,2026-09-05T01:20:53.784Z,2026-09-05 10:20:07,17.014,13.139,0.225,サーバー(直接取得)
cam41,2026-09-05T01:20:53.785Z,2026-09-05 10:20:03,17.046,13.240,0.114,サーバー(直接取得)
cam42,2026-09-05T01:20:53.825Z,2026-09-05 10:10:17,17.006,12.765,0.350,サーバー(直接取得)
cam43,2026-09-05T01:20:53.829Z,2026-09-05 10:10:19,17.167,12.537,0.430,サーバー(直接取得)
cam44,2026-09-05T01:20:53.943Z,2026-09-05 10:20:03,17.078,12.519,0.160,サーバー(直接取得)
cam45,2026-09-05T01:20:54.024Z,2026-09-05 10:20:03,17.207,12.959,0.340,サーバー(直接取得)
cam46,2026-09-05T01:20:54.033Z,2026-09-05 10:00:20,18.663,12.568,0.810,サーバー(直接取得)
cam47,2026-09-05T01:20:54.062Z,2026-09-05 10:20:07,18.534,12.845,0.483,サーバー(直接取得)
cam48,2026-09-05T01:20:54.080Z,2026-09-05 10:20:03,24.182,13.763,-16.800,サーバー(直接取得)
cam50,2026-09-05T01:20:54.188Z,2026-09-05 10:20:00,23.643,13.500,0.180,サーバー(直接取得)
cam51,2026-09-05T01:20:54.276Z,2026-09-05 10:20:41,23.603,13.605,0.080,サーバー(直接取得)
cam52,2026-09-05T01:20:54.283Z,2026-09-05 10:20:28,19.267,12.748,0.170,サーバー(直接取得)
cam53,2026-09-05T01:20:54.303Z,2026-09-05 10:20:25,16.958,13.144,0.050,サーバー(直接取得)
cam54,2026-09-05T01:20:54.325Z,2026-09-05 10:20:21,18.647,12.563,0.070,サーバー(直接取得)
cam55,2026-09-05T01:20:54.433Z,2026-09-05 10:20:22,18.969,12.669,0.690,サーバー(直接取得)
cam02,2026-09-05T05:51:24.432Z,2026-09-05 14:50:07,17.046,13.060,0.470,サーバー(直接取得)
cam03,2026-09-05T05:51:24.434Z,2026-09-05 14:50:14,17.086,12.590,-4.000,サーバー(直接取得)
cam04,2026-09-05T05:51:24.435Z,2026-09-05 14:50:06,17.111,13.258,1.020,サーバー(直接取得)
cam08,2026-09-05T05:51:24.436Z,2026-09-05 14:40:22,17.046,13.082,0.130,サーバー(直接取得)
cam09,2026-09-05T05:51:27.584Z,2026-09-05 14:50:19,18.752,12.370,0.300,サーバー(直接取得)
cam11,2026-09-05T05:51:27.588Z,2026-09-05 14:50:07,17.151,13.262,0.439,サーバー(直接取得)
cam12,2026-09-05T05:51:27.840Z,2026-09-05 14:50:07,18.205,12.941,-0.076,サーバー(直接取得)
cam13,2026-09-05T05:51:27.853Z,2026-09-05 14:50:07,17.038,13.381,0.042,サーバー(直接取得)
cam14,2026-09-05T05:51:28.096Z,2026-09-05 14:50:20,16.958,12.642,-2.563,サーバー(直接取得)
cam36,2026-09-05T05:51:28.113Z,2026-09-05 14:50:07,17.014,13.377,0.020,サーバー(直接取得)
cam39,2026-09-05T05:51:28.356Z,2026-09-05 14:50:06,24.085,13.385,0.052,サーバー(直接取得)
cam40,2026-09-05T05:51:28.371Z,2026-09-05 14:50:06,17.014,13.412,0.207,サーバー(直接取得)
cam41,2026-09-05T05:51:28.615Z,2026-09-05 14:50:03,19.001,13.561,0.107,サーバー(直接取得)
cam42,2026-09-05T05:51:28.637Z,2026-09-05 14:40:18,17.006,12.994,0.350,サーバー(直接取得)
cam43,2026-09-05T05:51:28.871Z,2026-09-05 14:40:19,17.159,12.708,0.430,サーバー(直接取得)
cam44,2026-09-05T05:51:28.899Z,2026-09-05 14:50:03,17.046,12.620,0.160,サーバー(直接取得)
cam45,2026-09-05T05:51:29.130Z,2026-09-05 14:50:03,17.288,13.100,0.330,サーバー(直接取得)
cam46,2026-09-05T05:51:29.154Z,2026-09-05 14:40:21,18.631,12.656,0.800,サーバー(直接取得)
cam47,2026-09-05T05:51:29.395Z,2026-09-05 14:50:07,18.711,13.007,0.513,サーバー(直接取得)
cam48,2026-09-05T05:51:29.412Z,2026-09-05 14:50:03,24.174,13.741,-16.740,サーバー(直接取得)
cam50,2026-09-05T05:51:29.657Z,2026-09-05 14:50:00,23.611,13.500,0.170,サーバー(直接取得)
cam51,2026-09-05T05:51:29.669Z,2026-09-05 14:50:21,23.619,13.601,0.080,サーバー(直接取得)
cam52,2026-09-05T05:51:29.892Z,2026-09-05 14:50:30,19.379,12.893,0.170,サーバー(直接取得)
cam53,2026-09-05T05:51:29.907Z,2026-09-05 14:40:25,16.966,13.262,0.040,サーバー(直接取得)
cam54,2026-09-05T05:51:29.922Z,2026-09-05 14:50:21,18.888,12.744,0.070,サーバー(直接取得)
cam55,2026-09-05T05:51:29.933Z,2026-09-05 14:50:22,18.993,12.814,0.600,サーバー(直接取得)
kw01,2026-09-05T05:51:30.069Z,2026/09/05 14:40,,,0.480,サーバー(国交省 川の防災情報)
kw05,2026-09-05T05:51:30.188Z,2026/09/05 14:05,,,-1.050,サーバー(国交省 川の防災情報)
kw06,2026-09-05T05:51:30.706Z,2026/09/05 09:00,,,-2.490,サーバー(国交省 川の防災情報)
kw07,2026-09-05T05:51:31.078Z,2026/09/05 09:00,,,-4.220,サーバー(国交省 川の防災情報)
kw09,2026-09-05T05:51:31.100Z,2026/09/05 10:00,,,-4.040,サーバー(国交省 川の防災情報)
cam02,2026-09-05T09:28:45.155Z,2026-09-05 18:20:07,2.011,12.559,0.490,サーバー(直接取得)
cam03,2026-09-05T09:28:45.157Z,2026-09-05 18:20:13,3.193,12.203,-3.930,サーバー(直接取得)
cam04,2026-09-05T09:28:45.158Z,2026-09-05 18:20:06,1.914,12.642,1.100,サーバー(直接取得)
cam08,2026-09-05T09:28:45.159Z,2026-09-05 18:20:21,11.310,12.502,0.120,サーバー(直接取得)
cam09,2026-09-05T09:28:45.877Z,2026-09-05 18:20:17,1.987,12.080,0.300,サーバー(直接取得)
cam11,2026-09-05T09:28:45.885Z,2026-09-05 18:20:06,2.019,12.664,0.419,サーバー(直接取得)
cam12,2026-09-05T09:28:46.097Z,2026-09-05 18:20:06,1.697,12.537,-0.071,サーバー(直接取得)
cam13,2026-09-05T09:28:46.110Z,2026-09-05 18:20:06,2.139,12.748,0.046,サーバー(直接取得)
cam14,2026-09-05T09:28:46.126Z,2026-09-05 18:20:14,2.035,12.269,0.057,サーバー(直接取得)
cam36,2026-09-05T09:28:46.134Z,2026-09-05 18:20:06,1.834,12.739,0.027,サーバー(直接取得)
cam39,2026-09-05T09:28:46.249Z,2026-09-05 18:28:05,24.093,13.381,0.056,サーバー(直接取得)
cam40,2026-09-05T09:28:46.317Z,2026-09-05 18:20:05,1.850,12.757,0.205,サーバー(直接取得)
cam41,2026-09-05T09:28:46.332Z,2026-09-05 18:20:03,1.705,12.713,0.112,サーバー(直接取得)
cam42,2026-09-05T09:28:46.343Z,2026-09-05 18:20:12,1.826,12.458,0.350,サーバー(直接取得)
cam43,2026-09-05T09:28:46.359Z,2026-09-05 18:20:15,1.721,12.238,0.420,サーバー(直接取得)
cam44,2026-09-05T09:28:46.469Z,2026-09-05 18:20:03,1.657,12.286,0.170,サーバー(直接取得)
cam45,2026-09-05T09:28:46.539Z,2026-09-05 18:20:03,1.858,12.660,0.340,サーバー(直接取得)
cam46,2026-09-05T09:28:46.562Z,2026-09-05 18:20:14,1.705,12.286,0.790,サーバー(直接取得)
cam47,2026-09-05T09:28:46.563Z,2026-09-05 18:20:06,2.212,12.546,0.470,サーバー(直接取得)
cam48,2026-09-05T09:28:46.584Z,2026-09-05 18:20:03,24.198,13.750,-16.800,サーバー(直接取得)
cam50,2026-09-05T09:28:46.685Z,2026-09-05 18:28:00,23.627,13.500,0.180,サーバー(直接取得)
cam51,2026-09-05T09:28:46.763Z,2026-09-05 18:28:15,23.619,13.601,0.080,サーバー(直接取得)
cam52,2026-09-05T09:28:46.786Z,2026-09-05 18:20:22,2.268,12.304,0.170,サーバー(直接取得)
cam53,2026-09-05T09:28:46.788Z,2026-09-05 18:20:04,2.196,12.906,0.040,サーバー(直接取得)
cam54,2026-09-05T09:28:46.810Z,2026-09-05 18:20:21,2.139,12.300,0.070,サーバー(直接取得)
cam55,2026-09-05T09:28:46.896Z,2026-09-05 18:20:21,2.260,12.387,0.630,サーバー(直接取得)
kw01,2026-09-05T09:28:46.973Z,2026/09/05 18:20,,,0.470,サーバー(国交省 川の防災情報)
kw02,2026-09-05T09:28:46.996Z,2026/09/05 18:20,,,0.130,サーバー(国交省 川の防災情報)
kw03,2026-09-05T09:28:46.998Z,2026/09/05 18:20,,,1.030,サーバー(国交省 川の防災情報)
kw04,2026-09-05T09:28:47.020Z,2026/09/05 18:20,,,0.670,サーバー(国交省 川の防災情報)
kw05,2026-09-05T09:28:47.106Z,2026/09/05 14:05,,,-1.050,サーバー(国交省 川の防災情報)
kw06,2026-09-05T09:28:47.452Z,2026/09/05 09:00,,,-2.490,サーバー(国交省 川の防災情報)
kw07,2026-09-05T09:28:47.469Z,2026/09/05 09:00,,,-4.220,サーバー(国交省 川の防災情報)
kw08,2026-09-05T09:28:47.509Z,2026/09/05 18:20,,,0.440,サーバー(国交省 川の防災情報)
kw09,2026-09-05T09:28:47.696Z,2026/09/05 10:00,,,-4.040,サーバー(国交省 川の防災情報)
kw10,2026-09-05T09:28:47.746Z,2026/09/05 18:20,,,0.200,サーバー(国交省 川の防災情報)
kw11,2026-09-05T09:28:47.755Z,2026/09/05 18:20,,,-0.390,サーバー(国交省 川の防災情報)
cam02,2026-09-05T12:55:07.502Z,2026-09-05 21:50:07,0.168,12.370,0.480,サーバー(直接取得)
cam03,2026-09-05T12:55:07.504Z,2026-09-05 21:50:11,0.522,12.089,-3.860,サーバー(直接取得)
cam04,2026-09-05T12:55:07.505Z,2026-09-05 21:50:06,0.281,12.497,1.050,サーバー(直接取得)
cam08,2026-09-05T12:55:07.506Z,2026-09-05 21:50:21,0.643,12.343,0.130,サーバー(直接取得)
cam09,2026-09-05T12:55:08.081Z,2026-09-05 21:50:17,1.946,11.869,0.300,サーバー(直接取得)
cam11,2026-09-05T12:55:08.088Z,2026-09-05 21:50:06,1.053,12.489,0.461,サーバー(直接取得)
cam12,2026-09-05T12:55:08.103Z,2026-09-05 21:50:06,0.241,12.409,-0.070,サーバー(直接取得)
cam13,2026-09-05T12:55:08.116Z,2026-09-05 21:50:07,0.265,12.678,0.044,サーバー(直接取得)
cam14,2026-09-05T12:55:08.190Z,2026-09-05 21:50:16,0.378,12.075,0.057,サーバー(直接取得)
cam36,2026-09-05T12:55:08.294Z,2026-09-05 21:50:07,0.289,12.559,0.032,サーバー(直接取得)
cam39,2026-09-05T12:55:08.306Z,2026-09-05 21:54:06,24.085,13.377,0.054,サーバー(直接取得)
cam40,2026-09-05T12:55:08.317Z,2026-09-05 21:50:06,0.321,12.590,0.207,サーバー(直接取得)
cam41,2026-09-05T12:55:08.318Z,2026-09-05 21:50:03,1.118,12.660,0.112,サーバー(直接取得)
cam42,2026-09-05T12:55:08.405Z,2026-09-05 21:50:16,0.289,12.370,0.350,サーバー(直接取得)
cam43,2026-09-05T12:55:08.504Z,2026-09-05 21:50:12,0.313,12.009,0.430,サーバー(直接取得)
cam44,2026-09-05T12:55:08.520Z,2026-09-05 21:50:03,0.973,12.163,0.170,サーバー(直接取得)
cam45,2026-09-05T12:55:08.527Z,2026-09-05 21:50:03,0.587,12.559,0.350,サーバー(直接取得)
cam46,2026-09-05T12:55:08.536Z,2026-09-05 21:50:12,0.442,12.053,0.750,サーバー(直接取得)
cam47,2026-09-05T12:55:08.614Z,2026-09-05 21:50:06,1.753,12.370,0.497,サーバー(直接取得)
cam48,2026-09-05T12:55:08.714Z,2026-09-05 21:50:03,24.174,13.741,-16.840,サーバー(直接取得)
cam50,2026-09-05T12:55:08.731Z,2026-09-05 21:53:00,23.611,13.504,0.180,サーバー(直接取得)
cam51,2026-09-05T12:55:08.742Z,2026-09-05 21:54:16,23.450,13.618,0.090,サーバー(直接取得)
cam52,2026-09-05T12:55:08.752Z,2026-09-05 21:50:15,0.394,12.146,0.180,サーバー(直接取得)
cam53,2026-09-05T12:55:08.826Z,2026-09-05 21:50:04,0.386,12.836,0.040,サーバー(直接取得)
cam54,2026-09-05T12:55:08.927Z,2026-09-05 21:50:20,0.402,12.225,0.070,サーバー(直接取得)
cam55,2026-09-05T12:55:08.942Z,2026-09-05 21:50:21,0.699,12.352,0.610,サーバー(直接取得)
cam02,2026-09-05T15:41:06.683Z,2026-09-06 00:40:07,0.168,12.286,0.470,サーバー(直接取得)
cam03,2026-09-05T15:41:06.685Z,2026-09-06 00:40:13,0.522,12.027,-3.800,サーバー(直接取得)
cam04,2026-09-05T15:41:06.686Z,2026-09-06 00:40:06,0.281,12.449,1.020,サーバー(直接取得)
cam08,2026-09-05T15:41:06.687Z,2026-09-06 00:40:21,0.418,12.401,0.130,サーバー(直接取得)
cam09,2026-09-05T15:41:07.743Z,2026-09-06 00:40:13,1.914,11.803,0.270,サーバー(直接取得)
cam11,2026-09-05T15:41:07.745Z,2026-09-06 00:40:07,1.053,12.423,0.458,サーバー(直接取得)
cam12,2026-09-05T15:41:07.922Z,2026-09-06 00:40:07,0.241,12.352,-0.079,サーバー(直接取得)
cam13,2026-09-05T15:41:07.935Z,2026-09-06 00:40:06,0.257,12.625,0.042,サーバー(直接取得)
cam14,2026-09-05T15:41:07.984Z,2026-09-06 00:40:17,0.281,11.983,0.057,サーバー(直接取得)
cam36,2026-09-05T15:41:07.990Z,2026-09-06 00:40:06,0.289,12.511,0.028,サーバー(直接取得)
cam39,2026-09-05T15:41:08.119Z,2026-09-06 00:40:06,24.085,13.407,0.051,サーバー(直接取得)
cam40,2026-09-05T15:41:08.160Z,2026-09-06 00:40:06,0.321,12.532,0.204,サーバー(直接取得)
cam41,2026-09-05T15:41:08.173Z,2026-09-06 00:40:03,1.118,12.616,0.111,サーバー(直接取得)
cam42,2026-09-05T15:41:08.222Z,2026-09-06 00:32:17,0.281,12.308,0.350,サーバー(直接取得)
cam43,2026-09-05T15:41:08.230Z,2026-09-06 00:30:12,0.305,11.921,0.420,サーバー(直接取得)
cam44,2026-09-05T15:41:08.358Z,2026-09-06 00:40:03,0.973,12.141,0.160,サーバー(直接取得)
cam45,2026-09-05T15:41:08.399Z,2026-09-06 00:40:04,0.611,12.502,0.340,サーバー(直接取得)
cam46,2026-09-05T15:41:08.410Z,2026-09-06 00:30:11,0.434,12.005,0.790,サーバー(直接取得)
cam47,2026-09-05T15:41:08.459Z,2026-09-06 00:40:07,1.713,12.300,0.494,サーバー(直接取得)
cam48,2026-09-05T15:41:08.475Z,2026-09-06 00:40:03,24.158,13.777,-16.830,サーバー(直接取得)
cam50,2026-09-05T15:41:08.596Z,2026-09-06 00:40:00,23.635,13.500,0.180,サーバー(直接取得)
cam51,2026-09-05T15:41:08.650Z,2026-09-06 00:40:13,23.442,13.618,0.080,サーバー(直接取得)
cam52,2026-09-05T15:41:08.651Z,2026-09-06 00:40:15,0.394,12.075,0.170,サーバー(直接取得)
cam53,2026-09-05T15:41:08.691Z,2026-09-06 00:40:04,0.386,12.818,0.040,サーバー(直接取得)
cam54,2026-09-05T15:41:08.717Z,2026-09-06 00:40:21,0.402,12.163,0.070,サーバー(直接取得)
cam55,2026-09-05T15:41:08.836Z,2026-09-06 00:40:21,0.675,12.300,0.610,サーバー(直接取得)
cam02,2026-09-05T17:37:49.558Z,2026-09-06 02:30:06,0.168,12.242,0.470,サーバー(直接取得)
cam03,2026-09-05T17:37:49.560Z,2026-09-06 02:30:10,0.538,12.005,-3.770,サーバー(直接取得)
cam04,2026-09-05T17:37:49.561Z,2026-09-06 02:30:07,0.281,12.409,1.050,サーバー(直接取得)
cam08,2026-09-05T17:37:49.562Z,2026-09-06 02:30:21,0.643,12.256,0.130,サーバー(直接取得)
cam09,2026-09-05T17:37:50.394Z,2026-09-06 02:30:18,1.826,11.772,0.270,サーバー(直接取得)
cam11,2026-09-05T17:37:50.401Z,2026-09-06 02:30:06,1.053,12.401,0.427,サーバー(直接取得)
cam12,2026-09-05T17:37:50.654Z,2026-09-06 02:30:07,0.241,12.326,-0.069,サーバー(直接取得)
cam13,2026-09-05T17:37:50.668Z,2026-09-06 02:30:06,0.257,12.590,0.044,サーバー(直接取得)
cam14,2026-09-05T17:37:50.917Z,2026-09-06 02:30:15,0.281,11.952,0.057,サーバー(直接取得)
cam36,2026-09-05T17:37:50.934Z,2026-09-06 02:30:07,0.289,12.471,0.028,サーバー(直接取得)
cam39,2026-09-05T17:37:51.199Z,2026-09-06 02:36:05,24.093,13.407,0.054,サーバー(直接取得)
cam40,2026-09-05T17:37:51.200Z,2026-09-06 02:30:07,0.321,12.497,0.201,サーバー(直接取得)
cam41,2026-09-05T17:37:51.201Z,2026-09-06 02:30:03,1.118,12.590,0.109,サーバー(直接取得)
cam42,2026-09-05T17:37:51.252Z,2026-09-06 02:30:15,0.289,12.273,0.350,サーバー(直接取得)
cam43,2026-09-05T17:37:51.459Z,2026-09-06 02:30:13,0.313,11.891,0.430,サーバー(直接取得)
cam44,2026-09-05T17:37:51.468Z,2026-09-06 02:30:03,0.973,12.132,0.160,サーバー(直接取得)
cam45,2026-09-05T17:37:51.480Z,2026-09-06 02:30:03,0.587,12.440,0.340,サーバー(直接取得)
cam46,2026-09-05T17:37:51.481Z,2026-09-06 02:30:11,0.434,11.970,0.570,サーバー(直接取得)
cam47,2026-09-05T17:37:51.519Z,2026-09-06 02:30:06,1.681,12.251,0.493,サーバー(直接取得)
cam48,2026-09-05T17:37:51.722Z,2026-09-06 02:30:03,24.174,13.755,-16.760,サーバー(直接取得)
cam50,2026-09-05T17:37:51.733Z,2026-09-06 02:37:00,23.627,13.500,0.170,サーバー(直接取得)
cam51,2026-09-05T17:37:51.735Z,2026-09-06 02:36:17,23.458,13.618,0.080,サーバー(直接取得)
cam52,2026-09-05T17:37:51.739Z,2026-09-06 02:30:15,0.394,12.045,0.170,サーバー(直接取得)
cam53,2026-09-05T17:37:51.783Z,2026-09-06 02:30:03,0.394,12.787,0.040,サーバー(直接取得)
cam54,2026-09-05T17:37:51.984Z,2026-09-06 02:30:20,0.402,12.119,0.070,サーバー(直接取得)
cam55,2026-09-05T17:37:52.002Z,2026-09-06 02:30:21,0.691,12.260,0.610,サーバー(直接取得)
kw01,2026-09-05T17:37:52.013Z,2026/09/06 02:30,,,0.450,サーバー(国交省 川の防災情報)
kw02,2026-09-05T17:37:52.019Z,2026/09/06 02:30,,,0.110,サーバー(国交省 川の防災情報)
kw03,2026-09-05T17:37:52.053Z,2026/09/06 02:30,,,1.020,サーバー(国交省 川の防災情報)
kw04,2026-09-05T17:37:52.264Z,2026/09/06 02:30,,,0.660,サーバー(国交省 川の防災情報)
kw05,2026-09-05T17:37:52.266Z,2026/09/05 20:05,,,-1.280,サーバー(国交省 川の防災情報)
kw06,2026-09-05T17:37:52.815Z,2026/09/05 09:00,,,-2.490,サーバー(国交省 川の防災情報)
kw07,2026-09-05T17:37:52.895Z,2026/09/05 09:00,,,-4.220,サーバー(国交省 川の防災情報)
kw08,2026-09-05T17:37:52.941Z,2026/09/06 02:30,,,0.420,サーバー(国交省 川の防災情報)
kw09,2026-09-05T17:37:52.981Z,2026/09/05 10:00,,,-4.040,サーバー(国交省 川の防災情報)
kw10,2026-09-05T17:37:53.008Z,2026/09/06 02:30,,,0.190,サーバー(国交省 川の防災情報)
kw11,2026-09-05T17:37:53.245Z,2026/09/06 02:30,,,-0.460,サーバー(国交省 川の防災情報)
cam02,2026-09-05T19:26:32.811Z,2026-09-06 04:20:07,0.176,12.207,0.470,サーバー(直接取得)
cam03,2026-09-05T19:26:32.813Z,2026-09-06 04:20:12,0.530,11.979,-3.730,サーバー(直接取得)
cam04,2026-09-05T19:26:32.814Z,2026-09-06 04:20:06,0.281,12.357,1.040,サーバー(直接取得)
cam08,2026-09-05T19:26:32.815Z,2026-09-06 04:20:21,0.651,12.225,0.120,サーバー(直接取得)
cam09,2026-09-05T19:26:33.599Z,2026-09-06 04:20:17,1.834,11.746,0.270,サーバー(直接取得)
cam11,2026-09-05T19:26:33.602Z,2026-09-06 04:20:07,1.053,12.365,0.394,サーバー(直接取得)
cam12,2026-09-05T19:26:33.754Z,2026-09-06 04:20:06,0.241,12.317,-0.070,サーバー(直接取得)
cam13,2026-09-05T19:26:33.769Z,2026-09-06 04:20:06,0.265,12.559,0.045,サーバー(直接取得)
cam14,2026-09-05T19:26:33.859Z,2026-09-06 04:20:17,0.281,11.930,0.057,サーバー(直接取得)
cam36,2026-09-05T19:26:33.877Z,2026-09-06 04:20:06,0.289,12.431,0.031,サーバー(直接取得)
cam39,2026-09-05T19:26:33.914Z,2026-09-06 04:26:06,24.093,13.407,0.056,サーバー(直接取得)
cam40,2026-09-05T19:26:34.003Z,2026-09-06 04:20:06,0.313,12.467,0.201,サーバー(直接取得)
cam41,2026-09-05T19:26:34.031Z,2026-09-06 04:20:03,1.118,12.559,0.107,サーバー(直接取得)
cam42,2026-09-05T19:26:34.136Z,2026-09-06 04:20:12,0.289,12.198,0.350,サーバー(直接取得)
cam43,2026-09-05T19:26:34.144Z,2026-09-06 04:20:12,0.313,11.842,0.420,サーバー(直接取得)
cam44,2026-09-05T19:26:34.160Z,2026-09-06 04:20:03,0.973,12.124,0.150,サーバー(直接取得)
cam45,2026-09-05T19:26:34.256Z,2026-09-06 04:20:03,0.595,12.423,0.340,サーバー(直接取得)
cam46,2026-09-05T19:26:34.285Z,2026-09-06 04:20:12,0.442,11.921,0.570,サーバー(直接取得)
cam47,2026-09-05T19:26:34.415Z,2026-09-06 04:20:07,1.745,12.220,0.483,サーバー(直接取得)
cam48,2026-09-05T19:26:34.416Z,2026-09-06 04:20:03,24.174,13.750,-16.680,サーバー(直接取得)
cam50,2026-09-05T19:26:34.424Z,2026-09-06 04:26:00,23.619,13.500,0.180,サーバー(直接取得)
cam51,2026-09-05T19:26:34.527Z,2026-09-06 04:26:15,23.442,13.618,0.080,サーバー(直接取得)
cam52,2026-09-05T19:26:34.553Z,2026-09-06 04:20:15,0.394,12.005,0.160,サーバー(直接取得)
cam53,2026-09-05T19:26:34.673Z,2026-09-06 04:20:04,0.386,12.761,0.040,サーバー(直接取得)
cam54,2026-09-05T19:26:34.699Z,2026-09-06 04:20:21,0.402,12.102,0.070,サーバー(直接取得)
cam55,2026-09-05T19:26:34.706Z,2026-09-06 04:20:21,0.707,12.220,0.600,サーバー(直接取得)
cam02,2026-09-05T21:26:12.636Z,2026-09-06 06:20:08,17.046,12.308,0.480,サーバー(直接取得)
cam03,2026-09-05T21:26:12.638Z,2026-09-06 06:20:15,15.397,11.974,-3.700,サーバー(直接取得)
cam04,2026-09-05T21:26:12.639Z,2026-09-06 06:20:07,17.135,12.471,1.070,サーバー(直接取得)
cam08,2026-09-05T21:26:12.640Z,2026-09-06 06:20:21,17.062,12.343,0.120,サーバー(直接取得)
cam09,2026-09-05T21:26:13.347Z,2026-09-06 06:20:19,17.151,11.860,0.300,サーバー(直接取得)
cam11,2026-09-05T21:26:13.349Z,2026-09-06 06:20:06,17.143,12.462,0.449,サーバー(直接取得)
cam12,2026-09-05T21:26:13.353Z,2026-09-06 06:20:07,17.102,12.361,-0.067,サーバー(直接取得)
cam13,2026-09-05T21:26:13.362Z,2026-09-06 06:20:07,17.102,12.581,0.048,サーバー(直接取得)
cam14,2026-09-05T21:26:13.454Z,2026-09-06 06:20:20,16.982,12.040,0.057,サーバー(直接取得)
cam36,2026-09-05T21:26:13.552Z,2026-09-06 06:20:07,17.022,12.541,0.027,サーバー(直接取得)
cam39,2026-09-05T21:26:13.576Z,2026-09-06 06:24:06,24.093,13.381,0.056,サーバー(直接取得)
cam40,2026-09-05T21:26:13.585Z,2026-09-06 06:20:07,17.014,12.563,0.207,サーバー(直接取得)
cam41,2026-09-05T21:26:13.610Z,2026-09-06 06:20:03,12.501,12.546,0.109,サーバー(直接取得)
cam42,2026-09-05T21:26:13.664Z,2026-09-06 06:20:14,16.990,12.238,0.350,サーバー(直接取得)
cam43,2026-09-05T21:26:13.763Z,2026-09-06 06:20:19,16.467,11.952,0.430,サーバー(直接取得)
cam44,2026-09-05T21:26:13.788Z,2026-09-06 06:20:03,11.994,12.115,0.150,サーバー(直接取得)
cam45,2026-09-05T21:26:13.789Z,2026-09-06 06:20:03,12.461,12.405,0.350,サーバー(直接取得)
cam46,2026-09-05T21:26:13.817Z,2026-09-06 06:20:15,16.958,12.045,0.570,サーバー(直接取得)
cam47,2026-09-05T21:26:13.868Z,2026-09-06 06:20:07,16.966,12.321,0.486,サーバー(直接取得)
cam48,2026-09-05T21:26:13.981Z,2026-09-06 06:20:03,24.174,13.755,-16.710,サーバー(直接取得)
cam50,2026-09-05T21:26:13.994Z,2026-09-06 06:25:00,23.651,13.504,0.180,サーバー(直接取得)
cam51,2026-09-05T21:26:13.996Z,2026-09-06 06:24:22,23.595,13.605,0.090,サーバー(直接取得)
cam52,2026-09-05T21:26:14.014Z,2026-09-06 06:20:24,16.958,12.115,0.170,サーバー(直接取得)
cam53,2026-09-05T21:26:14.077Z,2026-09-06 06:20:26,16.974,12.528,0.030,サーバー(直接取得)
cam54,2026-09-05T21:26:14.191Z,2026-09-06 06:20:21,17.070,12.124,0.070,サーバー(直接取得)
cam55,2026-09-05T21:26:14.215Z,2026-09-06 06:20:21,17.086,12.181,0.610,サーバー(直接取得)
cam02,2026-09-05T23:03:43.997Z,2026-09-06 08:00:07,17.030,12.339,0.480,サーバー(直接取得)
cam03,2026-09-05T23:03:43.999Z,2026-09-06 08:00:16,17.086,12.001,-3.670,サーバー(直接取得)
cam04,2026-09-05T23:03:44.000Z,2026-09-06 08:00:07,17.094,12.493,1.040,サーバー(直接取得)
cam08,2026-09-05T23:03:44.000Z,2026-09-06 08:00:21,17.078,12.348,0.130,サーバー(直接取得)
cam09,2026-09-05T23:03:45.270Z,2026-09-06 08:00:20,17.199,11.869,0.290,サーバー(直接取得)
cam11,2026-09-05T23:03:45.273Z,2026-09-06 08:00:07,17.271,12.480,0.429,サーバー(直接取得)
cam12,2026-09-05T23:03:45.520Z,2026-09-06 08:00:06,17.143,12.361,-0.070,サーバー(直接取得)
cam13,2026-09-05T23:03:45.541Z,2026-09-06 08:00:07,17.151,12.594,0.044,サーバー(直接取得)
cam14,2026-09-05T23:03:45.768Z,2026-09-06 08:00:20,17.030,12.040,0.057,サーバー(直接取得)
cam36,2026-09-05T23:03:45.781Z,2026-09-06 08:00:07,17.046,12.554,0.027,サーバー(直接取得)
cam39,2026-09-05T23:03:46.014Z,2026-09-06 08:02:06,24.085,13.385,0.054,サーバー(直接取得)
cam40,2026-09-05T23:03:46.030Z,2026-09-06 08:00:07,17.006,12.603,0.200,サーバー(直接取得)
cam41,2026-09-05T23:03:46.268Z,2026-09-06 08:00:03,17.054,12.598,0.108,サーバー(直接取得)
cam42,2026-09-05T23:03:46.281Z,2026-09-06 08:00:25,17.143,12.256,0.350,サーバー(直接取得)
cam43,2026-09-05T23:03:46.515Z,2026-09-06 08:00:17,17.191,11.983,0.420,サーバー(直接取得)
cam44,2026-09-05T23:03:46.533Z,2026-09-06 08:00:03,16.934,12.146,0.150,サーバー(直接取得)
cam45,2026-09-05T23:03:46.773Z,2026-09-06 08:00:03,16.990,12.423,0.340,サーバー(直接取得)
cam46,2026-09-05T23:03:46.780Z,2026-09-06 08:00:22,17.127,12.071,0.570,サーバー(直接取得)
cam47,2026-09-05T23:03:47.014Z,2026-09-06 08:00:06,16.958,12.361,0.487,サーバー(直接取得)
cam48,2026-09-05T23:03:47.028Z,2026-09-06 08:00:03,24.182,13.755,-16.800,サーバー(直接取得)
cam50,2026-09-05T23:03:47.035Z,2026-09-06 08:03:00,23.627,13.504,0.170,サーバー(直接取得)
cam51,2026-09-05T23:03:47.051Z,2026-09-06 08:00:20,23.603,13.610,0.090,サーバー(直接取得)
cam52,2026-09-05T23:03:47.060Z,2026-09-06 08:00:24,17.038,12.128,0.170,サーバー(直接取得)
cam53,2026-09-05T23:03:47.261Z,2026-09-06 08:00:27,16.974,12.532,0.030,サーバー(直接取得)
cam54,2026-09-05T23:03:47.276Z,2026-09-06 08:00:21,17.135,12.106,0.070,サーバー(直接取得)
cam55,2026-09-05T23:03:47.281Z,2026-09-06 08:00:21,17.247,12.207,0.610,サーバー(直接取得)
kw01,2026-09-05T23:03:47.296Z,2026/09/06 07:50,,,0.450,サーバー(国交省 川の防災情報)
kw02,2026-09-05T23:03:47.305Z,2026/09/06 07:50,,,0.120,サーバー(国交省 川の防災情報)
kw03,2026-09-05T23:03:47.506Z,2026/09/06 07:50,,,1.020,サーバー(国交省 川の防災情報)
kw04,2026-09-05T23:03:47.518Z,2026/09/06 07:50,,,0.660,サーバー(国交省 川の防災情報)
kw05,2026-09-05T23:03:47.526Z,2026/09/05 20:05,,,-1.280,サーバー(国交省 川の防災情報)
kw06,2026-09-05T23:03:47.828Z,2026/09/05 09:00,,,-2.490,サーバー(国交省 川の防災情報)
kw07,2026-09-05T23:03:47.842Z,2026/09/05 09:00,,,-4.220,サーバー(国交省 川の防災情報)
kw08,2026-09-05T23:03:47.843Z,2026/09/06 07:50,,,0.420,サーバー(国交省 川の防災情報)
kw09,2026-09-05T23:03:48.030Z,2026/09/05 10:00,,,-4.040,サーバー(国交省 川の防災情報)
kw10,2026-09-05T23:03:48.042Z,2026/09/06 07:50,,,0.180,サーバー(国交省 川の防災情報)
kw11,2026-09-05T23:03:48.064Z,2026/09/06 07:50,,,-0.490,サーバー(国交省 川の防災情報)
cam02,2026-09-06T00:49:14.339Z,2026-09-06 09:40:07,17.078,12.304,0.480,サーバー(直接取得)
cam03,2026-09-06T00:49:14.341Z,2026-09-06 09:40:14,17.086,11.987,-3.640,サーバー(直接取得)
cam04,2026-09-06T00:49:14.341Z,2026-09-06 09:40:07,17.151,12.458,1.040,サーバー(直接取得)
cam08,2026-09-06T00:49:14.342Z,2026-09-06 09:40:21,17.086,12.326,0.120,サーバー(直接取得)
cam09,2026-09-06T00:49:14.930Z,2026-09-06 09:40:20,17.175,11.847,0.270,サーバー(直接取得)
cam11,2026-09-06T00:49:14.937Z,2026-09-06 09:40:07,17.312,12.524,0.451,サーバー(直接取得)
cam12,2026-09-06T00:49:15.039Z,2026-09-06 09:40:07,17.119,12.343,-0.071,サーバー(直接取得)
cam13,2026-09-06T00:49:15.051Z,2026-09-06 09:40:07,17.135,12.563,0.044,サーバー(直接取得)
cam14,2026-09-06T00:49:15.154Z,2026-09-06 09:40:18,17.022,12.031,0.047,サーバー(直接取得)
cam36,2026-09-06T00:49:15.162Z,2026-09-06 09:40:08,17.038,12.524,0.031,サーバー(直接取得)
cam39,2026-09-06T00:49:15.175Z,2026-09-06 09:48:06,24.085,13.385,0.059,サーバー(直接取得)
cam40,2026-09-06T00:49:15.254Z,2026-09-06 09:40:07,16.998,12.581,0.206,サーバー(直接取得)
cam41,2026-09-06T00:49:15.274Z,2026-09-06 09:40:03,17.070,12.686,0.107,サーバー(直接取得)
cam42,2026-09-06T00:49:15.368Z,2026-09-06 09:40:17,17.199,12.273,0.360,サーバー(直接取得)
cam43,2026-09-06T00:49:15.383Z,2026-09-06 09:40:20,17.151,11.996,0.430,サーバー(直接取得)
cam44,2026-09-06T00:49:15.388Z,2026-09-06 09:40:04,16.942,12.141,0.150,サーバー(直接取得)
cam45,2026-09-06T00:49:15.465Z,2026-09-06 09:40:03,16.982,12.409,0.340,サーバー(直接取得)
cam46,2026-09-06T00:49:15.486Z,2026-09-06 09:40:19,17.183,12.058,0.580,サーバー(直接取得)
cam47,2026-09-06T00:49:15.580Z,2026-09-06 09:40:07,17.054,12.330,0.483,サーバー(直接取得)
cam48,2026-09-06T00:49:15.598Z,2026-09-06 09:40:03,24.166,13.759,-16.810,サーバー(直接取得)
cam50,2026-09-06T00:49:15.603Z,2026-09-06 09:48:00,23.635,13.504,0.180,サーバー(直接取得)
cam51,2026-09-06T00:49:15.681Z,2026-09-06 09:46:22,23.603,13.605,0.090,サーバー(直接取得)
cam52,2026-09-06T00:49:15.702Z,2026-09-06 09:40:28,17.127,12.146,0.170,サーバー(直接取得)
cam53,2026-09-06T00:49:15.799Z,2026-09-06 09:40:24,16.998,12.497,0.030,サーバー(直接取得)
cam54,2026-09-06T00:49:15.821Z,2026-09-06 09:40:21,17.111,12.097,0.070,サーバー(直接取得)
cam55,2026-09-06T00:49:15.834Z,2026-09-06 09:40:22,17.561,12.229,0.610,サーバー(直接取得)
kw01,2026-09-06T00:49:15.898Z,2026/09/06 09:40,,,0.460,サーバー(国交省 川の防災情報)
kw02,2026-09-06T00:49:15.914Z,2026/09/06 09:40,,,0.120,サーバー(国交省 川の防災情報)
kw03,2026-09-06T00:49:16.015Z,2026/09/06 09:40,,,1.020,サーバー(国交省 川の防災情報)
kw04,2026-09-06T00:49:16.035Z,2026/09/06 09:40,,,0.670,サーバー(国交省 川の防災情報)
kw05,2026-09-06T00:49:16.049Z,2026/09/06 09:00,,,-1.280,サーバー(国交省 川の防災情報)
kw06,2026-09-06T00:49:16.435Z,2026/09/06 09:00,,,-2.650,サーバー(国交省 川の防災情報)
kw07,2026-09-06T00:49:16.449Z,2026/09/06 09:00,,,-4.240,サーバー(国交省 川の防災情報)
kw08,2026-09-06T00:49:16.449Z,2026/09/06 09:40,,,0.420,サーバー(国交省 川の防災情報)
kw09,2026-09-06T00:49:16.458Z,2026/09/05 10:00,,,-4.040,サーバー(国交省 川の防災情報)
kw10,2026-09-06T00:49:16.499Z,2026/09/06 09:40,,,0.180,サーバー(国交省 川の防災情報)
kw11,2026-09-06T00:49:16.676Z,2026/09/06 09:40,,,-0.460,サーバー(国交省 川の防災情報)
cam02,2026-09-06T05:08:54.713Z,2026-09-06 14:00:07,17.086,12.291,0.480,サーバー(直接取得)
cam03,2026-09-06T05:08:54.714Z,2026-09-06 14:00:16,17.086,11.943,-4.470,サーバー(直接取得)
cam04,2026-09-06T05:08:54.716Z,2026-09-06 14:00:07,17.143,12.449,1.050,サーバー(直接取得)
cam08,2026-09-06T05:08:54.716Z,2026-09-06 14:00:21,17.086,12.313,0.140,サーバー(直接取得)
cam09,2026-09-06T05:08:57.514Z,2026-09-06 14:00:41,17.183,11.816,0.320,サーバー(直接取得)
cam11,2026-09-06T05:08:57.517Z,2026-09-06 14:00:06,17.271,12.502,0.467,サーバー(直接取得)
cam12,2026-09-06T05:08:57.657Z,2026-09-06 14:00:07,17.135,12.321,-0.064,サーバー(直接取得)
cam13,2026-09-06T05:08:57.672Z,2026-09-06 14:00:06,17.159,12.546,0.080,サーバー(直接取得)
cam14,2026-09-06T05:08:57.771Z,2026-09-06 14:00:20,17.030,11.987,0.057,サーバー(直接取得)
cam36,2026-09-06T05:08:57.781Z,2026-09-06 14:00:06,17.054,12.532,0.038,サーバー(直接取得)
cam39,2026-09-06T05:08:57.919Z,2026-09-06 14:08:06,24.085,13.390,0.071,サーバー(直接取得)
cam40,2026-09-06T05:08:57.932Z,2026-09-06 14:00:07,17.014,12.585,0.282,サーバー(直接取得)
cam41,2026-09-06T05:08:58.025Z,2026-09-06 14:00:03,17.054,12.739,0.117,サーバー(直接取得)
cam42,2026-09-06T05:08:58.036Z,2026-09-06 14:00:17,17.135,12.225,0.370,サーバー(直接取得)
cam43,2026-09-06T05:08:58.174Z,2026-09-06 14:00:19,17.223,11.948,0.440,サーバー(直接取得)
cam44,2026-09-06T05:08:58.176Z,2026-09-06 14:00:03,16.934,12.115,0.070,サーバー(直接取得)
cam45,2026-09-06T05:08:58.283Z,2026-09-06 14:00:03,17.014,12.401,0.350,サーバー(直接取得)
cam46,2026-09-06T05:08:58.294Z,2026-09-06 14:00:18,17.078,12.014,0.800,サーバー(直接取得)
cam47,2026-09-06T05:08:58.438Z,2026-09-06 14:00:07,17.038,12.321,0.417,サーバー(直接取得)
cam48,2026-09-06T05:08:58.452Z,2026-09-06 14:00:03,24.182,13.741,-16.830,サーバー(直接取得)
cam50,2026-09-06T05:08:58.543Z,2026-09-06 14:08:00,23.643,13.504,0.200,サーバー(直接取得)
cam51,2026-09-06T05:08:58.558Z,2026-09-06 14:08:18,23.595,13.610,0.140,サーバー(直接取得)
cam52,2026-09-06T05:08:58.576Z,2026-09-06 14:00:28,17.119,12.115,0.180,サーバー(直接取得)
cam53,2026-09-06T05:08:58.695Z,2026-09-06 14:00:25,16.998,12.497,0.050,サーバー(直接取得)
cam54,2026-09-06T05:08:58.715Z,2026-09-06 14:00:21,17.119,12.097,0.080,サーバー(直接取得)
cam55,2026-09-06T05:08:58.792Z,2026-09-06 14:00:21,17.328,12.207,0.640,サーバー(直接取得)
kw01,2026-09-06T05:08:58.819Z,2026/09/06 14:00,,,0.500,サーバー(国交省 川の防災情報)
kw02,2026-09-06T05:08:58.822Z,2026/09/06 14:00,,,0.200,サーバー(国交省 川の防災情報)
kw03,2026-09-06T05:08:58.942Z,2026/09/06 14:00,,,1.060,サーバー(国交省 川の防災情報)
kw04,2026-09-06T05:08:58.963Z,2026/09/06 14:00,,,0.730,サーバー(国交省 川の防災情報)
kw05,2026-09-06T05:08:59.051Z,2026/09/06 09:00,,,-1.280,サーバー(国交省 川の防災情報)
kw06,2026-09-06T05:08:59.377Z,2026/09/06 09:00,,,-2.650,サーバー(国交省 川の防災情報)
kw07,2026-09-06T05:08:59.599Z,2026/09/06 09:00,,,-4.240,サーバー(国交省 川の防災情報)
kw08,2026-09-06T05:08:59.759Z,2026/09/06 14:00,,,0.510,サーバー(国交省 川の防災情報)
kw09,2026-09-06T05:08:59.760Z,2026/09/06 10:00,,,-4.040,サーバー(国交省 川の防災情報)
kw10,2026-09-06T05:08:59.845Z,2026/09/06 14:00,,,0.270,サーバー(国交省 川の防災情報)
kw11,2026-09-06T05:08:59.981Z,2026/09/06 14:00,,,-0.390,サーバー(国交省 川の防災情報)
cam02,2026-09-06T09:22:39.710Z,2026-09-06 18:20:07,0.490,12.106,0.520,サーバー(直接取得)
cam03,2026-09-06T09:22:39.712Z,2026-09-06 18:20:11,0.635,11.864,-4.360,サーバー(直接取得)
cam04,2026-09-06T09:22:39.712Z,2026-09-06 18:20:06,0.860,12.269,1.060,サーバー(直接取得)
cam08,2026-09-06T09:22:39.713Z,2026-09-06 17:50:21,3.137,12.229,0.150,サーバー(直接取得)
cam09,2026-09-06T09:22:40.502Z,2026-09-06 18:20:15,1.858,11.614,0.320,サーバー(直接取得)
cam11,2026-09-06T09:22:40.505Z,2026-09-06 18:20:06,1.069,12.291,0.589,サーバー(直接取得)
cam12,2026-09-06T09:22:40.680Z,2026-09-06 18:20:06,0.611,12.216,-0.031,サーバー(直接取得)
cam13,2026-09-06T09:22:40.692Z,2026-09-06 18:20:06,0.796,12.436,0.128,サーバー(直接取得)
cam14,2026-09-06T09:22:40.759Z,2026-09-06 18:20:13,0.804,11.794,0.087,サーバー(直接取得)
cam36,2026-09-06T09:22:40.767Z,2026-09-06 18:20:06,0.796,12.343,0.048,サーバー(直接取得)
cam39,2026-09-06T09:22:40.882Z,2026-09-06 18:22:06,24.085,13.394,0.076,サーバー(直接取得)
cam40,2026-09-06T09:22:40.934Z,2026-09-06 18:20:07,0.860,12.392,0.595,サーバー(直接取得)
cam41,2026-09-06T09:22:40.949Z,2026-09-06 18:20:03,1.150,12.480,0.150,サーバー(直接取得)
cam42,2026-09-06T09:22:41.012Z,2026-09-06 18:10:12,1.705,12.124,0.420,サーバー(直接取得)
cam43,2026-09-06T09:22:41.025Z,2026-09-06 18:10:13,1.214,11.829,0.440,サーバー(直接取得)
cam44,2026-09-06T09:22:41.139Z,2026-09-06 18:20:03,0.989,12.045,0.180,サーバー(直接取得)
cam45,2026-09-06T09:22:41.189Z,2026-09-06 18:20:03,0.949,12.304,0.380,サーバー(直接取得)
cam46,2026-09-06T09:22:41.202Z,2026-09-06 18:10:17,1.560,11.895,0.780,サーバー(直接取得)
cam47,2026-09-06T09:22:41.266Z,2026-09-06 18:20:06,1.713,12.128,0.401,サーバー(直接取得)
cam48,2026-09-06T09:22:41.276Z,2026-09-06 18:20:03,24.198,13.768,-16.870,サーバー(直接取得)
cam50,2026-09-06T09:22:41.392Z,2026-09-06 18:22:00,23.627,13.504,0.320,サーバー(直接取得)
cam51,2026-09-06T09:22:41.451Z,2026-09-06 18:22:15,23.418,13.623,0.340,サーバー(直接取得)
cam52,2026-09-06T09:22:41.464Z,2026-09-06 18:20:15,1.029,11.979,0.240,サーバー(直接取得)
cam53,2026-09-06T09:22:41.527Z,2026-09-06 18:20:10,1.013,12.405,0.070,サーバー(直接取得)
cam54,2026-09-06T09:22:41.541Z,2026-09-06 18:20:21,1.021,11.987,0.080,サーバー(直接取得)
cam55,2026-09-06T09:22:41.647Z,2026-09-06 18:20:20,1.045,12.067,0.700,サーバー(直接取得)
kw01,2026-09-06T09:22:41.700Z,2026/09/06 18:10,,,0.800,サーバー(国交省 川の防災情報)
kw02,2026-09-06T09:22:41.714Z,2026/09/06 18:10,,,0.580,サーバー(国交省 川の防災情報)
kw03,2026-09-06T09:22:41.784Z,2026/09/06 18:10,,,1.330,サーバー(国交省 川の防災情報)
kw04,2026-09-06T09:22:41.796Z,2026/09/06 18:10,,,1.010,サーバー(国交省 川の防災情報)
kw05,2026-09-06T09:22:41.896Z,2026/09/06 09:00,,,-1.280,サーバー(国交省 川の防災情報)
kw06,2026-09-06T09:22:42.706Z,2026/09/06 09:00,,,-2.650,サーバー(国交省 川の防災情報)
kw07,2026-09-06T09:22:42.712Z,2026/09/06 09:00,,,-4.240,サーバー(国交省 川の防災情報)
kw08,2026-09-06T09:22:42.714Z,2026/09/06 18:10,,,0.960,サーバー(国交省 川の防災情報)
kw09,2026-09-06T09:22:42.747Z,2026/09/06 10:00,,,-4.040,サーバー(国交省 川の防災情報)
kw10,2026-09-06T09:22:42.763Z,2026/09/06 18:10,,,0.510,サーバー(国交省 川の防災情報)
kw11,2026-09-06T09:22:42.895Z,2026/09/06 18:10,,,0.080,サーバー(国交省 川の防災情報)
cam02,2026-09-06T12:56:30.388Z,2026-09-06 21:50:07,0.176,12.071,1.030,サーバー(直接取得)
cam03,2026-09-06T12:56:30.390Z,2026-09-06 21:50:12,0.530,11.825,-4.580,サーバー(直接取得)
cam04,2026-09-06T12:56:30.391Z,2026-09-06 21:50:06,0.297,12.234,1.060,サーバー(直接取得)
cam08,2026-09-06T12:56:30.392Z,2026-09-06 21:30:21,0.772,12.207,0.170,サーバー(直接取得)
cam09,2026-09-06T12:56:31.173Z,2026-09-06 21:50:19,1.834,11.561,0.320,サーバー(直接取得)
cam11,2026-09-06T12:56:31.181Z,2026-09-06 21:50:06,1.061,12.229,0.736,サーバー(直接取得)
cam12,2026-09-06T12:56:31.390Z,2026-09-06 21:50:06,0.257,12.203,-0.018,サーバー(直接取得)
cam13,2026-09-06T12:56:31.403Z,2026-09-06 21:50:06,0.273,12.418,0.185,サーバー(直接取得)
cam14,2026-09-06T12:56:31.448Z,2026-09-06 21:50:16,0.386,11.750,0.127,サーバー(直接取得)
cam36,2026-09-06T12:56:31.460Z,2026-09-06 21:50:06,0.313,12.313,0.120,サーバー(直接取得)
cam39,2026-09-06T12:56:31.608Z,2026-09-06 21:56:06,24.093,13.385,-4.989,サーバー(直接取得)
cam40,2026-09-06T12:56:31.664Z,2026-09-06 21:50:07,0.337,12.365,0.721,サーバー(直接取得)
cam41,2026-09-06T12:56:31.681Z,2026-09-06 21:50:03,1.126,12.462,0.189,サーバー(直接取得)
cam42,2026-09-06T12:56:31.714Z,2026-09-06 21:50:12,0.313,12.062,0.470,サーバー(直接取得)
cam43,2026-09-06T12:56:31.729Z,2026-09-06 21:50:12,0.305,11.763,0.450,サーバー(直接取得)
cam44,2026-09-06T12:56:31.873Z,2026-09-06 21:50:03,0.981,12.031,0.190,サーバー(直接取得)
cam45,2026-09-06T12:56:31.935Z,2026-09-06 21:30:03,0.587,12.278,0.390,サーバー(直接取得)
cam46,2026-09-06T12:56:31.961Z,2026-09-06 21:50:14,0.466,11.763,0.790,サーバー(直接取得)
cam47,2026-09-06T12:56:31.977Z,2026-09-06 21:50:06,1.705,12.093,0.423,サーバー(直接取得)
cam48,2026-09-06T12:56:31.993Z,2026-09-06 21:50:03,24.182,13.746,-16.930,サーバー(直接取得)
cam50,2026-09-06T12:56:32.161Z,2026-09-06 21:56:00,23.627,13.504,0.380,サーバー(直接取得)
cam51,2026-09-06T12:56:32.218Z,2026-09-06 21:56:13,23.426,13.623,0.450,サーバー(直接取得)
cam52,2026-09-06T12:56:32.235Z,2026-09-06 21:50:12,0.394,11.851,0.280,サーバー(直接取得)
cam53,2026-09-06T12:56:32.245Z,2026-09-06 21:50:09,0.402,12.370,0.110,サーバー(直接取得)
cam54,2026-09-06T12:56:32.269Z,2026-09-06 21:50:20,0.418,11.948,0.090,サーバー(直接取得)
cam55,2026-09-06T12:56:32.430Z,2026-09-06 21:50:21,0.740,12.093,0.700,サーバー(直接取得)
cam02,2026-09-06T17:51:51.326Z,2026-09-07 02:50:06,0.168,12.005,2.820,サーバー(直接取得)
cam03,2026-09-06T17:51:51.328Z,2026-09-07 02:50:13,0.538,11.785,-4.580,サーバー(直接取得)
cam04,2026-09-06T17:51:51.329Z,2026-09-07 02:50:07,0.281,12.190,2.400,サーバー(直接取得)
cam08,2026-09-06T17:51:51.329Z,2026-09-07 02:50:22,0.659,12.067,0.270,サーバー(直接取得)
cam09,2026-09-06T17:51:51.929Z,2026-09-07 02:50:16,1.810,11.486,0.320,サーバー(直接取得)
cam11,2026-09-06T17:51:51.941Z,2026-09-07 02:50:06,1.061,12.194,0.826,サーバー(直接取得)
cam12,2026-09-06T17:51:52.031Z,2026-09-07 02:50:06,0.241,12.159,-0.018,サーバー(直接取得)
cam13,2026-09-06T17:51:52.035Z,2026-09-07 02:50:06,0.257,12.379,0.155,サーバー(直接取得)
cam14,2026-09-06T17:51:52.161Z,2026-09-07 02:50:15,0.273,11.684,0.117,サーバー(直接取得)
cam36,2026-09-06T17:51:52.253Z,2026-09-07 02:50:07,0.289,12.273,0.056,サーバー(直接取得)
cam39,2026-09-06T17:51:52.262Z,2026-09-07 02:50:06,24.085,13.412,0.078,サーバー(直接取得)
cam40,2026-09-06T17:51:52.343Z,2026-09-07 02:50:06,0.321,12.330,0.638,サーバー(直接取得)
cam41,2026-09-06T17:51:52.370Z,2026-09-07 02:50:03,1.126,12.449,0.161,サーバー(直接取得)
cam42,2026-09-06T17:51:52.481Z,2026-09-07 02:40:10,0.289,12.036,0.480,サーバー(直接取得)
cam43,2026-09-06T17:51:52.483Z,2026-09-07 02:40:14,0.305,11.623,0.460,サーバー(直接取得)
cam44,2026-09-06T17:51:52.519Z,2026-09-07 02:50:03,0.981,12.005,0.190,サーバー(直接取得)
cam45,2026-09-06T17:51:52.561Z,2026-09-07 02:50:04,0.571,12.234,0.390,サーバー(直接取得)
cam46,2026-09-06T17:51:52.607Z,2026-09-07 02:40:13,0.442,11.693,1.230,サーバー(直接取得)
cam47,2026-09-06T17:51:52.696Z,2026-09-07 02:50:06,1.753,12.040,0.429,サーバー(直接取得)
cam48,2026-09-06T17:51:52.707Z,2026-09-07 02:50:03,24.190,13.755,-16.680,サーバー(直接取得)
cam50,2026-09-06T17:51:52.740Z,2026-09-07 02:51:00,23.595,13.504,0.340,サーバー(直接取得)
cam51,2026-09-06T17:51:52.774Z,2026-09-07 02:50:16,23.442,13.618,0.360,サーバー(直接取得)
cam52,2026-09-06T17:51:52.817Z,2026-09-07 02:50:11,0.378,11.772,0.560,サーバー(直接取得)
cam53,2026-09-06T17:51:52.915Z,2026-09-07 02:50:08,0.402,12.260,0.090,サーバー(直接取得)
cam54,2026-09-06T17:51:52.931Z,2026-09-07 02:50:20,0.402,11.904,0.080,サーバー(直接取得)
cam55,2026-09-06T17:51:52.953Z,2026-09-07 02:50:20,0.699,12.018,0.700,サーバー(直接取得)
kw01,2026-09-06T17:51:52.992Z,2026/09/07 02:40,,,1.080,サーバー(国交省 川の防災情報)
kw02,2026-09-06T17:51:53.037Z,2026/09/07 02:40,,,1.050,サーバー(国交省 川の防災情報)
kw03,2026-09-06T17:51:53.133Z,2026/09/07 02:40,,,1.350,サーバー(国交省 川の防災情報)
kw04,2026-09-06T17:51:53.148Z,2026/09/07 02:40,,,1.170,サーバー(国交省 川の防災情報)
kw05,2026-09-06T17:51:53.169Z,2026/09/06 09:00,,,-1.280,サーバー(国交省 川の防災情報)
kw06,2026-09-06T17:51:53.543Z,2026/09/06 09:00,,,-2.650,サーバー(国交省 川の防災情報)
kw07,2026-09-06T17:51:53.598Z,2026/09/06 09:00,,,-4.240,サーバー(国交省 川の防災情報)
kw08,2026-09-06T17:51:53.624Z,2026/09/07 02:40,,,1.980,サーバー(国交省 川の防災情報)
kw09,2026-09-06T17:51:53.798Z,2026/09/06 10:00,,,-4.040,サーバー(国交省 川の防災情報)
kw10,2026-09-06T17:51:53.879Z,2026/09/07 02:40,,,1.010,サーバー(国交省 川の防災情報)
kw11,2026-09-06T17:51:53.886Z,2026/09/07 02:40,,,2.450,サーバー(国交省 川の防災情報)
cam02,2026-09-06T19:37:24.725Z,2026-09-07 04:30:06,0.168,11.987,2.820,サーバー(直接取得)
cam03,2026-09-06T19:37:24.727Z,2026-09-07 04:30:12,0.530,11.759,-4.390,サーバー(直接取得)
cam04,2026-09-06T19:37:24.728Z,2026-09-07 04:30:06,0.273,12.185,2.400,サーバー(直接取得)
cam08,2026-09-06T19:37:24.729Z,2026-09-07 04:30:21,0.635,12.058,0.180,サーバー(直接取得)
cam09,2026-09-06T19:37:25.305Z,2026-09-07 04:30:17,1.793,11.455,0.310,サーバー(直接取得)
cam11,2026-09-06T19:37:25.308Z,2026-09-07 04:30:07,1.061,12.181,0.685,サーバー(直接取得)
cam12,2026-09-06T19:37:25.414Z,2026-09-07 04:30:07,0.233,12.146,-0.049,サーバー(直接取得)
cam13,2026-09-06T19:37:25.416Z,2026-09-07 04:30:06,0.257,12.365,0.102,サーバー(直接取得)
cam14,2026-09-06T19:37:25.524Z,2026-09-07 04:30:12,0.273,11.671,0.087,サーバー(直接取得)
cam36,2026-09-06T19:37:25.534Z,2026-09-07 04:30:06,0.289,12.264,0.037,サーバー(直接取得)
cam39,2026-09-06T19:37:25.535Z,2026-09-07 04:36:05,24.101,13.407,0.071,サーバー(直接取得)
cam40,2026-09-06T19:37:25.643Z,2026-09-07 04:30:07,0.321,12.313,0.478,サーバー(直接取得)
cam41,2026-09-06T19:37:25.648Z,2026-09-07 04:30:03,1.118,12.431,0.149,サーバー(直接取得)
cam42,2026-09-06T19:37:25.739Z,2026-09-07 04:30:12,0.273,12.018,0.420,サーバー(直接取得)
cam43,2026-09-06T19:37:25.754Z,2026-09-07 04:30:13,0.297,11.601,0.450,サーバー(直接取得)
cam44,2026-09-06T19:37:25.758Z,2026-09-07 04:30:03,0.981,12.001,0.180,サーバー(直接取得)
cam45,2026-09-06T19:37:25.856Z,2026-09-07 04:30:03,0.563,12.220,0.370,サーバー(直接取得)
cam46,2026-09-06T19:37:25.862Z,2026-09-07 04:30:12,0.426,11.649,0.800,サーバー(直接取得)
cam47,2026-09-06T19:37:25.954Z,2026-09-07 04:30:06,1.729,12.027,0.415,サーバー(直接取得)
cam48,2026-09-06T19:37:25.963Z,2026-09-07 04:30:04,24.198,13.746,-16.710,サーバー(直接取得)
cam50,2026-09-06T19:37:25.976Z,2026-09-07 04:33:00,23.611,13.504,0.260,サーバー(直接取得)
cam51,2026-09-06T19:37:26.073Z,2026-09-07 04:36:15,23.426,13.623,0.340,サーバー(直接取得)
cam52,2026-09-06T19:37:26.096Z,2026-09-07 04:30:12,0.378,11.754,0.510,サーバー(直接取得)
cam53,2026-09-06T19:37:26.174Z,2026-09-07 04:30:08,0.394,12.247,0.040,サーバー(直接取得)
cam54,2026-09-06T19:37:26.184Z,2026-09-07 04:30:20,0.402,11.886,0.070,サーバー(直接取得)
cam55,2026-09-06T19:37:26.187Z,2026-09-07 04:30:21,0.683,12.031,0.700,サーバー(直接取得)
kw02,2026-09-06T19:37:26.308Z,2026/09/07 04:30,,,0.830,サーバー(国交省 川の防災情報)
kw03,2026-09-06T19:37:26.385Z,2026/09/07 04:30,,,1.220,サーバー(国交省 川の防災情報)
kw04,2026-09-06T19:37:26.400Z,2026/09/07 04:30,,,1.100,サーバー(国交省 川の防災情報)
kw05,2026-09-06T19:37:26.406Z,2026/09/07 03:50,,,-1.250,サーバー(国交省 川の防災情報)
kw06,2026-09-06T19:37:26.882Z,2026/09/06 09:00,,,-2.650,サーバー(国交省 川の防災情報)
kw07,2026-09-06T19:37:26.898Z,2026/09/06 09:00,,,-4.240,サーバー(国交省 川の防災情報)
kw09,2026-09-06T19:37:26.905Z,2026/09/06 10:00,,,-4.040,サーバー(国交省 川の防災情報)
cam02,2026-09-06T21:40:35.483Z,2026-09-07 06:40:07,17.038,12.132,2.600,サーバー(直接取得)
cam03,2026-09-06T21:40:35.485Z,2026-09-07 06:40:15,17.119,11.776,-4.540,サーバー(直接取得)
cam04,2026-09-06T21:40:35.486Z,2026-09-07 06:40:07,17.102,12.370,2.180,サーバー(直接取得)
cam08,2026-09-06T21:40:35.487Z,2026-09-07 06:30:22,17.030,12.220,0.130,サーバー(直接取得)
cam09,2026-09-06T21:40:36.216Z,2026-09-07 06:30:23,17.199,11.587,0.320,サーバー(直接取得)
cam11,2026-09-06T21:40:36.221Z,2026-09-07 06:40:06,17.288,12.352,0.732,サーバー(直接取得)
cam12,2026-09-06T21:40:36.398Z,2026-09-07 06:40:07,17.111,12.212,-0.042,サーバー(直接取得)
cam13,2026-09-06T21:40:36.421Z,2026-09-07 06:40:06,17.215,12.462,0.114,サーバー(直接取得)
cam14,2026-09-06T21:40:36.468Z,2026-09-07 06:30:20,17.046,11.803,0.107,サーバー(直接取得)
cam36,2026-09-06T21:40:36.477Z,2026-09-07 06:40:07,17.014,12.431,0.042,サーバー(直接取得)
cam39,2026-09-06T21:40:36.562Z,2026-09-07 06:40:05,24.085,13.381,0.071,サーバー(直接取得)
cam40,2026-09-06T21:40:36.648Z,2026-09-07 06:40:07,17.014,12.462,0.620,サーバー(直接取得)
cam41,2026-09-06T21:40:36.672Z,2026-09-07 06:40:03,17.054,12.511,0.145,サーバー(直接取得)
cam42,2026-09-06T21:40:36.715Z,2026-09-07 06:30:13,17.127,12.053,0.450,サーバー(直接取得)
cam43,2026-09-06T21:40:36.724Z,2026-09-07 06:30:21,17.215,11.724,0.450,サーバー(直接取得)
cam44,2026-09-06T21:40:36.798Z,2026-09-07 06:40:03,16.926,12.036,0.180,サーバー(直接取得)
cam45,2026-09-06T21:40:36.889Z,2026-09-07 06:30:03,17.006,12.260,0.380,サーバー(直接取得)
cam46,2026-09-06T21:40:36.914Z,2026-09-07 06:30:17,17.030,11.763,0.680,サーバー(直接取得)
cam47,2026-09-06T21:40:36.959Z,2026-09-07 06:30:06,17.022,12.154,0.430,サーバー(直接取得)
cam48,2026-09-06T21:40:36.980Z,2026-09-07 06:40:03,24.190,13.750,-16.640,サーバー(直接取得)
cam50,2026-09-06T21:40:37.039Z,2026-09-07 06:40:00,23.651,13.504,0.330,サーバー(直接取得)
cam51,2026-09-06T21:40:37.154Z,2026-09-07 06:40:21,23.603,13.605,0.250,サーバー(直接取得)
cam52,2026-09-06T21:40:37.179Z,2026-09-07 06:30:22,17.086,11.921,0.500,サーバー(直接取得)
cam53,2026-09-06T21:40:37.202Z,2026-09-07 06:30:30,16.926,12.401,0.070,サーバー(直接取得)
cam54,2026-09-06T21:40:37.215Z,2026-09-07 06:30:20,17.207,11.948,0.070,サーバー(直接取得)
cam55,2026-09-06T21:40:37.276Z,2026-09-07 06:30:21,17.151,12.014,0.700,サーバー(直接取得)
cam02,2026-09-06T23:08:52.500Z,2026-09-07 08:00:07,17.030,12.132,2.370,サーバー(直接取得)
cam03,2026-09-06T23:08:52.502Z,2026-09-07 08:00:18,17.127,11.776,-4.580,サーバー(直接取得)
cam04,2026-09-06T23:08:52.503Z,2026-09-07 08:00:07,17.102,12.348,1.950,サーバー(直接取得)
cam08,2026-09-06T23:08:52.504Z,2026-09-07 08:00:21,17.038,12.234,0.200,サーバー(直接取得)
cam09,2026-09-06T23:08:53.088Z,2026-09-07 08:00:22,17.119,11.592,0.320,サーバー(直接取得)
cam11,2026-09-06T23:08:53.097Z,2026-09-07 08:00:07,17.288,12.343,0.649,サーバー(直接取得)
cam12,2026-09-06T23:08:53.310Z,2026-09-07 08:00:07,17.151,12.207,-0.048,サーバー(直接取得)
cam13,2026-09-06T23:08:53.323Z,2026-09-07 08:00:07,17.199,12.449,0.125,サーバー(直接取得)
cam14,2026-09-06T23:08:53.329Z,2026-09-07 08:00:20,17.062,11.798,0.097,サーバー(直接取得)
cam36,2026-09-06T23:08:53.332Z,2026-09-07 08:00:07,17.014,12.431,0.050,サーバー(直接取得)
cam39,2026-09-06T23:08:53.437Z,2026-09-07 08:08:06,24.085,13.385,0.070,サーバー(直接取得)
cam40,2026-09-06T23:08:53.530Z,2026-09-07 08:00:06,17.006,12.458,0.523,サーバー(直接取得)
cam41,2026-09-06T23:08:53.531Z,2026-09-07 08:00:03,17.054,12.528,0.140,サーバー(直接取得)
cam42,2026-09-06T23:08:53.544Z,2026-09-07 08:00:17,17.111,12.062,0.420,サーバー(直接取得)
cam43,2026-09-06T23:08:53.546Z,2026-09-07 08:00:16,17.199,11.715,0.450,サーバー(直接取得)
cam44,2026-09-06T23:08:53.650Z,2026-09-07 08:00:03,16.934,12.031,0.180,サーバー(直接取得)
cam45,2026-09-06T23:08:53.745Z,2026-09-07 08:00:03,17.030,12.260,0.380,サーバー(直接取得)
cam46,2026-09-06T23:08:53.759Z,2026-09-07 08:00:17,17.111,11.768,0.790,サーバー(直接取得)
cam47,2026-09-06T23:08:53.780Z,2026-09-07 08:00:07,17.006,12.163,0.421,サーバー(直接取得)
cam48,2026-09-06T23:08:53.788Z,2026-09-07 08:00:03,24.190,13.746,-16.720,サーバー(直接取得)
cam50,2026-09-06T23:08:53.867Z,2026-09-07 08:08:00,23.643,13.504,0.220,サーバー(直接取得)
cam51,2026-09-06T23:08:53.956Z,2026-09-07 08:04:20,23.611,13.605,0.290,サーバー(直接取得)
cam52,2026-09-06T23:08:53.974Z,2026-09-07 08:00:28,17.231,11.943,0.480,サーバー(直接取得)
cam53,2026-09-06T23:08:53.988Z,2026-09-07 08:00:27,16.942,12.414,0.070,サーバー(直接取得)
cam54,2026-09-06T23:08:53.999Z,2026-09-07 08:00:21,17.271,11.948,0.100,サーバー(直接取得)
cam55,2026-09-06T23:08:54.087Z,2026-09-07 08:00:21,17.336,12.027,0.700,サーバー(直接取得)
kw01,2026-09-06T23:08:54.173Z,2026/09/07 08:00,,,0.880,サーバー(国交省 川の防災情報)
kw02,2026-09-06T23:08:54.184Z,2026/09/07 08:00,,,0.800,サーバー(国交省 川の防災情報)
kw03,2026-09-06T23:08:54.213Z,2026/09/07 08:00,,,1.260,サーバー(国交省 川の防災情報)
kw04,2026-09-06T23:08:54.214Z,2026/09/07 08:00,,,1.060,サーバー(国交省 川の防災情報)
kw05,2026-09-06T23:08:54.297Z,2026/09/07 08:05,,,-1.240,サーバー(国交省 川の防災情報)
kw06,2026-09-06T23:08:54.695Z,2026/09/06 09:00,,,-2.650,サーバー(国交省 川の防災情報)
kw07,2026-09-06T23:08:54.696Z,2026/09/06 09:00,,,-4.240,サーバー(国交省 川の防災情報)
kw08,2026-09-06T23:08:54.731Z,2026/09/07 08:00,,,1.610,サーバー(国交省 川の防災情報)
kw09,2026-09-06T23:08:54.768Z,2026/09/06 10:00,,,-4.040,サーバー(国交省 川の防災情報)
kw10,2026-09-06T23:08:54.912Z,2026/09/07 08:00,,,0.650,サーバー(国交省 川の防災情報)
kw11,2026-09-06T23:08:54.924Z,2026/09/07 08:00,,,2.210,サーバー(国交省 川の防災情報)
cam02,2026-09-07T00:57:18.740Z,2026-09-07 09:50:07,17.070,12.102,2.000,サーバー(直接取得)
cam03,2026-09-07T00:57:18.742Z,2026-09-07 09:50:14,17.070,11.776,-4.580,サーバー(直接取得)
cam04,2026-09-07T00:57:18.743Z,2026-09-07 09:50:06,17.159,12.352,1.570,サーバー(直接取得)
cam08,2026-09-07T00:57:18.743Z,2026-09-07 09:50:21,17.070,12.278,0.180,サーバー(直接取得)
cam09,2026-09-07T00:57:19.469Z,2026-09-07 09:50:30,17.175,11.592,0.310,サーバー(直接取得)
cam11,2026-09-07T00:57:19.471Z,2026-09-07 09:50:06,17.263,12.449,0.656,サーバー(直接取得)
cam12,2026-09-07T00:57:19.613Z,2026-09-07 09:50:07,17.127,12.181,-0.068,サーバー(直接取得)
cam13,2026-09-07T00:57:19.619Z,2026-09-07 09:50:07,17.143,12.484,0.078,サーバー(直接取得)
cam14,2026-09-07T00:57:19.723Z,2026-09-07 09:50:19,17.014,11.790,0.067,サーバー(直接取得)
cam36,2026-09-07T00:57:19.724Z,2026-09-07 09:50:06,17.046,12.445,0.040,サーバー(直接取得)
cam39,2026-09-07T00:57:19.823Z,2026-09-07 09:56:06,24.085,13.385,0.069,サーバー(直接取得)
cam40,2026-09-07T00:57:19.845Z,2026-09-07 09:50:07,17.030,12.541,0.424,サーバー(直接取得)
cam41,2026-09-07T00:57:19.898Z,2026-09-07 09:50:03,17.054,12.673,0.125,サーバー(直接取得)
cam42,2026-09-07T00:57:19.963Z,2026-09-07 09:50:15,17.119,12.106,0.400,サーバー(直接取得)
cam43,2026-09-07T00:57:19.972Z,2026-09-07 09:50:20,17.207,11.732,0.450,サーバー(直接取得)
cam44,2026-09-07T00:57:20.069Z,2026-09-07 09:50:03,16.950,12.027,0.150,サーバー(直接取得)
cam45,2026-09-07T00:57:20.076Z,2026-09-07 09:50:03,16.982,12.295,0.350,サーバー(直接取得)
cam46,2026-09-07T00:57:20.138Z,2026-09-07 09:40:19,17.006,11.781,0.800,サーバー(直接取得)
cam47,2026-09-07T00:57:20.205Z,2026-09-07 09:50:07,17.014,12.225,0.422,サーバー(直接取得)
cam48,2026-09-07T00:57:20.217Z,2026-09-07 09:50:03,24.182,13.741,-16.770,サーバー(直接取得)
cam50,2026-09-07T00:57:20.311Z,2026-09-07 09:56:00,23.643,13.504,0.210,サーバー(直接取得)
cam51,2026-09-07T00:57:20.325Z,2026-09-07 09:56:19,23.587,13.605,0.180,サーバー(直接取得)
cam52,2026-09-07T00:57:20.381Z,2026-09-07 09:50:24,17.022,12.058,0.430,サーバー(直接取得)
cam53,2026-09-07T00:57:20.454Z,2026-09-07 09:50:30,16.990,12.405,0.050,サーバー(直接取得)
cam54,2026-09-07T00:57:20.467Z,2026-09-07 09:50:21,17.094,11.935,0.080,サーバー(直接取得)
cam55,2026-09-07T00:57:20.553Z,2026-09-07 09:50:21,17.191,12.080,0.700,サーバー(直接取得)
kw05,2026-09-07T00:57:20.810Z,2026/09/07 09:55,,,-1.260,サーバー(国交省 川の防災情報)
kw06,2026-09-07T00:57:21.062Z,2026/09/07 09:00,,,-2.220,サーバー(国交省 川の防災情報)
kw07,2026-09-07T00:57:21.103Z,2026/09/07 09:00,,,-4.100,サーバー(国交省 川の防災情報)
kw09,2026-09-07T00:57:21.122Z,2026/09/06 10:00,,,-4.040,サーバー(国交省 川の防災情報)
cam02,2026-09-07T05:36:52.715Z,2026-09-07 14:30:07,17.070,12.080,1.460,サーバー(直接取得)
cam03,2026-09-07T05:36:52.717Z,2026-09-07 14:30:16,15.976,11.710,-3.860,サーバー(直接取得)
cam04,2026-09-07T05:36:52.718Z,2026-09-07 14:30:07,17.143,12.308,1.060,サーバー(直接取得)
cam08,2026-09-07T05:36:52.718Z,2026-09-07 14:00:22,17.070,12.212,0.220,サーバー(直接取得)
cam09,2026-09-07T05:36:53.450Z,2026-09-07 14:30:23,17.167,11.526,0.320,サーバー(直接取得)
cam11,2026-09-07T05:36:53.452Z,2026-09-07 14:30:06,17.191,12.326,0.728,サーバー(直接取得)
cam12,2026-09-07T05:36:53.641Z,2026-09-07 14:30:07,17.111,12.168,-0.038,サーバー(直接取得)
cam13,2026-09-07T05:36:53.654Z,2026-09-07 14:30:06,17.119,12.414,0.149,サーバー(直接取得)
cam14,2026-09-07T05:36:53.697Z,2026-09-07 14:30:18,16.974,11.763,0.107,サーバー(直接取得)
cam36,2026-09-07T05:36:53.703Z,2026-09-07 14:30:07,17.038,12.392,0.054,サーバー(直接取得)
cam39,2026-09-07T05:36:53.792Z,2026-09-07 14:36:06,24.085,13.385,0.076,サーバー(直接取得)
cam40,2026-09-07T05:36:53.880Z,2026-09-07 14:30:07,17.006,12.440,0.540,サーバー(直接取得)
cam41,2026-09-07T05:36:53.896Z,2026-09-07 14:30:03,17.046,12.511,0.167,サーバー(直接取得)
cam42,2026-09-07T05:36:53.941Z,2026-09-07 14:30:20,17.086,12.040,0.460,サーバー(直接取得)
cam43,2026-09-07T05:36:53.956Z,2026-09-07 14:30:16,17.199,11.684,0.460,サーバー(直接取得)
cam44,2026-09-07T05:36:54.028Z,2026-09-07 14:30:03,15.534,11.996,0.180,サーバー(直接取得)
cam45,2026-09-07T05:36:54.119Z,2026-09-07 14:30:03,16.990,12.225,0.380,サーバー(直接取得)
cam46,2026-09-07T05:36:54.136Z,2026-09-07 14:30:21,16.966,11.706,0.730,サーバー(直接取得)
cam47,2026-09-07T05:36:54.180Z,2026-09-07 14:30:06,16.982,12.128,0.479,サーバー(直接取得)
cam48,2026-09-07T05:36:54.210Z,2026-09-07 14:30:03,24.190,13.755,-16.660,サーバー(直接取得)
cam50,2026-09-07T05:36:54.290Z,2026-09-07 14:36:00,23.611,13.504,0.340,サーバー(直接取得)
cam51,2026-09-07T05:36:54.363Z,2026-09-07 14:36:20,23.595,13.601,0.350,サーバー(直接取得)
cam52,2026-09-07T05:36:54.375Z,2026-09-07 14:30:23,16.942,11.926,0.450,サーバー(直接取得)
cam53,2026-09-07T05:36:54.423Z,2026-09-07 14:30:31,16.982,12.352,0.100,サーバー(直接取得)
cam54,2026-09-07T05:36:54.453Z,2026-09-07 14:30:21,17.078,11.899,0.110,サーバー(直接取得)
cam55,2026-09-07T05:36:54.529Z,2026-09-07 14:30:21,17.143,12.009,0.700,サーバー(直接取得)
cam02,2026-09-07T10:41:41.470Z,2026-09-07 19:40:07,0.176,11.891,1.320,サーバー(直接取得)
cam03,2026-09-07T10:41:41.472Z,2026-09-07 19:40:12,0.514,11.640,-4.220,サーバー(直接取得)
cam04,2026-09-07T10:41:41.473Z,2026-09-07 19:40:06,0.289,12.124,1.050,サーバー(直接取得)
cam08,2026-09-07T10:41:41.474Z,2026-09-07 19:30:21,0.892,12.119,0.140,サーバー(直接取得)
cam09,2026-09-07T10:41:42.418Z,2026-09-07 19:40:17,1.946,11.315,0.320,サーバー(直接取得)
cam11,2026-09-07T10:41:42.427Z,2026-09-07 19:40:07,1.053,12.132,0.623,サーバー(直接取得)
cam12,2026-09-07T10:41:42.623Z,2026-09-07 19:40:06,0.257,12.067,-0.053,サーバー(直接取得)
cam13,2026-09-07T10:41:42.642Z,2026-09-07 19:40:06,0.281,12.313,0.086,サーバー(直接取得)
cam14,2026-09-07T10:41:42.688Z,2026-09-07 19:40:16,0.386,11.557,0.077,サーバー(直接取得)
cam36,2026-09-07T10:41:42.703Z,2026-09-07 19:40:07,0.297,12.212,0.038,サーバー(直接取得)
cam39,2026-09-07T10:41:42.875Z,2026-09-07 19:40:06,24.093,13.407,0.071,サーバー(直接取得)
cam40,2026-09-07T10:41:42.893Z,2026-09-07 19:40:06,0.329,12.278,0.308,サーバー(直接取得)
cam41,2026-09-07T10:41:42.906Z,2026-09-07 19:40:03,1.126,12.423,0.130,サーバー(直接取得)
cam42,2026-09-07T10:41:42.954Z,2026-09-07 19:30:15,0.329,11.935,0.390,サーバー(直接取得)
cam43,2026-09-07T10:41:42.965Z,2026-09-07 19:30:13,0.337,11.464,0.460,サーバー(直接取得)
cam44,2026-09-07T10:41:43.142Z,2026-09-07 19:40:03,0.973,11.952,0.180,サーバー(直接取得)
cam45,2026-09-07T10:41:43.169Z,2026-09-07 19:40:03,0.587,12.146,0.360,サーバー(直接取得)
cam46,2026-09-07T10:41:43.174Z,2026-09-07 19:30:11,0.337,12.484,0.810,サーバー(直接取得)
cam47,2026-09-07T10:41:43.223Z,2026-09-07 19:40:06,1.761,11.957,0.465,サーバー(直接取得)
cam48,2026-09-07T10:41:43.230Z,2026-09-07 19:40:03,24.182,13.759,-16.730,サーバー(直接取得)
cam50,2026-09-07T10:41:43.413Z,2026-09-07 19:41:00,23.603,13.504,0.220,サーバー(直接取得)
cam51,2026-09-07T10:41:43.436Z,2026-09-07 19:40:17,23.442,13.618,0.210,サーバー(直接取得)
cam52,2026-09-07T10:41:43.448Z,2026-09-07 19:40:13,0.378,11.680,0.440,サーバー(直接取得)
cam53,2026-09-07T10:41:43.497Z,2026-09-07 19:40:12,0.418,12.238,0.060,サーバー(直接取得)
cam54,2026-09-07T10:41:43.511Z,2026-09-07 19:40:20,0.418,11.798,0.080,サーバー(直接取得)
cam55,2026-09-07T10:41:43.688Z,2026-09-07 19:40:21,0.764,11.952,0.700,サーバー(直接取得)
kw01,2026-09-07T10:41:43.703Z,2026/09/07 19:30,,,0.780,サーバー(国交省 川の防災情報)
kw02,2026-09-07T10:41:43.709Z,2026/09/07 19:30,,,0.650,サーバー(国交省 川の防災情報)
kw03,2026-09-07T10:41:43.768Z,2026/09/07 19:30,,,1.090,サーバー(国交省 川の防災情報)
kw04,2026-09-07T10:41:43.771Z,2026/09/07 19:30,,,0.980,サーバー(国交省 川の防災情報)
kw05,2026-09-07T10:41:43.962Z,2026/09/07 19:40,,,-0.630,サーバー(国交省 川の防災情報)
kw06,2026-09-07T10:41:44.269Z,2026/09/07 09:00,,,-2.220,サーバー(国交省 川の防災情報)
kw07,2026-09-07T10:41:44.280Z,2026/09/07 09:00,,,-4.100,サーバー(国交省 川の防災情報)
kw09,2026-09-07T10:41:44.479Z,2026/09/07 10:00,,,-4.040,サーバー(国交省 川の防災情報)
kw10,2026-09-07T10:41:44.492Z,2026/09/07 19:30,,,0.520,サーバー(国交省 川の防災情報)
cam02,2026-09-07T16:03:09.055Z,2026-09-08 01:00:06,0.168,11.829,0.690,サーバー(直接取得)
cam03,2026-09-07T16:03:09.056Z,2026-09-08 01:00:12,0.522,11.587,-4.340,サーバー(直接取得)
cam04,2026-09-07T16:03:09.057Z,2026-09-08 01:00:07,0.273,12.089,1.050,サーバー(直接取得)
cam08,2026-09-07T16:03:09.058Z,2026-09-08 01:00:20,0.651,11.974,0.120,サーバー(直接取得)
cam09,2026-09-07T16:03:09.756Z,2026-09-08 01:00:15,1.954,11.192,0.320,サーバー(直接取得)
cam11,2026-09-07T16:03:09.759Z,2026-09-08 01:00:06,1.053,12.084,0.635,サーバー(直接取得)
cam12,2026-09-07T16:03:09.854Z,2026-09-08 01:00:07,0.241,12.023,-0.045,サーバー(直接取得)
cam13,2026-09-07T16:03:09.867Z,2026-09-08 01:00:07,0.265,12.260,0.183,サーバー(直接取得)
cam14,2026-09-07T16:03:09.961Z,2026-09-08 01:00:11,0.281,11.491,0.077,サーバー(直接取得)
cam36,2026-09-07T16:03:09.971Z,2026-09-08 01:00:06,0.289,12.176,0.149,サーバー(直接取得)
cam39,2026-09-07T16:03:09.985Z,2026-09-08 01:02:06,24.085,13.403,-4.989,サーバー(直接取得)
cam40,2026-09-07T16:03:10.058Z,2026-09-08 01:00:06,0.321,12.229,0.363,サーバー(直接取得)
cam41,2026-09-07T16:03:10.071Z,2026-09-08 01:00:03,1.118,12.396,0.180,サーバー(直接取得)
cam42,2026-09-07T16:03:10.167Z,2026-09-08 01:00:13,0.297,11.864,0.470,サーバー(直接取得)
cam43,2026-09-07T16:03:10.179Z,2026-09-08 01:00:12,0.305,11.354,0.460,サーバー(直接取得)
cam44,2026-09-07T16:03:10.191Z,2026-09-08 01:00:03,0.973,11.926,0.190,サーバー(直接取得)
cam45,2026-09-07T16:03:10.265Z,2026-09-08 01:00:03,0.579,12.075,0.380,サーバー(直接取得)
cam46,2026-09-07T16:03:10.274Z,2026-09-08 01:00:10,0.442,12.326,1.410,サーバー(直接取得)
cam47,2026-09-07T16:03:10.375Z,2026-09-08 01:00:06,1.673,11.895,0.477,サーバー(直接取得)
cam48,2026-09-07T16:03:10.385Z,2026-09-08 01:00:03,24.182,13.741,-16.600,サーバー(直接取得)
cam50,2026-09-07T16:03:10.391Z,2026-09-08 01:02:00,23.611,13.504,0.410,サーバー(直接取得)
cam51,2026-09-07T16:03:10.469Z,2026-09-08 01:00:13,23.450,13.618,0.430,サーバー(直接取得)
cam52,2026-09-07T16:03:10.520Z,2026-09-08 01:00:15,0.370,11.592,0.420,サーバー(直接取得)
cam53,2026-09-07T16:03:10.580Z,2026-09-08 01:00:08,0.394,12.198,0.090,サーバー(直接取得)
cam54,2026-09-07T16:03:10.593Z,2026-09-08 01:00:21,0.402,11.728,0.090,サーバー(直接取得)
cam55,2026-09-07T16:03:10.671Z,2026-09-08 01:00:20,0.707,11.899,0.700,サーバー(直接取得)
kw01,2026-09-07T16:03:10.728Z,2026/09/08 00:50,,,0.720,サーバー(国交省 川の防災情報)
kw02,2026-09-07T16:03:10.786Z,2026/09/08 00:50,,,0.440,サーバー(国交省 川の防災情報)
kw03,2026-09-07T16:03:10.796Z,2026/09/08 00:50,,,1.080,サーバー(国交省 川の防災情報)
kw04,2026-09-07T16:03:10.877Z,2026/09/08 00:50,,,0.980,サーバー(国交省 川の防災情報)
kw05,2026-09-07T16:03:10.940Z,2026/09/08 00:20,,,-1.280,サーバー(国交省 川の防災情報)
kw06,2026-09-07T16:03:11.257Z,2026/09/07 09:00,,,-2.220,サーバー(国交省 川の防災情報)
kw07,2026-09-07T16:03:11.268Z,2026/09/07 09:00,,,-4.100,サーバー(国交省 川の防災情報)
kw08,2026-09-07T16:03:11.347Z,2026/09/08 00:50,,,0.770,サーバー(国交省 川の防災情報)
kw09,2026-09-07T16:03:11.523Z,2026/09/07 10:00,,,-4.040,サーバー(国交省 川の防災情報)
kw10,2026-09-07T16:03:11.530Z,2026/09/08 00:50,,,0.360,サーバー(国交省 川の防災情報)
kw11,2026-09-07T16:03:11.567Z,2026/09/08 00:50,,,0.900,サーバー(国交省 川の防災情報)
cam02,2026-09-07T19:50:49.108Z,2026-09-08 04:50:07,0.201,11.772,0.880,サーバー(直接取得)
cam03,2026-09-07T19:50:49.110Z,2026-09-08 04:50:11,0.538,11.543,-3.900,サーバー(直接取得)
cam04,2026-09-07T19:50:49.111Z,2026-09-08 04:50:07,0.305,12.040,1.040,サーバー(直接取得)
cam08,2026-09-07T19:50:49.112Z,2026-09-08 04:40:21,0.659,11.943,0.200,サーバー(直接取得)
cam09,2026-09-07T19:50:49.982Z,2026-09-08 04:50:19,1.802,11.077,0.320,サーバー(直接取得)
cam11,2026-09-07T19:50:49.984Z,2026-09-08 04:50:06,1.053,12.049,0.626,サーバー(直接取得)
cam12,2026-09-07T19:50:50.254Z,2026-09-08 04:50:07,0.273,11.992,-0.055,サーバー(直接取得)
cam13,2026-09-07T19:50:50.262Z,2026-09-08 04:50:07,0.297,12.234,0.095,サーバー(直接取得)
cam14,2026-09-07T19:50:50.399Z,2026-09-08 04:50:12,0.321,11.425,0.097,サーバー(直接取得)
cam36,2026-09-07T19:50:50.411Z,2026-09-08 04:50:07,0.313,12.141,0.042,サーバー(直接取得)
cam39,2026-09-07T19:50:50.518Z,2026-09-08 04:50:06,24.085,13.407,0.066,サーバー(直接取得)
cam40,2026-09-07T19:50:50.528Z,2026-09-08 04:50:06,0.362,12.198,0.349,サーバー(直接取得)
cam41,2026-09-07T19:50:50.588Z,2026-09-08 04:50:03,1.118,12.379,0.138,サーバー(直接取得)
cam42,2026-09-07T19:50:50.664Z,2026-09-08 04:40:13,0.313,11.829,0.420,サーバー(直接取得)
cam43,2026-09-07T19:50:50.673Z,2026-09-08 04:40:14,0.321,11.306,0.460,サーバー(直接取得)
cam44,2026-09-07T19:50:50.779Z,2026-09-08 04:50:03,0.981,11.908,0.180,サーバー(直接取得)
cam45,2026-09-07T19:50:50.786Z,2026-09-08 04:50:03,0.619,12.053,0.360,サーバー(直接取得)
cam46,2026-09-07T19:50:50.846Z,2026-09-08 04:40:14,0.458,12.278,0.790,サーバー(直接取得)
cam47,2026-09-07T19:50:50.942Z,2026-09-08 04:50:06,1.705,11.851,0.475,サーバー(直接取得)
cam48,2026-09-07T19:50:50.943Z,2026-09-08 04:50:03,24.174,13.741,-16.500,サーバー(直接取得)
cam50,2026-09-07T19:50:51.052Z,2026-09-08 04:50:00,23.627,13.504,0.290,サーバー(直接取得)
cam51,2026-09-07T19:50:51.077Z,2026-09-08 04:50:17,23.434,13.618,0.210,サーバー(直接取得)
cam52,2026-09-07T19:50:51.115Z,2026-09-08 04:50:12,0.434,11.482,0.440,サーバー(直接取得)
cam53,2026-09-07T19:50:51.221Z,2026-09-08 04:50:10,0.426,12.159,0.070,サーバー(直接取得)
cam54,2026-09-07T19:50:51.223Z,2026-09-08 04:50:21,0.434,11.671,0.080,サーバー(直接取得)
cam55,2026-09-07T19:50:51.309Z,2026-09-08 04:50:20,0.836,11.834,0.700,サーバー(直接取得)
cam02,2026-09-07T22:17:41.085Z,2026-09-08 07:10:07,17.054,12.040,0.900,サーバー(直接取得)
cam03,2026-09-07T22:17:41.087Z,2026-09-08 07:10:14,17.078,11.614,-4.580,サーバー(直接取得)
cam04,2026-09-07T22:17:41.088Z,2026-09-08 07:10:07,17.127,12.427,1.060,サーバー(直接取得)
cam08,2026-09-07T22:17:41.089Z,2026-09-08 07:10:22,17.046,12.326,0.160,サーバー(直接取得)
cam09,2026-09-07T22:17:41.855Z,2026-09-08 07:10:23,19.009,11.376,0.330,サーバー(直接取得)
cam11,2026-09-07T22:17:41.858Z,2026-09-08 07:10:06,17.255,12.247,0.718,サーバー(直接取得)
cam12,2026-09-07T22:17:41.985Z,2026-09-08 07:10:07,18.060,12.212,-0.064,サーバー(直接取得)
cam13,2026-09-07T22:17:41.996Z,2026-09-08 07:10:07,17.038,12.572,0.077,サーバー(直接取得)
cam14,2026-09-07T22:17:42.085Z,2026-09-08 07:10:27,16.958,11.662,0.077,サーバー(直接取得)
cam36,2026-09-07T22:17:42.104Z,2026-09-08 07:10:07,17.038,12.590,0.033,サーバー(直接取得)
cam39,2026-09-07T22:17:42.134Z,2026-09-08 07:16:06,24.085,13.381,0.066,サーバー(直接取得)
cam40,2026-09-07T22:17:42.213Z,2026-09-08 07:10:07,17.014,12.458,0.230,サーバー(直接取得)
cam41,2026-09-07T22:17:42.232Z,2026-09-08 07:10:03,17.038,12.471,0.134,サーバー(直接取得)
cam42,2026-09-07T22:17:42.337Z,2026-09-08 07:10:24,17.102,11.869,0.400,サーバー(直接取得)
cam43,2026-09-07T22:17:42.345Z,2026-09-08 07:10:18,17.191,11.429,0.460,サーバー(直接取得)
cam44,2026-09-07T22:17:42.355Z,2026-09-08 07:10:03,15.703,11.921,0.180,サーバー(直接取得)
cam45,2026-09-07T22:17:42.450Z,2026-09-08 07:10:03,17.102,12.181,0.350,サーバー(直接取得)
cam46,2026-09-07T22:17:42.475Z,2026-09-08 07:10:18,17.006,12.387,0.600,サーバー(直接取得)
cam47,2026-09-07T22:17:42.564Z,2026-09-08 07:10:06,16.958,12.045,0.463,サーバー(直接取得)
cam48,2026-09-07T22:17:42.576Z,2026-09-08 07:10:03,24.198,13.759,-16.650,サーバー(直接取得)
cam50,2026-09-07T22:17:42.582Z,2026-09-08 07:17:00,23.651,13.500,0.290,サーバー(直接取得)
cam51,2026-09-07T22:17:42.677Z,2026-09-08 07:16:20,23.595,13.605,0.160,サーバー(直接取得)
cam52,2026-09-07T22:17:42.697Z,2026-09-08 07:10:24,17.336,11.702,0.480,サーバー(直接取得)
cam53,2026-09-07T22:17:42.787Z,2026-09-08 07:10:29,16.966,12.475,0.050,サーバー(直接取得)
cam54,2026-09-07T22:17:42.802Z,2026-09-08 07:10:21,18.028,11.869,0.060,サーバー(直接取得)
cam55,2026-09-07T22:17:42.808Z,2026-09-08 07:10:21,17.424,11.904,0.700,サーバー(直接取得)
kw01,2026-09-07T22:17:42.909Z,2026/09/08 07:10,,,0.940,サーバー(国交省 川の防災情報)
kw02,2026-09-07T22:17:42.920Z,2026/09/08 07:10,,,0.690,サーバー(国交省 川の防災情報)
kw03,2026-09-07T22:17:43.011Z,2026/09/08 07:10,,,1.040,サーバー(国交省 川の防災情報)
kw04,2026-09-07T22:17:43.028Z,2026/09/08 07:10,,,1.060,サーバー(国交省 川の防災情報)
kw05,2026-09-07T22:17:43.033Z,2026/09/08 07:10,,,-1.240,サーバー(国交省 川の防災情報)
kw06,2026-09-07T22:17:43.422Z,2026/09/07 09:00,,,-2.220,サーバー(国交省 川の防災情報)
kw07,2026-09-07T22:17:43.463Z,2026/09/07 09:00,,,-4.100,サーバー(国交省 川の防災情報)
kw09,2026-09-07T22:17:43.550Z,2026/09/07 10:00,,,-4.040,サーバー(国交省 川の防災情報)
kw10,2026-09-07T22:17:43.624Z,2026/09/08 07:10,,,0.480,サーバー(国交省 川の防災情報)
cam02,2026-09-08T00:27:45.771Z,2026-09-08 09:20:07,20.200,12.576,0.710,サーバー(直接取得)
cam03,2026-09-08T00:27:45.773Z,2026-09-08 09:20:14,17.094,11.864,-4.580,サーバー(直接取得)
cam04,2026-09-08T00:27:45.774Z,2026-09-08 09:20:07,17.175,13.091,1.020,サーバー(直接取得)
cam08,2026-09-08T00:27:45.775Z,2026-09-08 09:20:21,20.875,12.968,0.170,サーバー(直接取得)
cam09,2026-09-08T00:27:46.359Z,2026-09-08 09:20:23,19.178,11.957,0.300,サーバー(直接取得)
cam11,2026-09-08T00:27:46.368Z,2026-09-08 09:20:07,19.090,13.108,0.534,サーバー(直接取得)
cam12,2026-09-08T00:27:46.463Z,2026-09-08 09:20:07,17.078,12.695,-0.101,サーバー(直接取得)
cam13,2026-09-08T00:27:46.476Z,2026-09-08 09:20:07,18.534,13.157,0.043,サーバー(直接取得)
cam14,2026-09-08T00:27:46.577Z,2026-09-08 09:20:24,18.510,12.352,0.057,サーバー(直接取得)
cam36,2026-09-08T00:27:46.591Z,2026-09-08 09:20:07,17.006,12.972,0.021,サーバー(直接取得)
cam39,2026-09-08T00:27:46.598Z,2026-09-08 09:26:07,24.109,13.372,0.030,サーバー(直接取得)
cam40,2026-09-08T00:27:46.678Z,2026-09-08 09:20:07,16.998,12.985,0.205,サーバー(直接取得)
cam41,2026-09-08T00:27:46.690Z,2026-09-08 09:20:03,17.038,13.029,0.133,サーバー(直接取得)
cam42,2026-09-08T00:27:46.889Z,2026-09-08 09:20:17,16.990,12.480,0.380,サーバー(直接取得)
cam43,2026-09-08T00:27:46.893Z,2026-09-08 09:20:23,18.213,12.168,0.450,サーバー(直接取得)
cam44,2026-09-08T00:27:46.903Z,2026-09-08 09:20:03,16.917,12.440,0.180,サーバー(直接取得)
cam45,2026-09-08T00:27:46.915Z,2026-09-08 09:20:03,16.958,12.744,0.360,サーバー(直接取得)
cam46,2026-09-08T00:27:46.923Z,2026-09-08 09:20:20,16.909,13.130,0.580,サーバー(直接取得)
cam47,2026-09-08T00:27:47.100Z,2026-09-08 09:20:07,18.526,12.761,0.501,サーバー(直接取得)
cam48,2026-09-08T00:27:47.116Z,2026-09-08 09:20:03,24.182,13.741,-16.660,サーバー(直接取得)
cam50,2026-09-08T00:27:47.126Z,2026-09-08 09:27:00,23.651,13.508,0.200,サーバー(直接取得)
cam51,2026-09-08T00:27:47.141Z,2026-09-08 09:26:21,23.595,13.601,0.120,サーバー(直接取得)
cam52,2026-09-08T00:27:47.148Z,2026-09-08 09:20:24,19.387,12.418,0.430,サーバー(直接取得)
cam53,2026-09-08T00:27:47.317Z,2026-09-08 09:20:29,20.698,13.196,0.020,サーバー(直接取得)
cam54,2026-09-08T00:27:47.333Z,2026-09-08 09:20:20,21.616,12.519,0.060,サーバー(直接取得)
cam55,2026-09-08T00:27:47.345Z,2026-09-08 09:20:22,20.787,12.581,0.700,サーバー(直接取得)
kw01,2026-09-08T00:27:47.359Z,2026/09/08 09:20,,,0.730,サーバー(国交省 川の防災情報)
kw02,2026-09-08T00:27:47.364Z,2026/09/08 09:20,,,0.540,サーバー(国交省 川の防災情報)
kw03,2026-09-08T00:27:47.528Z,2026/09/08 09:20,,,1.030,サーバー(国交省 川の防災情報)
kw04,2026-09-08T00:27:47.545Z,2026/09/08 09:20,,,0.950,サーバー(国交省 川の防災情報)
kw05,2026-09-08T00:27:47.553Z,2026/09/08 09:00,,,-1.270,サーバー(国交省 川の防災情報)
kw06,2026-09-08T00:27:47.773Z,2026/09/08 09:00,,,-2.360,サーバー(国交省 川の防災情報)
kw07,2026-09-08T00:27:47.795Z,2026/09/08 09:00,,,-4.160,サーバー(国交省 川の防災情報)
kw09,2026-09-08T00:27:47.805Z,2026/09/07 10:00,,,-4.040,サーバー(国交省 川の防災情報)
kw10,2026-09-08T00:27:47.811Z,2026/09/08 09:20,,,0.400,サーバー(国交省 川の防災情報)
cam02,2026-09-08T04:58:38.200Z,2026-09-08 13:50:07,17.030,12.642,0.440,サーバー(直接取得)
cam03,2026-09-08T04:58:38.201Z,2026-09-08 13:40:14,18.325,12.300,-4.580,サーバー(直接取得)
cam04,2026-09-08T04:58:38.202Z,2026-09-08 13:50:07,17.094,12.976,0.990,サーバー(直接取得)
cam08,2026-09-08T04:58:38.203Z,2026-09-08 13:50:21,18.800,12.946,0.130,サーバー(直接取得)
cam09,2026-09-08T04:58:39.034Z,2026-09-08 13:40:22,18.462,11.882,0.290,サーバー(直接取得)
cam11,2026-09-08T04:58:39.037Z,2026-09-08 13:50:07,18.309,13.324,0.501,サーバー(直接取得)
cam12,2026-09-08T04:58:39.188Z,2026-09-08 13:50:07,17.899,12.598,-0.089,サーバー(直接取得)
cam13,2026-09-08T04:58:39.195Z,2026-09-08 13:50:07,17.006,13.170,0.039,サーバー(直接取得)
cam14,2026-09-08T04:58:39.297Z,2026-09-08 13:50:21,16.926,12.370,0.037,サーバー(直接取得)
cam36,2026-09-08T04:58:39.311Z,2026-09-08 13:50:06,16.990,13.104,0.017,サーバー(直接取得)
cam39,2026-09-08T04:58:39.458Z,2026-09-08 13:58:06,24.093,13.377,0.041,サーバー(直接取得)
cam40,2026-09-08T04:58:39.467Z,2026-09-08 13:50:07,16.990,13.267,0.205,サーバー(直接取得)
cam41,2026-09-08T04:58:39.549Z,2026-09-08 13:50:03,19.677,13.464,0.118,サーバー(直接取得)
cam42,2026-09-08T04:58:39.561Z,2026-09-08 13:40:20,18.349,12.849,0.380,サーバー(直接取得)
cam43,2026-09-08T04:58:39.574Z,2026-09-08 13:50:19,17.143,12.396,0.440,サーバー(直接取得)
cam44,2026-09-08T04:58:39.726Z,2026-09-08 13:50:03,16.909,12.497,0.180,サーバー(直接取得)
cam45,2026-09-08T04:58:39.730Z,2026-09-08 13:30:03,16.966,12.950,0.330,サーバー(直接取得)
cam46,2026-09-08T04:58:39.815Z,2026-09-08 13:50:22,18.285,13.548,0.810,サーバー(直接取得)
cam47,2026-09-08T04:58:39.830Z,2026-09-08 13:50:07,18.728,12.664,0.497,サーバー(直接取得)
cam48,2026-09-08T04:58:39.846Z,2026-09-08 13:50:03,24.182,13.772,-16.590,サーバー(直接取得)
cam50,2026-09-08T04:58:39.984Z,2026-09-08 13:58:00,23.643,13.508,0.190,サーバー(直接取得)
cam51,2026-09-08T04:58:40.010Z,2026-09-08 13:58:21,23.627,13.601,0.090,サーバー(直接取得)
cam52,2026-09-08T04:58:40.076Z,2026-09-08 13:50:24,19.991,12.691,0.390,サーバー(直接取得)
cam53,2026-09-08T04:58:40.096Z,2026-09-08 13:50:16,16.917,13.240,0.020,サーバー(直接取得)
cam54,2026-09-08T04:58:40.114Z,2026-09-08 13:50:21,19.146,12.515,0.040,サーバー(直接取得)
cam55,2026-09-08T04:58:40.255Z,2026-09-08 13:50:21,20.674,12.831,0.700,サーバー(直接取得)
kw01,2026-09-08T04:58:40.275Z,2026/09/08 13:50,,,0.670,サーバー(国交省 川の防災情報)
kw02,2026-09-08T04:58:40.339Z,2026/09/08 13:50,,,0.440,サーバー(国交省 川の防災情報)
kw03,2026-09-08T04:58:40.360Z,2026/09/08 13:50,,,1.030,サーバー(国交省 川の防災情報)
kw04,2026-09-08T04:58:40.383Z,2026/09/08 13:50,,,0.920,サーバー(国交省 川の防災情報)
kw05,2026-09-08T04:58:40.522Z,2026/09/08 09:00,,,-1.270,サーバー(国交省 川の防災情報)
kw06,2026-09-08T04:58:40.703Z,2026/09/08 09:00,,,-2.360,サーバー(国交省 川の防災情報)
kw07,2026-09-08T04:58:40.707Z,2026/09/08 09:00,,,-4.160,サーバー(国交省 川の防災情報)
kw08,2026-09-08T04:58:40.744Z,2026/09/08 13:50,,,0.810,サーバー(国交省 川の防災情報)
kw09,2026-09-08T04:58:40.757Z,2026/09/08 10:00,,,-4.040,サーバー(国交省 川の防災情報)
kw10,2026-09-08T04:58:40.786Z,2026/09/08 13:50,,,0.300,サーバー(国交省 川の防災情報)
kw11,2026-09-08T04:58:40.887Z,2026/09/08 13:50,,,0.640,サーバー(国交省 川の防災情報)
cam02,2026-09-08T09:22:00.991Z,2026-09-08 18:20:07,0.724,12.229,0.470,サーバー(直接取得)
cam03,2026-09-08T09:22:00.993Z,2026-09-08 18:20:12,0.748,11.838,-4.570,サーバー(直接取得)
cam04,2026-09-08T09:22:00.994Z,2026-09-08 18:20:07,1.037,12.467,1.050,サーバー(直接取得)
cam08,2026-09-08T09:22:00.995Z,2026-09-08 18:20:21,1.045,12.458,0.140,サーバー(直接取得)
cam09,2026-09-08T09:22:01.890Z,2026-09-08 18:20:19,1.874,11.508,0.330,サーバー(直接取得)
cam11,2026-09-08T09:22:01.929Z,2026-09-08 18:20:06,1.118,12.568,0.485,サーバー(直接取得)
cam12,2026-09-08T09:22:02.136Z,2026-09-08 18:20:06,1.005,12.295,-0.058,サーバー(直接取得)
cam13,2026-09-08T09:22:02.173Z,2026-09-08 18:20:07,0.997,12.695,0.060,サーバー(直接取得)
cam14,2026-09-08T09:22:02.177Z,2026-09-08 18:20:15,0.997,11.864,0.057,サーバー(直接取得)
cam36,2026-09-08T09:22:02.205Z,2026-09-08 18:20:06,0.933,12.620,0.032,サーバー(直接取得)
cam39,2026-09-08T09:22:02.369Z,2026-09-08 18:20:06,24.085,13.381,0.066,サーバー(直接取得)
cam40,2026-09-08T09:22:02.408Z,2026-09-08 18:20:06,0.949,12.594,0.206,サーバー(直接取得)
cam41,2026-09-08T09:22:02.437Z,2026-09-08 18:20:03,1.150,12.726,0.127,サーバー(直接取得)
cam42,2026-09-08T09:22:02.472Z,2026-09-08 18:10:13,1.737,12.207,0.380,サーバー(直接取得)
cam43,2026-09-08T09:22:02.498Z,2026-09-08 18:10:12,1.681,11.794,0.460,サーバー(直接取得)
cam44,2026-09-08T09:22:02.719Z,2026-09-08 18:20:03,0.973,12.089,0.180,サーバー(直接取得)
cam45,2026-09-08T09:22:02.741Z,2026-09-08 18:00:04,2.075,12.515,0.350,サーバー(直接取得)
cam46,2026-09-08T09:22:02.754Z,2026-09-08 18:10:12,1.753,12.598,0.670,サーバー(直接取得)
cam47,2026-09-08T09:22:02.760Z,2026-09-08 18:20:06,1.689,12.216,0.444,サーバー(直接取得)
cam48,2026-09-08T09:22:02.780Z,2026-09-08 18:20:03,24.190,13.750,-16.550,サーバー(直接取得)
cam50,2026-09-08T09:22:03.063Z,2026-09-08 18:21:00,23.619,13.504,0.190,サーバー(直接取得)
cam51,2026-09-08T09:22:03.064Z,2026-09-08 18:20:16,23.619,13.601,0.110,サーバー(直接取得)
cam52,2026-09-08T09:22:03.079Z,2026-09-08 18:20:15,1.086,12.023,0.390,サーバー(直接取得)
cam53,2026-09-08T09:22:03.085Z,2026-09-08 18:20:27,1.045,12.541,0.040,サーバー(直接取得)
cam54,2026-09-08T09:22:03.095Z,2026-09-08 18:20:20,1.053,12.045,0.060,サーバー(直接取得)
cam55,2026-09-08T09:22:03.328Z,2026-09-08 18:20:21,1.094,12.132,0.740,サーバー(直接取得)
kw01,2026-09-08T09:22:03.341Z,2026/09/08 18:10,,,0.630,サーバー(国交省 川の防災情報)
kw02,2026-09-08T09:22:03.367Z,2026/09/08 18:10,,,0.380,サーバー(国交省 川の防災情報)
kw03,2026-09-08T09:22:03.369Z,2026/09/08 18:10,,,1.020,サーバー(国交省 川の防災情報)
kw04,2026-09-08T09:22:03.387Z,2026/09/08 18:10,,,0.870,サーバー(国交省 川の防災情報)
kw05,2026-09-08T09:22:03.607Z,2026/09/08 09:00,,,-1.270,サーバー(国交省 川の防災情報)
kw06,2026-09-08T09:22:03.846Z,2026/09/08 09:00,,,-2.360,サーバー(国交省 川の防災情報)
kw07,2026-09-08T09:22:03.859Z,2026/09/08 09:00,,,-4.160,サーバー(国交省 川の防災情報)
kw08,2026-09-08T09:22:03.876Z,2026/09/08 18:10,,,0.700,サーバー(国交省 川の防災情報)
kw09,2026-09-08T09:22:03.944Z,2026/09/08 10:00,,,-4.040,サーバー(国交省 川の防災情報)
kw10,2026-09-08T09:22:04.108Z,2026/09/08 18:10,,,0.270,サーバー(国交省 川の防災情報)
kw11,2026-09-08T09:22:04.156Z,2026/09/08 18:10,,,0.440,サーバー(国交省 川の防災情報)
cam02,2026-09-08T13:42:25.825Z,2026-09-08 22:40:07,0.168,12.062,0.480,サーバー(直接取得)
cam03,2026-09-08T13:42:25.827Z,2026-09-08 22:40:13,0.498,11.750,-4.580,サーバー(直接取得)
cam04,2026-09-08T13:42:25.828Z,2026-09-08 22:40:07,0.297,12.387,1.060,サーバー(直接取得)
cam08,2026-09-08T13:42:25.829Z,2026-09-08 22:40:21,0.627,12.308,0.100,サーバー(直接取得)
cam09,2026-09-08T13:42:26.436Z,2026-09-08 22:40:19,1.850,11.398,0.320,サーバー(直接取得)
cam11,2026-09-08T13:42:26.442Z,2026-09-08 22:40:06,1.045,12.392,0.534,サーバー(直接取得)
cam12,2026-09-08T13:42:26.630Z,2026-09-08 22:40:06,0.265,12.203,-0.057,サーバー(直接取得)
cam13,2026-09-08T13:42:26.637Z,2026-09-08 22:40:07,0.281,12.594,0.087,サーバー(直接取得)
cam14,2026-09-08T13:42:26.652Z,2026-09-08 22:40:12,0.378,11.754,0.057,サーバー(直接取得)
cam36,2026-09-08T13:42:26.661Z,2026-09-08 22:40:06,0.305,12.449,0.037,サーバー(直接取得)
cam39,2026-09-08T13:42:26.796Z,2026-09-08 22:40:06,24.085,13.381,0.074,サーバー(直接取得)
cam40,2026-09-08T13:42:26.855Z,2026-09-08 22:40:06,0.337,12.497,0.220,サーバー(直接取得)
cam41,2026-09-08T13:42:26.865Z,2026-09-08 22:40:03,1.110,12.664,0.130,サーバー(直接取得)
cam42,2026-09-08T13:42:26.873Z,2026-09-08 22:30:13,0.337,12.106,0.380,サーバー(直接取得)
cam43,2026-09-08T13:42:26.876Z,2026-09-08 22:30:12,0.353,11.587,0.450,サーバー(直接取得)
cam44,2026-09-08T13:42:27.020Z,2026-09-08 22:40:03,0.965,12.009,0.180,サーバー(直接取得)
cam45,2026-09-08T13:42:27.080Z,2026-09-08 22:40:03,0.571,12.423,0.360,サーバー(直接取得)
cam46,2026-09-08T13:42:27.086Z,2026-09-08 22:30:09,0.474,12.409,0.740,サーバー(直接取得)
cam47,2026-09-08T13:42:27.098Z,2026-09-08 22:40:06,1.681,12.137,0.432,サーバー(直接取得)
cam48,2026-09-08T13:42:27.106Z,2026-09-08 22:40:03,24.174,13.746,-16.650,サーバー(直接取得)
cam50,2026-09-08T13:42:27.241Z,2026-09-08 22:40:00,23.627,13.500,0.220,サーバー(直接取得)
cam51,2026-09-08T13:42:27.303Z,2026-09-08 22:40:15,23.450,13.618,0.170,サーバー(直接取得)
cam52,2026-09-08T13:42:27.309Z,2026-09-08 22:40:14,0.402,11.816,0.380,サーバー(直接取得)
cam53,2026-09-08T13:42:27.327Z,2026-09-08 22:40:18,1.021,12.445,0.040,サーバー(直接取得)
cam54,2026-09-08T13:42:27.339Z,2026-09-08 22:40:21,0.418,11.970,0.070,サーバー(直接取得)
cam55,2026-09-08T13:42:27.462Z,2026-09-08 22:40:21,0.764,12.128,0.730,サーバー(直接取得)
kw01,2026-09-08T13:42:27.520Z,2026/09/08 22:30,,,0.620,サーバー(国交省 川の防災情報)
kw02,2026-09-08T13:42:27.539Z,2026/09/08 22:30,,,0.360,サーバー(国交省 川の防災情報)
kw03,2026-09-08T13:42:27.541Z,2026/09/08 22:30,,,1.030,サーバー(国交省 川の防災情報)
kw04,2026-09-08T13:42:27.679Z,2026/09/08 22:30,,,0.870,サーバー(国交省 川の防災情報)
kw05,2026-09-08T13:42:28.085Z,2026/09/08 22:30,,,-1.280,サーバー(国交省 川の防災情報)
kw06,2026-09-08T13:42:28.094Z,2026/09/08 09:00,,,-2.360,サーバー(国交省 川の防災情報)
kw07,2026-09-08T13:42:28.110Z,2026/09/08 09:00,,,-4.160,サーバー(国交省 川の防災情報)
kw08,2026-09-08T13:42:28.125Z,2026/09/08 22:30,,,0.680,サーバー(国交省 川の防災情報)
kw09,2026-09-08T13:42:28.317Z,2026/09/08 10:00,,,-4.040,サーバー(国交省 川の防災情報)
kw10,2026-09-08T13:42:28.326Z,2026/09/08 22:30,,,0.260,サーバー(国交省 川の防災情報)
kw11,2026-09-08T13:42:28.370Z,2026/09/08 22:30,,,0.410,サーバー(国交省 川の防災情報)
cam02,2026-09-08T17:30:21.646Z,2026-09-09 02:30:07,0.168,11.961,0.480,サーバー(直接取得)
cam03,2026-09-08T17:30:21.648Z,2026-09-09 02:30:11,0.490,11.688,-4.580,サーバー(直接取得)
cam04,2026-09-08T17:30:21.649Z,2026-09-09 02:30:07,0.281,12.321,1.080,サーバー(直接取得)
cam08,2026-09-08T17:30:21.650Z,2026-09-09 02:20:20,0.458,12.335,0.110,サーバー(直接取得)
cam09,2026-09-08T17:30:22.278Z,2026-09-09 02:20:20,1.785,11.258,0.330,サーバー(直接取得)
cam11,2026-09-08T17:30:22.280Z,2026-09-09 02:20:06,1.037,12.330,0.538,サーバー(直接取得)
cam12,2026-09-08T17:30:22.505Z,2026-09-09 02:20:07,0.249,12.132,-0.056,サーバー(直接取得)
cam13,2026-09-08T17:30:22.517Z,2026-09-09 02:20:07,0.265,12.537,0.060,サーバー(直接取得)
cam14,2026-09-08T17:30:22.538Z,2026-09-09 02:20:13,0.297,11.675,0.047,サーバー(直接取得)
cam36,2026-09-08T17:30:22.554Z,2026-09-09 02:20:06,0.297,12.379,0.034,サーバー(直接取得)
cam39,2026-09-08T17:30:22.632Z,2026-09-09 02:28:06,24.085,13.403,0.066,サーバー(直接取得)
cam40,2026-09-08T17:30:22.725Z,2026-09-09 02:20:06,0.321,12.436,0.202,サーバー(直接取得)
cam41,2026-09-08T17:30:22.733Z,2026-09-09 02:20:03,1.110,12.620,0.124,サーバー(直接取得)
cam42,2026-09-08T17:30:22.751Z,2026-09-09 02:20:13,0.313,12.049,0.390,サーバー(直接取得)
cam43,2026-09-08T17:30:22.777Z,2026-09-09 02:20:13,0.329,11.477,0.460,サーバー(直接取得)
cam44,2026-09-08T17:30:22.852Z,2026-09-09 02:30:03,0.957,11.961,0.180,サーバー(直接取得)
cam45,2026-09-08T17:30:22.947Z,2026-09-09 02:20:03,0.571,12.352,0.350,サーバー(直接取得)
cam46,2026-09-08T17:30:22.957Z,2026-09-09 02:20:12,0.450,12.321,0.700,サーバー(直接取得)
cam47,2026-09-08T17:30:22.965Z,2026-09-09 02:20:06,1.681,12.062,0.458,サーバー(直接取得)
cam48,2026-09-08T17:30:22.988Z,2026-09-09 02:30:03,24.182,13.755,-16.430,サーバー(直接取得)
cam50,2026-09-08T17:30:23.068Z,2026-09-09 02:29:00,23.619,13.500,0.190,サーバー(直接取得)
cam51,2026-09-08T17:30:23.169Z,2026-09-09 02:28:16,23.442,13.618,0.100,サーバー(直接取得)
cam52,2026-09-08T17:30:23.187Z,2026-09-09 02:20:15,0.386,11.693,0.350,サーバー(直接取得)
cam53,2026-09-08T17:30:23.188Z,2026-09-09 02:20:15,1.021,12.370,0.040,サーバー(直接取得)
cam54,2026-09-08T17:30:23.206Z,2026-09-09 02:20:21,0.402,11.899,0.070,サーバー(直接取得)
cam55,2026-09-08T17:30:23.286Z,2026-09-09 02:20:21,0.732,12.067,0.740,サーバー(直接取得)
cam02,2026-09-08T20:07:58.156Z,2026-09-09 05:00:06,0.892,12.005,0.480,サーバー(直接取得)
cam03,2026-09-08T20:07:58.158Z,2026-09-09 05:00:13,0.780,11.649,-4.560,サーバー(直接取得)
cam04,2026-09-08T20:07:58.159Z,2026-09-09 05:00:06,1.045,12.286,1.060,サーバー(直接取得)
cam08,2026-09-08T20:07:58.160Z,2026-09-09 04:30:21,0.667,12.216,0.100,サーバー(直接取得)
cam09,2026-09-08T20:07:59.071Z,2026-09-09 05:00:22,1.810,11.179,0.320,サーバー(直接取得)
cam11,2026-09-08T20:07:59.073Z,2026-09-09 05:00:07,1.094,12.291,0.500,サーバー(直接取得)
cam12,2026-09-08T20:07:59.279Z,2026-09-09 05:00:06,1.005,12.119,-0.054,サーバー(直接取得)
cam13,2026-09-08T20:07:59.289Z,2026-09-09 05:00:06,1.005,12.502,0.061,サーバー(直接取得)
cam14,2026-09-08T20:07:59.335Z,2026-09-09 05:00:11,1.005,11.605,0.047,サーバー(直接取得)
cam36,2026-09-08T20:07:59.350Z,2026-09-09 05:00:07,0.941,12.431,0.037,サーバー(直接取得)
cam39,2026-09-08T20:07:59.452Z,2026-09-09 05:06:06,24.085,13.403,0.064,サーバー(直接取得)
cam40,2026-09-08T20:07:59.556Z,2026-09-09 05:00:06,0.925,12.405,0.196,サーバー(直接取得)
cam41,2026-09-08T20:07:59.564Z,2026-09-09 05:00:03,1.142,12.598,0.128,サーバー(直接取得)
cam42,2026-09-08T20:07:59.610Z,2026-09-09 05:00:12,0.973,11.996,0.390,サーバー(直接取得)
cam43,2026-09-08T20:07:59.628Z,2026-09-09 05:00:16,0.965,11.403,0.460,サーバー(直接取得)
cam44,2026-09-08T20:07:59.725Z,2026-09-09 05:00:03,0.973,11.935,0.170,サーバー(直接取得)
cam45,2026-09-08T20:07:59.834Z,2026-09-09 05:00:03,0.973,12.321,0.360,サーバー(直接取得)
cam46,2026-09-08T20:07:59.840Z,2026-09-09 05:00:13,0.892,12.343,0.660,サーバー(直接取得)
cam47,2026-09-08T20:07:59.881Z,2026-09-09 05:00:06,1.769,12.023,0.438,サーバー(直接取得)
cam48,2026-09-08T20:07:59.896Z,2026-09-09 05:00:03,24.166,13.759,-16.470,サーバー(直接取得)
cam50,2026-09-08T20:07:59.990Z,2026-09-09 05:07:00,23.651,13.500,0.190,サーバー(直接取得)
cam51,2026-09-08T20:08:00.113Z,2026-09-09 05:06:16,23.442,13.614,0.100,サーバー(直接取得)
cam52,2026-09-08T20:08:00.127Z,2026-09-09 05:00:13,0.989,11.596,0.350,サーバー(直接取得)
cam53,2026-09-08T20:08:00.155Z,2026-09-09 05:00:16,1.110,12.339,0.040,サーバー(直接取得)
cam54,2026-09-08T20:08:00.168Z,2026-09-09 05:00:20,1.053,11.838,0.070,サーバー(直接取得)
cam55,2026-09-08T20:08:00.261Z,2026-09-09 05:00:21,1.053,11.974,0.720,サーバー(直接取得)
kw01,2026-09-08T20:08:00.396Z,2026/09/09 05:00,,,0.590,サーバー(国交省 川の防災情報)
kw02,2026-09-08T20:08:00.399Z,2026/09/09 05:00,,,0.320,サーバー(国交省 川の防災情報)
kw03,2026-09-08T20:08:00.422Z,2026/09/09 05:00,,,1.020,サーバー(国交省 川の防災情報)
kw04,2026-09-08T20:08:00.437Z,2026/09/09 05:00,,,0.840,サーバー(国交省 川の防災情報)
kw05,2026-09-08T20:08:00.534Z,2026/09/08 22:30,,,-1.280,サーバー(国交省 川の防災情報)
kw06,2026-09-08T20:08:00.832Z,2026/09/08 09:00,,,-2.360,サーバー(国交省 川の防災情報)
kw07,2026-09-08T20:08:00.834Z,2026/09/08 09:00,,,-4.160,サーバー(国交省 川の防災情報)
kw08,2026-09-08T20:08:00.870Z,2026/09/09 05:00,,,0.630,サーバー(国交省 川の防災情報)
kw09,2026-09-08T20:08:00.886Z,2026/09/08 10:00,,,-4.040,サーバー(国交省 川の防災情報)
kw10,2026-09-08T20:08:00.894Z,2026/09/09 05:00,,,0.230,サーバー(国交省 川の防災情報)
kw11,2026-09-08T20:08:01.106Z,2026/09/09 05:00,,,0.500,サーバー(国交省 川の防災情報)
cam02,2026-09-09T00:31:18.348Z,2026-09-09 09:30:07,18.728,12.462,0.480,サーバー(直接取得)
cam03,2026-09-09T00:31:18.350Z,2026-09-09 09:30:17,17.086,11.921,-4.580,サーバー(直接取得)
cam04,2026-09-09T00:31:18.351Z,2026-09-09 09:30:07,17.119,13.020,1.060,サーバー(直接取得)
cam08,2026-09-09T00:31:18.351Z,2026-09-09 09:30:21,19.299,12.950,0.140,サーバー(直接取得)
cam09,2026-09-09T00:31:19.052Z,2026-09-09 09:30:20,19.154,11.587,0.310,サーバー(直接取得)
cam11,2026-09-09T00:31:19.054Z,2026-09-09 09:30:07,17.143,12.695,0.430,サーバー(直接取得)
cam12,2026-09-09T00:31:19.166Z,2026-09-09 09:30:07,18.575,12.546,-0.066,サーバー(直接取得)
cam13,2026-09-09T00:31:19.171Z,2026-09-09 09:30:07,17.022,13.148,0.057,サーバー(直接取得)
cam14,2026-09-09T00:31:19.261Z,2026-09-09 09:30:20,16.950,12.093,0.047,サーバー(直接取得)
cam36,2026-09-09T00:31:19.273Z,2026-09-09 09:30:07,17.014,13.025,0.034,サーバー(直接取得)
cam39,2026-09-09T00:31:19.284Z,2026-09-09 09:30:06,24.085,13.381,0.058,サーバー(直接取得)
cam40,2026-09-09T00:31:19.377Z,2026-09-09 09:30:07,17.014,12.968,0.190,サーバー(直接取得)
cam41,2026-09-09T00:31:19.388Z,2026-09-09 09:30:03,17.038,12.998,0.124,サーバー(直接取得)
cam42,2026-09-09T00:31:19.466Z,2026-09-09 09:20:22,17.006,12.489,0.390,サーバー(直接取得)
cam43,2026-09-09T00:31:19.478Z,2026-09-09 09:20:23,17.175,11.939,0.450,サーバー(直接取得)
cam44,2026-09-09T00:31:19.503Z,2026-09-09 09:30:03,17.038,12.128,0.180,サーバー(直接取得)
cam45,2026-09-09T00:31:19.585Z,2026-09-09 09:20:04,16.974,12.607,0.350,サーバー(直接取得)
cam46,2026-09-09T00:31:19.600Z,2026-09-09 09:20:18,18.591,12.871,0.820,サーバー(直接取得)
cam47,2026-09-09T00:31:19.673Z,2026-09-09 09:30:07,16.966,12.541,0.467,サーバー(直接取得)
cam48,2026-09-09T00:31:19.692Z,2026-09-09 09:30:03,24.182,13.759,-16.560,サーバー(直接取得)
cam50,2026-09-09T00:31:19.706Z,2026-09-09 09:30:00,23.635,13.504,0.190,サーバー(直接取得)
cam51,2026-09-09T00:31:19.794Z,2026-09-09 09:28:19,23.611,13.605,0.100,サーバー(直接取得)
cam52,2026-09-09T00:31:19.805Z,2026-09-09 09:30:27,17.416,11.886,0.330,サーバー(直接取得)
cam53,2026-09-09T00:31:19.881Z,2026-09-09 09:30:24,18.921,12.955,0.030,サーバー(直接取得)
cam54,2026-09-09T00:31:19.901Z,2026-09-09 09:30:21,19.250,12.300,0.070,サーバー(直接取得)
cam55,2026-09-09T00:31:19.926Z,2026-09-09 09:30:22,17.851,12.146,0.730,サーバー(直接取得)
kw05,2026-09-09T00:31:20.130Z,2026/09/09 09:00,,,-1.290,サーバー(国交省 川の防災情報)
kw06,2026-09-09T00:31:20.580Z,2026/09/09 09:00,,,-2.510,サーバー(国交省 川の防災情報)
kw07,2026-09-09T00:31:20.595Z,2026/09/09 09:00,,,-4.200,サーバー(国交省 川の防災情報)
kw09,2026-09-09T00:31:20.617Z,2026/09/08 10:00,,,-4.040,サーバー(国交省 川の防災情報)
cam02,2026-09-09T05:03:20.906Z,2026-09-09 14:00:07,17.030,12.383,0.460,サーバー(直接取得)
cam03,2026-09-09T05:03:20.908Z,2026-09-09 14:00:14,17.070,12.532,-4.580,サーバー(直接取得)
cam04,2026-09-09T05:03:20.909Z,2026-09-09 14:00:06,17.102,12.840,1.030,サーバー(直接取得)
cam08,2026-09-09T05:03:20.910Z,2026-09-09 13:40:22,17.030,12.735,0.130,サーバー(直接取得)
cam09,2026-09-09T05:03:21.497Z,2026-09-09 14:00:21,18.229,12.620,0.290,サーバー(直接取得)
cam11,2026-09-09T05:03:21.501Z,2026-09-09 14:00:07,17.143,12.695,0.502,サーバー(直接取得)
cam12,2026-09-09T05:03:21.706Z,2026-09-09 14:00:07,17.625,12.427,-0.075,サーバー(直接取得)
cam13,2026-09-09T05:03:21.724Z,2026-09-09 14:00:07,17.022,13.012,0.053,サーバー(直接取得)
cam14,2026-09-09T05:03:21.740Z,2026-09-09 14:00:22,16.950,11.965,0.037,サーバー(直接取得)
cam36,2026-09-09T05:03:21.742Z,2026-09-09 14:00:07,17.006,12.893,0.029,サーバー(直接取得)
cam39,2026-09-09T05:03:21.879Z,2026-09-09 14:02:06,24.085,13.381,0.056,サーバー(直接取得)
cam40,2026-09-09T05:03:21.915Z,2026-09-09 14:00:07,17.006,12.959,0.194,サーバー(直接取得)
cam41,2026-09-09T05:03:21.931Z,2026-09-09 14:00:03,17.086,13.047,0.124,サーバー(直接取得)
cam42,2026-09-09T05:03:21.953Z,2026-09-09 14:00:16,16.998,12.308,0.390,サーバー(直接取得)
cam43,2026-09-09T05:03:21.961Z,2026-09-09 14:00:19,17.151,12.748,0.450,サーバー(直接取得)
cam44,2026-09-09T05:03:22.094Z,2026-09-09 14:00:03,17.014,12.089,0.180,サーバー(直接取得)
cam45,2026-09-09T05:03:22.119Z,2026-09-09 14:00:03,17.094,12.515,0.340,サーバー(直接取得)
cam46,2026-09-09T05:03:22.137Z,2026-09-09 14:00:21,18.229,12.673,0.760,サーバー(直接取得)
cam47,2026-09-09T05:03:22.155Z,2026-09-09 14:00:07,16.966,12.497,0.456,サーバー(直接取得)
cam48,2026-09-09T05:03:22.157Z,2026-09-09 14:00:03,24.166,13.772,-16.380,サーバー(直接取得)
cam50,2026-09-09T05:03:22.306Z,2026-09-09 14:02:00,23.643,13.500,0.190,サーバー(直接取得)
cam51,2026-09-09T05:03:22.328Z,2026-09-09 14:02:18,23.603,13.601,0.090,サーバー(直接取得)
cam52,2026-09-09T05:03:22.344Z,2026-09-09 14:00:25,18.293,12.827,0.320,サーバー(直接取得)
cam53,2026-09-09T05:03:22.359Z,2026-09-09 14:00:29,16.950,12.779,0.030,サーバー(直接取得)
cam54,2026-09-09T05:03:22.371Z,2026-09-09 14:00:21,18.213,12.212,0.060,サーバー(直接取得)
cam55,2026-09-09T05:03:22.518Z,2026-09-09 14:00:21,17.859,12.159,0.710,サーバー(直接取得)
kw01,2026-09-09T05:03:22.548Z,2026/09/09 13:50,,,0.580,サーバー(国交省 川の防災情報)
kw02,2026-09-09T05:03:22.560Z,2026/09/09 13:50,,,0.280,サーバー(国交省 川の防災情報)
kw03,2026-09-09T05:03:22.566Z,2026/09/09 13:50,,,1.020,サーバー(国交省 川の防災情報)
kw04,2026-09-09T05:03:22.751Z,2026/09/09 13:50,,,0.830,サーバー(国交省 川の防災情報)
kw05,2026-09-09T05:03:22.895Z,2026/09/09 13:35,,,-1.280,サーバー(国交省 川の防災情報)
kw06,2026-09-09T05:03:23.094Z,2026/09/09 09:00,,,-2.510,サーバー(国交省 川の防災情報)
kw07,2026-09-09T05:03:23.094Z,2026/09/09 09:00,,,-4.200,サーバー(国交省 川の防災情報)
kw08,2026-09-09T05:03:23.118Z,2026/09/09 13:50,,,0.590,サーバー(国交省 川の防災情報)
kw09,2026-09-09T05:03:23.341Z,2026/09/09 10:00,,,-4.040,サーバー(国交省 川の防災情報)
kw10,2026-09-09T05:03:23.344Z,2026/09/09 13:50,,,0.240,サーバー(国交省 川の防災情報)
kw11,2026-09-09T05:03:23.387Z,2026/09/09 13:50,,,0.530,サーバー(国交省 川の防災情報)
cam02,2026-09-09T09:35:11.809Z,2026-09-09 18:30:07,0.225,12.058,0.460,サーバー(直接取得)
cam03,2026-09-09T09:35:11.811Z,2026-09-09 18:30:11,0.514,12.326,-4.580,サーバー(直接取得)
cam04,2026-09-09T09:35:11.812Z,2026-09-09 18:30:07,0.370,12.427,1.050,サーバー(直接取得)
cam08,2026-09-09T09:35:11.813Z,2026-09-09 18:30:21,0.917,12.330,0.130,サーバー(直接取得)
cam09,2026-09-09T09:35:12.393Z,2026-09-09 18:30:16,1.802,12.278,0.310,サーバー(直接取得)
cam11,2026-09-09T09:35:12.397Z,2026-09-09 18:30:06,1.045,12.304,0.418,サーバー(直接取得)
cam12,2026-09-09T09:35:12.604Z,2026-09-09 18:30:06,0.329,12.185,-0.060,サーバー(直接取得)
cam13,2026-09-09T09:35:12.618Z,2026-09-09 18:30:06,0.362,12.651,0.049,サーバー(直接取得)
cam14,2026-09-09T09:35:12.813Z,2026-09-09 18:30:14,0.418,11.710,0.037,サーバー(直接取得)
cam36,2026-09-09T09:35:12.825Z,2026-09-09 18:30:07,0.345,12.493,0.030,サーバー(直接取得)
cam39,2026-09-09T09:35:13.034Z,2026-09-09 18:34:06,24.093,13.377,0.064,サーバー(直接取得)
cam40,2026-09-09T09:35:13.041Z,2026-09-09 18:30:06,0.442,12.528,0.183,サーバー(直接取得)
cam41,2026-09-09T09:35:13.243Z,2026-09-09 18:30:04,1.126,12.651,0.128,サーバー(直接取得)
cam42,2026-09-09T09:35:13.253Z,2026-09-09 18:30:15,0.450,12.018,0.380,サーバー(直接取得)
cam43,2026-09-09T09:35:13.449Z,2026-09-09 18:30:13,0.466,12.396,0.450,サーバー(直接取得)
cam44,2026-09-09T09:35:13.466Z,2026-09-09 18:30:03,0.965,11.917,0.160,サーバー(直接取得)
cam45,2026-09-09T09:35:13.655Z,2026-09-09 18:30:03,0.691,12.295,0.350,サーバー(直接取得)
cam46,2026-09-09T09:35:13.674Z,2026-09-09 18:30:11,0.579,12.260,0.820,サーバー(直接取得)
cam47,2026-09-09T09:35:13.872Z,2026-09-09 18:30:06,1.729,12.119,0.435,サーバー(直接取得)
cam48,2026-09-09T09:35:13.878Z,2026-09-09 18:30:03,24.182,13.750,-16.490,サーバー(直接取得)
cam50,2026-09-09T09:35:14.097Z,2026-09-09 18:34:00,23.651,13.500,0.190,サーバー(直接取得)
cam51,2026-09-09T09:35:14.120Z,2026-09-09 18:34:15,23.426,13.618,0.100,サーバー(直接取得)
cam52,2026-09-09T09:35:14.302Z,2026-09-09 18:30:13,0.514,12.405,0.300,サーバー(直接取得)
cam53,2026-09-09T09:35:14.321Z,2026-09-09 18:30:17,0.538,12.427,0.030,サーバー(直接取得)
cam54,2026-09-09T09:35:14.509Z,2026-09-09 18:30:20,0.538,11.965,0.070,サーバー(直接取得)
cam55,2026-09-09T09:35:14.524Z,2026-09-09 18:30:21,0.933,11.957,0.720,サーバー(直接取得)
cam02,2026-09-09T13:52:04.819Z,2026-09-09 22:50:06,0.176,11.904,1.620,サーバー(直接取得)
cam03,2026-09-09T13:52:04.820Z,2026-09-09 22:50:11,0.522,12.273,-4.580,サーバー(直接取得)
cam04,2026-09-09T13:52:04.822Z,2026-09-09 22:50:06,0.297,12.321,1.260,サーバー(直接取得)
cam08,2026-09-09T13:52:04.823Z,2026-09-09 22:50:21,0.659,12.247,0.490,サーバー(直接取得)
cam09,2026-09-09T13:52:05.423Z,2026-09-09 22:50:19,1.946,12.172,0.320,サーバー(直接取得)
cam11,2026-09-09T13:52:05.427Z,2026-09-09 22:50:06,1.061,12.203,0.811,サーバー(直接取得)
cam12,2026-09-09T13:52:05.646Z,2026-09-09 22:50:06,0.257,12.075,-0.047,サーバー(直接取得)
cam13,2026-09-09T13:52:05.658Z,2026-09-09 22:50:07,0.273,12.541,0.111,サーバー(直接取得)
cam14,2026-09-09T13:52:05.668Z,2026-09-09 22:50:13,0.386,11.543,0.107,サーバー(直接取得)
cam36,2026-09-09T13:52:05.677Z,2026-09-09 22:50:07,0.305,12.379,0.043,サーバー(直接取得)
cam39,2026-09-09T13:52:05.864Z,2026-09-09 22:50:06,24.085,13.407,0.069,サーバー(直接取得)
cam40,2026-09-09T13:52:05.886Z,2026-09-09 22:50:07,0.329,12.401,0.450,サーバー(直接取得)
cam41,2026-09-09T13:52:05.896Z,2026-09-09 22:50:04,1.126,12.537,0.143,サーバー(直接取得)
cam42,2026-09-09T13:52:05.913Z,2026-09-09 22:40:12,0.313,11.891,0.430,サーバー(直接取得)
cam43,2026-09-09T13:52:06.085Z,2026-09-09 22:40:15,0.345,12.326,0.460,サーバー(直接取得)
cam44,2026-09-09T13:52:06.113Z,2026-09-09 22:50:03,0.981,11.882,0.170,サーバー(直接取得)
cam45,2026-09-09T13:52:06.119Z,2026-09-09 22:50:03,0.571,12.203,0.380,サーバー(直接取得)
cam46,2026-09-09T13:52:06.137Z,2026-09-09 22:40:11,0.490,12.150,0.820,サーバー(直接取得)
cam47,2026-09-09T13:52:06.213Z,2026-09-09 22:50:06,1.721,11.987,0.446,サーバー(直接取得)
cam48,2026-09-09T13:52:06.309Z,2026-09-09 22:50:03,24.190,13.759,-16.580,サーバー(直接取得)
cam50,2026-09-09T13:52:06.333Z,2026-09-09 22:51:00,23.595,13.500,0.330,サーバー(直接取得)
cam51,2026-09-09T13:52:06.346Z,2026-09-09 22:50:17,23.434,13.618,0.240,サーバー(直接取得)
cam52,2026-09-09T13:52:06.381Z,2026-09-09 22:50:14,0.394,12.348,0.540,サーバー(直接取得)
cam53,2026-09-09T13:52:06.427Z,2026-09-09 22:50:12,0.402,12.282,0.080,サーバー(直接取得)
cam54,2026-09-09T13:52:06.532Z,2026-09-09 22:50:20,0.410,11.838,0.100,サーバー(直接取得)
cam55,2026-09-09T13:52:06.550Z,2026-09-09 22:50:21,0.772,11.877,1.140,サーバー(直接取得)
kw01,2026-09-09T13:52:06.563Z,2026/09/09 22:40,,,1.100,サーバー(国交省 川の防災情報)
kw02,2026-09-09T13:52:06.606Z,2026/09/09 22:40,,,1.130,サーバー(国交省 川の防災情報)
kw03,2026-09-09T13:52:06.648Z,2026/09/09 22:40,,,1.230,サーバー(国交省 川の防災情報)
kw04,2026-09-09T13:52:06.748Z,2026/09/09 22:40,,,1.230,サーバー(国交省 川の防災情報)
kw05,2026-09-09T13:52:06.769Z,2026/09/09 14:55,,,-1.280,サーバー(国交省 川の防災情報)
kw06,2026-09-09T13:52:07.002Z,2026/09/09 09:00,,,-2.510,サーバー(国交省 川の防災情報)
kw07,2026-09-09T13:52:07.003Z,2026/09/09 09:00,,,-4.200,サーバー(国交省 川の防災情報)
kw08,2026-09-09T13:52:07.019Z,2026/09/09 22:40,,,1.940,サーバー(国交省 川の防災情報)
kw09,2026-09-09T13:52:07.060Z,2026/09/09 10:00,,,-4.040,サーバー(国交省 川の防災情報)
kw10,2026-09-09T13:52:07.142Z,2026/09/09 22:40,,,2.200,サーバー(国交省 川の防災情報)
kw11,2026-09-09T13:52:07.234Z,2026/09/09 22:40,,,1.600,サーバー(国交省 川の防災情報)
cam02,2026-09-09T17:20:47.391Z,2026-09-10 02:20:06,0.168,11.842,1.240,サーバー(直接取得)
cam03,2026-09-09T17:20:47.393Z,2026-09-10 02:20:11,0.530,12.212,-4.580,サーバー(直接取得)
cam04,2026-09-09T17:20:47.394Z,2026-09-10 02:20:07,0.281,12.238,1.050,サーバー(直接取得)
cam08,2026-09-09T17:20:47.394Z,2026-09-10 02:10:21,0.643,12.181,0.180,サーバー(直接取得)
cam09,2026-09-09T17:20:47.971Z,2026-09-10 02:20:18,1.842,12.110,0.330,サーバー(直接取得)
cam11,2026-09-09T17:20:47.978Z,2026-09-10 02:20:06,1.061,12.150,0.628,サーバー(直接取得)
cam12,2026-09-09T17:20:47.988Z,2026-09-10 02:20:07,0.241,12.027,-0.057,サーバー(直接取得)
cam13,2026-09-09T17:20:47.993Z,2026-09-10 02:20:06,0.257,12.467,0.075,サーバー(直接取得)
cam14,2026-09-09T17:20:48.010Z,2026-09-10 02:20:13,0.273,11.469,0.067,サーバー(直接取得)
cam36,2026-09-09T17:20:48.185Z,2026-09-10 02:20:07,0.289,12.300,0.035,サーバー(直接取得)
cam39,2026-09-09T17:20:48.199Z,2026-09-10 02:20:05,24.085,13.407,0.056,サーバー(直接取得)
cam40,2026-09-09T17:20:48.213Z,2026-09-10 02:20:07,0.321,12.330,0.263,サーバー(直接取得)
cam41,2026-09-09T17:20:48.217Z,2026-09-10 02:20:03,1.126,12.506,0.127,サーバー(直接取得)
cam42,2026-09-09T17:20:48.231Z,2026-09-10 02:10:19,0.289,11.856,0.400,サーバー(直接取得)
cam43,2026-09-09T17:20:48.393Z,2026-09-10 02:10:12,0.321,12.273,0.460,サーバー(直接取得)
cam44,2026-09-09T17:20:48.407Z,2026-09-10 02:20:03,0.981,11.851,0.160,サーバー(直接取得)
cam45,2026-09-09T17:20:48.425Z,2026-09-10 02:20:03,0.571,12.146,0.360,サーバー(直接取得)
cam46,2026-09-09T17:20:48.448Z,2026-09-10 02:10:15,0.482,12.119,0.810,サーバー(直接取得)
cam47,2026-09-09T17:20:48.463Z,2026-09-10 02:20:06,1.705,11.926,0.453,サーバー(直接取得)
cam48,2026-09-09T17:20:48.612Z,2026-09-10 02:20:03,24.190,13.737,-16.440,サーバー(直接取得)
cam50,2026-09-09T17:20:48.613Z,2026-09-10 02:20:00,23.611,13.504,0.210,サーバー(直接取得)
cam51,2026-09-09T17:20:48.646Z,2026-09-10 02:20:15,23.418,13.618,0.150,サーバー(直接取得)
cam52,2026-09-09T17:20:48.648Z,2026-09-10 02:20:14,0.394,12.291,0.440,サーバー(直接取得)
cam53,2026-09-09T17:20:48.672Z,2026-09-10 02:20:07,0.402,12.256,0.050,サーバー(直接取得)
cam54,2026-09-09T17:20:48.828Z,2026-09-10 02:20:20,0.410,11.776,0.080,サーバー(直接取得)
cam55,2026-09-09T17:20:48.833Z,2026-09-10 02:20:21,0.732,11.856,1.140,サーバー(直接取得)
cam02,2026-09-09T19:50:47.948Z,2026-09-10 04:50:07,0.209,11.790,0.840,サーバー(直接取得)
cam03,2026-09-09T19:50:47.950Z,2026-09-10 04:50:11,0.538,12.194,-4.580,サーバー(直接取得)
cam04,2026-09-09T19:50:47.950Z,2026-09-10 04:50:07,0.321,12.207,1.040,サーバー(直接取得)
cam08,2026-09-09T19:50:47.951Z,2026-09-10 04:20:21,0.643,12.154,0.160,サーバー(直接取得)
cam09,2026-09-09T19:50:48.546Z,2026-09-10 04:50:20,1.818,12.089,0.290,サーバー(直接取得)
cam11,2026-09-09T19:50:48.549Z,2026-09-10 04:50:07,1.061,12.115,0.497,サーバー(直接取得)
cam12,2026-09-09T19:50:48.636Z,2026-09-10 04:50:06,0.265,11.979,-0.060,サーバー(直接取得)
cam13,2026-09-09T19:50:48.668Z,2026-09-10 04:50:06,0.289,12.431,0.066,サーバー(直接取得)
cam14,2026-09-09T19:50:48.769Z,2026-09-10 04:50:12,0.305,11.425,0.057,サーバー(直接取得)
cam36,2026-09-09T19:50:48.784Z,2026-09-10 04:50:06,0.313,12.278,0.033,サーバー(直接取得)
cam39,2026-09-09T19:50:48.807Z,2026-09-10 04:50:06,24.085,13.407,0.054,サーバー(直接取得)
cam40,2026-09-09T19:50:48.860Z,2026-09-10 04:50:06,0.345,12.313,0.242,サーバー(直接取得)
cam41,2026-09-09T19:50:48.887Z,2026-09-10 04:50:03,1.118,12.493,0.128,サーバー(直接取得)
cam42,2026-09-09T19:50:48.993Z,2026-09-10 04:40:11,0.281,11.816,0.390,サーバー(直接取得)
cam43,2026-09-09T19:50:49.016Z,2026-09-10 04:40:10,0.321,12.242,0.450,サーバー(直接取得)
cam44,2026-09-09T19:50:49.035Z,2026-09-10 04:50:03,0.981,11.825,0.160,サーバー(直接取得)
cam45,2026-09-09T19:50:49.074Z,2026-09-10 04:50:03,0.611,12.110,0.360,サーバー(直接取得)
cam46,2026-09-09T19:50:49.094Z,2026-09-10 04:40:11,0.474,12.080,0.820,サーバー(直接取得)
cam47,2026-09-09T19:50:49.210Z,2026-09-10 04:50:06,1.745,11.886,0.454,サーバー(直接取得)
cam48,2026-09-09T19:50:49.226Z,2026-09-10 04:50:03,24.182,13.741,-16.260,サーバー(直接取得)
cam50,2026-09-09T19:50:49.248Z,2026-09-10 04:50:00,23.611,13.504,0.200,サーバー(直接取得)
cam51,2026-09-09T19:50:49.293Z,2026-09-10 04:46:16,23.442,13.618,0.130,サーバー(直接取得)
cam52,2026-09-09T19:50:49.305Z,2026-09-10 04:50:14,0.434,12.269,0.420,サーバー(直接取得)
cam53,2026-09-09T19:50:49.475Z,2026-09-10 04:40:04,0.402,12.234,0.040,サーバー(直接取得)
cam54,2026-09-09T19:50:49.491Z,2026-09-10 04:50:20,0.434,11.737,0.070,サーバー(直接取得)
cam55,2026-09-09T19:50:49.491Z,2026-09-10 04:50:21,0.788,11.781,1.140,サーバー(直接取得)
cam02,2026-09-09T21:59:57.504Z,2026-09-10 06:50:08,17.054,11.899,0.620,サーバー(直接取得)
cam03,2026-09-09T21:59:57.505Z,2026-09-10 06:50:16,16.161,12.185,-4.430,サーバー(直接取得)
cam04,2026-09-09T21:59:57.507Z,2026-09-10 06:50:07,17.135,12.317,1.030,サーバー(直接取得)
cam08,2026-09-09T21:59:57.508Z,2026-09-10 06:50:21,17.062,12.286,0.140,サーバー(直接取得)
cam09,2026-09-09T22:00:00.156Z,2026-09-10 06:50:22,17.151,12.212,0.300,サーバー(直接取得)
cam11,2026-09-09T22:00:00.168Z,2026-09-10 06:50:07,17.207,12.256,0.490,サーバー(直接取得)
cam12,2026-09-09T22:00:00.352Z,2026-09-10 06:50:07,17.111,12.014,-0.061,サーバー(直接取得)
cam13,2026-09-09T22:00:00.369Z,2026-09-10 06:50:07,17.078,12.471,0.064,サーバー(直接取得)
cam14,2026-09-09T22:00:00.402Z,2026-09-10 06:50:16,16.974,11.526,0.057,サーバー(直接取得)
cam36,2026-09-09T22:00:00.427Z,2026-09-10 06:50:07,17.014,12.383,0.028,サーバー(直接取得)
cam39,2026-09-09T22:00:00.487Z,2026-09-10 06:58:06,24.093,13.381,0.056,サーバー(直接取得)
cam40,2026-09-09T22:00:00.598Z,2026-09-10 06:50:07,17.030,12.418,0.232,サーバー(直接取得)
cam41,2026-09-09T22:00:00.610Z,2026-09-10 06:50:03,17.054,12.541,0.126,サーバー(直接取得)
cam42,2026-09-09T22:00:00.639Z,2026-09-10 06:50:17,17.094,11.838,0.390,サーバー(直接取得)
cam43,2026-09-09T22:00:00.662Z,2026-09-10 06:50:24,17.199,12.352,0.450,サーバー(直接取得)
cam44,2026-09-09T22:00:00.725Z,2026-09-10 06:50:03,15.622,11.838,0.150,サーバー(直接取得)
cam45,2026-09-09T22:00:00.844Z,2026-09-10 06:50:03,16.555,12.106,0.360,サーバー(直接取得)
cam46,2026-09-09T22:00:00.858Z,2026-09-10 06:50:19,17.030,12.194,0.810,サーバー(直接取得)
cam47,2026-09-09T22:00:00.878Z,2026-09-10 06:50:06,16.998,12.001,0.470,サーバー(直接取得)
cam48,2026-09-09T22:00:00.906Z,2026-09-10 06:50:03,24.190,13.750,-16.420,サーバー(直接取得)
cam50,2026-09-09T22:00:00.964Z,2026-09-10 06:59:00,23.651,13.504,0.200,サーバー(直接取得)
cam51,2026-09-09T22:00:01.086Z,2026-09-10 06:58:18,23.578,13.605,0.120,サーバー(直接取得)
cam52,2026-09-09T22:00:01.100Z,2026-09-10 06:50:22,17.014,12.409,0.400,サーバー(直接取得)
cam53,2026-09-09T22:00:01.121Z,2026-09-10 06:50:17,16.982,12.229,0.040,サーバー(直接取得)
cam54,2026-09-09T22:00:01.143Z,2026-09-10 06:50:21,17.062,11.754,0.070,サーバー(直接取得)
cam55,2026-09-09T22:00:01.206Z,2026-09-10 06:50:21,17.175,11.807,1.140,サーバー(直接取得)
cam02,2026-09-09T23:52:50.638Z,2026-09-10 08:50:07,17.062,12.093,0.490,サーバー(直接取得)
cam03,2026-09-09T23:52:50.639Z,2026-09-10 08:50:16,17.086,12.317,-3.890,サーバー(直接取得)
cam04,2026-09-09T23:52:50.641Z,2026-09-10 08:50:07,17.127,12.647,1.050,サーバー(直接取得)
cam08,2026-09-09T23:52:50.642Z,2026-09-10 08:50:22,17.054,12.616,0.120,サーバー(直接取得)
cam09,2026-09-09T23:52:51.221Z,2026-09-10 08:50:21,18.197,12.409,0.290,サーバー(直接取得)
cam11,2026-09-09T23:52:51.225Z,2026-09-10 08:50:07,17.159,12.506,0.409,サーバー(直接取得)
cam12,2026-09-09T23:52:51.422Z,2026-09-10 08:50:07,17.119,12.124,-0.065,サーバー(直接取得)
cam13,2026-09-09T23:52:51.433Z,2026-09-10 08:50:07,17.038,12.796,0.055,サーバー(直接取得)
cam14,2026-09-09T23:52:51.630Z,2026-09-10 08:50:20,16.966,11.649,0.047,サーバー(直接取得)
cam36,2026-09-09T23:52:51.645Z,2026-09-10 08:50:07,17.030,12.625,0.024,サーバー(直接取得)
cam39,2026-09-09T23:52:51.836Z,2026-09-10 08:52:06,24.093,13.381,0.050,サーバー(直接取得)
cam40,2026-09-09T23:52:51.857Z,2026-09-10 08:50:06,17.030,12.695,0.220,サーバー(直接取得)
cam41,2026-09-09T23:52:52.043Z,2026-09-10 08:50:03,17.070,12.933,0.118,サーバー(直接取得)
cam42,2026-09-09T23:52:52.068Z,2026-09-10 08:40:17,17.006,11.948,0.390,サーバー(直接取得)
cam43,2026-09-09T23:52:52.260Z,2026-09-10 08:40:19,17.159,12.440,0.450,サーバー(直接取得)
cam44,2026-09-09T23:52:52.269Z,2026-09-10 08:50:03,17.038,11.935,0.140,サーバー(直接取得)
cam45,2026-09-09T23:52:52.469Z,2026-09-10 08:50:03,17.127,12.326,0.350,サーバー(直接取得)
cam46,2026-09-09T23:52:52.478Z,2026-09-10 08:50:20,17.923,12.300,0.810,サーバー(直接取得)
cam47,2026-09-09T23:52:52.683Z,2026-09-10 08:50:07,16.982,12.212,0.488,サーバー(直接取得)
cam48,2026-09-09T23:52:52.688Z,2026-09-10 08:50:03,24.158,13.772,-16.410,サーバー(直接取得)
cam50,2026-09-09T23:52:52.897Z,2026-09-10 08:52:00,23.635,13.504,0.180,サーバー(直接取得)
cam51,2026-09-09T23:52:52.903Z,2026-09-10 08:52:21,23.570,13.605,0.100,サーバー(直接取得)
cam52,2026-09-09T23:52:53.110Z,2026-09-10 08:50:26,17.609,12.607,0.390,サーバー(直接取得)
cam53,2026-09-09T23:52:53.117Z,2026-09-10 08:50:25,16.966,12.541,0.030,サーバー(直接取得)
cam54,2026-09-09T23:52:53.313Z,2026-09-10 08:50:21,18.333,11.948,0.070,サーバー(直接取得)
cam55,2026-09-09T23:52:53.323Z,2026-09-10 08:50:21,17.094,11.943,1.140,サーバー(直接取得)
kw01,2026-09-09T23:52:53.467Z,2026/09/10 08:40,,,0.640,サーバー(国交省 川の防災情報)
kw02,2026-09-09T23:52:53.489Z,2026/09/10 08:40,,,0.410,サーバー(国交省 川の防災情報)
kw03,2026-09-09T23:52:53.513Z,2026/09/10 08:40,,,1.030,サーバー(国交省 川の防災情報)
kw04,2026-09-09T23:52:53.527Z,2026/09/10 08:40,,,0.890,サーバー(国交省 川の防災情報)
kw05,2026-09-09T23:52:53.603Z,2026/09/09 14:55,,,-1.280,サーバー(国交省 川の防災情報)
kw06,2026-09-09T23:52:54.102Z,2026/09/09 09:00,,,-2.510,サーバー(国交省 川の防災情報)
kw07,2026-09-09T23:52:54.103Z,2026/09/09 09:00,,,-4.200,サーバー(国交省 川の防災情報)
kw08,2026-09-09T23:52:54.117Z,2026/09/10 08:40,,,0.760,サーバー(国交省 川の防災情報)
kw09,2026-09-09T23:52:54.177Z,2026/09/09 10:00,,,-4.040,サーバー(国交省 川の防災情報)
kw10,2026-09-09T23:52:54.178Z,2026/09/10 08:40,,,0.310,サーバー(国交省 川の防災情報)
kw11,2026-09-09T23:52:54.342Z,2026/09/10 08:40,,,0.740,サーバー(国交省 川の防災情報)
cam02,2026-09-10T01:32:04.445Z,2026-09-10 10:30:08,17.070,12.251,0.490,サーバー(直接取得)
cam03,2026-09-10T01:32:04.447Z,2026-09-10 10:30:16,17.094,12.493,-4.580,サーバー(直接取得)
cam04,2026-09-10T01:32:04.448Z,2026-09-10 10:30:07,17.135,12.911,1.040,サーバー(直接取得)
cam08,2026-09-10T01:32:04.449Z,2026-09-10 10:30:22,17.054,12.897,0.120,サーバー(直接取得)
cam09,2026-09-10T01:32:05.722Z,2026-09-10 10:30:21,18.953,12.660,0.310,サーバー(直接取得)
cam11,2026-09-10T01:32:05.724Z,2026-09-10 10:30:07,17.159,12.783,0.482,サーバー(直接取得)
cam12,2026-09-10T01:32:05.985Z,2026-09-10 10:30:07,18.478,12.282,-0.066,サーバー(直接取得)
cam13,2026-09-10T01:32:05.991Z,2026-09-10 10:30:07,17.038,13.064,0.052,サーバー(直接取得)
cam14,2026-09-10T01:32:06.249Z,2026-09-10 10:30:23,16.966,11.820,0.047,サーバー(直接取得)
cam36,2026-09-10T01:32:06.254Z,2026-09-10 10:30:07,17.030,12.871,0.023,サーバー(直接取得)
cam39,2026-09-10T01:32:06.503Z,2026-09-10 10:30:06,24.085,13.381,0.052,サーバー(直接取得)
cam40,2026-09-10T01:32:06.516Z,2026-09-10 10:30:07,18.639,12.911,0.217,サーバー(直接取得)
cam41,2026-09-10T01:32:06.747Z,2026-09-10 10:30:03,17.054,13.152,0.116,サーバー(直接取得)
cam42,2026-09-10T01:32:06.762Z,2026-09-10 10:20:17,17.014,12.128,0.390,サーバー(直接取得)
cam43,2026-09-10T01:32:06.787Z,2026-09-10 10:20:19,17.167,12.620,0.450,サーバー(直接取得)
cam44,2026-09-10T01:32:06.789Z,2026-09-10 10:30:03,17.062,12.040,0.170,サーバー(直接取得)
cam45,2026-09-10T01:32:07.002Z,2026-09-10 10:30:03,16.982,12.568,0.340,サーバー(直接取得)
cam46,2026-09-10T01:32:07.013Z,2026-09-10 10:20:20,18.333,12.418,0.800,サーバー(直接取得)
cam47,2026-09-10T01:32:07.045Z,2026-09-10 10:30:07,18.776,12.423,0.495,サーバー(直接取得)
cam48,2026-09-10T01:32:07.051Z,2026-09-10 10:30:03,24.182,13.746,-16.490,サーバー(直接取得)
cam50,2026-09-10T01:32:07.138Z,2026-09-10 10:31:00,23.651,13.504,0.180,サーバー(直接取得)
cam51,2026-09-10T01:32:07.258Z,2026-09-10 10:30:22,23.595,13.601,0.100,サーバー(直接取得)
cam52,2026-09-10T01:32:07.268Z,2026-09-10 10:30:25,19.572,13.003,0.370,サーバー(直接取得)
cam53,2026-09-10T01:32:07.298Z,2026-09-10 10:30:27,16.958,12.827,0.030,サーバー(直接取得)
cam54,2026-09-10T01:32:07.307Z,2026-09-10 10:30:21,19.001,12.137,0.070,サーバー(直接取得)
cam55,2026-09-10T01:32:07.399Z,2026-09-10 10:30:22,17.102,12.146,1.140,サーバー(直接取得)
kw01,2026-09-10T01:32:07.510Z,2026/09/10 10:20,,,0.630,サーバー(国交省 川の防災情報)
kw02,2026-09-10T01:32:07.531Z,2026/09/10 10:20,,,0.400,サーバー(国交省 川の防災情報)
kw03,2026-09-10T01:32:07.551Z,2026/09/10 10:20,,,1.030,サーバー(国交省 川の防災情報)
kw04,2026-09-10T01:32:07.570Z,2026/09/10 10:20,,,0.890,サーバー(国交省 川の防災情報)
kw05,2026-09-10T01:32:07.651Z,2026/09/10 10:25,,,-1.290,サーバー(国交省 川の防災情報)
kw06,2026-09-10T01:32:07.870Z,2026/09/10 09:00,,,-2.370,サーバー(国交省 川の防災情報)
kw07,2026-09-10T01:32:07.897Z,2026/09/10 09:00,,,-4.190,サーバー(国交省 川の防災情報)
kw08,2026-09-10T01:32:08.115Z,2026/09/10 10:20,,,0.740,サーバー(国交省 川の防災情報)
kw09,2026-09-10T01:32:08.122Z,2026/09/10 10:00,,,-4.040,サーバー(国交省 川の防災情報)
kw10,2026-09-10T01:32:08.214Z,2026/09/10 10:20,,,0.290,サーバー(国交省 川の防災情報)
kw11,2026-09-10T01:32:08.313Z,2026/09/10 10:20,,,0.660,サーバー(国交省 川の防災情報)
cam02,2026-09-10T06:34:44.567Z,2026-09-10 15:30:07,17.038,12.207,0.470,サーバー(直接取得)
cam03,2026-09-10T06:34:44.568Z,2026-09-10 15:20:13,17.070,12.700,-4.410,サーバー(直接取得)
cam04,2026-09-10T06:34:44.570Z,2026-09-10 15:30:07,17.102,12.708,1.060,サーバー(直接取得)
cam08,2026-09-10T06:34:44.571Z,2026-09-10 15:30:21,17.038,12.638,0.120,サーバー(直接取得)
cam09,2026-09-10T06:34:45.380Z,2026-09-10 15:30:24,17.513,12.511,0.310,サーバー(直接取得)
cam11,2026-09-10T06:34:45.392Z,2026-09-10 15:30:07,17.151,12.647,0.506,サーバー(直接取得)
cam12,2026-09-10T06:34:45.533Z,2026-09-10 15:30:07,17.102,12.251,-0.069,サーバー(直接取得)
cam13,2026-09-10T06:34:45.546Z,2026-09-10 15:30:07,17.030,12.862,0.050,サーバー(直接取得)
cam14,2026-09-10T06:34:45.549Z,2026-09-10 15:30:20,17.175,12.880,0.037,サーバー(直接取得)
cam36,2026-09-10T06:34:45.609Z,2026-09-10 15:30:07,17.014,12.752,0.023,サーバー(直接取得)
cam39,2026-09-10T06:34:45.644Z,2026-09-10 15:34:06,24.085,13.385,0.055,サーバー(直接取得)
cam40,2026-09-10T06:34:45.762Z,2026-09-10 15:30:07,17.014,12.845,0.212,サーバー(直接取得)
cam41,2026-09-10T06:34:45.772Z,2026-09-10 15:30:03,17.070,13.069,0.117,サーバー(直接取得)
cam42,2026-09-10T06:34:45.780Z,2026-09-10 15:30:20,16.998,12.137,0.390,サーバー(直接取得)
cam43,2026-09-10T06:34:45.839Z,2026-09-10 15:30:18,17.159,12.612,0.460,サーバー(直接取得)
cam44,2026-09-10T06:34:45.874Z,2026-09-10 15:30:03,16.974,12.339,0.170,サーバー(直接取得)
cam45,2026-09-10T06:34:45.984Z,2026-09-10 15:20:03,17.078,12.427,0.340,サーバー(直接取得)
cam46,2026-09-10T06:34:46.008Z,2026-09-10 15:20:17,17.448,12.445,0.670,サーバー(直接取得)
cam47,2026-09-10T06:34:46.013Z,2026-09-10 15:30:06,17.440,12.304,0.474,サーバー(直接取得)
cam48,2026-09-10T06:34:46.072Z,2026-09-10 15:30:03,24.174,13.755,-16.310,サーバー(直接取得)
cam50,2026-09-10T06:34:46.104Z,2026-09-10 15:34:00,23.635,13.500,0.180,サーバー(直接取得)
cam51,2026-09-10T06:34:46.213Z,2026-09-10 15:34:20,23.611,13.605,0.090,サーバー(直接取得)
cam52,2026-09-10T06:34:46.239Z,2026-09-10 15:30:25,17.971,12.853,0.350,サーバー(直接取得)
cam53,2026-09-10T06:34:46.242Z,2026-09-10 15:30:44,16.950,12.546,0.030,サーバー(直接取得)
cam54,2026-09-10T06:34:46.302Z,2026-09-10 15:30:20,17.818,12.757,0.070,サーバー(直接取得)
cam55,2026-09-10T06:34:46.333Z,2026-09-10 15:30:22,18.108,12.642,1.140,サーバー(直接取得)
kw01,2026-09-10T06:34:46.438Z,2026/09/10 15:20,,,0.600,サーバー(国交省 川の防災情報)
kw02,2026-09-10T06:34:46.465Z,2026/09/10 15:20,,,0.330,サーバー(国交省 川の防災情報)
kw03,2026-09-10T06:34:46.484Z,2026/09/10 15:20,,,1.040,サーバー(国交省 川の防災情報)
kw04,2026-09-10T06:34:46.530Z,2026/09/10 15:20,,,0.930,サーバー(国交省 川の防災情報)
kw05,2026-09-10T06:34:46.562Z,2026/09/10 11:45,,,-1.290,サーバー(国交省 川の防災情報)
kw06,2026-09-10T06:34:46.955Z,2026/09/10 09:00,,,-2.370,サーバー(国交省 川の防災情報)
kw07,2026-09-10T06:34:46.971Z,2026/09/10 09:00,,,-4.190,サーバー(国交省 川の防災情報)
kw08,2026-09-10T06:34:46.972Z,2026/09/10 15:20,,,0.680,サーバー(国交省 川の防災情報)
kw09,2026-09-10T06:34:46.992Z,2026/09/10 10:00,,,-4.040,サーバー(国交省 川の防災情報)
kw10,2026-09-10T06:34:47.004Z,2026/09/10 15:20,,,0.260,サーバー(国交省 川の防災情報)
kw11,2026-09-10T06:34:47.160Z,2026/09/10 15:20,,,0.490,サーバー(国交省 川の防災情報)
cam02,2026-09-10T11:44:37.693Z,2026-09-10 20:40:06,0.193,11.825,0.490,サーバー(直接取得)
cam03,2026-09-10T11:44:37.695Z,2026-09-10 20:40:13,0.538,12.480,-4.580,サーバー(直接取得)
cam04,2026-09-10T11:44:37.696Z,2026-09-10 20:40:07,0.305,12.313,1.070,サーバー(直接取得)
cam08,2026-09-10T11:44:37.697Z,2026-09-10 20:40:21,0.917,12.269,0.120,サーバー(直接取得)
cam09,2026-09-10T11:44:38.392Z,2026-09-10 20:40:12,1.793,12.062,0.310,サーバー(直接取得)
cam11,2026-09-10T11:44:38.396Z,2026-09-10 20:40:06,1.061,12.238,0.471,サーバー(直接取得)
cam12,2026-09-10T11:44:38.494Z,2026-09-10 20:40:06,0.249,11.965,-0.066,サーバー(直接取得)
cam13,2026-09-10T11:44:38.505Z,2026-09-10 20:40:06,0.305,12.546,0.051,サーバー(直接取得)
cam14,2026-09-10T11:44:38.620Z,2026-09-10 20:40:15,0.386,12.563,0.037,サーバー(直接取得)
cam36,2026-09-10T11:44:38.638Z,2026-09-10 20:40:07,0.305,12.357,0.029,サーバー(直接取得)
cam39,2026-09-10T11:44:38.661Z,2026-09-10 20:44:05,24.085,13.381,0.059,サーバー(直接取得)
cam40,2026-09-10T11:44:38.720Z,2026-09-10 20:40:06,0.378,12.427,0.212,サーバー(直接取得)
cam41,2026-09-10T11:44:38.733Z,2026-09-10 20:40:03,1.126,12.625,0.121,サーバー(直接取得)
cam42,2026-09-10T11:44:38.851Z,2026-09-10 20:40:12,0.313,11.838,0.390,サーバー(直接取得)
cam43,2026-09-10T11:44:38.877Z,2026-09-10 20:40:14,0.345,12.190,0.460,サーバー(直接取得)
cam44,2026-09-10T11:44:38.947Z,2026-09-10 20:40:03,0.981,12.207,0.180,サーバー(直接取得)
cam45,2026-09-10T11:44:38.962Z,2026-09-10 20:40:03,0.603,12.150,0.350,サーバー(直接取得)
cam46,2026-09-10T11:44:39.091Z,2026-09-10 20:40:09,0.474,12.009,0.630,サーバー(直接取得)
cam47,2026-09-10T11:44:39.120Z,2026-09-10 20:40:06,1.729,11.930,0.441,サーバー(直接取得)
cam48,2026-09-10T11:44:39.182Z,2026-09-10 20:40:03,24.174,13.750,-16.450,サーバー(直接取得)
cam50,2026-09-10T11:44:39.194Z,2026-09-10 20:44:00,23.611,13.504,0.180,サーバー(直接取得)
cam51,2026-09-10T11:44:39.313Z,2026-09-10 20:44:16,23.442,13.618,0.090,サーバー(直接取得)
cam52,2026-09-10T11:44:39.322Z,2026-09-10 20:40:11,0.402,12.317,0.340,サーバー(直接取得)
cam53,2026-09-10T11:44:39.342Z,2026-09-10 20:40:04,0.418,12.234,0.040,サーバー(直接取得)
cam54,2026-09-10T11:44:39.410Z,2026-09-10 20:40:20,0.426,12.489,0.080,サーバー(直接取得)
cam55,2026-09-10T11:44:39.418Z,2026-09-10 20:40:21,0.788,12.326,0.700,サーバー(直接取得)
kw01,2026-09-10T11:44:39.558Z,2026/09/10 20:30,,,0.570,サーバー(国交省 川の防災情報)
kw02,2026-09-10T11:44:39.565Z,2026/09/10 20:30,,,0.300,サーバー(国交省 川の防災情報)
kw03,2026-09-10T11:44:39.568Z,2026/09/10 20:30,,,1.030,サーバー(国交省 川の防災情報)
kw04,2026-09-10T11:44:39.634Z,2026/09/10 20:30,,,0.810,サーバー(国交省 川の防災情報)
kw05,2026-09-10T11:44:39.687Z,2026/09/10 11:45,,,-1.290,サーバー(国交省 川の防災情報)
kw06,2026-09-10T11:44:40.323Z,2026/09/10 09:00,,,-2.370,サーバー(国交省 川の防災情報)
kw07,2026-09-10T11:44:40.351Z,2026/09/10 09:00,,,-4.190,サーバー(国交省 川の防災情報)
kw08,2026-09-10T11:44:40.357Z,2026/09/10 20:30,,,0.630,サーバー(国交省 川の防災情報)
kw09,2026-09-10T11:44:40.358Z,2026/09/10 10:00,,,-4.040,サーバー(国交省 川の防災情報)
kw10,2026-09-10T11:44:40.408Z,2026/09/10 20:30,,,0.240,サーバー(国交省 川の防災情報)
kw11,2026-09-10T11:44:40.507Z,2026/09/10 20:30,,,0.400,サーバー(国交省 川の防災情報)
cam02,2026-09-10T15:11:13.647Z,2026-09-11 00:10:07,0.168,11.741,0.490,サーバー(直接取得)
cam03,2026-09-10T15:11:13.649Z,2026-09-11 00:10:11,0.530,12.427,-3.650,サーバー(直接取得)
cam04,2026-09-10T15:11:13.650Z,2026-09-11 00:10:07,0.281,12.190,1.050,サーバー(直接取得)
cam08,2026-09-10T15:11:13.652Z,2026-09-11 00:10:21,0.643,12.181,0.150,サーバー(直接取得)
cam09,2026-09-10T15:11:14.256Z,2026-09-11 00:10:18,1.866,12.031,0.310,サーバー(直接取得)
cam11,2026-09-10T15:11:14.259Z,2026-09-11 00:10:06,1.061,12.110,0.532,サーバー(直接取得)
cam12,2026-09-10T15:11:14.361Z,2026-09-11 00:10:06,0.233,11.926,-0.055,サーバー(直接取得)
cam13,2026-09-10T15:11:14.375Z,2026-09-11 00:10:06,0.257,12.423,0.058,サーバー(直接取得)
cam14,2026-09-10T15:11:14.478Z,2026-09-11 00:10:18,0.289,12.480,0.047,サーバー(直接取得)
cam36,2026-09-10T15:11:14.500Z,2026-09-11 00:10:07,0.281,12.251,0.032,サーバー(直接取得)
cam39,2026-09-10T15:11:14.528Z,2026-09-11 00:10:05,24.093,13.412,0.061,サーバー(直接取得)
cam40,2026-09-10T15:11:14.582Z,2026-09-11 00:10:06,0.321,12.313,0.245,サーバー(直接取得)
cam41,2026-09-10T15:11:14.601Z,2026-09-11 00:10:03,1.126,12.550,0.121,サーバー(直接取得)
cam42,2026-09-10T15:11:14.703Z,2026-09-11 00:00:16,0.281,11.763,0.400,サーバー(直接取得)
cam43,2026-09-10T15:11:14.721Z,2026-09-11 00:00:14,0.313,12.146,0.470,サーバー(直接取得)
cam44,2026-09-10T15:11:14.741Z,2026-09-11 00:10:03,0.981,12.172,0.180,サーバー(直接取得)
cam45,2026-09-10T15:11:14.797Z,2026-09-11 00:10:03,0.563,12.058,0.350,サーバー(直接取得)
cam46,2026-09-10T15:11:14.820Z,2026-09-11 00:00:13,0.442,11.965,0.810,サーバー(直接取得)
cam47,2026-09-10T15:11:14.930Z,2026-09-11 00:10:06,1.745,11.838,0.427,サーバー(直接取得)
cam48,2026-09-10T15:11:14.949Z,2026-09-11 00:10:03,24.182,13.741,-16.310,サーバー(直接取得)
cam50,2026-09-10T15:11:14.954Z,2026-09-11 00:07:00,23.611,13.504,0.200,サーバー(直接取得)
cam51,2026-09-10T15:11:15.018Z,2026-09-11 00:10:15,23.426,13.623,0.110,サーバー(直接取得)
cam52,2026-09-10T15:11:15.038Z,2026-09-11 00:10:14,0.394,12.242,0.340,サーバー(直接取得)
cam53,2026-09-10T15:11:15.150Z,2026-09-11 00:10:13,0.402,12.150,0.040,サーバー(直接取得)
cam54,2026-09-10T15:11:15.173Z,2026-09-11 00:10:21,0.410,12.462,0.080,サーバー(直接取得)
cam55,2026-09-10T15:11:15.179Z,2026-09-11 00:10:20,0.740,12.273,0.740,サーバー(直接取得)
kw05,2026-09-10T15:11:15.405Z,2026/09/11 00:10,,,-0.650,サーバー(国交省 川の防災情報)
kw07,2026-09-10T15:11:15.934Z,2026/09/10 09:00,,,-4.190,サーバー(国交省 川の防災情報)
cam02,2026-09-10T18:24:44.961Z,2026-09-11 03:20:07,0.168,11.688,0.490,サーバー(直接取得)
cam03,2026-09-10T18:24:44.963Z,2026-09-11 03:20:11,0.538,12.387,-4.120,サーバー(直接取得)
cam04,2026-09-10T18:24:44.964Z,2026-09-11 03:20:07,0.273,12.150,1.070,サーバー(直接取得)
cam08,2026-09-10T18:24:44.964Z,2026-09-11 03:20:21,0.643,12.119,0.120,サーバー(直接取得)
cam09,2026-09-10T18:24:45.822Z,2026-09-11 03:20:19,1.810,11.987,0.320,サーバー(直接取得)
cam11,2026-09-10T18:24:45.830Z,2026-09-11 03:20:06,1.061,12.067,0.536,サーバー(直接取得)
cam12,2026-09-10T18:24:45.982Z,2026-09-11 03:20:06,0.233,11.882,-0.055,サーバー(直接取得)
cam13,2026-09-10T18:24:45.988Z,2026-09-11 03:20:06,0.273,12.383,0.059,サーバー(直接取得)
cam14,2026-09-10T18:24:46.093Z,2026-09-11 03:20:23,0.289,12.427,0.047,サーバー(直接取得)
cam36,2026-09-10T18:24:46.112Z,2026-09-11 03:20:07,0.281,12.220,0.032,サーバー(直接取得)
cam39,2026-09-10T18:24:46.141Z,2026-09-11 03:24:05,24.093,13.407,0.059,サーバー(直接取得)
cam40,2026-09-10T18:24:46.255Z,2026-09-11 03:20:06,0.321,12.269,0.294,サーバー(直接取得)
cam41,2026-09-10T18:24:46.264Z,2026-09-11 03:20:03,1.126,12.493,0.129,サーバー(直接取得)
cam42,2026-09-10T18:24:46.392Z,2026-09-11 03:20:11,0.289,11.715,0.410,サーバー(直接取得)
cam43,2026-09-10T18:24:46.393Z,2026-09-11 03:20:14,0.321,12.102,0.460,サーバー(直接取得)
cam44,2026-09-10T18:24:46.419Z,2026-09-11 03:20:03,0.981,12.150,0.180,サーバー(直接取得)
cam45,2026-09-10T18:24:46.550Z,2026-09-11 03:20:03,0.579,12.009,0.350,サーバー(直接取得)
cam46,2026-09-10T18:24:46.561Z,2026-09-11 03:20:12,0.450,11.899,0.740,サーバー(直接取得)
cam47,2026-09-10T18:24:46.663Z,2026-09-11 03:20:06,1.689,11.798,0.444,サーバー(直接取得)
cam48,2026-09-10T18:24:46.683Z,2026-09-11 03:20:03,24.190,13.759,-16.330,サーバー(直接取得)
cam50,2026-09-10T18:24:46.686Z,2026-09-11 03:23:00,23.611,13.504,0.230,サーバー(直接取得)
cam51,2026-09-10T18:24:46.822Z,2026-09-11 03:24:14,23.434,13.623,0.160,サーバー(直接取得)
cam52,2026-09-10T18:24:46.837Z,2026-09-11 03:20:11,0.386,12.220,0.340,サーバー(直接取得)
cam53,2026-09-10T18:24:46.933Z,2026-09-11 03:20:09,0.394,12.124,0.040,サーバー(直接取得)
cam54,2026-09-10T18:24:46.950Z,2026-09-11 03:20:20,0.410,12.418,0.090,サーバー(直接取得)
cam55,2026-09-10T18:24:46.956Z,2026-09-11 03:20:21,0.756,12.256,0.720,サーバー(直接取得)
kw01,2026-09-10T18:24:47.107Z,2026/09/11 03:10,,,0.620,サーバー(国交省 川の防災情報)
kw02,2026-09-10T18:24:47.111Z,2026/09/11 03:10,,,0.370,サーバー(国交省 川の防災情報)
kw03,2026-09-10T18:24:47.199Z,2026/09/11 03:10,,,1.090,サーバー(国交省 川の防災情報)
kw04,2026-09-10T18:24:47.215Z,2026/09/11 03:10,,,0.910,サーバー(国交省 川の防災情報)
kw05,2026-09-10T18:24:47.229Z,2026/09/11 00:35,,,-1.280,サーバー(国交省 川の防災情報)
kw06,2026-09-10T18:24:47.576Z,2026/09/10 09:00,,,-2.370,サーバー(国交省 川の防災情報)
kw07,2026-09-10T18:24:47.599Z,2026/09/10 09:00,,,-4.190,サーバー(国交省 川の防災情報)
kw08,2026-09-10T18:24:47.811Z,2026/09/11 03:10,,,0.700,サーバー(国交省 川の防災情報)
kw09,2026-09-10T18:24:47.851Z,2026/09/10 10:00,,,-4.040,サーバー(国交省 川の防災情報)
kw10,2026-09-10T18:24:47.974Z,2026/09/11 03:10,,,0.280,サーバー(国交省 川の防災情報)
kw11,2026-09-10T18:24:47.991Z,2026/09/11 03:10,,,0.410,サーバー(国交省 川の防災情報)
cam02,2026-09-10T21:00:12.070Z,2026-09-11 05:50:07,2.759,11.732,0.530,サーバー(直接取得)
cam03,2026-09-10T21:00:12.071Z,2026-09-11 05:50:18,2.220,12.348,-4.140,サーバー(直接取得)
cam04,2026-09-10T21:00:12.072Z,2026-09-11 05:50:06,2.743,12.212,1.050,サーバー(直接取得)
cam08,2026-09-10T21:00:12.073Z,2026-09-11 05:50:21,3.081,12.203,0.150,サーバー(直接取得)
cam09,2026-09-10T21:00:12.833Z,2026-09-11 05:50:11,3.829,12.062,0.320,サーバー(直接取得)
cam11,2026-09-10T21:00:12.834Z,2026-09-11 05:50:06,5.542,12.146,0.762,サーバー(直接取得)
cam12,2026-09-10T21:00:13.140Z,2026-09-11 05:50:07,2.437,11.882,-0.042,サーバー(直接取得)
cam13,2026-09-10T21:00:13.169Z,2026-09-11 05:50:07,3.225,12.365,0.163,サーバー(直接取得)
cam14,2026-09-10T21:00:13.257Z,2026-09-11 05:50:16,2.614,12.484,0.097,サーバー(直接取得)
cam36,2026-09-10T21:00:13.262Z,2026-09-11 05:50:06,3.209,12.286,0.060,サーバー(直接取得)
cam39,2026-09-10T21:00:13.416Z,2026-09-11 05:58:05,24.085,13.390,0.070,サーバー(直接取得)
cam40,2026-09-10T21:00:13.417Z,2026-09-11 05:50:06,4.054,12.330,0.661,サーバー(直接取得)
cam41,2026-09-10T21:00:13.454Z,2026-09-11 05:50:03,2.196,12.471,0.202,サーバー(直接取得)
cam42,2026-09-10T21:00:13.509Z,2026-09-11 05:50:13,5.566,11.688,0.520,サーバー(直接取得)
cam43,2026-09-10T21:00:13.518Z,2026-09-11 05:50:17,5.044,12.159,0.470,サーバー(直接取得)
cam44,2026-09-10T21:00:13.667Z,2026-09-11 05:50:03,2.131,12.132,0.190,サーバー(直接取得)
cam45,2026-09-10T21:00:13.680Z,2026-09-11 05:50:03,2.147,11.996,0.400,サーバー(直接取得)
cam46,2026-09-10T21:00:13.703Z,2026-09-11 05:50:16,4.094,11.957,0.770,サーバー(直接取得)
cam47,2026-09-10T21:00:13.758Z,2026-09-11 05:50:06,4.633,11.856,0.473,サーバー(直接取得)
cam48,2026-09-10T21:00:13.771Z,2026-09-11 05:50:03,24.174,13.768,-16.140,サーバー(直接取得)
cam50,2026-09-10T21:00:13.920Z,2026-09-11 05:59:00,23.619,13.504,0.430,サーバー(直接取得)
cam51,2026-09-10T21:00:13.936Z,2026-09-11 05:58:13,23.442,13.623,0.570,サーバー(直接取得)
cam52,2026-09-10T21:00:13.960Z,2026-09-11 05:50:24,12.115,12.291,0.390,サーバー(直接取得)
cam53,2026-09-10T21:00:14.011Z,2026-09-11 05:50:28,3.515,12.102,0.110,サーバー(直接取得)
cam54,2026-09-10T21:00:14.023Z,2026-09-11 05:50:21,3.201,12.392,0.110,サーバー(直接取得)
cam55,2026-09-10T21:00:14.168Z,2026-09-11 05:50:21,9.106,12.190,0.720,サーバー(直接取得)
cam02,2026-09-10T22:58:39.562Z,2026-09-11 07:50:07,17.086,11.768,1.140,サーバー(直接取得)
cam03,2026-09-10T22:58:39.564Z,2026-09-11 07:50:17,17.086,12.365,-4.210,サーバー(直接取得)
cam04,2026-09-10T22:58:39.565Z,2026-09-11 07:50:07,17.167,12.247,1.220,サーバー(直接取得)
cam08,2026-09-10T22:58:39.566Z,2026-09-11 07:50:20,17.086,12.251,0.290,サーバー(直接取得)
cam09,2026-09-10T22:58:40.293Z,2026-09-11 07:50:17,17.191,12.102,0.370,サーバー(直接取得)
cam11,2026-09-10T22:58:40.295Z,2026-09-11 07:50:06,17.239,12.198,1.218,サーバー(直接取得)
cam12,2026-09-10T22:58:40.421Z,2026-09-11 07:50:07,17.135,11.908,0.213,サーバー(直接取得)
cam13,2026-09-10T22:58:40.431Z,2026-09-11 07:50:06,17.143,12.418,0.184,サーバー(直接取得)
cam14,2026-09-10T22:58:40.520Z,2026-09-11 07:50:19,17.030,12.502,0.167,サーバー(直接取得)
cam36,2026-09-10T22:58:40.525Z,2026-09-11 07:50:07,17.062,12.317,0.167,サーバー(直接取得)
cam39,2026-09-10T22:58:40.542Z,2026-09-11 07:58:06,24.085,13.390,0.085,サーバー(直接取得)
cam40,2026-09-10T22:58:40.648Z,2026-09-11 07:50:07,17.038,12.379,0.816,サーバー(直接取得)
cam41,2026-09-10T22:58:40.659Z,2026-09-11 07:50:03,17.062,12.532,0.211,サーバー(直接取得)
cam42,2026-09-10T22:58:40.739Z,2026-09-11 07:50:14,17.086,11.715,0.530,サーバー(直接取得)
cam43,2026-09-10T22:58:40.752Z,2026-09-11 07:50:19,17.191,12.181,0.490,サーバー(直接取得)
cam44,2026-09-10T22:58:40.755Z,2026-09-11 07:50:03,12.155,12.128,0.190,サーバー(直接取得)
cam45,2026-09-10T22:58:40.864Z,2026-09-11 07:50:03,16.998,12.005,0.430,サーバー(直接取得)
cam46,2026-09-10T22:58:40.875Z,2026-09-11 07:50:16,17.022,11.996,1.400,サーバー(直接取得)
cam47,2026-09-10T22:58:40.959Z,2026-09-11 07:50:07,17.022,11.891,0.491,サーバー(直接取得)
cam48,2026-09-10T22:58:40.977Z,2026-09-11 07:50:03,24.174,13.746,-16.300,サーバー(直接取得)
cam50,2026-09-10T22:58:40.979Z,2026-09-11 07:55:00,23.651,13.504,0.540,サーバー(直接取得)
cam51,2026-09-10T22:58:41.080Z,2026-09-11 07:58:21,23.587,13.601,0.500,サーバー(直接取得)
cam52,2026-09-10T22:58:41.094Z,2026-09-11 07:50:16,17.070,12.352,0.600,サーバー(直接取得)
cam53,2026-09-10T22:58:41.183Z,2026-09-11 07:50:04,16.998,12.163,0.120,サーバー(直接取得)
cam54,2026-09-10T22:58:41.194Z,2026-09-11 07:50:21,17.127,12.427,0.100,サーバー(直接取得)
cam55,2026-09-10T22:58:41.200Z,2026-09-11 07:50:21,17.207,12.242,1.450,サーバー(直接取得)
kw01,2026-09-10T22:58:41.300Z,2026/09/11 07:50,,,1.600,サーバー(国交省 川の防災情報)
kw02,2026-09-10T22:58:41.309Z,2026/09/11 07:50,,,1.840,サーバー(国交省 川の防災情報)
kw03,2026-09-10T22:58:41.398Z,2026/09/11 07:50,,,1.520,サーバー(国交省 川の防災情報)
kw04,2026-09-10T22:58:41.416Z,2026/09/11 07:50,,,1.460,サーバー(国交省 川の防災情報)
kw05,2026-09-10T22:58:41.463Z,2026/09/11 00:35,,,-1.280,サーバー(国交省 川の防災情報)
kw06,2026-09-10T22:58:41.636Z,2026/09/10 09:00,,,-2.370,サーバー(国交省 川の防災情報)
kw07,2026-09-10T22:58:41.669Z,2026/09/10 09:00,,,-4.190,サーバー(国交省 川の防災情報)
kw08,2026-09-10T22:58:41.670Z,2026/09/11 07:50,,,2.520,サーバー(国交省 川の防災情報)
kw09,2026-09-10T22:58:41.670Z,2026/09/10 10:00,,,-4.040,サーバー(国交省 川の防災情報)
kw10,2026-09-10T22:58:41.712Z,2026/09/11 07:50,,,1.380,サーバー(国交省 川の防災情報)
kw11,2026-09-10T22:58:41.842Z,2026/09/11 07:50,,,1.150,サーバー(国交省 川の防災情報)
cam02,2026-09-11T00:49:46.202Z,2026-09-11 09:40:07,18.679,11.992,1.570,サーバー(直接取得)
cam03,2026-09-11T00:49:46.204Z,2026-09-11 09:40:15,17.086,12.506,-4.580,サーバー(直接取得)
cam04,2026-09-11T00:49:46.205Z,2026-09-11 09:40:07,17.143,12.726,1.340,サーバー(直接取得)
cam08,2026-09-11T00:49:46.206Z,2026-09-11 09:40:21,17.054,12.691,0.220,サーバー(直接取得)
cam09,2026-09-11T00:49:47.031Z,2026-09-11 09:40:19,18.454,12.357,0.320,サーバー(直接取得)
cam11,2026-09-11T00:49:47.036Z,2026-09-11 09:40:07,17.159,12.493,1.026,サーバー(直接取得)
cam12,2026-09-11T00:49:47.300Z,2026-09-11 09:40:07,18.116,12.089,-0.047,サーバー(直接取得)
cam13,2026-09-11T00:49:47.311Z,2026-09-11 09:40:06,17.038,12.849,0.129,サーバー(直接取得)
cam14,2026-09-11T00:49:47.327Z,2026-09-11 09:40:24,16.966,12.686,0.127,サーバー(直接取得)
cam36,2026-09-11T00:49:47.333Z,2026-09-11 09:40:06,17.030,12.625,0.059,サーバー(直接取得)
cam39,2026-09-11T00:49:47.560Z,2026-09-11 09:48:06,24.093,13.385,0.064,サーバー(直接取得)
cam40,2026-09-11T00:49:47.570Z,2026-09-11 09:40:07,17.030,12.691,0.589,サーバー(直接取得)
cam41,2026-09-11T00:49:47.583Z,2026-09-11 09:40:03,17.102,12.906,0.177,サーバー(直接取得)
cam42,2026-09-11T00:49:47.600Z,2026-09-11 09:40:16,17.014,11.869,0.490,サーバー(直接取得)
cam43,2026-09-11T00:49:47.611Z,2026-09-11 09:40:17,17.159,12.321,0.490,サーバー(直接取得)
cam44,2026-09-11T00:49:47.829Z,2026-09-11 09:40:03,16.974,12.176,0.190,サーバー(直接取得)
cam45,2026-09-11T00:49:47.836Z,2026-09-11 09:40:03,17.119,12.335,0.410,サーバー(直接取得)
cam46,2026-09-11T00:49:47.855Z,2026-09-11 09:40:18,17.883,12.146,0.660,サーバー(直接取得)
cam47,2026-09-11T00:49:47.864Z,2026-09-11 09:40:07,16.982,12.163,0.474,サーバー(直接取得)
cam48,2026-09-11T00:49:47.887Z,2026-09-11 09:40:03,24.182,13.755,-16.320,サーバー(直接取得)
cam50,2026-09-11T00:49:48.092Z,2026-09-11 09:47:00,23.619,13.504,0.320,サーバー(直接取得)
cam51,2026-09-11T00:49:48.101Z,2026-09-11 09:48:24,23.587,13.605,0.420,サーバー(直接取得)
cam52,2026-09-11T00:49:48.116Z,2026-09-11 09:40:21,17.625,12.559,0.640,サーバー(直接取得)
cam53,2026-09-11T00:49:48.124Z,2026-09-11 09:40:08,16.974,12.409,2.330,サーバー(直接取得)
cam54,2026-09-11T00:49:48.153Z,2026-09-11 09:40:20,18.486,12.722,0.080,サーバー(直接取得)
cam55,2026-09-11T00:49:48.352Z,2026-09-11 09:40:21,18.092,12.480,1.250,サーバー(直接取得)
kw01,2026-09-11T00:49:48.362Z,2026/09/11 09:40,,,1.400,サーバー(国交省 川の防災情報)
kw02,2026-09-11T00:49:48.377Z,2026/09/11 09:40,,,1.570,サーバー(国交省 川の防災情報)
kw03,2026-09-11T00:49:48.379Z,2026/09/11 09:40,,,1.320,サーバー(国交省 川の防災情報)
kw04,2026-09-11T00:49:48.450Z,2026/09/11 09:40,,,1.360,サーバー(国交省 川の防災情報)
kw05,2026-09-11T00:49:48.618Z,2026/09/11 09:00,,,-1.160,サーバー(国交省 川の防災情報)
kw06,2026-09-11T00:49:49.117Z,2026/09/11 09:00,,,-2.070,サーバー(国交省 川の防災情報)
kw07,2026-09-11T00:49:49.173Z,2026/09/11 09:00,,,-3.860,サーバー(国交省 川の防災情報)
kw08,2026-09-11T00:49:49.198Z,2026/09/11 09:40,,,2.280,サーバー(国交省 川の防災情報)
kw09,2026-09-11T00:49:49.200Z,2026/09/10 10:00,,,-4.040,サーバー(国交省 川の防災情報)
kw10,2026-09-11T00:49:49.209Z,2026/09/11 09:40,,,1.090,サーバー(国交省 川の防災情報)
kw11,2026-09-11T00:49:49.343Z,2026/09/11 09:40,,,1.600,サーバー(国交省 川の防災情報)
cam02,2026-09-11T05:19:56.654Z,2026-09-11 14:10:07,17.038,11.996,1.120,サーバー(直接取得)
cam03,2026-09-11T05:19:56.655Z,2026-09-11 14:10:17,17.078,12.449,-4.490,サーバー(直接取得)
cam04,2026-09-11T05:19:56.656Z,2026-09-11 14:10:07,17.111,12.651,1.050,サーバー(直接取得)
cam08,2026-09-11T05:19:56.656Z,2026-09-11 13:40:21,17.054,12.616,0.200,サーバー(直接取得)
cam09,2026-09-11T05:19:57.610Z,2026-09-11 14:13:00,17.601,12.256,0.320,サーバー(直接取得)
cam11,2026-09-11T05:19:57.625Z,2026-09-11 14:10:07,17.151,12.387,0.743,サーバー(直接取得)
cam12,2026-09-11T05:19:57.722Z,2026-09-11 14:10:07,17.111,12.075,-0.066,サーバー(直接取得)
cam13,2026-09-11T05:19:57.729Z,2026-09-11 14:10:07,17.030,12.862,0.078,サーバー(直接取得)
cam14,2026-09-11T05:19:57.740Z,2026-09-11 14:10:23,16.950,12.686,0.087,サーバー(直接取得)
cam36,2026-09-11T05:19:57.834Z,2026-09-11 14:10:07,17.014,12.682,0.034,サーバー(直接取得)
cam39,2026-09-11T05:19:57.839Z,2026-09-11 14:18:06,24.093,13.381,0.058,サーバー(直接取得)
cam40,2026-09-11T05:19:57.940Z,2026-09-11 14:10:07,17.014,12.713,0.339,サーバー(直接取得)
cam41,2026-09-11T05:19:57.955Z,2026-09-11 14:10:03,17.062,12.823,0.139,サーバー(直接取得)
cam42,2026-09-11T05:19:57.957Z,2026-09-11 14:10:16,17.006,11.772,0.410,サーバー(直接取得)
cam43,2026-09-11T05:19:58.058Z,2026-09-11 14:10:21,17.255,12.207,0.480,サーバー(直接取得)
cam44,2026-09-11T05:19:58.067Z,2026-09-11 14:10:03,16.934,12.146,0.170,サーバー(直接取得)
cam45,2026-09-11T05:19:58.159Z,2026-09-11 14:10:03,17.078,12.168,0.370,サーバー(直接取得)
cam46,2026-09-11T05:19:58.171Z,2026-09-11 14:10:19,17.159,12.014,0.610,サーバー(直接取得)
cam47,2026-09-11T05:19:58.187Z,2026-09-11 14:10:07,16.966,12.080,0.455,サーバー(直接取得)
cam48,2026-09-11T05:19:58.272Z,2026-09-11 14:10:03,24.190,13.759,-16.130,サーバー(直接取得)
cam50,2026-09-11T05:19:58.298Z,2026-09-11 14:19:00,23.619,13.504,0.240,サーバー(直接取得)
cam51,2026-09-11T05:19:58.374Z,2026-09-11 14:18:21,23.603,13.605,0.200,サーバー(直接取得)
cam52,2026-09-11T05:19:58.395Z,2026-09-11 14:10:24,17.094,12.458,0.530,サーバー(直接取得)
cam53,2026-09-11T05:19:58.408Z,2026-09-11 14:10:16,16.966,12.445,0.030,サーバー(直接取得)
cam54,2026-09-11T05:19:58.491Z,2026-09-11 14:10:21,18.044,12.678,0.060,サーバー(直接取得)
cam55,2026-09-11T05:19:58.511Z,2026-09-11 14:10:21,17.754,12.348,1.100,サーバー(直接取得)
kw01,2026-09-11T05:19:58.593Z,2026/09/11 14:10,,,0.970,サーバー(国交省 川の防災情報)
kw02,2026-09-11T05:19:58.615Z,2026/09/11 14:10,,,0.910,サーバー(国交省 川の防災情報)
kw03,2026-09-11T05:19:58.629Z,2026/09/11 14:10,,,1.120,サーバー(国交省 川の防災情報)
kw04,2026-09-11T05:19:58.710Z,2026/09/11 14:10,,,1.130,サーバー(国交省 川の防災情報)
kw05,2026-09-11T05:19:58.745Z,2026/09/11 14:15,,,-1.270,サーバー(国交省 川の防災情報)
kw06,2026-09-11T05:19:59.069Z,2026/09/11 09:00,,,-2.070,サーバー(国交省 川の防災情報)
kw07,2026-09-11T05:19:59.082Z,2026/09/11 09:00,,,-3.860,サーバー(国交省 川の防災情報)
kw08,2026-09-11T05:19:59.095Z,2026/09/11 14:10,,,1.360,サーバー(国交省 川の防災情報)
kw09,2026-09-11T05:19:59.175Z,2026/09/11 10:00,,,-4.040,サーバー(国交省 川の防災情報)
kw10,2026-09-11T05:19:59.279Z,2026/09/11 14:10,,,0.560,サーバー(国交省 川の防災情報)
kw11,2026-09-11T05:19:59.309Z,2026/09/11 14:10,,,1.270,サーバー(国交省 川の防災情報)
cam02,2026-09-11T09:49:38.084Z,2026-09-11 18:40:07,0.225,11.623,0.750,サーバー(直接取得)
cam03,2026-09-11T09:49:38.086Z,2026-09-11 18:40:13,0.538,12.273,-4.580,サーバー(直接取得)
cam04,2026-09-11T09:49:38.087Z,2026-09-11 18:40:06,0.370,12.137,1.050,サーバー(直接取得)
cam08,2026-09-11T09:49:38.087Z,2026-09-11 18:40:21,0.901,12.229,0.140,サーバー(直接取得)
cam09,2026-09-11T09:49:38.930Z,2026-09-11 18:40:15,1.962,11.917,0.330,サーバー(直接取得)
cam11,2026-09-11T09:49:38.931Z,2026-09-11 18:40:06,1.061,12.027,0.606,サーバー(直接取得)
cam12,2026-09-11T09:49:39.071Z,2026-09-11 18:40:06,0.281,11.829,-0.061,サーバー(直接取得)
cam13,2026-09-11T09:49:39.087Z,2026-09-11 18:40:06,0.329,12.357,0.068,サーバー(直接取得)
cam14,2026-09-11T09:49:39.196Z,2026-09-11 18:40:13,0.402,12.326,0.067,サーバー(直接取得)
cam36,2026-09-11T09:49:39.211Z,2026-09-11 18:40:06,0.313,12.185,0.035,サーバー(直接取得)
cam39,2026-09-11T09:49:39.269Z,2026-09-11 18:48:06,24.093,13.381,0.059,サーバー(直接取得)
cam40,2026-09-11T09:49:39.333Z,2026-09-11 18:40:06,0.402,12.247,0.254,サーバー(直接取得)
cam41,2026-09-11T09:49:39.354Z,2026-09-11 18:40:03,1.126,12.462,0.138,サーバー(直接取得)
cam42,2026-09-11T09:49:39.476Z,2026-09-11 18:40:13,0.386,11.623,0.400,サーバー(直接取得)
cam43,2026-09-11T09:49:39.484Z,2026-09-11 18:40:13,0.386,12.005,0.480,サーバー(直接取得)
cam44,2026-09-11T09:49:39.538Z,2026-09-11 18:40:03,0.981,12.080,0.100,サーバー(直接取得)
cam45,2026-09-11T09:49:39.603Z,2026-09-11 18:40:03,0.715,11.948,0.360,サーバー(直接取得)
cam46,2026-09-11T09:49:39.620Z,2026-09-11 18:40:10,0.506,11.772,0.650,サーバー(直接取得)
cam47,2026-09-11T09:49:39.764Z,2026-09-11 18:40:06,1.761,11.737,0.449,サーバー(直接取得)
cam48,2026-09-11T09:49:39.772Z,2026-09-11 18:40:03,24.174,13.746,-16.100,サーバー(直接取得)
cam50,2026-09-11T09:49:39.808Z,2026-09-11 18:49:00,23.619,13.504,0.210,サーバー(直接取得)
cam51,2026-09-11T09:49:39.887Z,2026-09-11 18:48:15,23.442,13.623,0.150,サーバー(直接取得)
cam52,2026-09-11T09:49:39.888Z,2026-09-11 18:40:15,0.458,12.159,0.490,サーバー(直接取得)
cam53,2026-09-11T09:49:40.034Z,2026-09-11 18:40:15,0.506,12.058,0.030,サーバー(直接取得)
cam54,2026-09-11T09:49:40.040Z,2026-09-11 18:40:21,0.514,12.348,0.060,サーバー(直接取得)
cam55,2026-09-11T09:49:40.067Z,2026-09-11 18:40:21,0.836,12.176,1.100,サーバー(直接取得)
kw01,2026-09-11T09:49:40.153Z,2026/09/11 18:40,,,0.820,サーバー(国交省 川の防災情報)
kw02,2026-09-11T09:49:40.171Z,2026/09/11 18:40,,,0.660,サーバー(国交省 川の防災情報)
kw03,2026-09-11T09:49:40.300Z,2026/09/11 18:40,,,1.060,サーバー(国交省 川の防災情報)
kw04,2026-09-11T09:49:40.317Z,2026/09/11 18:40,,,1.040,サーバー(国交省 川の防災情報)
kw05,2026-09-11T09:49:40.333Z,2026/09/11 17:45,,,-1.290,サーバー(国交省 川の防災情報)
kw06,2026-09-11T09:49:40.624Z,2026/09/11 09:00,,,-2.070,サーバー(国交省 川の防災情報)
kw07,2026-09-11T09:49:40.644Z,2026/09/11 09:00,,,-3.860,サーバー(国交省 川の防災情報)
kw08,2026-09-11T09:49:40.675Z,2026/09/11 18:40,,,1.040,サーバー(国交省 川の防災情報)
kw09,2026-09-11T09:49:40.797Z,2026/09/11 10:00,,,-4.040,サーバー(国交省 川の防災情報)
kw10,2026-09-11T09:49:40.882Z,2026/09/11 18:40,,,0.390,サーバー(国交省 川の防災情報)
kw11,2026-09-11T09:49:40.919Z,2026/09/11 18:40,,,0.950,サーバー(国交省 川の防災情報)
cam02,2026-09-11T13:51:54.596Z,2026-09-11 22:50:06,0.168,11.539,0.520,サーバー(直接取得)
cam03,2026-09-11T13:51:54.598Z,2026-09-11 22:50:12,0.530,12.220,-4.580,サーバー(直接取得)
cam04,2026-09-11T13:51:54.599Z,2026-09-11 22:50:07,0.289,12.089,1.060,サーバー(直接取得)
cam08,2026-09-11T13:51:54.600Z,2026-09-11 22:50:21,0.643,12.067,0.100,サーバー(直接取得)
cam09,2026-09-11T13:51:55.374Z,2026-09-11 22:50:14,1.898,11.860,0.330,サーバー(直接取得)
cam11,2026-09-11T13:51:55.376Z,2026-09-11 22:50:06,1.061,11.983,0.594,サーバー(直接取得)
cam12,2026-09-11T13:51:55.590Z,2026-09-11 22:50:07,0.249,11.798,-0.059,サーバー(直接取得)
cam13,2026-09-11T13:51:55.594Z,2026-09-11 22:50:07,0.265,12.313,0.067,サーバー(直接取得)
cam14,2026-09-11T13:51:55.636Z,2026-09-11 22:50:12,0.386,12.282,0.057,サーバー(直接取得)
cam36,2026-09-11T13:51:55.651Z,2026-09-11 22:50:06,0.289,12.146,0.034,サーバー(直接取得)
cam39,2026-09-11T13:51:55.764Z,2026-09-11 22:50:06,24.085,13.412,0.063,サーバー(直接取得)
cam40,2026-09-11T13:51:55.851Z,2026-09-11 22:50:07,0.329,12.198,0.249,サーバー(直接取得)
cam41,2026-09-11T13:51:55.859Z,2026-09-11 22:50:03,1.126,12.440,0.152,サーバー(直接取得)
cam42,2026-09-11T13:51:55.899Z,2026-09-11 22:40:16,0.345,11.561,0.410,サーバー(直接取得)
cam43,2026-09-11T13:51:55.913Z,2026-09-11 22:40:14,0.370,11.948,0.470,サーバー(直接取得)
cam44,2026-09-11T13:51:56.031Z,2026-09-11 22:50:03,0.981,12.062,0.120,サーバー(直接取得)
cam45,2026-09-11T13:51:56.113Z,2026-09-11 22:50:03,0.587,11.908,0.370,サーバー(直接取得)
cam46,2026-09-11T13:51:56.118Z,2026-09-11 22:40:11,0.490,11.715,0.750,サーバー(直接取得)
cam47,2026-09-11T13:51:56.169Z,2026-09-11 22:50:06,1.721,11.684,0.450,サーバー(直接取得)
cam48,2026-09-11T13:51:56.183Z,2026-09-11 22:50:03,24.182,13.741,-16.150,サーバー(直接取得)
cam50,2026-09-11T13:51:56.299Z,2026-09-11 22:51:00,23.611,13.504,0.220,サーバー(直接取得)
cam51,2026-09-11T13:51:56.386Z,2026-09-11 22:50:17,23.442,13.618,0.180,サーバー(直接取得)
cam52,2026-09-11T13:51:56.393Z,2026-09-11 22:50:11,0.394,12.115,0.470,サーバー(直接取得)
cam53,2026-09-11T13:51:56.435Z,2026-09-11 22:40:10,0.402,11.987,0.030,サーバー(直接取得)
cam54,2026-09-11T13:51:56.448Z,2026-09-11 22:50:21,0.410,12.273,0.060,サーバー(直接取得)
cam55,2026-09-11T13:51:56.564Z,2026-09-11 22:50:21,0.788,12.172,1.100,サーバー(直接取得)
kw01,2026-09-11T13:51:56.649Z,2026/09/11 22:40,,,0.780,サーバー(国交省 川の防災情報)
kw02,2026-09-11T13:51:56.664Z,2026/09/11 22:40,,,0.590,サーバー(国交省 川の防災情報)
kw03,2026-09-11T13:51:56.702Z,2026/09/11 22:40,,,1.060,サーバー(国交省 川の防災情報)
kw04,2026-09-11T13:51:56.707Z,2026/09/11 22:40,,,1.010,サーバー(国交省 川の防災情報)
kw05,2026-09-11T13:51:56.834Z,2026/09/11 22:50,,,-0.600,サーバー(国交省 川の防災情報)
kw06,2026-09-11T13:51:57.091Z,2026/09/11 09:00,,,-2.070,サーバー(国交省 川の防災情報)
kw07,2026-09-11T13:51:57.110Z,2026/09/11 09:00,,,-3.860,サーバー(国交省 川の防災情報)
kw08,2026-09-11T13:51:57.270Z,2026/09/11 22:40,,,0.970,サーバー(国交省 川の防災情報)
kw09,2026-09-11T13:51:57.294Z,2026/09/11 10:00,,,-4.040,サーバー(国交省 川の防災情報)
kw10,2026-09-11T13:51:57.418Z,2026/09/11 22:40,,,0.340,サーバー(国交省 川の防災情報)
kw11,2026-09-11T13:51:57.465Z,2026/09/11 22:40,,,0.750,サーバー(国交省 川の防災情報)
cam02,2026-09-11T17:20:36.761Z,2026-09-12 00:20:07,0.168,11.508,0.500,サーバー(直接取得)
cam03,2026-09-11T17:20:36.762Z,2026-09-12 02:20:11,0.530,12.181,-4.580,サーバー(直接取得)
cam04,2026-09-11T17:20:36.763Z,2026-09-12 02:20:07,0.273,12.049,1.040,サーバー(直接取得)
cam08,2026-09-11T17:20:36.764Z,2026-09-12 02:10:21,0.635,12.036,0.110,サーバー(直接取得)
cam09,2026-09-11T17:20:37.599Z,2026-09-12 02:10:20,1.987,11.812,0.320,サーバー(直接取得)
cam11,2026-09-11T17:20:37.601Z,2026-09-12 02:20:06,1.061,11.952,0.677,サーバー(直接取得)
cam12,2026-09-11T17:20:37.602Z,2026-09-12 02:20:06,0.233,11.750,-0.053,サーバー(直接取得)
cam13,2026-09-11T17:20:37.605Z,2026-09-12 02:20:06,0.257,12.278,0.066,サーバー(直接取得)
cam14,2026-09-11T17:20:37.857Z,2026-09-12 02:20:13,0.289,12.234,0.057,サーバー(直接取得)
cam36,2026-09-11T17:20:37.864Z,2026-09-12 02:20:06,0.281,12.106,0.030,サーバー(直接取得)
cam39,2026-09-11T17:20:37.879Z,2026-09-12 02:20:06,24.093,13.412,0.061,サーバー(直接取得)
cam40,2026-09-11T17:20:37.886Z,2026-09-12 02:20:07,0.321,12.172,0.314,サーバー(直接取得)
cam41,2026-09-11T17:20:37.890Z,2026-09-12 02:20:03,1.126,12.418,0.140,サーバー(直接取得)
cam42,2026-09-11T17:20:38.077Z,2026-09-12 02:10:14,0.297,11.517,0.420,サーバー(直接取得)
cam43,2026-09-11T17:20:38.090Z,2026-09-12 02:10:12,0.321,11.886,0.480,サーバー(直接取得)
cam44,2026-09-11T17:20:38.096Z,2026-09-12 02:20:03,0.981,12.036,0.170,サーバー(直接取得)
cam45,2026-09-11T17:20:38.109Z,2026-09-12 02:10:03,0.579,11.873,0.360,サーバー(直接取得)
cam46,2026-09-11T17:20:38.121Z,2026-09-12 02:10:12,0.450,11.627,0.610,サーバー(直接取得)
cam47,2026-09-11T17:20:38.293Z,2026-09-12 02:20:06,1.681,11.636,0.453,サーバー(直接取得)
cam48,2026-09-11T17:20:38.301Z,2026-09-12 02:20:03,24.182,13.746,-16.030,サーバー(直接取得)
cam50,2026-09-11T17:20:38.313Z,2026-09-12 02:20:00,23.619,13.504,0.240,サーバー(直接取得)
cam51,2026-09-11T17:20:38.328Z,2026-09-12 02:20:21,23.450,13.623,0.180,サーバー(直接取得)
cam52,2026-09-11T17:20:38.340Z,2026-09-12 02:20:12,0.386,12.093,0.490,サーバー(直接取得)
cam53,2026-09-11T17:20:38.510Z,2026-09-12 02:20:08,0.394,11.917,0.030,サーバー(直接取得)
cam54,2026-09-11T17:20:38.520Z,2026-09-12 02:20:20,0.410,12.247,0.060,サーバー(直接取得)
cam55,2026-09-11T17:20:38.530Z,2026-09-12 02:10:21,0.732,12.137,1.100,サーバー(直接取得)
cam02,2026-09-11T22:00:22.983Z,2026-09-12 00:20:07,0.168,11.508,0.500,サーバー(直接取得)
cam03,2026-09-11T22:00:22.985Z,2026-09-12 07:00:16,17.135,12.203,-4.010,サーバー(直接取得)
cam04,2026-09-11T22:00:22.986Z,2026-09-12 07:00:07,17.111,12.203,1.060,サーバー(直接取得)
cam08,2026-09-11T22:00:22.987Z,2026-09-12 06:50:22,17.038,12.229,0.110,サーバー(直接取得)
cam09,2026-09-11T22:00:24.309Z,2026-09-12 06:50:27,17.119,11.961,0.320,サーバー(直接取得)
cam11,2026-09-11T22:00:24.311Z,2026-09-12 06:50:07,17.159,12.172,0.659,サーバー(直接取得)
cam12,2026-09-11T22:00:24.510Z,2026-09-12 06:50:07,17.111,11.807,-0.059,サーバー(直接取得)
cam13,2026-09-11T22:00:24.515Z,2026-09-12 06:50:07,17.038,12.357,0.060,サーバー(直接取得)
cam14,2026-09-11T22:00:24.579Z,2026-09-12 06:50:20,17.102,12.365,0.047,サーバー(直接取得)
cam36,2026-09-11T22:00:24.589Z,2026-09-12 07:00:06,17.014,12.269,0.031,サーバー(直接取得)
cam39,2026-09-11T22:00:24.783Z,2026-09-12 06:58:06,24.085,13.381,0.063,サーバー(直接取得)
cam40,2026-09-11T22:00:24.793Z,2026-09-12 06:50:07,17.006,12.348,0.267,サーバー(直接取得)
cam41,2026-09-11T22:00:24.846Z,2026-09-12 07:00:03,17.094,12.607,0.135,サーバー(直接取得)
cam42,2026-09-11T22:00:24.855Z,2026-09-12 06:50:22,17.006,11.565,0.410,サーバー(直接取得)
cam43,2026-09-11T22:00:24.982Z,2026-09-12 06:50:18,17.159,12.005,0.480,サーバー(直接取得)
cam44,2026-09-11T22:00:25.053Z,2026-09-12 07:00:03,16.950,12.071,0.170,サーバー(直接取得)
cam45,2026-09-11T22:00:25.060Z,2026-09-12 06:50:03,17.094,11.943,0.360,サーバー(直接取得)
cam46,2026-09-11T22:00:25.113Z,2026-09-12 06:50:19,17.239,11.750,0.600,サーバー(直接取得)
cam47,2026-09-11T22:00:25.127Z,2026-09-12 06:50:06,17.400,11.803,0.458,サーバー(直接取得)
cam48,2026-09-11T22:00:25.245Z,2026-09-12 07:00:04,24.174,13.755,-15.980,サーバー(直接取得)
cam50,2026-09-11T22:00:25.325Z,2026-09-12 06:59:00,23.635,13.504,0.210,サーバー(直接取得)
cam51,2026-09-11T22:00:25.330Z,2026-09-12 06:58:21,23.603,13.605,0.140,サーバー(直接取得)
cam52,2026-09-11T22:00:25.380Z,2026-09-12 06:50:28,17.183,12.216,0.450,サーバー(直接取得)
cam53,2026-09-11T22:00:25.392Z,2026-09-12 07:00:04,16.950,12.049,1.420,サーバー(直接取得)
cam54,2026-09-11T22:00:25.522Z,2026-09-12 06:50:21,17.440,12.304,0.060,サーバー(直接取得)
cam55,2026-09-11T22:00:25.595Z,2026-09-12 06:50:21,17.352,12.137,1.100,サーバー(直接取得)
kw01,2026-09-11T23:59:08.093Z,2026/09/12 08:50,,,0.770,サーバー(国交省 川の防災情報)
kw02,2026-09-11T23:59:08.094Z,2026/09/12 08:50,,,0.570,サーバー(国交省 川の防災情報)
kw03,2026-09-11T23:59:08.095Z,2026/09/12 08:50,,,1.060,サーバー(国交省 川の防災情報)
kw04,2026-09-11T23:59:10.027Z,2026/09/12 08:50,,,1.010,サーバー(国交省 川の防災情報)
kw05,2026-09-11T23:59:10.327Z,2026/09/12 08:25,,,-1.280,サーバー(国交省 川の防災情報)
kw06,2026-09-11T23:59:10.352Z,2026/09/12 00:32,,,-2.210,サーバー(国交省 川の防災情報)
kw07,2026-09-11T23:59:10.398Z,2026/09/11 09:00,,,-3.860,サーバー(国交省 川の防災情報)
kw08,2026-09-11T23:59:10.692Z,2026/09/12 08:50,,,0.930,サーバー(国交省 川の防災情報)
kw09,2026-09-11T23:59:10.707Z,2026/09/11 10:00,,,-4.040,サーバー(国交省 川の防災情報)
kw10,2026-09-11T23:59:10.770Z,2026/09/12 08:50,,,0.290,サーバー(国交省 川の防災情報)
kw11,2026-09-11T23:59:11.071Z,2026/09/12 08:50,,,0.550,サーバー(国交省 川の防災情報)
cam02,2026-09-12T02:57:31.744Z,2026-09-12 11:50:07,20.586,13.592,0.440,サーバー(直接取得)
cam03,2026-09-12T02:57:31.745Z,2026-09-12 11:50:15,17.078,12.906,-4.580,サーバー(直接取得)
cam04,2026-09-12T02:57:31.746Z,2026-09-12 11:50:07,17.159,13.152,1.020,サーバー(直接取得)
cam08,2026-09-12T02:57:31.747Z,2026-09-12 11:40:21,20.353,13.249,0.100,サーバー(直接取得)
cam09,2026-09-12T02:57:32.544Z,2026-09-12 11:50:24,17.022,12.691,0.300,サーバー(直接取得)
cam11,2026-09-12T02:57:32.565Z,2026-09-12 11:50:07,17.151,12.875,0.592,サーバー(直接取得)
cam12,2026-09-12T02:57:32.755Z,2026-09-12 11:50:07,17.102,12.489,-0.097,サーバー(直接取得)
cam13,2026-09-12T02:57:32.768Z,2026-09-12 11:50:07,17.022,13.267,0.033,サーバー(直接取得)
cam14,2026-09-12T02:57:32.826Z,2026-09-12 11:50:25,16.950,13.126,0.037,サーバー(直接取得)
cam36,2026-09-12T02:57:32.841Z,2026-09-12 11:50:06,17.006,13.025,0.018,サーバー(直接取得)
cam39,2026-09-12T02:57:32.919Z,2026-09-12 11:56:06,24.085,13.377,0.038,サーバー(直接取得)
cam40,2026-09-12T02:57:33.014Z,2026-09-12 11:50:07,17.006,13.095,0.238,サーバー(直接取得)
cam41,2026-09-12T02:57:33.038Z,2026-09-12 11:50:03,17.046,13.341,0.129,サーバー(直接取得)
cam42,2026-09-12T02:57:33.090Z,2026-09-12 11:50:18,17.006,12.216,0.410,サーバー(直接取得)
cam43,2026-09-12T02:57:33.103Z,2026-09-12 11:50:21,17.159,12.638,0.490,サーバー(直接取得)
cam44,2026-09-12T02:57:33.188Z,2026-09-12 11:50:03,16.917,12.387,0.180,サーバー(直接取得)
cam45,2026-09-12T02:57:33.277Z,2026-09-12 11:50:03,16.974,12.546,0.350,サーバー(直接取得)
cam46,2026-09-12T02:57:33.298Z,2026-09-12 11:50:19,19.492,13.570,0.590,サーバー(直接取得)
cam47,2026-09-12T02:57:33.356Z,2026-09-12 11:50:06,16.974,12.431,0.528,サーバー(直接取得)
cam48,2026-09-12T02:57:33.360Z,2026-09-12 11:50:03,24.174,13.755,-15.900,サーバー(直接取得)
cam50,2026-09-12T02:57:33.447Z,2026-09-12 11:57:00,23.651,13.504,0.190,サーバー(直接取得)
cam51,2026-09-12T02:57:33.537Z,2026-09-12 11:50:22,23.587,13.605,0.100,サーバー(直接取得)
cam52,2026-09-12T02:57:33.552Z,2026-09-12 11:50:26,19.709,13.113,0.400,サーバー(直接取得)
cam53,2026-09-12T02:57:33.619Z,2026-09-12 11:50:27,16.942,12.884,0.010,サーバー(直接取得)
cam54,2026-09-12T02:57:33.620Z,2026-09-12 11:50:21,16.998,13.196,0.070,サーバー(直接取得)
cam55,2026-09-12T02:57:33.706Z,2026-09-12 11:50:21,19.283,12.858,1.100,サーバー(直接取得)
kw01,2026-09-12T02:57:33.793Z,2026/09/12 11:50,,,0.740,サーバー(国交省 川の防災情報)
kw02,2026-09-12T02:57:33.804Z,2026/09/12 11:50,,,0.520,サーバー(国交省 川の防災情報)
kw03,2026-09-12T02:57:33.876Z,2026/09/12 11:50,,,1.050,サーバー(国交省 川の防災情報)
kw04,2026-09-12T02:57:33.884Z,2026/09/12 11:50,,,0.980,サーバー(国交省 川の防災情報)
kw05,2026-09-12T02:57:33.965Z,2026/09/12 10:30,,,-1.280,サーバー(国交省 川の防災情報)
kw06,2026-09-12T02:57:34.188Z,2026/09/12 09:00,,,-2.340,サーバー(国交省 川の防災情報)
kw07,2026-09-12T02:57:34.371Z,2026/09/12 09:00,,,-4.170,サーバー(国交省 川の防災情報)
kw09,2026-09-12T02:57:34.500Z,2026/09/12 10:00,,,-4.040,サーバー(国交省 川の防災情報)
kw10,2026-09-12T02:57:34.501Z,2026/09/12 11:50,,,0.270,サーバー(国交省 川の防災情報)
cam02,2026-09-12T07:38:11.493Z,2026-09-12 16:30:07,17.022,12.849,0.460,サーバー(直接取得)
cam03,2026-09-12T07:38:11.495Z,2026-09-12 16:30:13,17.111,12.423,-3.770,サーバー(直接取得)
cam04,2026-09-12T07:38:11.496Z,2026-09-12 16:30:07,17.094,12.559,1.020,サーバー(直接取得)
cam08,2026-09-12T07:38:11.497Z,2026-09-12 16:30:21,17.030,12.554,0.090,サーバー(直接取得)
cam09,2026-09-12T07:38:12.089Z,2026-09-12 16:30:22,17.207,12.247,0.300,サーバー(直接取得)
cam11,2026-09-12T07:38:12.093Z,2026-09-12 16:30:07,17.231,12.414,0.516,サーバー(直接取得)
cam12,2026-09-12T07:38:12.305Z,2026-09-12 16:30:07,17.151,12.045,-0.071,サーバー(直接取得)
cam13,2026-09-12T07:38:12.319Z,2026-09-12 16:30:07,17.215,12.735,0.047,サーバー(直接取得)
cam14,2026-09-12T07:38:12.335Z,2026-09-12 16:30:23,17.078,12.585,0.047,サーバー(直接取得)
cam36,2026-09-12T07:38:12.347Z,2026-09-12 16:30:06,17.006,12.585,0.024,サーバー(直接取得)
cam39,2026-09-12T07:38:12.453Z,2026-09-12 16:36:06,24.093,13.381,0.048,サーバー(直接取得)
cam40,2026-09-12T07:38:12.521Z,2026-09-12 16:30:07,16.998,12.678,0.238,サーバー(直接取得)
cam41,2026-09-12T07:38:12.534Z,2026-09-12 16:30:04,17.030,12.818,0.132,サーバー(直接取得)
cam42,2026-09-12T07:38:12.554Z,2026-09-12 16:30:16,17.111,11.829,0.410,サーバー(直接取得)
cam43,2026-09-12T07:38:12.557Z,2026-09-12 16:30:18,17.199,12.225,0.480,サーバー(直接取得)
cam44,2026-09-12T07:38:12.669Z,2026-09-12 16:30:03,16.942,12.141,0.180,サーバー(直接取得)
cam45,2026-09-12T07:38:12.734Z,2026-09-12 16:30:03,17.022,12.220,0.350,サーバー(直接取得)
cam46,2026-09-12T07:38:12.751Z,2026-09-12 16:30:18,17.119,12.845,0.600,サーバー(直接取得)
cam47,2026-09-12T07:38:12.765Z,2026-09-12 16:30:06,17.014,12.036,0.475,サーバー(直接取得)
cam48,2026-09-12T07:38:12.775Z,2026-09-12 16:30:03,24.182,13.741,-15.880,サーバー(直接取得)
cam50,2026-09-12T07:38:12.963Z,2026-09-12 16:37:00,23.619,13.500,0.190,サーバー(直接取得)
cam51,2026-09-12T07:38:12.973Z,2026-09-12 16:36:19,23.595,13.601,0.110,サーバー(直接取得)
cam52,2026-09-12T07:38:12.982Z,2026-09-12 16:30:28,17.376,12.576,0.390,サーバー(直接取得)
cam53,2026-09-12T07:38:12.999Z,2026-09-12 16:30:27,16.934,12.326,0.030,サーバー(直接取得)
cam54,2026-09-12T07:38:13.004Z,2026-09-12 16:30:20,17.279,12.576,0.070,サーバー(直接取得)
cam55,2026-09-12T07:38:13.176Z,2026-09-12 16:30:22,17.368,12.449,1.100,サーバー(直接取得)
kw01,2026-09-12T07:38:13.190Z,2026/09/12 16:30,,,0.670,サーバー(国交省 川の防災情報)
kw02,2026-09-12T07:38:13.193Z,2026/09/12 16:30,,,0.430,サーバー(国交省 川の防災情報)
kw03,2026-09-12T07:38:13.206Z,2026/09/12 16:30,,,1.050,サーバー(国交省 川の防災情報)
kw04,2026-09-12T07:38:13.209Z,2026/09/12 16:30,,,0.910,サーバー(国交省 川の防災情報)
kw05,2026-09-12T07:38:13.394Z,2026/09/12 10:30,,,-1.280,サーバー(国交省 川の防災情報)
kw06,2026-09-12T07:38:13.690Z,2026/09/12 09:00,,,-2.340,サーバー(国交省 川の防災情報)
kw07,2026-09-12T07:38:13.691Z,2026/09/12 09:00,,,-4.170,サーバー(国交省 川の防災情報)
kw08,2026-09-12T07:38:13.706Z,2026/09/12 16:30,,,0.790,サーバー(国交省 川の防災情報)
kw09,2026-09-12T07:38:13.724Z,2026/09/12 10:00,,,-4.040,サーバー(国交省 川の防災情報)
kw10,2026-09-12T07:38:13.925Z,2026/09/12 16:30,,,0.250,サーバー(国交省 川の防災情報)
kw11,2026-09-12T07:38:13.960Z,2026/09/12 16:30,,,0.370,サーバー(国交省 川の防災情報)
cam02,2026-09-12T11:42:50.650Z,2026-09-12 20:40:07,0.193,12.572,0.470,サーバー(直接取得)
cam03,2026-09-12T11:42:50.651Z,2026-09-12 20:40:11,0.522,12.260,-4.580,サーバー(直接取得)
cam04,2026-09-12T11:42:50.652Z,2026-09-12 20:40:07,0.305,12.295,1.060,サーバー(直接取得)
cam08,2026-09-12T11:42:50.653Z,2026-09-12 20:40:20,0.917,12.278,0.080,サーバー(直接取得)
cam09,2026-09-12T11:42:51.853Z,2026-09-12 20:40:15,1.906,11.961,0.300,サーバー(直接取得)
cam11,2026-09-12T11:42:51.855Z,2026-09-12 20:40:06,1.053,12.168,0.570,サーバー(直接取得)
cam12,2026-09-12T11:42:52.030Z,2026-09-12 20:40:07,0.257,11.864,-0.059,サーバー(直接取得)
cam13,2026-09-12T11:42:52.040Z,2026-09-12 20:40:07,0.281,12.532,0.051,サーバー(直接取得)
cam14,2026-09-12T11:42:52.051Z,2026-09-12 20:40:15,0.386,12.304,0.037,サーバー(直接取得)
cam36,2026-09-12T11:42:52.109Z,2026-09-12 20:40:06,0.305,12.321,0.029,サーバー(直接取得)
cam39,2026-09-12T11:42:52.116Z,2026-09-12 20:42:06,24.093,13.381,0.058,サーバー(直接取得)
cam40,2026-09-12T11:42:52.285Z,2026-09-12 20:40:06,0.329,12.409,0.234,サーバー(直接取得)
cam41,2026-09-12T11:42:52.301Z,2026-09-12 20:40:03,1.126,12.642,0.137,サーバー(直接取得)
cam42,2026-09-12T11:42:52.307Z,2026-09-12 20:40:14,0.321,11.688,0.410,サーバー(直接取得)
cam43,2026-09-12T11:42:52.365Z,2026-09-12 20:40:13,0.345,11.974,0.490,サーバー(直接取得)
cam44,2026-09-12T11:42:52.377Z,2026-09-12 20:40:03,0.981,12.036,0.170,サーバー(直接取得)
cam45,2026-09-12T11:42:52.539Z,2026-09-12 20:40:03,0.603,12.075,0.350,サーバー(直接取得)
cam46,2026-09-12T11:42:52.560Z,2026-09-12 20:40:12,0.482,12.603,0.790,サーバー(直接取得)
cam47,2026-09-12T11:42:52.562Z,2026-09-12 20:40:07,1.673,11.812,0.445,サーバー(直接取得)
cam48,2026-09-12T11:42:52.621Z,2026-09-12 20:40:03,24.174,13.755,-15.930,サーバー(直接取得)
cam50,2026-09-12T11:42:52.636Z,2026-09-12 20:42:00,23.635,13.500,0.200,サーバー(直接取得)
cam51,2026-09-12T11:42:52.791Z,2026-09-12 20:42:14,23.450,13.618,0.100,サーバー(直接取得)
cam52,2026-09-12T11:42:52.816Z,2026-09-12 20:40:14,0.394,12.242,0.380,サーバー(直接取得)
cam53,2026-09-12T11:42:52.824Z,2026-09-12 20:40:14,0.522,12.159,0.820,サーバー(直接取得)
cam54,2026-09-12T11:42:52.881Z,2026-09-12 20:40:20,0.418,12.379,0.070,サーバー(直接取得)
cam55,2026-09-12T11:42:52.899Z,2026-09-12 20:40:21,0.788,12.300,1.100,サーバー(直接取得)
kw01,2026-09-12T11:42:53.058Z,2026/09/12 20:30,,,0.650,サーバー(国交省 川の防災情報)
kw02,2026-09-12T11:42:53.074Z,2026/09/12 20:30,,,0.400,サーバー(国交省 川の防災情報)
kw03,2026-09-12T11:42:53.082Z,2026/09/12 20:30,,,1.050,サーバー(国交省 川の防災情報)
kw04,2026-09-12T11:42:53.141Z,2026/09/12 20:30,,,0.890,サーバー(国交省 川の防災情報)
kw05,2026-09-12T11:42:53.160Z,2026/09/12 10:30,,,-1.280,サーバー(国交省 川の防災情報)
kw06,2026-09-12T11:42:53.560Z,2026/09/12 09:00,,,-2.340,サーバー(国交省 川の防災情報)
kw07,2026-09-12T11:42:53.582Z,2026/09/12 09:00,,,-4.170,サーバー(国交省 川の防災情報)
kw08,2026-09-12T11:42:53.765Z,2026/09/12 20:30,,,0.760,サーバー(国交省 川の防災情報)
kw09,2026-09-12T11:42:53.875Z,2026/09/12 10:00,,,-4.040,サーバー(国交省 川の防災情報)
kw10,2026-09-12T11:42:53.943Z,2026/09/12 20:30,,,0.240,サーバー(国交省 川の防災情報)
kw11,2026-09-12T11:42:53.952Z,2026/09/12 20:30,,,0.340,サーバー(国交省 川の防災情報)
cam02,2026-09-12T14:22:40.949Z,2026-09-12 23:20:07,0.176,12.550,0.470,サーバー(直接取得)
cam03,2026-09-12T14:22:40.950Z,2026-09-12 23:20:14,0.522,12.194,-4.580,サーバー(直接取得)
cam04,2026-09-12T14:22:40.951Z,2026-09-12 23:20:07,0.289,12.242,1.060,サーバー(直接取得)
cam08,2026-09-12T14:22:40.952Z,2026-09-12 23:20:21,0.667,12.234,0.110,サーバー(直接取得)
cam09,2026-09-12T14:22:41.530Z,2026-09-12 23:20:15,1.818,11.877,0.310,サーバー(直接取得)
cam11,2026-09-12T14:22:41.537Z,2026-09-12 23:20:07,1.053,12.110,0.492,サーバー(直接取得)
cam12,2026-09-12T14:22:41.648Z,2026-09-12 23:20:06,0.249,11.803,-0.061,サーバー(直接取得)
cam13,2026-09-12T14:22:41.658Z,2026-09-12 23:20:06,0.265,12.480,0.051,サーバー(直接取得)
cam14,2026-09-12T14:22:41.744Z,2026-09-12 23:20:14,0.305,12.242,0.037,サーバー(直接取得)
cam36,2026-09-12T14:22:41.753Z,2026-09-12 23:20:06,0.289,12.264,0.028,サーバー(直接取得)
cam39,2026-09-12T14:22:41.763Z,2026-09-12 23:22:06,24.093,13.407,0.059,サーバー(直接取得)
cam40,2026-09-12T14:22:41.860Z,2026-09-12 23:20:06,0.329,12.348,0.238,サーバー(直接取得)
cam41,2026-09-12T14:22:41.874Z,2026-09-12 23:20:03,1.118,12.590,0.139,サーバー(直接取得)
cam42,2026-09-12T14:22:41.964Z,2026-09-12 23:10:11,0.297,11.627,0.410,サーバー(直接取得)
cam43,2026-09-12T14:22:41.966Z,2026-09-12 23:10:14,0.329,11.886,0.490,サーバー(直接取得)
cam44,2026-09-12T14:22:41.978Z,2026-09-12 23:20:03,0.973,12.023,0.170,サーバー(直接取得)
cam45,2026-09-12T14:22:42.075Z,2026-09-12 23:20:03,0.587,12.001,0.350,サーバー(直接取得)
cam46,2026-09-12T14:22:42.086Z,2026-09-12 23:20:10,0.466,12.563,0.740,サーバー(直接取得)
cam47,2026-09-12T14:22:42.176Z,2026-09-12 23:20:06,1.705,11.741,0.449,サーバー(直接取得)
cam48,2026-09-12T14:22:42.190Z,2026-09-12 23:20:03,24.198,13.741,-15.830,サーバー(直接取得)
cam50,2026-09-12T14:22:42.197Z,2026-09-12 23:22:00,23.619,13.500,0.200,サーバー(直接取得)
cam51,2026-09-12T14:22:42.283Z,2026-09-12 23:20:16,23.434,13.618,0.100,サーバー(直接取得)
cam52,2026-09-12T14:22:42.296Z,2026-09-12 23:20:12,0.394,12.181,0.370,サーバー(直接取得)
cam53,2026-09-12T14:22:42.392Z,2026-09-12 23:20:13,0.522,12.110,0.040,サーバー(直接取得)
cam54,2026-09-12T14:22:42.404Z,2026-09-12 23:20:20,0.410,12.335,0.070,サーバー(直接取得)
cam55,2026-09-12T14:22:42.415Z,2026-09-12 23:20:21,0.740,12.251,1.100,サーバー(直接取得)
kw01,2026-09-12T14:22:42.498Z,2026/09/12 23:10,,,0.650,サーバー(国交省 川の防災情報)
kw02,2026-09-12T14:22:42.511Z,2026/09/12 23:10,,,0.390,サーバー(国交省 川の防災情報)
kw03,2026-09-12T14:22:42.602Z,2026/09/12 23:10,,,1.050,サーバー(国交省 川の防災情報)
kw04,2026-09-12T14:22:42.617Z,2026/09/12 23:10,,,0.890,サーバー(国交省 川の防災情報)
kw05,2026-09-12T14:22:42.629Z,2026/09/12 10:30,,,-1.280,サーバー(国交省 川の防災情報)
kw06,2026-09-12T14:22:42.996Z,2026/09/12 09:00,,,-2.340,サーバー(国交省 川の防災情報)
kw07,2026-09-12T14:22:43.006Z,2026/09/12 09:00,,,-4.170,サーバー(国交省 川の防災情報)
kw08,2026-09-12T14:22:43.034Z,2026/09/12 23:10,,,0.750,サーバー(国交省 川の防災情報)
kw09,2026-09-12T14:22:43.235Z,2026/09/12 10:00,,,-4.040,サーバー(国交省 川の防災情報)
kw10,2026-09-12T14:22:43.289Z,2026/09/12 23:10,,,0.230,サーバー(国交省 川の防災情報)
kw11,2026-09-12T14:22:43.319Z,2026/09/12 23:10,,,0.300,サーバー(国交省 川の防災情報)
kw01,2026-09-12T17:18:09.087Z,2026/09/13 02:10,,,0.640,サーバー(国交省 川の防災情報)
kw02,2026-09-12T17:18:09.089Z,2026/09/13 02:10,,,0.380,サーバー(国交省 川の防災情報)
kw03,2026-09-12T17:18:09.090Z,2026/09/13 02:10,,,1.050,サーバー(国交省 川の防災情報)
kw04,2026-09-12T17:18:09.652Z,2026/09/13 02:10,,,0.880,サーバー(国交省 川の防災情報)
kw05,2026-09-12T17:18:09.761Z,2026/09/13 01:00,,,-1.290,サーバー(国交省 川の防災情報)
kw06,2026-09-12T17:18:09.880Z,2026/09/12 09:00,,,-2.340,サーバー(国交省 川の防災情報)
kw07,2026-09-12T17:18:09.944Z,2026/09/12 09:00,,,-4.170,サーバー(国交省 川の防災情報)
kw08,2026-09-12T17:18:10.007Z,2026/09/13 02:10,,,0.720,サーバー(国交省 川の防災情報)
kw09,2026-09-12T17:18:10.092Z,2026/09/12 10:00,,,-4.040,サーバー(国交省 川の防災情報)
kw10,2026-09-12T17:18:10.126Z,2026/09/13 02:10,,,0.230,サーバー(国交省 川の防災情報)
kw11,2026-09-12T17:18:10.233Z,2026/09/13 02:10,,,0.270,サーバー(国交省 川の防災情報)
cam02,2026-09-12T19:24:40.017Z,2026-09-13 04:20:07,0.168,12.497,0.470,サーバー(直接取得)
cam03,2026-09-12T19:24:40.018Z,2026-09-13 04:20:13,0.530,12.124,-3.760,サーバー(直接取得)
cam04,2026-09-12T19:24:40.020Z,2026-09-13 04:20:06,0.281,12.146,1.020,サーバー(直接取得)
cam08,2026-09-12T19:24:40.021Z,2026-09-13 04:10:21,0.651,12.163,0.100,サーバー(直接取得)
cam09,2026-09-12T19:24:40.843Z,2026-09-13 04:20:17,1.858,11.754,0.300,サーバー(直接取得)
cam11,2026-09-12T19:24:40.846Z,2026-09-13 04:20:06,1.061,12.001,0.473,サーバー(直接取得)
cam12,2026-09-12T19:24:41.041Z,2026-09-13 04:20:06,0.241,11.728,-0.066,サーバー(直接取得)
cam13,2026-09-12T19:24:41.052Z,2026-09-13 04:20:07,0.257,12.392,0.049,サーバー(直接取得)
cam14,2026-09-12T19:24:41.072Z,2026-09-13 04:20:16,0.289,12.181,0.037,サーバー(直接取得)
cam36,2026-09-12T19:24:41.094Z,2026-09-13 04:20:06,0.289,12.154,0.029,サーバー(直接取得)
cam39,2026-09-12T19:24:41.129Z,2026-09-13 04:24:05,24.093,13.407,0.059,サーバー(直接取得)
cam40,2026-09-12T19:24:41.278Z,2026-09-13 04:20:06,0.321,12.256,0.234,サーバー(直接取得)
cam41,2026-09-12T19:24:41.289Z,2026-09-13 04:20:03,1.126,12.537,0.137,サーバー(直接取得)
cam42,2026-09-12T19:24:41.311Z,2026-09-13 04:20:11,0.281,11.508,0.410,サーバー(直接取得)
cam43,2026-09-12T19:24:41.331Z,2026-09-13 04:20:11,0.313,11.776,0.480,サーバー(直接取得)
cam44,2026-09-12T19:24:41.368Z,2026-09-13 04:20:03,0.981,11.996,0.170,サーバー(直接取得)
cam45,2026-09-12T19:24:41.511Z,2026-09-13 04:20:03,0.579,11.891,0.350,サーバー(直接取得)
cam46,2026-09-12T19:24:41.526Z,2026-09-13 04:20:11,0.458,12.493,0.820,サーバー(直接取得)
cam47,2026-09-12T19:24:41.534Z,2026-09-13 04:20:07,1.721,11.631,0.445,サーバー(直接取得)
cam48,2026-09-12T19:24:41.561Z,2026-09-13 04:20:03,24.174,13.746,-15.720,サーバー(直接取得)
cam50,2026-09-12T19:24:41.592Z,2026-09-13 04:24:00,23.611,13.500,0.190,サーバー(直接取得)
cam51,2026-09-12T19:24:41.743Z,2026-09-13 04:20:15,23.434,13.618,0.100,サーバー(直接取得)
cam52,2026-09-12T19:24:41.759Z,2026-09-13 04:20:15,0.394,12.075,0.350,サーバー(直接取得)
cam53,2026-09-12T19:24:41.766Z,2026-09-13 04:20:15,0.514,12.001,0.050,サーバー(直接取得)
cam54,2026-09-12T19:24:41.783Z,2026-09-13 04:20:20,0.402,12.225,0.070,サーバー(直接取得)
cam55,2026-09-12T19:24:41.822Z,2026-09-13 04:20:20,0.764,12.141,1.100,サーバー(直接取得)
kw01,2026-09-12T19:24:41.974Z,2026/09/13 04:10,,,0.630,サーバー(国交省 川の防災情報)
kw02,2026-09-12T19:24:41.986Z,2026/09/13 04:10,,,0.360,サーバー(国交省 川の防災情報)
kw03,2026-09-12T19:24:41.987Z,2026/09/13 04:10,,,1.040,サーバー(国交省 川の防災情報)
kw04,2026-09-12T19:24:42.008Z,2026/09/13 04:10,,,0.880,サーバー(国交省 川の防災情報)
kw05,2026-09-12T19:24:42.046Z,2026/09/13 01:00,,,-1.290,サーバー(国交省 川の防災情報)
kw06,2026-09-12T19:24:42.648Z,2026/09/12 09:00,,,-2.340,サーバー(国交省 川の防災情報)
kw07,2026-09-12T19:24:42.821Z,2026/09/12 09:00,,,-4.170,サーバー(国交省 川の防災情報)
kw08,2026-09-12T19:24:42.948Z,2026/09/13 04:10,,,0.720,サーバー(国交省 川の防災情報)
kw09,2026-09-12T19:24:42.954Z,2026/09/12 10:00,,,-4.040,サーバー(国交省 川の防災情報)
kw10,2026-09-12T19:24:42.976Z,2026/09/13 04:10,,,0.220,サーバー(国交省 川の防災情報)
kw11,2026-09-12T19:24:42.981Z,2026/09/13 04:10,,,0.250,サーバー(国交省 川の防災情報)
cam02,2026-09-12T21:30:03.655Z,2026-09-13 06:20:07,17.086,12.616,0.470,サーバー(直接取得)
cam03,2026-09-12T21:30:03.656Z,2026-09-13 06:20:18,17.094,12.146,-4.580,サーバー(直接取得)
cam04,2026-09-12T21:30:03.657Z,2026-09-13 06:20:07,17.151,12.242,1.090,サーバー(直接取得)
cam08,2026-09-12T21:30:03.657Z,2026-09-13 06:00:21,17.038,12.273,0.120,サーバー(直接取得)
cam09,2026-09-12T21:30:04.239Z,2026-09-13 06:20:20,17.175,11.891,0.330,サーバー(直接取得)
cam11,2026-09-12T21:30:04.245Z,2026-09-13 06:20:06,17.191,12.115,0.586,サーバー(直接取得)
cam12,2026-09-12T21:30:04.460Z,2026-09-13 06:20:07,17.127,11.763,-0.060,サーバー(直接取得)
cam13,2026-09-12T21:30:04.486Z,2026-09-13 06:20:06,17.135,12.427,0.064,サーバー(直接取得)
cam14,2026-09-12T21:30:04.616Z,2026-09-13 06:20:19,17.030,12.286,0.037,サーバー(直接取得)
cam36,2026-09-12T21:30:04.625Z,2026-09-13 06:20:07,17.054,12.264,0.030,サーバー(直接取得)
cam39,2026-09-12T21:30:04.699Z,2026-09-13 06:28:06,24.085,13.381,0.062,サーバー(直接取得)
cam40,2026-09-12T21:30:04.779Z,2026-09-13 06:20:07,17.030,12.365,0.252,サーバー(直接取得)
cam41,2026-09-12T21:30:04.833Z,2026-09-13 06:20:03,17.054,12.572,0.132,サーバー(直接取得)
cam42,2026-09-12T21:30:04.849Z,2026-09-13 06:20:15,17.086,11.530,0.410,サーバー(直接取得)
cam43,2026-09-12T21:30:04.927Z,2026-09-13 06:20:17,17.199,11.895,0.490,サーバー(直接取得)
cam44,2026-09-12T21:30:04.988Z,2026-09-13 06:20:03,15.815,12.001,0.170,サーバー(直接取得)
cam45,2026-09-12T21:30:05.090Z,2026-09-13 06:20:03,16.829,11.882,0.350,サーバー(直接取得)
cam46,2026-09-12T21:30:05.101Z,2026-09-13 06:20:14,17.070,12.629,0.800,サーバー(直接取得)
cam47,2026-09-12T21:30:05.144Z,2026-09-13 06:20:06,17.014,11.750,0.427,サーバー(直接取得)
cam48,2026-09-12T21:30:05.210Z,2026-09-13 06:20:03,24.182,13.746,-15.630,サーバー(直接取得)
cam50,2026-09-12T21:30:05.254Z,2026-09-13 06:29:00,23.627,13.504,0.190,サーバー(直接取得)
cam51,2026-09-12T21:30:05.315Z,2026-09-13 06:28:21,23.587,13.601,0.140,サーバー(直接取得)
cam52,2026-09-12T21:30:05.324Z,2026-09-13 06:20:27,16.950,12.185,0.350,サーバー(直接取得)
cam53,2026-09-12T21:30:05.363Z,2026-09-13 06:20:20,16.998,12.027,0.050,サーバー(直接取得)
cam54,2026-09-12T21:30:05.432Z,2026-09-13 06:20:21,17.127,12.256,0.080,サーバー(直接取得)
cam55,2026-09-12T21:30:05.471Z,2026-09-13 06:20:21,17.143,12.128,1.100,サーバー(直接取得)
cam02,2026-09-12T23:11:09.809Z,2026-09-13 08:10:08,17.030,12.752,0.470,サーバー(直接取得)
cam03,2026-09-12T23:11:09.810Z,2026-09-13 08:10:20,17.086,12.181,-4.530,サーバー(直接取得)
cam04,2026-09-12T23:11:09.811Z,2026-09-13 08:10:07,17.111,12.418,1.060,サーバー(直接取得)
cam08,2026-09-12T23:11:09.812Z,2026-09-13 07:50:21,17.046,12.546,0.120,サーバー(直接取得)
cam09,2026-09-12T23:11:10.881Z,2026-09-13 08:00:20,17.416,11.974,0.320,サーバー(直接取得)
cam11,2026-09-12T23:11:10.885Z,2026-09-13 08:10:07,17.159,12.282,0.544,サーバー(直接取得)
cam12,2026-09-12T23:11:11.097Z,2026-09-13 08:10:07,17.102,11.829,-0.066,サーバー(直接取得)
cam13,2026-09-12T23:11:11.108Z,2026-09-13 08:10:07,17.022,12.607,0.050,サーバー(直接取得)
cam14,2026-09-12T23:11:11.313Z,2026-09-13 08:10:22,17.159,12.357,0.047,サーバー(直接取得)
cam36,2026-09-12T23:11:11.322Z,2026-09-13 08:10:07,17.006,12.414,0.031,サーバー(直接取得)
cam39,2026-09-12T23:11:11.565Z,2026-09-13 08:10:06,24.093,13.385,0.064,サーバー(直接取得)
cam40,2026-09-12T23:11:11.574Z,2026-09-13 08:10:07,17.014,12.524,0.248,サーバー(直接取得)
cam41,2026-09-12T23:11:11.588Z,2026-09-13 08:10:03,17.094,12.836,0.133,サーバー(直接取得)
cam42,2026-09-12T23:11:11.589Z,2026-09-13 08:00:16,17.119,11.596,0.410,サーバー(直接取得)
cam43,2026-09-12T23:11:11.781Z,2026-09-13 08:00:17,17.151,11.930,0.480,サーバー(直接取得)
cam44,2026-09-12T23:11:11.795Z,2026-09-13 08:10:03,16.974,12.031,0.170,サーバー(直接取得)
cam45,2026-09-12T23:11:11.805Z,2026-09-13 08:10:03,17.094,12.005,0.360,サーバー(直接取得)
cam46,2026-09-12T23:11:11.817Z,2026-09-13 08:00:15,17.336,12.660,0.830,サーバー(直接取得)
cam47,2026-09-12T23:11:11.829Z,2026-09-13 08:10:07,16.966,11.856,0.435,サーバー(直接取得)
cam48,2026-09-12T23:11:11.999Z,2026-09-13 08:10:03,24.182,13.768,-15.720,サーバー(直接取得)
cam50,2026-09-12T23:11:12.017Z,2026-09-13 08:09:00,23.643,13.504,0.200,サーバー(直接取得)
cam51,2026-09-12T23:11:12.021Z,2026-09-13 08:04:23,23.595,13.605,0.110,サーバー(直接取得)
cam52,2026-09-12T23:11:12.037Z,2026-09-13 08:10:22,17.432,12.321,0.340,サーバー(直接取得)
cam53,2026-09-12T23:11:12.044Z,2026-09-13 08:10:28,16.950,12.159,0.040,サーバー(直接取得)
cam54,2026-09-12T23:11:12.228Z,2026-09-13 08:10:21,17.529,12.365,0.080,サーバー(直接取得)
cam55,2026-09-12T23:11:12.228Z,2026-09-13 08:10:22,17.818,12.220,1.100,サーバー(直接取得)
kw05,2026-09-12T23:11:12.453Z,2026/09/13 08:05,,,-0.750,サーバー(国交省 川の防災情報)
kw06,2026-09-12T23:11:12.668Z,2026/09/12 09:00,,,-2.340,サーバー(国交省 川の防災情報)
kw07,2026-09-12T23:11:12.677Z,2026/09/12 09:00,,,-4.170,サーバー(国交省 川の防災情報)
cam02,2026-09-13T00:58:08.669Z,2026-09-13 09:50:07,17.038,13.535,0.450,サーバー(直接取得)
cam03,2026-09-13T00:58:08.670Z,2026-09-13 09:50:17,17.094,12.695,-4.170,サーバー(直接取得)
cam04,2026-09-13T00:58:08.671Z,2026-09-13 09:50:07,17.127,13.012,1.060,サーバー(直接取得)
cam08,2026-09-13T00:58:08.671Z,2026-09-13 09:40:22,19.291,12.985,0.100,サーバー(直接取得)
cam09,2026-09-13T00:58:09.267Z,2026-09-13 09:50:21,17.030,12.669,0.300,サーバー(直接取得)
cam11,2026-09-13T00:58:09.273Z,2026-09-13 09:50:07,17.159,12.739,0.602,サーバー(直接取得)
cam12,2026-09-13T00:58:09.483Z,2026-09-13 09:50:07,17.119,12.326,-0.085,サーバー(直接取得)
cam13,2026-09-13T00:58:09.499Z,2026-09-13 09:50:07,17.030,13.245,0.040,サーバー(直接取得)
cam14,2026-09-13T00:58:09.511Z,2026-09-13 09:50:25,16.958,12.963,0.047,サーバー(直接取得)
cam36,2026-09-13T00:58:09.518Z,2026-09-13 08:30:06,17.022,12.467,0.028,サーバー(直接取得)
cam39,2026-09-13T00:58:09.638Z,2026-09-13 09:56:06,24.085,13.381,0.051,サーバー(直接取得)
cam40,2026-09-13T00:58:09.701Z,2026-09-13 09:50:07,17.014,13.095,0.244,サーバー(直接取得)
cam41,2026-09-13T00:58:09.713Z,2026-09-13 09:50:03,17.054,13.249,0.131,サーバー(直接取得)
cam42,2026-09-13T00:58:09.735Z,2026-09-13 09:50:16,17.014,12.049,0.410,サーバー(直接取得)
cam43,2026-09-13T00:58:09.736Z,2026-09-13 09:50:19,17.175,12.436,0.490,サーバー(直接取得)
cam44,2026-09-13T00:58:09.880Z,2026-09-13 09:50:03,17.070,12.176,0.180,サーバー(直接取得)
cam45,2026-09-13T00:58:09.921Z,2026-09-13 09:50:03,16.982,12.480,0.350,サーバー(直接取得)
cam46,2026-09-13T00:58:09.934Z,2026-09-13 09:50:17,16.934,13.275,0.770,サーバー(直接取得)
cam47,2026-09-13T00:58:09.958Z,2026-09-13 09:50:07,18.639,12.273,0.472,サーバー(直接取得)
cam48,2026-09-13T00:58:09.964Z,2026-09-13 09:50:03,24.190,13.750,-15.750,サーバー(直接取得)
cam50,2026-09-13T00:58:10.095Z,2026-09-13 09:55:00,23.651,13.504,0.210,サーバー(直接取得)
cam51,2026-09-13T00:58:10.211Z,2026-09-13 09:56:20,23.570,13.601,0.090,サーバー(直接取得)
cam52,2026-09-13T00:58:10.227Z,2026-09-13 09:50:27,19.299,12.748,0.350,サーバー(直接取得)
cam53,2026-09-13T00:58:10.239Z,2026-09-13 09:50:27,16.950,12.889,0.830,サーバー(直接取得)
cam54,2026-09-13T00:58:10.312Z,2026-09-13 09:50:21,19.854,13.122,0.070,サーバー(直接取得)
cam55,2026-09-13T00:58:10.427Z,2026-09-13 09:50:21,19.250,12.722,1.100,サーバー(直接取得)
kw01,2026-09-13T00:58:10.441Z,2026/09/13 09:50,,,0.690,サーバー(国交省 川の防災情報)
kw02,2026-09-13T00:58:10.454Z,2026/09/13 09:50,,,0.420,サーバー(国交省 川の防災情報)
kw03,2026-09-13T00:58:10.525Z,2026/09/13 09:50,,,1.060,サーバー(国交省 川の防災情報)
kw04,2026-09-13T00:58:10.559Z,2026/09/13 09:50,,,0.950,サーバー(国交省 川の防災情報)
kw05,2026-09-13T00:58:10.641Z,2026/09/13 09:20,,,-0.690,サーバー(国交省 川の防災情報)
kw06,2026-09-13T00:58:10.938Z,2026/09/13 09:00,,,-2.440,サーバー(国交省 川の防災情報)
kw07,2026-09-13T00:58:10.968Z,2026/09/13 09:00,,,-4.210,サーバー(国交省 川の防災情報)
kw08,2026-09-13T00:58:11.013Z,2026/09/13 09:50,,,0.750,サーバー(国交省 川の防災情報)
kw09,2026-09-13T00:58:11.116Z,2026/09/12 10:00,,,-4.040,サーバー(国交省 川の防災情報)
kw10,2026-09-13T00:58:11.151Z,2026/09/13 09:50,,,0.210,サーバー(国交省 川の防災情報)
kw11,2026-09-13T00:58:11.192Z,2026/09/13 09:50,,,0.210,サーバー(国交省 川の防災情報)
cam02,2026-09-13T05:38:12.083Z,2026-09-13 14:30:07,20.538,13.592,0.450,サーバー(直接取得)
cam03,2026-09-13T05:38:12.085Z,2026-09-13 14:30:14,16.861,13.218,-4.580,サーバー(直接取得)
cam04,2026-09-13T05:38:12.086Z,2026-09-13 14:30:07,17.336,13.390,1.020,サーバー(直接取得)
cam08,2026-09-13T05:38:12.086Z,2026-09-13 14:30:21,17.030,13.183,0.110,サーバー(直接取得)
cam09,2026-09-13T05:38:12.804Z,2026-09-13 14:30:20,19.580,12.748,0.270,サーバー(直接取得)
cam11,2026-09-13T05:38:12.808Z,2026-09-13 14:30:07,18.551,13.236,0.439,サーバー(直接取得)
cam12,2026-09-13T05:38:12.917Z,2026-09-13 14:30:07,17.513,12.137,-0.106,サーバー(直接取得)
cam13,2026-09-13T05:38:12.929Z,2026-09-13 14:30:07,17.022,13.245,0.021,サーバー(直接取得)
cam14,2026-09-13T05:38:13.018Z,2026-09-13 14:30:21,16.942,13.179,0.027,サーバー(直接取得)
cam36,2026-09-13T05:38:13.035Z,2026-09-13 08:30:06,17.022,12.467,0.028,サーバー(直接取得)
cam39,2026-09-13T05:38:13.037Z,2026-09-13 14:36:06,24.077,13.377,0.050,サーバー(直接取得)
cam40,2026-09-13T05:38:13.133Z,2026-09-13 14:30:07,16.998,13.192,0.224,サーバー(直接取得)
cam41,2026-09-13T05:38:13.142Z,2026-09-13 14:30:03,20.481,13.530,0.121,サーバー(直接取得)
cam42,2026-09-13T05:38:13.238Z,2026-09-13 14:30:17,18.406,12.449,0.410,サーバー(直接取得)
cam43,2026-09-13T05:38:13.250Z,2026-09-13 14:30:17,17.143,12.801,0.460,サーバー(直接取得)
cam44,2026-09-13T05:38:13.265Z,2026-09-13 14:30:03,16.909,12.409,0.180,サーバー(直接取得)
cam45,2026-09-13T05:38:13.362Z,2026-09-13 14:30:03,16.958,12.739,0.320,サーバー(直接取得)
cam46,2026-09-13T05:38:13.368Z,2026-09-13 14:30:18,18.599,13.082,0.790,サーバー(直接取得)
cam47,2026-09-13T05:38:13.456Z,2026-09-13 14:30:07,18.285,12.251,0.511,サーバー(直接取得)
cam48,2026-09-13T05:38:13.470Z,2026-09-13 14:30:03,24.190,13.759,-15.730,サーバー(直接取得)
cam50,2026-09-13T05:38:13.481Z,2026-09-13 14:34:00,23.643,13.508,0.170,サーバー(直接取得)
cam51,2026-09-13T05:38:13.587Z,2026-09-13 14:36:23,23.611,13.596,0.050,サーバー(直接取得)
cam52,2026-09-13T05:38:13.607Z,2026-09-13 14:30:27,19.677,13.280,0.300,サーバー(直接取得)
cam53,2026-09-13T05:38:13.675Z,2026-09-13 14:30:28,18.921,12.955,0.020,サーバー(直接取得)
cam54,2026-09-13T05:38:13.687Z,2026-09-13 14:30:20,16.990,13.170,0.060,サーバー(直接取得)
cam55,2026-09-13T05:38:13.690Z,2026-09-13 14:30:22,20.240,13.341,1.100,サーバー(直接取得)
kw01,2026-09-13T05:38:13.806Z,2026/09/13 14:30,,,0.590,サーバー(国交省 川の防災情報)
kw02,2026-09-13T05:38:13.826Z,2026/09/13 14:30,,,0.330,サーバー(国交省 川の防災情報)
kw03,2026-09-13T05:38:13.890Z,2026/09/13 14:30,,,1.050,サーバー(国交省 川の防災情報)
kw04,2026-09-13T05:38:13.901Z,2026/09/13 14:30,,,0.840,サーバー(国交省 川の防災情報)
kw05,2026-09-13T05:38:13.914Z,2026/09/13 12:25,,,-1.290,サーバー(国交省 川の防災情報)
kw06,2026-09-13T05:38:14.312Z,2026/09/13 09:00,,,-2.440,サーバー(国交省 川の防災情報)
kw07,2026-09-13T05:38:14.313Z,2026/09/13 09:00,,,-4.210,サーバー(国交省 川の防災情報)
kw08,2026-09-13T05:38:14.315Z,2026/09/13 14:30,,,0.700,サーバー(国交省 川の防災情報)
kw09,2026-09-13T05:38:14.353Z,2026/09/13 10:00,,,-4.040,サーバー(国交省 川の防災情報)
kw10,2026-09-13T05:38:14.514Z,2026/09/13 14:30,,,0.230,サーバー(国交省 川の防災情報)
kw11,2026-09-13T05:38:14.541Z,2026/09/13 14:30,,,0.170,サーバー(国交省 川の防災情報)
cam02,2026-09-13T10:35:45.800Z,2026-09-13 19:30:07,0.193,12.594,0.490,サーバー(直接取得)
cam03,2026-09-13T10:35:45.801Z,2026-09-13 19:30:13,0.522,12.519,-4.580,サーバー(直接取得)
cam04,2026-09-13T10:35:45.802Z,2026-09-13 19:30:06,0.313,12.449,1.080,サーバー(直接取得)
cam08,2026-09-13T10:35:45.802Z,2026-09-13 19:30:21,0.925,12.379,0.110,サーバー(直接取得)
cam09,2026-09-13T10:35:46.667Z,2026-09-13 19:30:14,1.906,12.110,0.270,サーバー(直接取得)
cam11,2026-09-13T10:35:46.677Z,2026-09-13 19:30:07,1.045,12.365,0.518,サーバー(直接取得)
cam12,2026-09-13T10:35:46.803Z,2026-09-13 19:30:06,0.265,11.882,-0.068,サーバー(直接取得)
cam13,2026-09-13T10:35:46.819Z,2026-09-13 19:30:06,0.305,12.695,0.047,サーバー(直接取得)
cam14,2026-09-13T10:35:46.904Z,2026-09-13 19:30:15,0.394,12.497,0.047,サーバー(直接取得)
cam36,2026-09-13T10:35:46.904Z,2026-09-13 08:30:06,17.022,12.467,0.028,サーバー(直接取得)
cam39,2026-09-13T10:35:46.959Z,2026-09-13 19:34:06,24.085,13.377,0.055,サーバー(直接取得)
cam40,2026-09-13T10:35:47.024Z,2026-09-13 19:30:06,0.402,12.537,0.232,サーバー(直接取得)
cam41,2026-09-13T10:35:47.040Z,2026-09-13 19:30:03,1.126,12.673,0.136,サーバー(直接取得)
cam42,2026-09-13T10:35:47.125Z,2026-09-13 19:30:14,0.386,11.794,0.420,サーバー(直接取得)
cam43,2026-09-13T10:35:47.137Z,2026-09-13 19:30:15,0.394,12.040,0.490,サーバー(直接取得)
cam44,2026-09-13T10:35:47.179Z,2026-09-13 19:30:03,0.965,12.093,0.180,サーバー(直接取得)
cam45,2026-09-13T10:35:47.263Z,2026-09-13 19:30:03,0.667,12.308,0.350,サーバー(直接取得)
cam46,2026-09-13T10:35:47.319Z,2026-09-13 19:30:11,0.538,12.563,0.820,サーバー(直接取得)
cam47,2026-09-13T10:35:47.347Z,2026-09-13 19:30:06,1.737,11.873,0.447,サーバー(直接取得)
cam48,2026-09-13T10:35:47.355Z,2026-09-13 19:30:03,24.174,13.759,-15.750,サーバー(直接取得)
cam50,2026-09-13T10:35:47.396Z,2026-09-13 19:35:00,23.627,13.500,0.190,サーバー(直接取得)
cam51,2026-09-13T10:35:47.487Z,2026-09-13 19:34:16,23.442,13.618,0.100,サーバー(直接取得)
cam52,2026-09-13T10:35:47.535Z,2026-09-13 19:30:15,0.418,12.401,0.330,サーバー(直接取得)
cam53,2026-09-13T10:35:47.573Z,2026-09-13 19:30:12,0.490,12.348,0.830,サーバー(直接取得)
cam54,2026-09-13T10:35:47.580Z,2026-09-13 19:30:20,0.498,12.480,0.070,サーバー(直接取得)
cam55,2026-09-13T10:35:47.612Z,2026-09-13 19:30:21,0.852,12.497,1.100,サーバー(直接取得)
cam02,2026-09-13T14:56:40.725Z,2026-09-13 23:50:06,,12.515,0.480,サーバー(直接取得)
cam03,2026-09-13T14:56:40.726Z,2026-09-13 23:50:09,,12.418,-4.580,サーバー(直接取得)
cam04,2026-09-13T14:56:40.727Z,2026-09-13 23:50:06,,12.361,1.070,サーバー(直接取得)
cam08,2026-09-13T14:56:40.728Z,2026-09-13 23:50:21,,12.326,0.080,サーバー(直接取得)
cam09,2026-09-13T14:56:41.568Z,2026-09-13 23:50:18,,11.996,0.300,サーバー(直接取得)
cam11,2026-09-13T14:56:41.571Z,2026-09-13 23:50:06,,12.286,0.431,サーバー(直接取得)
cam12,2026-09-13T14:56:41.740Z,2026-09-13 23:50:06,,11.794,-0.072,サーバー(直接取得)
cam13,2026-09-13T14:56:41.755Z,2026-09-13 23:50:07,,12.629,0.047,サーバー(直接取得)
cam14,2026-09-13T14:56:41.835Z,2026-09-13 23:50:16,,12.379,0.047,サーバー(直接取得)
cam36,2026-09-13T14:56:41.853Z,2026-09-13 08:30:06,,12.467,0.028,サーバー(直接取得)
cam39,2026-09-13T14:56:41.897Z,2026-09-13 23:56:06,,13.403,0.057,サーバー(直接取得)
cam40,2026-09-13T14:56:42.006Z,2026-09-13 23:50:06,,12.449,0.237,サーバー(直接取得)
cam41,2026-09-13T14:56:42.017Z,2026-09-13 23:50:03,,12.620,0.134,サーバー(直接取得)
cam42,2026-09-13T14:56:42.108Z,2026-09-13 23:50:11,,11.715,0.420,サーバー(直接取得)
cam43,2026-09-13T14:56:42.120Z,2026-09-13 23:50:13,,11.921,0.490,サーバー(直接取得)
cam44,2026-09-13T14:56:42.166Z,2026-09-13 23:50:03,,12.053,0.180,サーバー(直接取得)
cam45,2026-09-13T14:56:42.276Z,2026-09-13 23:50:03,,12.212,0.360,サーバー(直接取得)
cam46,2026-09-13T14:56:42.304Z,2026-09-13 23:50:10,,12.475,0.790,サーバー(直接取得)
cam47,2026-09-13T14:56:42.376Z,2026-09-13 23:50:06,,11.785,0.442,サーバー(直接取得)
cam48,2026-09-13T14:56:42.387Z,2026-09-13 23:50:03,,13.750,-15.640,サーバー(直接取得)
cam50,2026-09-13T14:56:42.431Z,2026-09-13 23:56:00,,13.500,0.190,サーバー(直接取得)
cam51,2026-09-13T14:56:42.542Z,2026-09-13 23:54:15,,13.618,0.100,サーバー(直接取得)
cam52,2026-09-13T14:56:42.572Z,2026-09-13 23:50:16,,12.295,0.310,サーバー(直接取得)
cam53,2026-09-13T14:56:42.645Z,2026-09-13 23:50:12,,12.282,0.050,サーバー(直接取得)
cam54,2026-09-13T14:56:42.656Z,2026-09-13 23:50:20,,12.392,0.070,サーバー(直接取得)
cam55,2026-09-13T14:56:42.694Z,2026-09-13 23:50:21,,12.401,0.710,サーバー(直接取得)
cam02,2026-09-13T18:02:59.068Z,2026-09-14 03:00:07,,12.471,0.480,サーバー(直接取得)
cam03,2026-09-13T18:02:59.070Z,2026-09-14 03:00:13,,12.357,-4.340,サーバー(直接取得)
cam04,2026-09-13T18:02:59.071Z,2026-09-14 03:00:07,,12.321,1.050,サーバー(直接取得)
cam08,2026-09-13T18:02:59.072Z,2026-09-14 03:00:21,,12.282,0.110,サーバー(直接取得)
cam09,2026-09-13T18:02:59.914Z,2026-09-14 03:00:16,,11.913,0.290,サーバー(直接取得)
cam11,2026-09-13T18:02:59.962Z,2026-09-14 03:00:07,,12.238,0.432,サーバー(直接取得)
cam12,2026-09-13T18:03:00.133Z,2026-09-14 03:00:06,,11.746,-0.062,サーバー(直接取得)
cam13,2026-09-13T18:03:00.148Z,2026-09-14 03:00:06,,12.576,0.045,サーバー(直接取得)
cam14,2026-09-13T18:03:00.178Z,2026-09-14 03:00:13,,12.317,0.057,サーバー(直接取得)
cam36,2026-09-13T18:03:00.233Z,2026-09-13 08:30:06,,12.467,0.028,サーバー(直接取得)
cam39,2026-09-13T18:03:00.299Z,2026-09-14 03:02:06,,13.403,0.061,サーバー(直接取得)
cam40,2026-09-13T18:03:00.418Z,2026-09-14 03:00:06,,12.392,0.233,サーバー(直接取得)
cam41,2026-09-13T18:03:00.438Z,2026-09-14 03:00:03,,12.572,0.135,サーバー(直接取得)
cam42,2026-09-13T18:03:00.442Z,2026-09-14 03:00:15,,11.640,0.420,サーバー(直接取得)
cam43,2026-09-13T18:03:00.531Z,2026-09-14 03:00:13,,11.842,0.490,サーバー(直接取得)
cam44,2026-09-13T18:03:00.568Z,2026-09-14 03:00:03,,12.031,0.180,サーバー(直接取得)
cam45,2026-09-13T18:03:00.677Z,2026-09-14 03:00:03,,12.163,0.350,サーバー(直接取得)
cam46,2026-09-13T18:03:00.715Z,2026-09-14 03:00:12,,12.401,0.600,サーバー(直接取得)
cam47,2026-09-13T18:03:00.716Z,2026-09-14 03:00:06,,11.715,0.430,サーバー(直接取得)
cam48,2026-09-13T18:03:00.795Z,2026-09-14 03:00:03,,13.741,-15.560,サーバー(直接取得)
cam50,2026-09-13T18:03:00.829Z,2026-09-14 03:02:00,,13.500,0.190,サーバー(直接取得)
cam51,2026-09-13T18:03:01.005Z,2026-09-14 03:02:15,,13.618,0.100,サーバー(直接取得)
cam52,2026-09-13T18:03:01.016Z,2026-09-14 03:00:18,,12.256,0.310,サーバー(直接取得)
cam53,2026-09-13T18:03:01.024Z,2026-09-14 03:00:12,,12.207,0.040,サーバー(直接取得)
cam54,2026-09-13T18:03:01.061Z,2026-09-14 03:00:21,,12.339,0.070,サーバー(直接取得)
cam55,2026-09-13T18:03:01.096Z,2026-09-14 03:00:21,,12.352,0.710,サーバー(直接取得)
kw01,2026-09-13T18:03:01.280Z,2026/09/14 02:50,,,0.580,サーバー(国交省 川の防災情報)
kw02,2026-09-13T18:03:01.288Z,2026/09/14 02:50,,,0.290,サーバー(国交省 川の防災情報)
kw03,2026-09-13T18:03:01.303Z,2026/09/14 02:50,,,1.040,サーバー(国交省 川の防災情報)
kw04,2026-09-13T18:03:01.339Z,2026/09/14 02:50,,,0.810,サーバー(国交省 川の防災情報)
kw05,2026-09-13T18:03:01.359Z,2026/09/14 03:00,,,-1.260,サーバー(国交省 川の防災情報)
kw06,2026-09-13T18:03:01.693Z,2026/09/13 09:00,,,-2.440,サーバー(国交省 川の防災情報)
kw07,2026-09-13T18:03:01.793Z,2026/09/13 09:00,,,-4.210,サーバー(国交省 川の防災情報)
kw08,2026-09-13T18:03:01.929Z,2026/09/14 02:50,,,0.630,サーバー(国交省 川の防災情報)
kw09,2026-09-13T18:03:02.005Z,2026/09/13 10:00,,,-4.040,サーバー(国交省 川の防災情報)
kw10,2026-09-13T18:03:02.052Z,2026/09/14 02:50,,,0.250,サーバー(国交省 川の防災情報)
kw11,2026-09-13T18:03:02.151Z,2026/09/14 02:50,,,0.070,サーバー(国交省 川の防災情報)
cam02,2026-09-13T20:45:51.802Z,2026-09-14 05:40:07,,12.532,0.490,サーバー(直接取得)
cam03,2026-09-13T20:45:51.803Z,2026-09-14 05:40:13,,12.321,-4.110,サーバー(直接取得)
cam04,2026-09-13T20:45:51.804Z,2026-09-14 05:40:07,,12.365,1.060,サーバー(直接取得)
cam08,2026-09-13T20:45:51.805Z,2026-09-14 05:40:21,,12.348,0.120,サーバー(直接取得)
cam09,2026-09-13T20:45:52.400Z,2026-09-14 05:40:20,,11.952,0.290,サーバー(直接取得)
cam11,2026-09-13T20:45:52.404Z,2026-09-14 05:40:07,,12.300,0.498,サーバー(直接取得)
cam12,2026-09-13T20:45:52.494Z,2026-09-14 05:40:07,,11.724,-0.060,サーバー(直接取得)
cam13,2026-09-13T20:45:52.505Z,2026-09-14 05:40:07,,12.563,0.048,サーバー(直接取得)
cam14,2026-09-13T20:45:52.633Z,2026-09-14 05:40:16,,12.357,0.057,サーバー(直接取得)
cam36,2026-09-13T20:45:52.634Z,2026-09-13 08:30:06,,12.467,0.028,サーバー(直接取得)
cam39,2026-09-13T20:45:52.636Z,2026-09-14 05:44:06,,13.381,0.061,サーバー(直接取得)
cam40,2026-09-13T20:45:52.719Z,2026-09-14 05:40:07,,12.431,0.233,サーバー(直接取得)
cam41,2026-09-13T20:45:52.721Z,2026-09-14 05:40:04,,12.550,0.134,サーバー(直接取得)
cam42,2026-09-13T20:45:52.984Z,2026-09-14 05:40:15,,11.609,0.420,サーバー(直接取得)
cam43,2026-09-13T20:45:52.990Z,2026-09-14 05:40:17,,11.891,0.490,サーバー(直接取得)
cam44,2026-09-13T20:45:53.001Z,2026-09-14 05:40:03,,12.009,0.180,サーバー(直接取得)
cam45,2026-09-13T20:45:53.011Z,2026-09-14 05:40:03,,12.132,0.350,サーバー(直接取得)
cam46,2026-09-13T20:45:53.022Z,2026-09-14 05:40:17,,12.489,0.600,サーバー(直接取得)
cam47,2026-09-13T20:45:53.221Z,2026-09-14 05:40:07,,11.750,0.439,サーバー(直接取得)
cam48,2026-09-13T20:45:53.228Z,2026-09-14 05:40:03,,13.741,-15.510,サーバー(直接取得)
cam50,2026-09-13T20:45:53.234Z,2026-09-14 05:45:00,,13.500,0.190,サーバー(直接取得)
cam51,2026-09-13T20:45:53.242Z,2026-09-14 05:38:20,,13.601,0.090,サーバー(直接取得)
cam52,2026-09-13T20:45:53.250Z,2026-09-14 05:40:31,,12.308,0.300,サーバー(直接取得)
cam53,2026-09-13T20:45:53.444Z,2026-09-14 05:40:33,,12.194,0.040,サーバー(直接取得)
cam54,2026-09-13T20:45:53.456Z,2026-09-14 05:40:21,,12.291,0.070,サーバー(直接取得)
cam55,2026-09-13T20:45:53.468Z,2026-09-14 05:40:22,,12.269,0.700,サーバー(直接取得)
cam02,2026-09-13T22:40:36.461Z,2026-09-14 07:40:08,,13.403,0.460,サーバー(直接取得)
cam03,2026-09-13T22:40:36.462Z,2026-09-14 07:40:12,,12.427,-3.960,サーバー(直接取得)
cam04,2026-09-13T22:40:36.463Z,2026-09-14 07:40:07,,13.227,1.040,サーバー(直接取得)
cam08,2026-09-13T22:40:36.464Z,2026-09-14 07:30:22,,12.862,0.120,サーバー(直接取得)
cam09,2026-09-13T22:40:37.055Z,2026-09-14 07:30:22,,12.532,0.280,サーバー(直接取得)
cam11,2026-09-13T22:40:37.062Z,2026-09-14 07:40:07,,12.919,0.470,サーバー(直接取得)
cam12,2026-09-13T22:40:37.165Z,2026-09-14 07:40:07,,12.317,-0.099,サーバー(直接取得)
cam13,2026-09-13T22:40:37.193Z,2026-09-14 07:40:07,,13.284,0.023,サーバー(直接取得)
cam14,2026-09-13T22:40:37.277Z,2026-09-14 07:30:24,,12.502,0.057,サーバー(直接取得)
cam36,2026-09-13T22:40:37.290Z,2026-09-13 08:30:06,,12.467,0.028,サーバー(直接取得)
cam39,2026-09-13T22:40:37.304Z,2026-09-14 07:40:06,,13.381,0.033,サーバー(直接取得)
cam40,2026-09-13T22:40:37.383Z,2026-09-14 07:40:07,,13.262,0.208,サーバー(直接取得)
cam41,2026-09-13T22:40:37.417Z,2026-09-14 07:40:03,,13.020,0.134,サーバー(直接取得)
cam42,2026-09-13T22:40:37.495Z,2026-09-14 07:30:20,,11.908,0.420,サーバー(直接取得)
cam43,2026-09-13T22:40:37.513Z,2026-09-14 07:30:18,,12.251,0.480,サーバー(直接取得)
cam45,2026-09-13T22:40:37.616Z,2026-09-14 07:30:03,,12.300,0.350,サーバー(直接取得)
cam02,2026-09-14T00:29:37.109Z,2026-09-14 09:20:07,,13.570,0.460,サーバー(直接取得)
cam03,2026-09-14T00:29:37.110Z,2026-09-14 09:20:13,,12.475,-3.850,サーバー(直接取得)
cam04,2026-09-14T00:29:37.111Z,2026-09-14 09:20:06,,12.787,0.990,サーバー(直接取得)
cam08,2026-09-14T00:29:37.112Z,2026-09-14 09:20:21,,13.544,0.120,サーバー(直接取得)
cam09,2026-09-14T00:29:37.968Z,2026-09-14 09:20:19,,12.726,0.260,サーバー(直接取得)
cam11,2026-09-14T00:29:37.970Z,2026-09-14 09:20:06,,13.209,0.493,サーバー(直接取得)
cam12,2026-09-14T00:29:38.119Z,2026-09-14 09:20:07,,12.590,-0.125,サーバー(直接取得)
cam13,2026-09-14T00:29:38.126Z,2026-09-14 09:20:07,,13.579,0.016,サーバー(直接取得)
cam14,2026-09-14T00:29:38.234Z,2026-09-14 09:20:22,,13.403,0.057,サーバー(直接取得)
cam36,2026-09-14T00:29:38.243Z,2026-09-13 08:30:06,,12.467,0.028,サーバー(直接取得)
cam39,2026-09-14T00:29:38.301Z,2026-09-14 09:28:06,,13.377,0.035,サーバー(直接取得)
cam40,2026-09-14T00:29:38.399Z,2026-09-14 09:20:07,,13.399,0.219,サーバー(直接取得)
cam41,2026-09-14T00:29:38.407Z,2026-09-14 09:20:03,,12.998,0.132,サーバー(直接取得)
cam42,2026-09-14T00:29:38.496Z,2026-09-14 09:20:35,,12.304,0.400,サーバー(直接取得)
cam43,2026-09-14T00:29:38.518Z,2026-09-14 09:20:20,,12.678,0.480,サーバー(直接取得)
cam44,2026-09-14T00:29:38.564Z,2026-09-14 09:20:03,,12.550,0.180,サーバー(直接取得)
cam45,2026-09-14T00:29:38.675Z,2026-09-14 09:20:03,,12.568,0.340,サーバー(直接取得)
cam46,2026-09-14T00:29:38.688Z,2026-09-14 09:20:21,,13.390,0.790,サーバー(直接取得)
cam47,2026-09-14T00:29:38.766Z,2026-09-14 09:20:06,,12.471,0.531,サーバー(直接取得)
cam48,2026-09-14T00:29:38.794Z,2026-09-14 09:20:03,,13.763,-15.690,サーバー(直接取得)
cam50,2026-09-14T00:29:38.835Z,2026-09-14 09:29:00,,13.508,0.180,サーバー(直接取得)
cam51,2026-09-14T00:29:38.943Z,2026-09-14 09:28:18,,13.601,0.050,サーバー(直接取得)
cam52,2026-09-14T00:29:38.959Z,2026-09-14 09:20:25,,13.385,0.260,サーバー(直接取得)
cam53,2026-09-14T00:29:39.036Z,2026-09-14 09:20:27,,13.148,0.020,サーバー(直接取得)
cam54,2026-09-14T00:29:39.062Z,2026-09-14 09:20:21,,13.359,0.070,サーバー(直接取得)
cam55,2026-09-14T00:29:39.144Z,2026-09-14 09:20:22,,13.275,0.650,サーバー(直接取得)
kw01,2026-09-14T00:29:39.208Z,2026/09/14 09:20,,,0.560,サーバー(国交省 川の防災情報)
kw02,2026-09-14T00:29:39.222Z,2026/09/14 09:20,,,0.240,サーバー(国交省 川の防災情報)
kw03,2026-09-14T00:29:39.309Z,2026/09/14 09:20,,,1.050,サーバー(国交省 川の防災情報)
kw04,2026-09-14T00:29:39.328Z,2026/09/14 09:20,,,0.800,サーバー(国交省 川の防災情報)
kw05,2026-09-14T00:29:39.414Z,2026/09/14 09:00,,,-1.270,サーバー(国交省 川の防災情報)
kw06,2026-09-14T00:29:39.716Z,2026/09/14 09:00,,,-2.530,サーバー(国交省 川の防災情報)
kw07,2026-09-14T00:29:39.735Z,2026/09/14 09:00,,,-4.230,サーバー(国交省 川の防災情報)
kw08,2026-09-14T00:29:39.951Z,2026/09/14 09:20,,,0.610,サーバー(国交省 川の防災情報)
kw09,2026-09-14T00:29:39.973Z,2026/09/13 10:00,,,-4.040,サーバー(国交省 川の防災情報)
kw10,2026-09-14T00:29:39.998Z,2026/09/14 09:20,,,0.250,サーバー(国交省 川の防災情報)
kw11,2026-09-14T00:29:40.042Z,2026/09/14 09:20,,,0.030,サーバー(国交省 川の防災情報)
cam02,2026-09-14T05:22:38.492Z,2026-09-14 14:20:07,,13.583,0.470,サーバー(直接取得)
cam03,2026-09-14T05:22:38.493Z,2026-09-14 14:20:13,,13.196,-4.580,サーバー(直接取得)
cam04,2026-09-14T05:22:38.494Z,2026-09-14 14:20:07,,13.302,1.020,サーバー(直接取得)
cam08,2026-09-14T05:22:38.495Z,2026-09-14 14:20:21,,12.541,0.100,サーバー(直接取得)
cam09,2026-09-14T05:22:39.097Z,2026-09-14 14:20:24,,12.695,0.270,サーバー(直接取得)
cam11,2026-09-14T05:22:39.110Z,2026-09-14 14:20:06,,13.289,0.502,サーバー(直接取得)
cam12,2026-09-14T05:22:39.209Z,2026-09-14 14:20:07,,12.326,-0.094,サーバー(直接取得)
cam13,2026-09-14T05:22:39.238Z,2026-09-14 14:20:07,,13.592,0.036,サーバー(直接取得)
cam14,2026-09-14T05:22:39.318Z,2026-09-14 14:20:19,,13.218,0.047,サーバー(直接取得)
cam36,2026-09-14T05:22:39.331Z,2026-09-13 08:30:06,,12.467,0.028,サーバー(直接取得)
cam39,2026-09-14T05:22:39.354Z,2026-09-14 14:22:06,,13.377,0.049,サーバー(直接取得)
cam40,2026-09-14T05:22:39.424Z,2026-09-14 14:20:07,,13.377,0.228,サーバー(直接取得)
cam41,2026-09-14T05:22:39.453Z,2026-09-14 14:20:03,,13.697,0.129,サーバー(直接取得)
cam42,2026-09-14T05:22:39.540Z,2026-09-14 14:10:17,,12.357,0.410,サーバー(直接取得)
cam43,2026-09-14T05:22:39.561Z,2026-09-14 14:10:21,,12.638,0.480,サーバー(直接取得)
cam44,2026-09-14T05:22:39.576Z,2026-09-14 14:20:03,,12.418,0.170,サーバー(直接取得)
cam45,2026-09-14T05:22:39.646Z,2026-09-14 14:00:03,,12.928,0.350,サーバー(直接取得)
cam46,2026-09-14T05:22:39.668Z,2026-09-14 14:10:18,,13.249,0.780,サーバー(直接取得)
cam47,2026-09-14T05:22:39.761Z,2026-09-14 14:20:07,,12.537,0.495,サーバー(直接取得)
cam48,2026-09-14T05:22:39.783Z,2026-09-14 14:20:03,,13.755,-15.520,サーバー(直接取得)
cam50,2026-09-14T05:22:39.811Z,2026-09-14 14:22:00,,13.508,0.180,サーバー(直接取得)
cam51,2026-09-14T05:22:39.864Z,2026-09-14 14:22:19,,13.601,0.070,サーバー(直接取得)
cam52,2026-09-14T05:22:39.906Z,2026-09-14 14:20:30,,12.598,0.270,サーバー(直接取得)
cam53,2026-09-14T05:22:39.979Z,2026-09-14 14:20:30,,13.086,0.030,サーバー(直接取得)
cam54,2026-09-14T05:22:40.004Z,2026-09-14 14:20:20,,12.563,0.060,サーバー(直接取得)
cam55,2026-09-14T05:22:40.032Z,2026-09-14 14:20:21,,12.537,0.670,サーバー(直接取得)
kw01,2026-09-14T05:22:40.084Z,2026/09/14 14:10,,,0.560,サーバー(国交省 川の防災情報)
kw02,2026-09-14T05:22:40.136Z,2026/09/14 14:10,,,0.260,サーバー(国交省 川の防災情報)
kw03,2026-09-14T05:22:40.194Z,2026/09/14 14:10,,,1.050,サーバー(国交省 川の防災情報)
kw04,2026-09-14T05:22:40.228Z,2026/09/14 14:10,,,0.790,サーバー(国交省 川の防災情報)
kw05,2026-09-14T05:22:40.249Z,2026/09/14 09:00,,,-1.270,サーバー(国交省 川の防災情報)
kw06,2026-09-14T05:22:40.649Z,2026/09/14 09:00,,,-2.530,サーバー(国交省 川の防災情報)
kw07,2026-09-14T05:22:40.912Z,2026/09/14 09:00,,,-4.230,サーバー(国交省 川の防災情報)
kw08,2026-09-14T05:22:40.960Z,2026/09/14 14:10,,,0.610,サーバー(国交省 川の防災情報)
kw09,2026-09-14T05:22:40.971Z,2026/09/14 10:00,,,-4.040,サーバー(国交省 川の防災情報)
kw10,2026-09-14T05:22:41.145Z,2026/09/14 14:10,,,0.240,サーバー(国交省 川の防災情報)
kw11,2026-09-14T05:22:41.146Z,2026/09/14 14:10,,,-0.030,サーバー(国交省 川の防災情報)
cam02,2026-09-14T10:54:12.081Z,2026-09-14 19:50:06,,12.572,0.480,サーバー(直接取得)
cam03,2026-09-14T10:54:12.082Z,2026-09-14 19:50:12,,12.484,-4.580,サーバー(直接取得)
cam04,2026-09-14T10:54:12.083Z,2026-09-14 19:50:07,,12.497,1.060,サーバー(直接取得)
cam08,2026-09-14T10:54:12.083Z,2026-09-14 19:50:21,,12.418,0.110,サーバー(直接取得)
cam09,2026-09-14T10:54:12.695Z,2026-09-14 19:50:16,,12.159,0.270,サーバー(直接取得)
cam11,2026-09-14T10:54:12.704Z,2026-09-14 19:50:07,,12.493,0.479,サーバー(直接取得)
cam12,2026-09-14T10:54:12.913Z,2026-09-14 19:50:06,,12.009,-5.394,サーバー(直接取得)
cam13,2026-09-14T10:54:12.927Z,2026-09-14 19:50:06,,12.682,0.048,サーバー(直接取得)
cam14,2026-09-14T10:54:12.950Z,2026-09-14 19:50:14,,12.480,0.057,サーバー(直接取得)
cam36,2026-09-14T10:54:12.963Z,2026-09-13 08:30:06,,12.467,0.028,サーバー(直接取得)
cam39,2026-09-14T10:54:12.965Z,2026-09-14 19:52:05,,13.377,0.060,サーバー(直接取得)
cam40,2026-09-14T10:54:13.131Z,2026-09-14 19:50:06,,12.612,0.237,サーバー(直接取得)
cam41,2026-09-14T10:54:13.144Z,2026-09-14 19:50:03,,12.656,0.138,サーバー(直接取得)
cam42,2026-09-14T10:54:13.166Z,2026-09-14 19:50:13,,12.431,0.410,サーバー(直接取得)
cam43,2026-09-14T10:54:13.177Z,2026-09-14 19:50:13,,12.097,0.500,サーバー(直接取得)
cam44,2026-09-14T10:54:13.187Z,2026-09-14 19:50:03,,12.102,0.180,サーバー(直接取得)
cam45,2026-09-14T10:54:13.349Z,2026-09-14 19:50:03,,12.475,0.340,サーバー(直接取得)
cam46,2026-09-14T10:54:13.364Z,2026-09-14 19:50:10,,12.572,0.790,サーバー(直接取得)
cam47,2026-09-14T10:54:13.380Z,2026-09-14 19:50:06,,12.027,0.454,サーバー(直接取得)
cam48,2026-09-14T10:54:13.399Z,2026-09-14 19:50:03,,13.755,-15.580,サーバー(直接取得)
cam50,2026-09-14T10:54:13.407Z,2026-09-14 19:50:00,,13.500,0.190,サーバー(直接取得)
cam51,2026-09-14T10:54:13.573Z,2026-09-14 19:52:14,,13.618,0.100,サーバー(直接取得)
cam52,2026-09-14T10:54:13.589Z,2026-09-14 19:50:15,,12.348,0.280,サーバー(直接取得)
cam53,2026-09-14T10:54:13.591Z,2026-09-14 19:50:14,,12.427,0.030,サーバー(直接取得)
cam54,2026-09-14T10:54:13.611Z,2026-09-14 19:50:20,,12.401,0.070,サーバー(直接取得)
cam55,2026-09-14T10:54:13.648Z,2026-09-14 19:50:21,,12.436,0.700,サーバー(直接取得)
kw01,2026-09-14T10:54:13.791Z,2026/09/14 19:40,,,0.550,サーバー(国交省 川の防災情報)
kw02,2026-09-14T10:54:13.805Z,2026/09/14 19:40,,,0.250,サーバー(国交省 川の防災情報)
kw03,2026-09-14T10:54:13.817Z,2026/09/14 19:40,,,1.050,サーバー(国交省 川の防災情報)
kw04,2026-09-14T10:54:13.825Z,2026/09/14 19:40,,,0.780,サーバー(国交省 川の防災情報)
kw05,2026-09-14T10:54:13.877Z,2026/09/14 16:25,,,-1.270,サーバー(国交省 川の防災情報)
kw06,2026-09-14T10:54:14.234Z,2026/09/14 09:00,,,-2.530,サーバー(国交省 川の防災情報)
kw07,2026-09-14T10:54:14.238Z,2026/09/14 09:00,,,-4.230,サーバー(国交省 川の防災情報)
kw08,2026-09-14T10:54:14.252Z,2026/09/14 19:40,,,0.590,サーバー(国交省 川の防災情報)
kw09,2026-09-14T10:54:14.252Z,2026/09/14 10:00,,,-4.040,サーバー(国交省 川の防災情報)
kw10,2026-09-14T10:54:14.435Z,2026/09/14 19:40,,,1.020,サーバー(国交省 川の防災情報)
kw11,2026-09-14T10:54:14.440Z,2026/09/14 19:40,,,-0.030,サーバー(国交省 川の防災情報)
cam02,2026-09-14T16:49:50.854Z,2026-09-15 01:40:07,,12.471,0.500,サーバー(直接取得)
cam03,2026-09-14T16:49:50.855Z,2026-09-15 01:40:12,,12.352,-4.140,サーバー(直接取得)
cam04,2026-09-14T16:49:50.855Z,2026-09-15 01:40:06,,12.418,1.050,サーバー(直接取得)
cam08,2026-09-14T16:49:50.856Z,2026-09-15 01:40:21,,12.220,0.150,サーバー(直接取得)
cam09,2026-09-14T16:49:51.571Z,2026-09-15 01:40:18,,12.027,0.300,サーバー(直接取得)
cam11,2026-09-14T16:49:51.581Z,2026-09-15 01:40:06,,12.405,0.481,サーバー(直接取得)
cam12,2026-09-14T16:49:51.680Z,2026-09-15 01:40:07,,11.917,-2.198,サーバー(直接取得)
cam13,2026-09-14T16:49:51.698Z,2026-09-15 01:40:06,,12.598,0.057,サーバー(直接取得)
cam14,2026-09-14T16:49:51.792Z,2026-09-15 01:40:22,,12.339,0.087,サーバー(直接取得)
cam36,2026-09-14T16:49:51.802Z,2026-09-13 08:30:06,,12.467,0.028,サーバー(直接取得)
cam39,2026-09-14T16:49:51.809Z,2026-09-15 01:48:05,,13.403,0.071,サーバー(直接取得)
cam40,2026-09-14T16:49:51.916Z,2026-09-15 01:40:07,,12.515,0.241,サーバー(直接取得)
cam41,2026-09-14T16:49:51.937Z,2026-09-15 01:40:03,,12.576,0.134,サーバー(直接取得)
cam42,2026-09-14T16:49:52.013Z,2026-09-15 01:40:12,,12.335,0.420,サーバー(直接取得)
cam43,2026-09-14T16:49:52.027Z,2026-09-15 01:40:20,,11.965,0.500,サーバー(直接取得)
cam44,2026-09-14T16:49:52.029Z,2026-09-15 01:40:03,,12.049,0.180,サーバー(直接取得)
cam45,2026-09-14T16:49:52.137Z,2026-09-15 01:40:03,,12.379,0.360,サーバー(直接取得)
cam46,2026-09-14T16:49:52.157Z,2026-09-15 01:40:12,,12.445,0.710,サーバー(直接取得)
cam47,2026-09-14T16:49:52.232Z,2026-09-15 01:40:07,,11.935,0.440,サーバー(直接取得)
cam48,2026-09-14T16:49:52.247Z,2026-09-15 01:40:03,,13.737,-15.540,サーバー(直接取得)
cam50,2026-09-14T16:49:52.256Z,2026-09-15 01:48:00,,13.500,0.190,サーバー(直接取得)
cam51,2026-09-14T16:49:52.360Z,2026-09-15 01:48:15,,13.618,0.100,サーバー(直接取得)
cam52,2026-09-14T16:49:52.375Z,2026-09-15 01:40:16,,12.225,0.280,サーバー(直接取得)
cam53,2026-09-14T16:49:52.451Z,2026-09-15 01:40:13,,12.352,0.520,サーバー(直接取得)
cam54,2026-09-14T16:49:52.461Z,2026-09-15 01:40:20,,12.278,0.090,サーバー(直接取得)
cam55,2026-09-14T16:49:52.469Z,2026-09-15 01:40:21,,12.330,0.690,サーバー(直接取得)
kw01,2026-09-14T16:49:52.580Z,2026/09/15 01:40,,,0.560,サーバー(国交省 川の防災情報)
kw02,2026-09-14T16:49:52.593Z,2026/09/15 01:40,,,0.270,サーバー(国交省 川の防災情報)
kw03,2026-09-14T16:49:52.685Z,2026/09/15 01:40,,,1.050,サーバー(国交省 川の防災情報)
kw04,2026-09-14T16:49:52.686Z,2026/09/15 01:40,,,0.780,サーバー(国交省 川の防災情報)
kw05,2026-09-14T16:49:52.781Z,2026/09/15 01:30,,,-0.720,サーバー(国交省 川の防災情報)
kw06,2026-09-14T16:49:53.291Z,2026/09/14 09:00,,,-2.530,サーバー(国交省 川の防災情報)
kw07,2026-09-14T16:49:53.373Z,2026/09/14 09:00,,,-4.230,サーバー(国交省 川の防災情報)
kw08,2026-09-14T16:49:53.406Z,2026/09/15 01:40,,,0.620,サーバー(国交省 川の防災情報)
kw09,2026-09-14T16:49:53.461Z,2026/09/14 10:00,,,-4.040,サーバー(国交省 川の防災情報)
kw10,2026-09-14T16:49:53.609Z,2026/09/15 01:40,,,1.780,サーバー(国交省 川の防災情報)
kw11,2026-09-14T16:49:53.718Z,2026/09/15 01:40,,,-0.010,サーバー(国交省 川の防災情報)
cam02,2026-09-14T23:30:10.252Z,2026-09-15 08:20:07,,12.708,0.990,サーバー(直接取得)
cam03,2026-09-14T23:30:10.254Z,2026-09-15 08:20:14,,12.370,-4.580,サーバー(直接取得)
cam04,2026-09-14T23:30:10.255Z,2026-09-15 08:20:07,,12.691,1.050,サーバー(直接取得)
cam08,2026-09-14T23:30:10.255Z,2026-09-15 08:20:20,,12.581,0.320,サーバー(直接取得)
cam09,2026-09-14T23:30:11.302Z,2026-09-15 08:20:24,,12.159,0.320,サーバー(直接取得)
cam11,2026-09-14T23:30:11.304Z,2026-09-15 08:20:07,,12.748,0.649,サーバー(直接取得)
cam12,2026-09-14T23:30:11.447Z,2026-09-15 08:20:07,,11.948,-0.052,サーバー(直接取得)
cam13,2026-09-14T23:30:11.461Z,2026-09-15 08:20:07,,12.867,0.106,サーバー(直接取得)
cam14,2026-09-14T23:30:11.562Z,2026-09-15 08:20:21,,12.462,0.137,サーバー(直接取得)
cam36,2026-09-14T23:30:11.565Z,2026-09-13 08:30:06,,12.467,0.028,サーバー(直接取得)
cam39,2026-09-14T23:30:11.695Z,2026-09-15 08:28:06,,13.385,0.068,サーバー(直接取得)
cam40,2026-09-14T23:30:11.710Z,2026-09-15 08:20:07,,12.814,0.507,サーバー(直接取得)
cam41,2026-09-14T23:30:11.812Z,2026-09-15 08:20:03,,12.950,0.143,サーバー(直接取得)
cam42,2026-09-14T23:30:11.822Z,2026-09-15 08:20:21,,12.568,0.440,サーバー(直接取得)
cam43,2026-09-14T23:30:11.945Z,2026-09-15 08:20:19,,12.119,0.500,サーバー(直接取得)
cam44,2026-09-14T23:30:11.959Z,2026-09-15 08:20:04,,12.071,0.170,サーバー(直接取得)
cam45,2026-09-14T23:30:12.065Z,2026-09-15 08:20:03,,12.541,0.380,サーバー(直接取得)
cam46,2026-09-14T23:30:12.083Z,2026-09-15 08:20:20,,12.634,0.740,サーバー(直接取得)
cam47,2026-09-14T23:30:12.196Z,2026-09-15 08:20:07,,12.115,0.422,サーバー(直接取得)
cam48,2026-09-14T23:30:12.211Z,2026-09-15 08:20:03,,13.746,-15.500,サーバー(直接取得)
cam50,2026-09-14T23:30:12.226Z,2026-09-15 08:25:00,,13.500,0.240,サーバー(直接取得)
cam51,2026-09-14T23:30:12.315Z,2026-09-15 08:28:22,,13.601,0.200,サーバー(直接取得)
cam52,2026-09-14T23:30:12.333Z,2026-09-15 08:20:32,,12.647,0.460,サーバー(直接取得)
cam53,2026-09-14T23:30:12.444Z,2026-09-15 08:20:25,,12.506,1.840,サーバー(直接取得)
cam54,2026-09-14T23:30:12.460Z,2026-09-15 08:20:21,,12.418,0.100,サーバー(直接取得)
cam55,2026-09-14T23:30:12.479Z,2026-09-15 08:20:21,,12.480,1.110,サーバー(直接取得)
cam02,2026-09-15T01:52:08.044Z,2026-09-15 10:50:07,,13.403,0.640,サーバー(直接取得)
cam03,2026-09-15T01:52:08.045Z,2026-09-15 10:50:16,,12.704,-4.370,サーバー(直接取得)
cam04,2026-09-15T01:52:08.046Z,2026-09-15 10:50:07,,13.262,1.040,サーバー(直接取得)
cam08,2026-09-15T01:52:08.047Z,2026-09-15 10:50:20,,12.933,0.120,サーバー(直接取得)
cam09,2026-09-15T01:52:08.849Z,2026-09-15 10:50:25,,12.497,0.330,サーバー(直接取得)
cam11,2026-09-15T01:52:08.851Z,2026-09-15 10:50:06,,13.051,0.604,サーバー(直接取得)
cam12,2026-09-15T01:52:08.957Z,2026-09-15 10:50:07,,12.181,-0.064,サーバー(直接取得)
cam13,2026-09-15T01:52:08.967Z,2026-09-15 10:50:06,,13.249,0.070,サーバー(直接取得)
cam14,2026-09-15T01:52:08.982Z,2026-09-15 10:50:20,,12.845,0.087,サーバー(直接取得)
cam36,2026-09-15T01:52:09.063Z,2026-09-13 08:30:06,,12.467,0.028,サーバー(直接取得)
cam39,2026-09-15T01:52:09.091Z,2026-09-15 10:50:06,,13.385,0.063,サーバー(直接取得)
cam40,2026-09-15T01:52:09.175Z,2026-09-15 10:50:07,,13.196,0.421,サーバー(直接取得)
cam41,2026-09-15T01:52:09.176Z,2026-09-15 10:50:03,,13.297,0.143,サーバー(直接取得)
cam42,2026-09-15T01:52:09.208Z,2026-09-15 10:40:19,,12.801,0.430,サーバー(直接取得)
cam43,2026-09-15T01:52:09.272Z,2026-09-15 10:40:18,,12.387,0.500,サーバー(直接取得)
cam44,2026-09-15T01:52:09.299Z,2026-09-15 10:50:03,,12.172,0.170,サーバー(直接取得)
cam45,2026-09-15T01:52:09.386Z,2026-09-15 10:50:03,,12.774,0.370,サーバー(直接取得)
cam46,2026-09-15T01:52:09.396Z,2026-09-15 10:40:20,,12.823,0.740,サーバー(直接取得)
cam47,2026-09-15T01:52:09.433Z,2026-09-15 10:50:06,,12.414,0.422,サーバー(直接取得)
cam48,2026-09-15T01:52:09.487Z,2026-09-15 10:50:03,,13.763,-15.400,サーバー(直接取得)
cam50,2026-09-15T01:52:09.511Z,2026-09-15 10:51:00,,13.504,0.200,サーバー(直接取得)
cam51,2026-09-15T01:52:09.596Z,2026-09-15 10:50:21,,13.601,0.130,サーバー(直接取得)
cam52,2026-09-15T01:52:09.610Z,2026-09-15 10:50:27,,12.805,0.360,サーバー(直接取得)
cam53,2026-09-15T01:52:09.644Z,2026-09-15 10:50:29,,12.893,0.390,サーバー(直接取得)
cam54,2026-09-15T01:52:09.701Z,2026-09-15 10:50:20,,12.818,0.080,サーバー(直接取得)
cam55,2026-09-15T01:52:09.724Z,2026-09-15 10:50:21,,12.801,1.110,サーバー(直接取得)
kw01,2026-09-15T01:52:09.808Z,2026/09/15 10:40,,,0.800,サーバー(国交省 川の防災情報)
kw02,2026-09-15T01:52:09.825Z,2026/09/15 10:40,,,0.660,サーバー(国交省 川の防災情報)
kw03,2026-09-15T01:52:09.857Z,2026/09/15 10:40,,,1.220,サーバー(国交省 川の防災情報)
kw04,2026-09-15T01:52:09.914Z,2026/09/15 10:40,,,1.020,サーバー(国交省 川の防災情報)
kw05,2026-09-15T01:52:09.940Z,2026/09/15 09:00,,,-1.270,サーバー(国交省 川の防災情報)
kw06,2026-09-15T01:52:10.366Z,2026/09/15 09:00,,,-2.140,サーバー(国交省 川の防災情報)
kw07,2026-09-15T01:52:10.374Z,2026/09/15 09:00,,,-4.100,サーバー(国交省 川の防災情報)
kw08,2026-09-15T01:52:10.380Z,2026/09/15 10:40,,,1.090,サーバー(国交省 川の防災情報)
kw09,2026-09-15T01:52:10.381Z,2026/09/15 10:00,,,-4.040,サーバー(国交省 川の防災情報)
kw10,2026-09-15T01:52:10.597Z,2026/09/15 10:40,,,1.770,サーバー(国交省 川の防災情報)
kw11,2026-09-15T01:52:10.603Z,2026/09/15 10:40,,,0.960,サーバー(国交省 川の防災情報)
cam02,2026-09-15T07:24:58.507Z,2026-09-15 16:20:08,,12.752,0.470,サーバー(直接取得)
cam03,2026-09-15T07:24:58.508Z,2026-09-15 16:20:13,,12.440,-4.580,サーバー(直接取得)
cam04,2026-09-15T07:24:58.508Z,2026-09-15 16:20:07,,12.664,1.040,サーバー(直接取得)
cam08,2026-09-15T07:24:58.509Z,2026-09-15 16:20:20,,12.554,0.120,サーバー(直接取得)
cam09,2026-09-15T07:24:59.233Z,2026-09-15 16:20:22,,12.198,0.290,サーバー(直接取得)
cam11,2026-09-15T07:24:59.257Z,2026-09-15 16:20:07,,12.660,0.426,サーバー(直接取得)
cam12,2026-09-15T07:24:59.361Z,2026-09-15 16:20:07,,12.005,-0.067,サーバー(直接取得)
cam13,2026-09-15T07:24:59.362Z,2026-09-15 16:20:06,,12.823,0.057,サーバー(直接取得)
cam14,2026-09-15T07:24:59.369Z,2026-09-15 16:20:17,,12.541,0.047,サーバー(直接取得)
cam36,2026-09-15T07:24:59.472Z,2026-09-13 08:30:06,,12.467,0.028,サーバー(直接取得)
cam39,2026-09-15T07:24:59.501Z,2026-09-15 16:24:06,,13.381,0.052,サーバー(直接取得)
cam40,2026-09-15T07:24:59.601Z,2026-09-15 16:20:07,,12.787,0.404,サーバー(直接取得)
cam41,2026-09-15T07:24:59.613Z,2026-09-15 16:20:03,,12.796,0.139,サーバー(直接取得)
cam42,2026-09-15T07:24:59.628Z,2026-09-15 16:20:16,,12.475,0.430,サーバー(直接取得)
cam43,2026-09-15T07:24:59.716Z,2026-09-15 16:20:20,,12.119,0.500,サーバー(直接取得)
cam44,2026-09-15T07:24:59.748Z,2026-09-15 16:20:03,,12.040,0.180,サーバー(直接取得)
cam45,2026-09-15T07:24:59.837Z,2026-09-15 16:20:03,,12.480,0.360,サーバー(直接取得)
cam46,2026-09-15T07:24:59.852Z,2026-09-15 16:20:16,,12.616,0.630,サーバー(直接取得)
cam47,2026-09-15T07:24:59.861Z,2026-09-15 16:20:07,,12.124,0.429,サーバー(直接取得)
cam48,2026-09-15T07:24:59.956Z,2026-09-15 16:20:03,,13.750,-15.390,サーバー(直接取得)
cam50,2026-09-15T07:24:59.989Z,2026-09-15 16:24:00,,13.500,0.190,サーバー(直接取得)
cam51,2026-09-15T07:25:00.079Z,2026-09-15 16:22:28,,13.601,0.110,サーバー(直接取得)
cam52,2026-09-15T07:25:00.091Z,2026-09-15 16:20:30,,12.554,0.310,サーバー(直接取得)
cam53,2026-09-15T07:25:00.103Z,2026-09-15 16:20:31,,12.493,0.030,サーバー(直接取得)
cam54,2026-09-15T07:25:00.202Z,2026-09-15 16:20:21,,12.462,0.070,サーバー(直接取得)
cam55,2026-09-15T07:25:00.239Z,2026-09-15 16:20:21,,12.440,1.110,サーバー(直接取得)
cam02,2026-09-15T12:50:11.240Z,2026-09-15 21:40:07,,12.427,0.480,サーバー(直接取得)
cam03,2026-09-15T12:50:11.241Z,2026-09-15 21:40:10,,12.242,-4.580,サーバー(直接取得)
cam04,2026-09-15T12:50:11.242Z,2026-09-15 21:40:07,,12.392,1.050,サーバー(直接取得)
cam08,2026-09-15T12:50:11.243Z,2026-09-15 21:40:20,,12.260,0.110,サーバー(直接取得)
cam09,2026-09-15T12:50:11.963Z,2026-09-15 21:40:16,,11.847,0.290,サーバー(直接取得)
cam11,2026-09-15T12:50:11.965Z,2026-09-15 21:40:06,,12.335,0.462,サーバー(直接取得)
cam12,2026-09-15T12:50:11.967Z,2026-09-15 21:40:06,,11.798,-0.054,サーバー(直接取得)
cam13,2026-09-15T12:50:11.993Z,2026-09-15 21:40:07,,12.581,0.058,サーバー(直接取得)
cam14,2026-09-15T12:50:12.061Z,2026-09-15 21:40:13,,12.225,0.047,サーバー(直接取得)
cam36,2026-09-15T12:50:12.192Z,2026-09-13 08:30:06,,12.467,0.028,サーバー(直接取得)
cam39,2026-09-15T12:50:12.198Z,2026-09-15 21:48:06,,13.385,0.064,サーバー(直接取得)
cam40,2026-09-15T12:50:12.212Z,2026-09-15 21:40:06,,12.489,0.402,サーバー(直接取得)
cam41,2026-09-15T12:50:12.226Z,2026-09-15 21:40:03,,12.612,0.141,サーバー(直接取得)
cam42,2026-09-15T12:50:12.289Z,2026-09-15 21:40:13,,12.251,0.430,サーバー(直接取得)
cam43,2026-09-15T12:50:12.403Z,2026-09-15 21:40:16,,11.816,0.500,サーバー(直接取得)
cam44,2026-09-15T12:50:12.420Z,2026-09-15 21:40:04,,11.979,0.170,サーバー(直接取得)
cam45,2026-09-15T12:50:12.427Z,2026-09-15 21:40:03,,12.286,0.360,サーバー(直接取得)
cam46,2026-09-15T12:50:12.441Z,2026-09-15 21:40:10,,12.339,0.650,サーバー(直接取得)
cam47,2026-09-15T12:50:12.498Z,2026-09-15 21:40:06,,11.864,0.393,サーバー(直接取得)
cam48,2026-09-15T12:50:12.609Z,2026-09-15 21:40:03,,13.763,-15.480,サーバー(直接取得)
cam50,2026-09-15T12:50:12.624Z,2026-09-15 21:45:00,,13.504,0.190,サーバー(直接取得)
cam51,2026-09-15T12:50:12.633Z,2026-09-15 21:48:19,,13.618,0.110,サーバー(直接取得)
cam52,2026-09-15T12:50:12.650Z,2026-09-15 21:40:14,,12.185,0.310,サーバー(直接取得)
cam53,2026-09-15T12:50:12.712Z,2026-09-15 21:40:11,,12.273,0.050,サーバー(直接取得)
cam54,2026-09-15T12:50:12.830Z,2026-09-15 21:40:20,,12.194,0.070,サーバー(直接取得)
cam55,2026-09-15T12:50:12.835Z,2026-09-15 21:40:21,,12.247,0.710,サーバー(直接取得)
cam02,2026-09-15T17:23:18.818Z,2026-09-16 02:20:06,,12.365,0.480,サーバー(直接取得)
cam03,2026-09-15T17:23:18.819Z,2026-09-16 02:20:12,,12.198,-4.210,サーバー(直接取得)
cam04,2026-09-15T17:23:18.820Z,2026-09-16 02:20:07,,12.308,1.070,サーバー(直接取得)
cam08,2026-09-15T17:23:18.821Z,2026-09-16 01:50:21,,12.154,0.140,サーバー(直接取得)
cam09,2026-09-15T17:23:19.747Z,2026-09-16 02:20:18,,11.763,0.310,サーバー(直接取得)
cam11,2026-09-15T17:23:19.749Z,2026-09-16 02:20:06,,12.273,0.464,サーバー(直接取得)
cam12,2026-09-15T17:23:19.915Z,2026-09-16 02:20:07,,11.732,-0.057,サーバー(直接取得)
cam13,2026-09-15T17:23:19.945Z,2026-09-16 02:20:06,,12.506,0.055,サーバー(直接取得)
cam14,2026-09-15T17:23:20.023Z,2026-09-16 02:20:14,,12.185,0.047,サーバー(直接取得)
cam36,2026-09-15T17:23:20.027Z,2026-09-13 08:30:06,,12.467,0.028,サーバー(直接取得)
cam39,2026-09-15T17:23:20.169Z,2026-09-16 02:20:06,,13.412,0.065,サーバー(直接取得)
cam40,2026-09-15T17:23:20.188Z,2026-09-16 02:20:06,,12.405,0.394,サーバー(直接取得)
cam41,2026-09-15T17:23:20.226Z,2026-09-16 02:20:03,,12.511,0.141,サーバー(直接取得)
cam42,2026-09-15T17:23:20.292Z,2026-09-16 02:20:12,,12.203,0.430,サーバー(直接取得)
cam43,2026-09-15T17:23:20.299Z,2026-09-16 02:20:16,,11.741,0.500,サーバー(直接取得)
cam44,2026-09-15T17:23:20.448Z,2026-09-16 02:20:03,,11.952,0.170,サーバー(直接取得)
cam45,2026-09-15T17:23:20.457Z,2026-09-16 02:20:03,,12.238,0.360,サーバー(直接取得)
cam46,2026-09-15T17:23:20.506Z,2026-09-16 02:20:10,,12.273,0.760,サーバー(直接取得)
cam47,2026-09-15T17:23:20.558Z,2026-09-16 02:20:06,,11.785,0.391,サーバー(直接取得)
cam48,2026-09-15T17:23:20.576Z,2026-09-16 02:20:03,,13.750,-15.380,サーバー(直接取得)
cam50,2026-09-15T17:23:20.728Z,2026-09-16 02:22:00,,13.504,0.190,サーバー(直接取得)
cam51,2026-09-15T17:23:20.736Z,2026-09-16 02:22:19,,13.618,0.100,サーバー(直接取得)
cam52,2026-09-15T17:23:20.780Z,2026-09-16 02:20:15,,12.132,0.300,サーバー(直接取得)
cam53,2026-09-15T17:23:20.845Z,2026-09-16 02:20:09,,12.198,1.310,サーバー(直接取得)
cam54,2026-09-15T17:23:20.866Z,2026-09-16 02:20:21,,12.146,0.070,サーバー(直接取得)
cam55,2026-09-15T17:23:21.000Z,2026-09-16 02:20:21,,12.190,0.700,サーバー(直接取得)
kw01,2026-09-15T17:23:21.007Z,2026/09/16 02:10,,,0.580,サーバー(国交省 川の防災情報)
kw02,2026-09-15T17:23:21.058Z,2026/09/16 02:10,,,0.310,サーバー(国交省 川の防災情報)
kw03,2026-09-15T17:23:21.126Z,2026/09/16 02:10,,,1.200,サーバー(国交省 川の防災情報)
kw04,2026-09-15T17:23:21.139Z,2026/09/16 02:10,,,0.800,サーバー(国交省 川の防災情報)
kw05,2026-09-15T17:23:21.275Z,2026/09/16 01:45,,,-1.260,サーバー(国交省 川の防災情報)
kw06,2026-09-15T17:23:21.734Z,2026/09/15 09:00,,,-2.140,サーバー(国交省 川の防災情報)
kw07,2026-09-15T17:23:21.767Z,2026/09/15 09:00,,,-4.100,サーバー(国交省 川の防災情報)
kw08,2026-09-15T17:23:21.838Z,2026/09/16 02:10,,,0.680,サーバー(国交省 川の防災情報)
kw09,2026-09-15T17:23:21.845Z,2026/09/15 10:00,,,-4.040,サーバー(国交省 川の防災情報)
kw10,2026-09-15T17:23:21.846Z,2026/09/16 02:10,,,0.270,サーバー(国交省 川の防災情報)
kw11,2026-09-15T17:23:21.934Z,2026/09/16 02:10,,,0.130,サーバー(国交省 川の防災情報)
cam02,2026-09-15T20:23:25.204Z,2026-09-16 05:20:06,,12.405,0.480,サーバー(直接取得)
cam03,2026-09-15T20:23:25.205Z,2026-09-16 05:20:12,,12.168,-4.580,サーバー(直接取得)
cam04,2026-09-15T20:23:25.206Z,2026-09-16 05:20:07,,12.348,1.040,サーバー(直接取得)
cam08,2026-09-15T20:23:25.207Z,2026-09-16 05:20:22,,12.225,0.090,サーバー(直接取得)
cam09,2026-09-15T20:23:26.006Z,2026-09-16 05:20:16,,11.812,0.320,サーバー(直接取得)
cam11,2026-09-15T20:23:26.009Z,2026-09-16 05:20:06,,12.352,0.510,サーバー(直接取得)
cam12,2026-09-15T20:23:26.155Z,2026-09-16 05:20:07,,11.728,-0.055,サーバー(直接取得)
cam13,2026-09-15T20:23:26.174Z,2026-09-16 05:20:07,,12.475,0.055,サーバー(直接取得)
cam14,2026-09-15T20:23:26.275Z,2026-09-16 05:20:13,,12.234,0.047,サーバー(直接取得)
cam36,2026-09-15T20:23:26.280Z,2026-09-13 08:30:06,,12.467,0.028,サーバー(直接取得)
cam39,2026-09-15T20:23:26.382Z,2026-09-16 05:22:06,,13.407,0.065,サーバー(直接取得)
cam40,2026-09-15T20:23:26.420Z,2026-09-16 05:20:06,,12.449,0.397,サーバー(直接取得)
cam41,2026-09-15T20:23:26.436Z,2026-09-16 05:20:03,,12.484,0.139,サーバー(直接取得)
cam42,2026-09-15T20:23:26.540Z,2026-09-16 05:20:17,,12.172,0.430,サーバー(直接取得)
cam43,2026-09-15T20:23:26.548Z,2026-09-16 05:20:14,,11.781,0.500,サーバー(直接取得)
cam44,2026-09-15T20:23:26.649Z,2026-09-16 05:20:03,,11.935,0.170,サーバー(直接取得)
cam45,2026-09-15T20:23:26.681Z,2026-09-16 05:20:03,,12.198,0.360,サーバー(直接取得)
cam46,2026-09-15T20:23:26.701Z,2026-09-16 05:20:17,,12.317,0.610,サーバー(直接取得)
cam47,2026-09-15T20:23:26.806Z,2026-09-16 05:20:06,,11.816,0.399,サーバー(直接取得)
cam48,2026-09-15T20:23:26.811Z,2026-09-16 05:20:03,,13.750,-15.300,サーバー(直接取得)
cam50,2026-09-15T20:23:26.917Z,2026-09-16 05:22:00,,13.504,0.190,サーバー(直接取得)
cam51,2026-09-15T20:23:26.956Z,2026-09-16 05:22:15,,13.618,0.100,サーバー(直接取得)
cam52,2026-09-15T20:23:26.969Z,2026-09-16 05:20:23,,12.198,0.300,サーバー(直接取得)
cam53,2026-09-15T20:23:27.070Z,2026-09-16 05:20:22,,12.154,1.890,サーバー(直接取得)
cam54,2026-09-15T20:23:27.077Z,2026-09-16 05:20:21,,12.106,0.060,サーバー(直接取得)
cam55,2026-09-15T20:23:27.182Z,2026-09-16 05:20:21,,12.102,0.700,サーバー(直接取得)
kw01,2026-09-15T20:23:27.229Z,2026/09/16 05:10,,,0.570,サーバー(国交省 川の防災情報)
kw02,2026-09-15T20:23:27.238Z,2026/09/16 05:10,,,0.310,サーバー(国交省 川の防災情報)
kw03,2026-09-15T20:23:27.336Z,2026/09/16 05:10,,,1.200,サーバー(国交省 川の防災情報)
kw04,2026-09-15T20:23:27.352Z,2026/09/16 05:10,,,0.800,サーバー(国交省 川の防災情報)
kw05,2026-09-15T20:23:27.460Z,2026/09/16 04:05,,,-1.260,サーバー(国交省 川の防災情報)
kw06,2026-09-15T20:23:27.978Z,2026/09/15 09:00,,,-2.140,サーバー(国交省 川の防災情報)
kw07,2026-09-15T20:23:28.043Z,2026/09/15 09:00,,,-4.100,サーバー(国交省 川の防災情報)
kw08,2026-09-15T20:23:28.116Z,2026/09/16 05:10,,,0.670,サーバー(国交省 川の防災情報)
kw09,2026-09-15T20:23:28.233Z,2026/09/15 10:00,,,-4.040,サーバー(国交省 川の防災情報)
kw10,2026-09-15T20:23:28.272Z,2026/09/16 05:10,,,0.260,サーバー(国交省 川の防災情報)
kw11,2026-09-15T20:23:28.318Z,2026/09/16 05:10,,,0.110,サーバー(国交省 川の防災情報)
cam02,2026-09-15T23:04:59.357Z,2026-09-16 08:00:07,,12.431,0.500,サーバー(直接取得)
cam03,2026-09-15T23:04:59.359Z,2026-09-16 08:00:15,,12.154,-4.390,サーバー(直接取得)
cam04,2026-09-15T23:04:59.360Z,2026-09-16 08:00:06,,12.365,1.080,サーバー(直接取得)
cam08,2026-09-15T23:04:59.361Z,2026-09-16 08:00:22,,12.251,0.140,サーバー(直接取得)
cam09,2026-09-15T23:05:00.200Z,2026-09-16 08:00:23,,11.816,0.330,サーバー(直接取得)
cam11,2026-09-15T23:05:00.202Z,2026-09-16 08:00:07,,12.383,0.512,サーバー(直接取得)
cam12,2026-09-15T23:05:00.374Z,2026-09-16 08:00:07,,11.710,-0.051,サーバー(直接取得)
cam13,2026-09-15T23:05:00.382Z,2026-09-16 08:00:06,,12.506,0.090,サーバー(直接取得)
cam14,2026-09-15T23:05:00.448Z,2026-09-16 08:00:18,,12.256,0.057,サーバー(直接取得)
cam36,2026-09-15T23:05:00.459Z,2026-09-13 08:30:06,,12.467,0.028,サーバー(直接取得)
cam39,2026-09-15T23:05:00.549Z,2026-09-16 08:04:06,,13.390,0.064,サーバー(直接取得)
cam40,2026-09-15T23:05:00.625Z,2026-09-16 08:00:07,,12.484,0.425,サーバー(直接取得)
cam41,2026-09-15T23:05:00.640Z,2026-09-16 08:00:04,,12.519,0.141,サーバー(直接取得)
cam42,2026-09-15T23:05:00.702Z,2026-09-16 08:00:19,,12.185,0.440,サーバー(直接取得)
cam43,2026-09-15T23:05:00.716Z,2026-09-16 08:00:19,,11.794,0.510,サーバー(直接取得)
cam44,2026-09-15T23:05:00.796Z,2026-09-16 08:00:03,,11.926,0.180,サーバー(直接取得)
cam45,2026-09-15T23:05:00.873Z,2026-09-16 08:00:03,,12.181,0.360,サーバー(直接取得)
cam46,2026-09-15T23:05:00.904Z,2026-09-16 08:00:22,,12.330,0.760,サーバー(直接取得)
cam47,2026-09-15T23:05:00.945Z,2026-09-16 08:00:07,,11.825,0.400,サーバー(直接取得)
cam48,2026-09-15T23:05:00.956Z,2026-09-16 08:00:03,,13.755,-15.360,サーバー(直接取得)
cam50,2026-09-15T23:05:01.061Z,2026-09-16 08:04:00,,13.504,0.200,サーバー(直接取得)
cam51,2026-09-15T23:05:01.118Z,2026-09-16 08:00:21,,13.601,0.160,サーバー(直接取得)
cam52,2026-09-15T23:05:01.203Z,2026-09-16 08:00:27,,12.212,0.300,サーバー(直接取得)
cam53,2026-09-15T23:05:01.207Z,2026-09-16 08:01:33,,12.185,0.080,サーバー(直接取得)
cam54,2026-09-15T23:05:01.208Z,2026-09-16 08:00:20,,12.137,0.070,サーバー(直接取得)
cam55,2026-09-15T23:05:01.308Z,2026-09-16 08:00:21,,12.128,0.700,サーバー(直接取得)
cam02,2026-09-16T01:23:00.323Z,2026-09-16 10:20:08,,12.770,0.480,サーバー(直接取得)
cam03,2026-09-16T01:23:00.324Z,2026-09-16 10:20:15,,12.343,-4.450,サーバー(直接取得)
cam04,2026-09-16T01:23:00.325Z,2026-09-16 10:20:07,,12.792,1.060,サーバー(直接取得)
cam08,2026-09-16T01:23:00.326Z,2026-09-16 10:20:22,,12.682,0.170,サーバー(直接取得)
cam09,2026-09-16T01:23:01.373Z,2026-09-16 10:20:23,,12.080,0.320,サーバー(直接取得)
cam11,2026-09-16T01:23:01.379Z,2026-09-16 10:20:06,,12.735,0.562,サーバー(直接取得)
cam12,2026-09-16T01:23:01.641Z,2026-09-16 10:20:07,,11.908,-0.063,サーバー(直接取得)
cam13,2026-09-16T01:23:01.645Z,2026-09-16 10:20:07,,12.933,0.063,サーバー(直接取得)
cam14,2026-09-16T01:23:01.722Z,2026-09-16 10:20:22,,12.436,0.057,サーバー(直接取得)
cam36,2026-09-16T01:23:01.763Z,2026-09-13 08:30:06,,12.467,0.028,サーバー(直接取得)
cam39,2026-09-16T01:23:01.907Z,2026-09-16 10:22:06,,13.381,0.059,サーバー(直接取得)
cam40,2026-09-16T01:23:01.947Z,2026-09-16 10:20:07,,12.840,0.444,サーバー(直接取得)
cam41,2026-09-16T01:23:01.961Z,2026-09-16 10:20:03,,13.020,0.144,サーバー(直接取得)
cam42,2026-09-16T01:23:02.021Z,2026-09-16 10:10:16,,12.506,0.450,サーバー(直接取得)
cam43,2026-09-16T01:23:02.156Z,2026-09-16 10:20:23,,12.009,0.510,サーバー(直接取得)
cam44,2026-09-16T01:23:02.181Z,2026-09-16 10:20:03,,12.018,0.180,サーバー(直接取得)
cam45,2026-09-16T01:23:02.212Z,2026-09-16 10:20:03,,12.471,0.360,サーバー(直接取得)
cam46,2026-09-16T01:23:02.261Z,2026-09-16 10:20:23,,12.493,0.810,サーバー(直接取得)
cam47,2026-09-16T01:23:02.388Z,2026-09-16 10:20:07,,12.045,0.420,サーバー(直接取得)
cam48,2026-09-16T01:23:02.398Z,2026-09-16 10:20:03,,13.755,-15.440,サーバー(直接取得)
cam50,2026-09-16T01:23:02.422Z,2026-09-16 10:22:00,,13.504,0.240,サーバー(直接取得)
cam51,2026-09-16T01:23:02.463Z,2026-09-16 10:22:24,,13.605,0.140,サーバー(直接取得)
cam52,2026-09-16T01:23:02.496Z,2026-09-16 10:20:27,,12.541,0.310,サーバー(直接取得)
cam53,2026-09-16T01:23:02.620Z,2026-09-16 10:20:28,,12.515,2.090,サーバー(直接取得)
cam54,2026-09-16T01:23:02.630Z,2026-09-16 10:20:21,,12.436,0.070,サーバー(直接取得)
cam55,2026-09-16T01:23:02.666Z,2026-09-16 10:20:22,,12.440,0.710,サーバー(直接取得)
kw01,2026-09-16T01:23:02.702Z,2026/09/16 10:10,,,0.730,サーバー(国交省 川の防災情報)
kw02,2026-09-16T01:23:02.719Z,2026/09/16 10:10,,,0.470,サーバー(国交省 川の防災情報)
kw03,2026-09-16T01:23:02.855Z,2026/09/16 10:10,,,1.240,サーバー(国交省 川の防災情報)
kw04,2026-09-16T01:23:02.872Z,2026/09/16 10:10,,,1.000,サーバー(国交省 川の防災情報)
kw05,2026-09-16T01:23:02.927Z,2026/09/16 10:10,,,-1.250,サーバー(国交省 川の防災情報)
kw06,2026-09-16T01:23:03.138Z,2026/09/16 09:00,,,-2.410,サーバー(国交省 川の防災情報)
kw07,2026-09-16T01:23:03.154Z,2026/09/16 09:00,,,-4.160,サーバー(国交省 川の防災情報)
kw08,2026-09-16T01:23:03.169Z,2026/09/16 10:10,,,0.790,サーバー(国交省 川の防災情報)
kw09,2026-09-16T01:23:03.213Z,2026/09/16 10:00,,,-4.040,サーバー(国交省 川の防災情報)
kw10,2026-09-16T01:23:03.357Z,2026/09/16 10:10,,,0.360,サーバー(国交省 川の防災情報)
kw11,2026-09-16T01:23:03.363Z,2026/09/16 10:10,,,0.190,サーバー(国交省 川の防災情報)
cam02,2026-09-16T06:30:16.322Z,2026-09-16 15:20:08,,12.647,0.470,サーバー(直接取得)
cam03,2026-09-16T06:30:16.324Z,2026-09-16 15:20:17,,12.234,-4.580,サーバー(直接取得)
cam04,2026-09-16T06:30:16.325Z,2026-09-16 15:20:07,,12.647,1.060,サーバー(直接取得)
cam08,2026-09-16T06:30:16.325Z,2026-09-16 15:20:22,,12.537,0.100,サーバー(直接取得)
cam09,2026-09-16T06:30:16.961Z,2026-09-16 15:20:24,,11.996,0.290,サーバー(直接取得)
cam11,2026-09-16T06:30:16.964Z,2026-09-16 15:20:06,,12.572,0.548,サーバー(直接取得)
cam12,2026-09-16T06:30:17.139Z,2026-09-16 15:20:07,,11.847,-0.065,サーバー(直接取得)
cam13,2026-09-16T06:30:17.178Z,2026-09-16 15:20:07,,12.779,0.056,サーバー(直接取得)
cam14,2026-09-16T06:30:17.186Z,2026-09-16 15:20:17,,12.374,0.047,サーバー(直接取得)
cam36,2026-09-16T06:30:17.189Z,2026-09-13 08:30:06,,12.467,0.028,サーバー(直接取得)
cam39,2026-09-16T06:30:17.351Z,2026-09-16 15:28:06,,13.385,0.063,サーバー(直接取得)
cam41,2026-09-16T06:30:17.420Z,2026-09-16 15:20:03,,12.783,0.143,サーバー(直接取得)
cam42,2026-09-16T06:30:17.431Z,2026-09-16 15:20:14,,12.335,0.420,サーバー(直接取得)
cam43,2026-09-16T06:30:17.566Z,2026-09-16 15:20:16,,11.891,0.500,サーバー(直接取得)
cam44,2026-09-16T06:30:17.650Z,2026-09-16 15:20:03,,11.957,0.130,サーバー(直接取得)
cam45,2026-09-16T06:30:17.659Z,2026-09-16 15:20:03,,12.352,0.360,サーバー(直接取得)
cam46,2026-09-16T06:30:17.684Z,2026-09-16 15:20:18,,12.396,0.660,サーバー(直接取得)
cam47,2026-09-16T06:30:17.864Z,2026-09-16 15:20:07,,11.961,0.413,サーバー(直接取得)
cam48,2026-09-16T06:30:17.866Z,2026-09-16 15:30:03,,13.746,-15.390,サーバー(直接取得)
cam50,2026-09-16T06:30:17.886Z,2026-09-16 15:29:00,,13.504,0.200,サーバー(直接取得)
cam51,2026-09-16T06:30:17.912Z,2026-09-16 15:22:21,,13.605,0.120,サーバー(直接取得)
cam52,2026-09-16T06:30:18.095Z,2026-09-16 15:20:25,,12.405,0.300,サーバー(直接取得)
cam53,2026-09-16T06:30:18.106Z,2026-09-16 15:20:23,,12.365,1.920,サーバー(直接取得)
cam54,2026-09-16T06:30:18.111Z,2026-09-16 15:20:20,,12.335,0.070,サーバー(直接取得)
cam55,2026-09-16T06:30:18.120Z,2026-09-16 15:20:21,,12.300,0.710,サーバー(直接取得)
cam02,2026-09-16T12:01:34.844Z,2026-09-16 21:00:06,,12.264,0.480,サーバー(直接取得)
cam03,2026-09-16T12:01:34.845Z,2026-09-16 21:00:13,,12.089,-4.580,サーバー(直接取得)
cam04,2026-09-16T12:01:34.846Z,2026-09-16 21:00:06,,12.238,1.030,サーバー(直接取得)
cam08,2026-09-16T12:01:34.847Z,2026-09-16 21:00:21,,12.124,0.140,サーバー(直接取得)
cam09,2026-09-16T12:01:35.816Z,2026-09-16 21:00:18,,11.601,0.320,サーバー(直接取得)
cam11,2026-09-16T12:01:35.821Z,2026-09-16 21:00:06,,12.198,0.536,サーバー(直接取得)
cam12,2026-09-16T12:01:35.979Z,2026-09-16 21:00:07,,11.618,-0.059,サーバー(直接取得)
cam13,2026-09-16T12:01:35.988Z,2026-09-16 21:00:06,,12.431,0.061,サーバー(直接取得)
cam14,2026-09-16T12:01:36.066Z,2026-09-16 21:00:14,,12.075,0.047,サーバー(直接取得)
cam36,2026-09-16T12:01:36.067Z,2026-09-13 08:30:06,,12.467,0.028,サーバー(直接取得)
cam39,2026-09-16T12:01:36.205Z,2026-09-16 21:00:06,,13.407,0.061,サーバー(直接取得)
cam40,2026-09-16T12:01:36.234Z,2026-09-16 21:00:06,,12.339,0.410,サーバー(直接取得)
cam41,2026-09-16T12:01:36.245Z,2026-09-16 21:00:03,,12.506,0.143,サーバー(直接取得)
cam42,2026-09-16T12:01:36.319Z,2026-09-16 20:50:13,,12.089,0.430,サーバー(直接取得)
cam43,2026-09-16T12:01:36.327Z,2026-09-16 20:50:12,,11.587,0.510,サーバー(直接取得)
cam44,2026-09-16T12:01:36.468Z,2026-09-16 21:00:03,,11.864,0.160,サーバー(直接取得)
cam45,2026-09-16T12:01:36.493Z,2026-09-16 21:00:03,,12.110,0.360,サーバー(直接取得)
cam46,2026-09-16T12:01:36.525Z,2026-09-16 20:50:13,,12.132,0.810,サーバー(直接取得)
cam47,2026-09-16T12:01:36.571Z,2026-09-16 21:00:06,,11.662,0.412,サーバー(直接取得)
cam48,2026-09-16T12:01:36.580Z,2026-09-16 21:00:03,,13.741,-15.490,サーバー(直接取得)
cam50,2026-09-16T12:01:36.729Z,2026-09-16 21:01:00,,13.504,0.200,サーバー(直接取得)
cam51,2026-09-16T12:01:36.748Z,2026-09-16 21:00:18,,13.623,0.110,サーバー(直接取得)
cam52,2026-09-16T12:01:36.784Z,2026-09-16 21:00:17,,12.067,0.310,サーバー(直接取得)
cam53,2026-09-16T12:01:36.826Z,2026-09-16 21:00:10,,12.071,1.840,サーバー(直接取得)
cam54,2026-09-16T12:01:36.836Z,2026-09-16 21:00:20,,12.049,0.070,サーバー(直接取得)
cam55,2026-09-16T12:01:36.997Z,2026-09-16 21:00:20,,12.106,0.710,サーバー(直接取得)
kw01,2026-09-16T12:01:36.998Z,2026/09/16 20:50,,,0.670,サーバー(国交省 川の防災情報)
kw04,2026-09-16T12:01:37.082Z,2026/09/16 20:50,,,0.930,サーバー(国交省 川の防災情報)
kw05,2026-09-16T12:01:37.246Z,2026/09/16 20:55,,,-1.280,サーバー(国交省 川の防災情報)
kw06,2026-09-16T12:01:37.931Z,2026/09/16 09:00,,,-2.410,サーバー(国交省 川の防災情報)
kw07,2026-09-16T12:01:37.935Z,2026/09/16 09:00,,,-4.160,サーバー(国交省 川の防災情報)
kw09,2026-09-16T12:01:38.120Z,2026/09/16 10:00,,,-4.040,サーバー(国交省 川の防災情報)
kw10,2026-09-16T12:01:38.126Z,2026/09/16 20:50,,,0.340,サーバー(国交省 川の防災情報)
cam02,2026-09-16T16:49:32.063Z,2026-09-17 01:40:07,,12.220,0.470,サーバー(直接取得)
cam03,2026-09-16T16:49:32.064Z,2026-09-17 01:40:12,,12.036,-4.580,サーバー(直接取得)
cam04,2026-09-16T16:49:32.065Z,2026-09-17 01:40:06,,12.185,1.060,サーバー(直接取得)
cam08,2026-09-16T16:49:32.066Z,2026-09-17 01:40:21,,12.062,0.090,サーバー(直接取得)
cam09,2026-09-16T16:49:32.985Z,2026-09-17 01:40:15,,11.517,0.310,サーバー(直接取得)
cam11,2026-09-16T16:49:32.987Z,2026-09-17 01:40:06,,12.159,0.498,サーバー(直接取得)
cam12,2026-09-16T16:49:33.208Z,2026-09-16 21:00:07,,11.618,-0.059,サーバー(直接取得)
cam13,2026-09-16T16:49:33.222Z,2026-09-17 01:40:07,,12.392,0.053,サーバー(直接取得)
cam14,2026-09-16T16:49:33.250Z,2026-09-17 01:40:14,,12.014,0.047,サーバー(直接取得)
cam36,2026-09-16T16:49:33.269Z,2026-09-13 08:30:06,,12.467,0.028,サーバー(直接取得)
cam39,2026-09-16T16:49:33.482Z,2026-09-17 01:48:05,,13.407,0.061,サーバー(直接取得)
cam40,2026-09-16T16:49:33.490Z,2026-09-17 01:40:07,,12.300,0.402,サーバー(直接取得)
cam41,2026-09-16T16:49:33.507Z,2026-09-17 01:40:03,,12.449,0.139,サーバー(直接取得)
cam42,2026-09-16T16:49:33.527Z,2026-09-17 01:40:13,,12.031,0.430,サーバー(直接取得)
cam43,2026-09-16T16:49:33.555Z,2026-09-17 01:40:17,,11.513,0.500,サーバー(直接取得)
cam44,2026-09-16T16:49:33.747Z,2026-09-17 01:40:03,,11.834,0.150,サーバー(直接取得)
cam45,2026-09-16T16:49:33.758Z,2026-09-17 01:40:03,,12.058,0.350,サーバー(直接取得)
cam46,2026-09-16T16:49:33.770Z,2026-09-17 01:40:09,,12.062,0.810,サーバー(直接取得)
cam47,2026-09-16T16:49:33.788Z,2026-09-17 01:40:06,,11.583,0.408,サーバー(直接取得)
cam48,2026-09-16T16:49:33.815Z,2026-09-17 01:40:03,,13.746,-15.390,サーバー(直接取得)
cam50,2026-09-16T16:49:34.016Z,2026-09-17 01:49:00,,13.504,0.190,サーバー(直接取得)
cam51,2026-09-16T16:49:34.032Z,2026-09-17 01:48:09,,13.623,0.120,サーバー(直接取得)
cam52,2026-09-16T16:49:34.046Z,2026-09-17 01:40:15,,12.005,0.300,サーバー(直接取得)
cam53,2026-09-16T16:49:34.057Z,2026-09-17 01:40:09,,12.018,1.790,サーバー(直接取得)
cam54,2026-09-16T16:49:34.085Z,2026-09-17 01:40:20,,12.005,0.060,サーバー(直接取得)
cam55,2026-09-16T16:49:34.280Z,2026-09-17 01:40:21,,12.053,0.710,サーバー(直接取得)
kw01,2026-09-16T16:49:34.292Z,2026/09/17 01:40,,,0.650,サーバー(国交省 川の防災情報)
kw02,2026-09-16T16:49:34.315Z,2026/09/17 01:40,,,0.390,サーバー(国交省 川の防災情報)
kw03,2026-09-16T16:49:34.331Z,2026/09/17 01:40,,,1.200,サーバー(国交省 川の防災情報)
kw04,2026-09-16T16:49:34.348Z,2026/09/17 01:40,,,0.920,サーバー(国交省 川の防災情報)
kw05,2026-09-16T16:49:34.548Z,2026/09/16 23:50,,,-1.290,サーバー(国交省 川の防災情報)
kw06,2026-09-16T16:49:34.889Z,2026/09/16 09:00,,,-2.410,サーバー(国交省 川の防災情報)
kw07,2026-09-16T16:49:35.022Z,2026/09/16 09:00,,,-4.160,サーバー(国交省 川の防災情報)
kw08,2026-09-16T16:49:35.114Z,2026/09/17 01:40,,,0.750,サーバー(国交省 川の防災情報)
kw09,2026-09-16T16:49:35.137Z,2026/09/16 10:00,,,-4.040,サーバー(国交省 川の防災情報)
kw10,2026-09-16T16:49:35.181Z,2026/09/17 01:40,,,0.260,サーバー(国交省 川の防災情報)
kw11,2026-09-16T16:49:35.217Z,2026/09/17 01:40,,,0.310,サーバー(国交省 川の防災情報)
cam02,2026-09-16T19:46:51.523Z,2026-09-17 04:40:07,,12.181,0.470,サーバー(直接取得)
cam03,2026-09-16T19:46:51.524Z,2026-09-17 04:40:13,,12.009,-4.110,サーバー(直接取得)
cam04,2026-09-16T19:46:51.525Z,2026-09-17 04:40:06,,12.159,1.070,サーバー(直接取得)
cam08,2026-09-16T19:46:51.525Z,2026-09-17 04:40:21,,12.045,0.140,サーバー(直接取得)
cam09,2026-09-16T19:46:52.329Z,2026-09-17 04:40:17,,11.447,0.310,サーバー(直接取得)
cam11,2026-09-16T19:46:52.341Z,2026-09-17 04:40:06,,12.128,0.520,サーバー(直接取得)
cam12,2026-09-16T19:46:52.489Z,2026-09-16 21:00:07,,11.618,-0.059,サーバー(直接取得)
cam13,2026-09-16T19:46:52.500Z,2026-09-17 04:40:06,,12.365,0.051,サーバー(直接取得)
cam14,2026-09-16T19:46:52.591Z,2026-09-17 04:40:14,,11.987,0.047,サーバー(直接取得)
cam36,2026-09-16T19:46:52.596Z,2026-09-13 08:30:06,,12.467,0.028,サーバー(直接取得)
cam39,2026-09-16T19:46:52.752Z,2026-09-17 04:46:06,,13.412,0.060,サーバー(直接取得)
cam40,2026-09-16T19:46:52.764Z,2026-09-17 04:40:07,,12.273,0.399,サーバー(直接取得)
cam41,2026-09-16T19:46:52.843Z,2026-09-17 04:40:03,,12.436,0.140,サーバー(直接取得)
cam42,2026-09-16T19:46:52.867Z,2026-09-17 04:40:13,,11.996,0.430,サーバー(直接取得)
cam43,2026-09-16T19:46:52.988Z,2026-09-17 04:40:12,,11.438,0.500,サーバー(直接取得)
cam44,2026-09-16T19:46:53.019Z,2026-09-17 04:40:03,,11.807,0.130,サーバー(直接取得)
cam45,2026-09-16T19:46:53.023Z,2026-09-17 04:40:03,,12.040,0.360,サーバー(直接取得)
cam46,2026-09-16T19:46:53.102Z,2026-09-17 04:40:11,,12.014,0.800,サーバー(直接取得)
cam47,2026-09-16T19:46:53.129Z,2026-09-17 04:40:06,,11.543,0.412,サーバー(直接取得)
cam48,2026-09-16T19:46:53.245Z,2026-09-17 04:40:03,,13.741,-15.320,サーバー(直接取得)
cam50,2026-09-16T19:46:53.275Z,2026-09-17 04:45:00,,13.504,0.190,サーバー(直接取得)
cam51,2026-09-16T19:46:53.287Z,2026-09-17 04:46:09,,13.618,0.100,サーバー(直接取得)
cam52,2026-09-16T19:46:53.351Z,2026-09-17 04:40:17,,11.979,0.290,サーバー(直接取得)
cam53,2026-09-16T19:46:53.391Z,2026-09-17 04:40:03,,12.001,1.800,サーバー(直接取得)
cam54,2026-09-16T19:46:53.502Z,2026-09-17 04:40:21,,11.970,0.060,サーバー(直接取得)
cam55,2026-09-16T19:46:53.532Z,2026-09-17 04:40:21,,12.023,0.710,サーバー(直接取得)
cam02,2026-09-16T22:24:35.949Z,2026-09-17 07:20:07,,12.884,0.450,サーバー(直接取得)
cam03,2026-09-16T22:24:35.950Z,2026-09-17 07:20:12,,12.067,-3.690,サーバー(直接取得)
cam04,2026-09-16T22:24:35.951Z,2026-09-17 07:20:07,,13.117,1.030,サーバー(直接取得)
cam08,2026-09-16T22:24:35.952Z,2026-09-17 07:10:22,,12.418,0.140,サーバー(直接取得)
cam09,2026-09-16T22:24:36.844Z,2026-09-17 07:20:23,,11.803,0.260,サーバー(直接取得)
cam11,2026-09-16T22:24:36.902Z,2026-09-17 07:20:07,,13.038,0.499,サーバー(直接取得)
cam12,2026-09-16T22:24:36.981Z,2026-09-17 07:20:07,,12.207,-0.083,サーバー(直接取得)
cam13,2026-09-16T22:24:36.999Z,2026-09-17 07:20:07,,13.086,0.036,サーバー(直接取得)
cam14,2026-09-16T22:24:37.007Z,2026-09-17 07:20:21,,12.198,0.047,サーバー(直接取得)
cam36,2026-09-16T22:24:37.077Z,2026-09-13 08:30:06,,12.467,0.028,サーバー(直接取得)
cam39,2026-09-16T22:24:37.147Z,2026-09-17 07:24:06,,13.381,0.048,サーバー(直接取得)
cam40,2026-09-16T22:24:37.211Z,2026-09-17 07:20:07,,13.201,0.387,サーバー(直接取得)
cam41,2026-09-16T22:24:37.233Z,2026-09-17 07:20:03,,12.537,0.145,サーバー(直接取得)
cam42,2026-09-16T22:24:37.247Z,2026-09-17 07:20:16,,12.656,0.430,サーバー(直接取得)
cam43,2026-09-16T22:24:37.318Z,2026-09-17 07:20:21,,12.308,0.490,サーバー(直接取得)
cam44,2026-09-16T22:24:37.383Z,2026-09-17 07:20:03,,12.093,0.120,サーバー(直接取得)
cam45,2026-09-16T22:24:37.440Z,2026-09-17 07:20:03,,12.053,0.360,サーバー(直接取得)
cam46,2026-09-16T22:24:37.460Z,2026-09-17 07:20:23,,12.744,0.700,サーバー(直接取得)
cam47,2026-09-16T22:24:37.492Z,2026-09-17 07:20:07,,12.212,0.473,サーバー(直接取得)
cam48,2026-09-16T22:24:37.556Z,2026-09-17 07:20:03,,13.737,-15.360,サーバー(直接取得)
cam50,2026-09-16T22:24:37.614Z,2026-09-17 07:24:00,,13.504,0.180,サーバー(直接取得)
cam51,2026-09-16T22:24:37.668Z,2026-09-17 07:24:18,,13.605,0.060,サーバー(直接取得)
cam52,2026-09-16T22:24:37.693Z,2026-09-17 07:20:22,,12.620,0.260,サーバー(直接取得)
cam53,2026-09-16T22:24:37.722Z,2026-09-17 07:20:28,,12.656,1.800,サーバー(直接取得)
cam54,2026-09-16T22:24:37.789Z,2026-09-17 07:20:21,,12.031,0.060,サーバー(直接取得)
cam55,2026-09-16T22:24:37.846Z,2026-09-17 07:20:21,,12.511,0.710,サーバー(直接取得)
kw01,2026-09-16T22:24:37.895Z,2026/09/17 07:10,,,0.630,サーバー(国交省 川の防災情報)
kw02,2026-09-16T22:24:37.919Z,2026/09/17 07:10,,,0.360,サーバー(国交省 川の防災情報)
kw03,2026-09-16T22:24:37.953Z,2026/09/17 07:10,,,1.190,サーバー(国交省 川の防災情報)
kw04,2026-09-16T22:24:38.017Z,2026/09/17 07:10,,,0.890,サーバー(国交省 川の防災情報)
kw05,2026-09-16T22:24:38.080Z,2026/09/16 23:50,,,-1.290,サーバー(国交省 川の防災情報)
kw06,2026-09-16T22:24:38.361Z,2026/09/16 09:00,,,-2.410,サーバー(国交省 川の防災情報)
kw07,2026-09-16T22:24:38.587Z,2026/09/16 09:00,,,-4.160,サーバー(国交省 川の防災情報)
kw08,2026-09-16T22:24:38.650Z,2026/09/17 07:10,,,0.720,サーバー(国交省 川の防災情報)
kw09,2026-09-16T22:24:38.672Z,2026/09/16 10:00,,,-4.040,サーバー(国交省 川の防災情報)
kw10,2026-09-16T22:24:38.740Z,2026/09/17 07:10,,,0.240,サーバー(国交省 川の防災情報)
kw11,2026-09-16T22:24:38.742Z,2026/09/17 07:10,,,0.200,サーバー(国交省 川の防災情報)
kw01,2026-09-17T00:48:57.180Z,2026/09/17 09:40,,,0.580,サーバー(国交省 川の防災情報)
kw02,2026-09-17T00:48:57.181Z,2026/09/17 09:40,,,0.340,サーバー(国交省 川の防災情報)
kw03,2026-09-17T00:48:57.182Z,2026/09/17 09:40,,,1.200,サーバー(国交省 川の防災情報)
kw04,2026-09-17T00:48:57.900Z,2026/09/17 09:40,,,0.770,サーバー(国交省 川の防災情報)
kw05,2026-09-17T00:48:57.910Z,2026/09/17 09:00,,,-1.290,サーバー(国交省 川の防災情報)
kw06,2026-09-17T00:48:58.180Z,2026/09/17 09:00,,,-2.460,サーバー(国交省 川の防災情報)
kw07,2026-09-17T00:48:58.346Z,2026/09/17 09:00,,,-4.220,サーバー(国交省 川の防災情報)
kw08,2026-09-17T00:48:58.534Z,2026/09/17 09:40,,,0.710,サーバー(国交省 川の防災情報)
kw09,2026-09-17T00:48:58.602Z,2026/09/16 10:00,,,-4.040,サーバー(国交省 川の防災情報)
kw10,2026-09-17T00:48:58.674Z,2026/09/17 09:40,,,0.220,サーバー(国交省 川の防災情報)
kw11,2026-09-17T00:48:58.808Z,2026/09/17 09:40,,,0.160,サーバー(国交省 川の防災情報)
cam02,2026-09-17T05:31:51.063Z,2026-09-17 14:30:07,,13.583,0.460,サーバー(直接取得)
cam03,2026-09-17T05:31:51.064Z,2026-09-17 14:30:13,,13.157,-4.580,サーバー(直接取得)
cam04,2026-09-17T05:31:51.065Z,2026-09-17 14:30:07,,13.526,1.030,サーバー(直接取得)
cam08,2026-09-17T05:31:51.066Z,2026-09-17 14:30:21,,13.574,0.130,サーバー(直接取得)
cam09,2026-09-17T05:31:52.188Z,2026-09-17 14:30:21,,12.880,0.260,サーバー(直接取得)
cam11,2026-09-17T05:31:52.224Z,2026-09-17 14:30:07,,13.447,0.484,サーバー(直接取得)
cam12,2026-09-17T05:31:52.409Z,2026-09-17 14:30:07,,12.234,-0.077,サーバー(直接取得)
cam13,2026-09-17T05:31:52.423Z,2026-09-17 14:30:07,,13.188,0.034,サーバー(直接取得)
cam14,2026-09-17T05:31:52.454Z,2026-09-17 14:30:22,,13.451,0.027,サーバー(直接取得)
cam36,2026-09-17T05:31:52.509Z,2026-09-13 08:30:06,,12.467,0.028,サーバー(直接取得)
cam39,2026-09-17T05:31:52.520Z,2026-09-17 14:30:06,,13.377,0.053,サーバー(直接取得)
cam40,2026-09-17T05:31:52.683Z,2026-09-17 14:30:07,,13.346,0.392,サーバー(直接取得)
cam41,2026-09-17T05:31:52.693Z,2026-09-17 14:30:03,,13.719,0.127,サーバー(直接取得)
cam42,2026-09-17T05:31:52.722Z,2026-09-17 14:20:16,,13.478,0.430,サーバー(直接取得)
cam43,2026-09-17T05:31:52.791Z,2026-09-17 14:20:24,,12.695,0.490,サーバー(直接取得)
cam44,2026-09-17T05:31:52.792Z,2026-09-17 14:30:03,,12.365,0.170,サーバー(直接取得)
cam45,2026-09-17T05:31:52.960Z,2026-09-17 14:30:04,,13.214,0.340,サーバー(直接取得)
cam46,2026-09-17T05:31:52.974Z,2026-09-17 14:20:19,,13.236,0.600,サーバー(直接取得)
cam47,2026-09-17T05:31:53.001Z,2026-09-17 14:30:07,,12.330,0.423,サーバー(直接取得)
cam48,2026-09-17T05:31:53.078Z,2026-09-17 14:30:03,,13.759,-15.390,サーバー(直接取得)
cam50,2026-09-17T05:31:53.079Z,2026-09-17 14:31:00,,13.508,0.160,サーバー(直接取得)
cam51,2026-09-17T05:31:53.228Z,2026-09-17 14:30:21,,13.601,0.060,サーバー(直接取得)
cam52,2026-09-17T05:31:53.261Z,2026-09-17 14:30:25,,13.570,0.250,サーバー(直接取得)
cam53,2026-09-17T05:31:53.269Z,2026-09-17 14:30:25,,13.588,0.130,サーバー(直接取得)
cam54,2026-09-17T05:31:53.345Z,2026-09-17 14:30:21,,13.240,0.060,サーバー(直接取得)
cam55,2026-09-17T05:31:53.364Z,2026-09-17 14:30:21,,13.464,0.710,サーバー(直接取得)
kw01,2026-09-17T05:31:53.495Z,2026/09/17 14:20,,,0.540,サーバー(国交省 川の防災情報)
kw02,2026-09-17T05:31:53.534Z,2026/09/17 14:20,,,0.260,サーバー(国交省 川の防災情報)
kw03,2026-09-17T05:31:53.557Z,2026/09/17 14:20,,,1.200,サーバー(国交省 川の防災情報)
kw04,2026-09-17T05:31:53.610Z,2026/09/17 14:20,,,0.770,サーバー(国交省 川の防災情報)
kw05,2026-09-17T05:31:53.648Z,2026/09/17 09:00,,,-1.290,サーバー(国交省 川の防災情報)
kw06,2026-09-17T05:31:54.011Z,2026/09/17 09:00,,,-2.460,サーバー(国交省 川の防災情報)
kw07,2026-09-17T05:31:54.199Z,2026/09/17 09:00,,,-4.220,サーバー(国交省 川の防災情報)
kw08,2026-09-17T05:31:54.385Z,2026/09/17 14:20,,,0.630,サーバー(国交省 川の防災情報)
kw09,2026-09-17T05:31:54.392Z,2026/09/17 10:00,,,-4.040,サーバー(国交省 川の防災情報)
kw10,2026-09-17T05:31:54.417Z,2026/09/17 14:20,,,0.200,サーバー(国交省 川の防災情報)
kw11,2026-09-17T05:31:54.428Z,2026/09/17 14:20,,,0.100,サーバー(国交省 川の防災情報)
cam02,2026-09-17T10:24:57.013Z,2026-09-17 19:20:07,,12.541,0.480,サーバー(直接取得)
cam03,2026-09-17T10:24:57.014Z,2026-09-17 19:20:09,,12.462,-4.250,サーバー(直接取得)
cam04,2026-09-17T10:24:57.015Z,2026-09-17 19:20:06,,12.484,1.040,サーバー(直接取得)
cam08,2026-09-17T10:24:57.016Z,2026-09-17 19:20:21,,12.339,0.120,サーバー(直接取得)
cam09,2026-09-17T10:24:57.601Z,2026-09-17 19:20:19,,12.036,0.290,サーバー(直接取得)
cam11,2026-09-17T10:24:57.605Z,2026-09-17 19:20:06,,12.497,0.418,サーバー(直接取得)
cam12,2026-09-17T10:24:57.719Z,2026-09-17 19:20:06,,12.581,-0.064,サーバー(直接取得)
cam13,2026-09-17T10:24:57.731Z,2026-09-17 19:20:06,,12.695,0.042,サーバー(直接取得)
cam14,2026-09-17T10:24:57.829Z,2026-09-17 19:20:13,,12.458,0.037,サーバー(直接取得)
cam36,2026-09-17T10:24:57.849Z,2026-09-13 08:30:06,,12.467,0.028,サーバー(直接取得)
cam39,2026-09-17T10:24:57.931Z,2026-09-17 19:24:05,,13.381,0.056,サーバー(直接取得)
cam40,2026-09-17T10:24:57.944Z,2026-09-17 19:20:06,,12.598,0.392,サーバー(直接取得)
cam41,2026-09-17T10:24:57.989Z,2026-09-17 19:20:03,,12.669,0.137,サーバー(直接取得)
cam42,2026-09-17T10:24:58.043Z,2026-09-17 19:20:12,,12.392,0.430,サーバー(直接取得)
cam43,2026-09-17T10:24:58.061Z,2026-09-17 19:20:12,,11.935,0.500,サーバー(直接取得)
cam44,2026-09-17T10:24:58.149Z,2026-09-17 19:20:03,,12.031,0.170,サーバー(直接取得)
cam45,2026-09-17T10:24:58.165Z,2026-09-17 19:20:03,,12.576,0.350,サーバー(直接取得)
cam46,2026-09-17T10:24:58.209Z,2026-09-17 19:20:12,,12.357,0.610,サーバー(直接取得)
cam47,2026-09-17T10:24:58.266Z,2026-09-17 19:20:07,,12.431,0.439,サーバー(直接取得)
cam48,2026-09-17T10:24:58.280Z,2026-09-17 19:20:03,,13.750,-15.390,サーバー(直接取得)
cam50,2026-09-17T10:24:58.366Z,2026-09-17 19:24:00,,13.500,0.180,サーバー(直接取得)
cam51,2026-09-17T10:24:58.379Z,2026-09-17 19:24:14,,13.618,0.090,サーバー(直接取得)
cam52,2026-09-17T10:24:58.429Z,2026-09-17 19:20:16,,12.392,0.260,サーバー(直接取得)
cam53,2026-09-17T10:24:58.478Z,2026-09-17 19:20:04,,12.752,0.130,サーバー(直接取得)
cam54,2026-09-17T10:24:58.491Z,2026-09-17 19:20:21,,12.414,0.060,サーバー(直接取得)
cam55,2026-09-17T10:24:58.574Z,2026-09-17 19:20:21,,12.449,0.710,サーバー(直接取得)
kw01,2026-09-17T10:24:58.597Z,2026/09/17 19:10,,,0.540,サーバー(国交省 川の防災情報)
kw02,2026-09-17T10:24:58.647Z,2026/09/17 19:10,,,0.240,サーバー(国交省 川の防災情報)
kw03,2026-09-17T10:24:58.688Z,2026/09/17 19:10,,,1.200,サーバー(国交省 川の防災情報)
kw04,2026-09-17T10:24:58.711Z,2026/09/17 19:10,,,0.760,サーバー(国交省 川の防災情報)
kw06,2026-09-17T10:24:59.184Z,2026/09/17 09:00,,,-2.460,サーバー(国交省 川の防災情報)
kw07,2026-09-17T10:24:59.251Z,2026/09/17 09:00,,,-4.220,サーバー(国交省 川の防災情報)
kw08,2026-09-17T10:24:59.428Z,2026/09/17 19:10,,,0.610,サーバー(国交省 川の防災情報)
kw09,2026-09-17T10:24:59.429Z,2026/09/17 10:00,,,-4.040,サーバー(国交省 川の防災情報)
kw10,2026-09-17T10:24:59.449Z,2026/09/17 19:10,,,0.210,サーバー(国交省 川の防災情報)
kw11,2026-09-17T10:24:59.505Z,2026/09/17 19:10,,,0.080,サーバー(国交省 川の防災情報)
cam02,2026-09-17T15:12:19.660Z,2026-09-18 00:10:07,,12.436,0.480,サーバー(直接取得)
cam03,2026-09-17T15:12:19.661Z,2026-09-18 00:10:13,,12.343,-3.750,サーバー(直接取得)
cam04,2026-09-17T15:12:19.662Z,2026-09-18 00:10:06,,12.409,1.060,サーバー(直接取得)
cam08,2026-09-17T15:12:19.663Z,2026-09-17 23:40:21,,12.374,0.120,サーバー(直接取得)
cam09,2026-09-17T15:12:20.903Z,2026-09-18 00:10:19,,11.917,0.280,サーバー(直接取得)
cam11,2026-09-17T15:12:20.905Z,2026-09-18 00:10:07,,12.427,0.482,サーバー(直接取得)
cam12,2026-09-17T15:12:21.176Z,2026-09-18 00:10:06,,12.511,-0.068,サーバー(直接取得)
cam13,2026-09-17T15:12:21.182Z,2026-09-18 00:10:06,,12.607,0.046,サーバー(直接取得)
cam14,2026-09-17T15:12:21.223Z,2026-09-18 00:10:18,,12.321,0.037,サーバー(直接取得)
cam36,2026-09-17T15:12:21.232Z,2026-09-13 08:30:06,,12.467,0.028,サーバー(直接取得)
cam39,2026-09-17T15:12:21.441Z,2026-09-18 00:10:06,,13.407,0.051,サーバー(直接取得)
cam40,2026-09-17T15:12:21.448Z,2026-09-18 00:10:06,,12.506,0.400,サーバー(直接取得)
cam41,2026-09-17T15:12:21.469Z,2026-09-18 00:10:04,,12.598,0.138,サーバー(直接取得)
cam42,2026-09-17T15:12:21.487Z,2026-09-18 00:00:13,,12.295,0.430,サーバー(直接取得)
cam43,2026-09-17T15:12:21.503Z,2026-09-18 00:00:15,,11.816,0.500,サーバー(直接取得)
cam44,2026-09-17T15:12:21.703Z,2026-09-18 00:10:03,,11.979,0.140,サーバー(直接取得)
cam45,2026-09-17T15:12:21.714Z,2026-09-18 00:10:03,,12.480,0.350,サーバー(直接取得)
cam46,2026-09-17T15:12:21.737Z,2026-09-18 00:00:15,,12.264,0.610,サーバー(直接取得)
cam47,2026-09-17T15:12:21.747Z,2026-09-18 00:10:06,,12.352,0.452,サーバー(直接取得)
cam48,2026-09-17T15:12:21.769Z,2026-09-18 00:10:03,,13.755,-15.480,サーバー(直接取得)
cam50,2026-09-17T15:12:21.967Z,2026-09-18 00:11:00,,13.500,0.180,サーバー(直接取得)
cam51,2026-09-17T15:12:21.983Z,2026-09-18 00:10:15,,13.618,0.090,サーバー(直接取得)
cam52,2026-09-17T15:12:22.006Z,2026-09-18 00:10:16,,12.269,0.270,サーバー(直接取得)
cam53,2026-09-17T15:12:22.020Z,2026-09-18 00:10:04,,12.682,0.130,サーバー(直接取得)
cam54,2026-09-17T15:12:22.024Z,2026-09-18 00:10:20,,12.273,0.060,サーバー(直接取得)
cam55,2026-09-17T15:12:22.234Z,2026-09-18 00:10:21,,12.343,0.710,サーバー(直接取得)
kw01,2026-09-17T15:12:22.248Z,2026/09/18 00:00,,,0.530,サーバー(国交省 川の防災情報)
kw02,2026-09-17T15:12:22.284Z,2026/09/18 00:00,,,0.240,サーバー(国交省 川の防災情報)
kw03,2026-09-17T15:12:22.286Z,2026/09/18 00:00,,,1.200,サーバー(国交省 川の防災情報)
kw04,2026-09-17T15:12:22.325Z,2026/09/18 00:00,,,0.770,サーバー(国交省 川の防災情報)
kw06,2026-09-17T15:12:22.737Z,2026/09/17 09:00,,,-2.460,サーバー(国交省 川の防災情報)
kw07,2026-09-17T15:12:22.752Z,2026/09/17 09:00,,,-4.220,サーバー(国交省 川の防災情報)
kw08,2026-09-17T15:12:22.756Z,2026/09/18 00:00,,,0.600,サーバー(国交省 川の防災情報)
kw09,2026-09-17T15:12:22.968Z,2026/09/17 10:00,,,-4.040,サーバー(国交省 川の防災情報)
kw10,2026-09-17T15:12:22.974Z,2026/09/18 00:00,,,0.210,サーバー(国交省 川の防災情報)
kw11,2026-09-17T15:12:23.013Z,2026/09/18 00:00,,,0.050,サーバー(国交省 川の防災情報)
cam02,2026-09-17T22:07:27.544Z,2026-09-18 07:00:07,,12.946,0.460,サーバー(直接取得)
cam03,2026-09-17T22:07:27.545Z,2026-09-18 07:00:16,,12.282,-4.580,サーバー(直接取得)
cam04,2026-09-17T22:07:27.546Z,2026-09-18 07:00:07,,13.148,1.030,サーバー(直接取得)
cam08,2026-09-17T22:07:27.547Z,2026-09-18 07:00:21,,12.458,0.080,サーバー(直接取得)
cam09,2026-09-17T22:07:28.126Z,2026-09-18 07:00:19,,12.321,0.280,サーバー(直接取得)
cam11,2026-09-17T22:07:28.137Z,2026-09-18 07:00:07,,13.051,0.423,サーバー(直接取得)
cam12,2026-09-17T22:07:28.230Z,2026-09-18 07:00:07,,13.047,-0.090,サーバー(直接取得)
cam13,2026-09-17T22:07:28.236Z,2026-09-18 07:00:06,,12.994,0.023,サーバー(直接取得)
cam14,2026-09-17T22:07:28.346Z,2026-09-18 07:00:22,,12.383,0.037,サーバー(直接取得)
cam36,2026-09-17T22:07:28.352Z,2026-09-13 08:30:06,,12.467,0.028,サーバー(直接取得)
cam39,2026-09-17T22:07:28.368Z,2026-09-18 07:06:05,,13.381,0.028,サーバー(直接取得)
cam40,2026-09-17T22:07:28.443Z,2026-09-18 07:00:07,,13.240,0.383,サーバー(直接取得)
cam41,2026-09-17T22:07:28.457Z,2026-09-18 07:00:03,,12.576,0.138,サーバー(直接取得)
cam42,2026-09-17T22:07:28.559Z,2026-09-18 07:00:18,,12.572,0.430,サーバー(直接取得)
cam43,2026-09-17T22:07:28.567Z,2026-09-18 07:00:17,,12.343,0.490,サーバー(直接取得)
cam44,2026-09-17T22:07:28.586Z,2026-09-18 07:00:03,,12.040,0.150,サーバー(直接取得)
cam45,2026-09-17T22:07:28.657Z,2026-09-18 07:00:03,,12.436,0.360,サーバー(直接取得)
cam46,2026-09-17T22:07:28.667Z,2026-09-18 07:00:20,,12.924,0.600,サーバー(直接取得)
cam47,2026-09-17T22:07:28.771Z,2026-09-18 07:00:07,,13.166,0.485,サーバー(直接取得)
cam48,2026-09-17T22:07:28.787Z,2026-09-18 07:00:03,,13.741,-15.410,サーバー(直接取得)
cam50,2026-09-17T22:07:28.803Z,2026-09-18 07:06:00,,13.500,0.160,サーバー(直接取得)
cam51,2026-09-17T22:07:28.871Z,2026-09-18 07:06:20,,13.605,0.080,サーバー(直接取得)
cam52,2026-09-17T22:07:28.879Z,2026-09-18 07:00:21,,12.752,0.230,サーバー(直接取得)
cam53,2026-09-17T22:07:28.984Z,2026-09-18 07:00:22,,12.814,0.170,サーバー(直接取得)
cam54,2026-09-17T22:07:28.998Z,2026-09-18 07:00:20,,12.225,0.060,サーバー(直接取得)
cam55,2026-09-17T22:07:29.034Z,2026-09-18 07:00:21,,12.383,0.640,サーバー(直接取得)
kw01,2026-09-17T22:07:29.086Z,2026/09/18 07:00,,,0.530,サーバー(国交省 川の防災情報)
kw02,2026-09-17T22:07:29.092Z,2026/09/18 07:00,,,0.240,サーバー(国交省 川の防災情報)
kw03,2026-09-17T22:07:29.208Z,2026/09/18 07:00,,,1.200,サーバー(国交省 川の防災情報)
kw04,2026-09-17T22:07:29.211Z,2026/09/18 07:00,,,0.750,サーバー(国交省 川の防災情報)
kw06,2026-09-17T22:07:29.496Z,2026/09/17 09:00,,,-2.460,サーバー(国交省 川の防災情報)
kw07,2026-09-17T22:07:29.499Z,2026/09/17 09:00,,,-4.220,サーバー(国交省 川の防災情報)
kw09,2026-09-17T22:07:29.520Z,2026/09/17 10:00,,,-4.040,サーバー(国交省 川の防災情報)
kw10,2026-09-17T22:07:29.705Z,2026/09/18 07:00,,,0.200,サーバー(国交省 川の防災情報)
cam02,2026-09-18T00:16:09.458Z,2026-09-18 09:10:07,,13.561,0.460,サーバー(直接取得)
cam03,2026-09-18T00:16:09.459Z,2026-09-18 09:10:10,,12.343,-4.580,サーバー(直接取得)
cam04,2026-09-18T00:16:09.460Z,2026-09-18 09:10:07,,12.849,1.010,サーバー(直接取得)
cam08,2026-09-18T00:16:09.461Z,2026-09-18 08:50:21,,13.183,0.090,サーバー(直接取得)
cam09,2026-09-18T00:16:10.236Z,2026-09-18 09:10:19,,13.117,0.250,サーバー(直接取得)
cam11,2026-09-18T00:16:10.250Z,2026-09-18 09:10:07,,13.438,0.410,サーバー(直接取得)
cam12,2026-09-18T00:16:10.490Z,2026-09-18 09:10:07,,13.535,-0.111,サーバー(直接取得)
cam13,2026-09-18T00:16:10.500Z,2026-09-18 09:10:07,,13.583,0.026,サーバー(直接取得)
cam14,2026-09-18T00:16:10.519Z,2026-09-18 09:10:22,,13.434,0.037,サーバー(直接取得)
cam36,2026-09-18T00:16:10.533Z,2026-09-13 08:30:06,,12.467,0.028,サーバー(直接取得)
cam39,2026-09-18T00:16:10.705Z,2026-09-18 09:14:06,,13.372,0.019,サーバー(直接取得)
cam40,2026-09-18T00:16:10.744Z,2026-09-18 09:10:07,,13.530,0.377,サーバー(直接取得)
cam41,2026-09-18T00:16:10.753Z,2026-09-18 09:10:03,,12.629,0.136,サーバー(直接取得)
cam42,2026-09-18T00:16:10.779Z,2026-09-18 09:10:24,,13.328,0.430,サーバー(直接取得)
cam43,2026-09-18T00:16:10.794Z,2026-09-18 09:10:20,,12.656,0.490,サーバー(直接取得)
cam44,2026-09-18T00:16:10.956Z,2026-09-18 09:10:03,,12.436,0.150,サーバー(直接取得)
cam45,2026-09-18T00:16:10.992Z,2026-09-18 09:10:03,,13.601,0.340,サーバー(直接取得)
cam46,2026-09-18T00:16:11.007Z,2026-09-18 09:10:21,,13.192,0.590,サーバー(直接取得)
cam47,2026-09-18T00:16:11.033Z,2026-09-18 09:10:06,,13.517,0.426,サーバー(直接取得)
cam48,2026-09-18T00:16:11.060Z,2026-09-18 09:10:03,,13.741,-15.410,サーバー(直接取得)
cam50,2026-09-18T00:16:11.203Z,2026-09-18 09:15:00,,13.508,0.170,サーバー(直接取得)
cam51,2026-09-18T00:16:11.247Z,2026-09-18 09:14:23,,13.601,0.040,サーバー(直接取得)
cam52,2026-09-18T00:16:11.269Z,2026-09-18 09:10:25,,13.552,0.230,サーバー(直接取得)
cam53,2026-09-18T00:16:11.274Z,2026-09-18 09:10:26,,13.605,0.140,サーバー(直接取得)
cam54,2026-09-18T00:16:11.318Z,2026-09-18 09:10:21,,13.192,0.050,サーバー(直接取得)
cam55,2026-09-18T00:16:11.451Z,2026-09-18 09:10:21,,13.297,0.640,サーバー(直接取得)
cam02,2026-09-18T04:53:44.528Z,2026-09-18 13:50:07,,13.596,0.440,サーバー(直接取得)
cam03,2026-09-18T04:53:44.529Z,2026-09-18 13:50:13,,13.438,-4.580,サーバー(直接取得)
cam04,2026-09-18T04:53:44.530Z,2026-09-18 13:30:07,,13.517,1.050,サーバー(直接取得)
cam08,2026-09-18T04:53:44.531Z,2026-09-18 13:50:22,,12.541,0.110,サーバー(直接取得)
cam09,2026-09-18T04:53:45.339Z,2026-09-18 13:50:19,,13.214,0.270,サーバー(直接取得)
cam11,2026-09-18T04:53:45.342Z,2026-09-18 13:50:07,,13.451,0.431,サーバー(直接取得)
cam12,2026-09-18T04:53:45.478Z,2026-09-18 13:50:07,,12.968,-0.088,サーバー(直接取得)
cam13,2026-09-18T04:53:45.486Z,2026-09-18 13:50:07,,13.605,0.027,サーバー(直接取得)
cam14,2026-09-18T04:53:45.603Z,2026-09-18 13:50:25,,13.456,0.027,サーバー(直接取得)
cam36,2026-09-18T04:53:45.614Z,2026-09-13 08:30:06,,12.467,0.028,サーバー(直接取得)
cam39,2026-09-18T04:53:45.739Z,2026-09-18 13:52:06,,13.377,0.049,サーバー(直接取得)
cam40,2026-09-18T04:53:45.743Z,2026-09-18 13:50:07,,13.544,0.380,サーバー(直接取得)
cam41,2026-09-18T04:53:45.861Z,2026-09-18 13:50:04,,13.697,0.124,サーバー(直接取得)
cam42,2026-09-18T04:53:45.880Z,2026-09-18 13:50:18,,13.438,0.440,サーバー(直接取得)
cam43,2026-09-18T04:53:45.961Z,2026-09-18 13:50:16,,12.836,0.480,サーバー(直接取得)
cam44,2026-09-18T04:53:45.997Z,2026-09-18 13:50:03,,12.374,0.150,サーバー(直接取得)
cam45,2026-09-18T04:53:46.002Z,2026-09-18 13:50:04,,13.610,0.330,サーバー(直接取得)
cam46,2026-09-18T04:53:46.120Z,2026-09-18 13:50:23,,13.293,0.590,サーバー(直接取得)
cam47,2026-09-18T04:53:46.224Z,2026-09-18 13:50:07,,12.998,0.386,サーバー(直接取得)
cam48,2026-09-18T04:53:46.257Z,2026-09-18 13:50:03,,13.759,-15.420,サーバー(直接取得)
cam50,2026-09-18T04:53:46.261Z,2026-09-18 13:53:00,,13.508,0.150,サーバー(直接取得)
cam51,2026-09-18T04:53:46.380Z,2026-09-18 13:52:19,,13.596,0.060,サーバー(直接取得)
cam52,2026-09-18T04:53:46.486Z,2026-09-18 13:50:25,,12.568,0.220,サーバー(直接取得)
cam53,2026-09-18T04:53:46.520Z,2026-09-18 13:50:04,,13.614,0.150,サーバー(直接取得)
cam54,2026-09-18T04:53:46.526Z,2026-09-18 13:50:21,,13.478,0.040,サーバー(直接取得)
cam55,2026-09-18T04:53:46.637Z,2026-09-18 13:50:22,,12.511,0.640,サーバー(直接取得)
kw01,2026-09-18T04:53:46.753Z,2026/09/18 13:40,,,0.520,サーバー(国交省 川の防災情報)
kw02,2026-09-18T04:53:46.778Z,2026/09/18 13:40,,,0.220,サーバー(国交省 川の防災情報)
kw03,2026-09-18T04:53:46.788Z,2026/09/18 13:40,,,1.190,サーバー(国交省 川の防災情報)
kw04,2026-09-18T04:53:46.906Z,2026/09/18 13:40,,,0.740,サーバー(国交省 川の防災情報)
kw06,2026-09-18T04:53:47.256Z,2026/09/18 09:00,,,-2.530,サーバー(国交省 川の防災情報)
kw07,2026-09-18T04:53:47.520Z,2026/09/18 09:00,,,-4.220,サーバー(国交省 川の防災情報)
kw08,2026-09-18T04:53:47.620Z,2026/09/18 13:40,,,0.590,サーバー(国交省 川の防災情報)
kw09,2026-09-18T04:53:47.678Z,2026/09/18 10:00,,,-4.040,サーバー(国交省 川の防災情報)
kw10,2026-09-18T04:53:47.758Z,2026/09/18 13:40,,,0.170,サーバー(国交省 川の防災情報)
kw11,2026-09-18T04:53:47.764Z,2026/09/18 13:40,,,-0.050,サーバー(国交省 川の防災情報)
cam02,2026-09-18T09:28:15.057Z,2026-09-18 18:20:07,,12.576,0.460,サーバー(直接取得)
cam03,2026-09-18T09:28:15.058Z,2026-09-18 18:20:09,,12.541,-4.580,サーバー(直接取得)
cam04,2026-09-18T09:28:15.059Z,2026-09-18 18:20:06,,12.528,1.030,サーバー(直接取得)
cam08,2026-09-18T09:28:15.060Z,2026-09-18 18:00:22,,12.453,0.090,サーバー(直接取得)
cam09,2026-09-18T09:28:15.913Z,2026-09-18 18:20:19,,12.260,0.290,サーバー(直接取得)
cam11,2026-09-18T09:28:15.915Z,2026-09-18 18:20:06,,12.537,0.470,サーバー(直接取得)
cam12,2026-09-18T09:28:16.155Z,2026-09-18 18:20:06,,12.594,-0.069,サーバー(直接取得)
cam13,2026-09-18T09:28:16.166Z,2026-09-18 18:20:06,,12.700,0.037,サーバー(直接取得)
cam14,2026-09-18T09:28:16.171Z,2026-09-18 18:20:13,,12.506,0.037,サーバー(直接取得)
cam36,2026-09-18T09:28:16.188Z,2026-09-13 08:30:06,,12.467,0.028,サーバー(直接取得)
cam39,2026-09-18T09:28:16.370Z,2026-09-18 18:26:06,,13.381,0.050,サーバー(直接取得)
cam40,2026-09-18T09:28:16.387Z,2026-09-18 18:20:06,,12.642,0.388,サーバー(直接取得)
cam41,2026-09-18T09:28:16.394Z,2026-09-18 18:20:03,,12.686,0.134,サーバー(直接取得)
cam42,2026-09-18T09:28:16.408Z,2026-09-18 18:20:15,,12.453,0.440,サーバー(直接取得)
cam43,2026-09-18T09:28:16.428Z,2026-09-18 18:00:16,,12.234,0.500,サーバー(直接取得)
cam44,2026-09-18T09:28:16.612Z,2026-09-18 18:20:03,,12.541,0.170,サーバー(直接取得)
cam45,2026-09-18T09:28:16.630Z,2026-09-18 18:20:03,,12.664,0.350,サーバー(直接取得)
cam46,2026-09-18T09:28:16.644Z,2026-09-18 18:20:13,,12.532,0.610,サーバー(直接取得)
cam47,2026-09-18T09:28:16.650Z,2026-09-18 18:20:07,,12.453,0.415,サーバー(直接取得)
cam48,2026-09-18T09:28:16.679Z,2026-09-18 18:20:03,,13.741,-15.420,サーバー(直接取得)
cam50,2026-09-18T09:28:16.859Z,2026-09-18 18:27:00,,13.500,0.180,サーバー(直接取得)
cam51,2026-09-18T09:28:16.875Z,2026-09-18 18:26:18,,13.618,0.070,サーバー(直接取得)
cam52,2026-09-18T09:28:16.896Z,2026-09-18 18:20:14,,12.365,0.250,サーバー(直接取得)
cam53,2026-09-18T09:28:16.906Z,2026-09-18 18:20:04,,12.862,0.150,サーバー(直接取得)
cam54,2026-09-18T09:28:16.931Z,2026-09-18 18:20:20,,12.467,0.060,サーバー(直接取得)
cam55,2026-09-18T09:28:17.108Z,2026-09-18 18:20:21,,12.357,0.640,サーバー(直接取得)
kw01,2026-09-18T09:28:17.114Z,2026/09/18 18:20,,,0.510,サーバー(国交省 川の防災情報)
kw02,2026-09-18T09:28:17.150Z,2026/09/18 18:20,,,0.220,サーバー(国交省 川の防災情報)
kw03,2026-09-18T09:28:17.160Z,2026/09/18 18:20,,,1.190,サーバー(国交省 川の防災情報)
kw04,2026-09-18T09:28:17.176Z,2026/09/18 18:20,,,0.730,サーバー(国交省 川の防災情報)
kw05,2026-09-18T09:28:17.346Z,2026/09/18 12:05,,,-1.260,サーバー(国交省 川の防災情報)
kw06,2026-09-18T09:28:17.788Z,2026/09/18 09:00,,,-2.530,サーバー(国交省 川の防災情報)
kw07,2026-09-18T09:28:17.801Z,2026/09/18 09:00,,,-4.220,サーバー(国交省 川の防災情報)
kw08,2026-09-18T09:28:17.909Z,2026/09/18 18:20,,,0.580,サーバー(国交省 川の防災情報)
kw09,2026-09-18T09:28:18.085Z,2026/09/18 10:00,,,-4.040,サーバー(国交省 川の防災情報)
kw10,2026-09-18T09:28:18.122Z,2026/09/18 18:20,,,0.190,サーバー(国交省 川の防災情報)
kw11,2026-09-18T09:28:18.274Z,2026/09/18 18:20,,,-0.060,サーバー(国交省 川の防災情報)
cam02,2026-09-18T13:46:11.592Z,2026-09-18 22:40:07,,12.480,0.470,サーバー(直接取得)
cam03,2026-09-18T13:46:11.593Z,2026-09-18 22:40:12,,12.431,-4.580,サーバー(直接取得)
cam04,2026-09-18T13:46:11.594Z,2026-09-18 22:40:06,,12.467,1.030,サーバー(直接取得)
cam08,2026-09-18T13:46:11.595Z,2026-09-18 22:40:20,,12.361,0.100,サーバー(直接取得)
cam09,2026-09-18T13:46:12.595Z,2026-09-18 22:40:19,,12.159,0.290,サーバー(直接取得)
cam11,2026-09-18T13:46:12.597Z,2026-09-18 22:40:06,,12.462,0.488,サーバー(直接取得)
cam12,2026-09-18T13:46:12.850Z,2026-09-18 22:40:06,,12.506,-0.063,サーバー(直接取得)
cam13,2026-09-18T13:46:12.883Z,2026-09-18 22:40:07,,12.638,0.043,サーバー(直接取得)
cam14,2026-09-18T13:46:12.902Z,2026-09-18 22:40:12,,12.396,0.037,サーバー(直接取得)
cam36,2026-09-18T13:46:12.914Z,2026-09-13 08:30:06,,12.467,0.028,サーバー(直接取得)
cam39,2026-09-18T13:46:13.084Z,2026-09-18 22:44:05,,13.381,0.050,サーバー(直接取得)
cam40,2026-09-18T13:46:13.107Z,2026-09-18 22:40:06,,12.559,0.396,サーバー(直接取得)
cam41,2026-09-18T13:46:13.140Z,2026-09-18 22:40:03,,12.620,0.135,サーバー(直接取得)
cam42,2026-09-18T13:46:13.152Z,2026-09-18 22:40:12,,12.379,0.440,サーバー(直接取得)
cam43,2026-09-18T13:46:13.168Z,2026-09-18 22:40:14,,12.040,0.500,サーバー(直接取得)
cam44,2026-09-18T13:46:13.344Z,2026-09-18 22:40:03,,12.493,0.160,サーバー(直接取得)
cam45,2026-09-18T13:46:13.367Z,2026-09-18 22:40:03,,12.598,0.350,サーバー(直接取得)
cam46,2026-09-18T13:46:13.396Z,2026-09-18 22:40:11,,12.414,0.610,サーバー(直接取得)
cam47,2026-09-18T13:46:13.414Z,2026-09-18 22:40:06,,12.383,0.481,サーバー(直接取得)
cam48,2026-09-18T13:46:13.427Z,2026-09-18 22:40:03,,13.777,-15.490,サーバー(直接取得)
cam50,2026-09-18T13:46:13.601Z,2026-09-18 22:45:00,,13.500,0.180,サーバー(直接取得)
cam51,2026-09-18T13:46:13.626Z,2026-09-18 22:44:15,,13.618,0.080,サーバー(直接取得)
cam52,2026-09-18T13:46:13.648Z,2026-09-18 22:40:14,,12.234,0.240,サーバー(直接取得)
cam53,2026-09-18T13:46:13.672Z,2026-09-18 22:40:04,,12.787,0.150,サーバー(直接取得)
cam54,2026-09-18T13:46:13.682Z,2026-09-18 22:40:21,,12.361,0.060,サーバー(直接取得)
cam55,2026-09-18T13:46:13.867Z,2026-09-18 22:40:20,,12.304,0.650,サーバー(直接取得)
cam02,2026-09-18T17:16:56.391Z,2026-09-19 02:10:07,,12.414,0.460,サーバー(直接取得)
cam03,2026-09-18T17:16:56.392Z,2026-09-19 02:10:09,,12.352,-4.580,サーバー(直接取得)
cam04,2026-09-18T17:16:56.393Z,2026-09-19 02:10:07,,12.396,1.060,サーバー(直接取得)
cam08,2026-09-18T17:16:56.395Z,2026-09-19 01:40:21,,12.212,0.100,サーバー(直接取得)
cam09,2026-09-18T17:16:57.187Z,2026-09-19 02:10:17,,12.102,0.280,サーバー(直接取得)
cam11,2026-09-18T17:16:57.190Z,2026-09-19 02:10:06,,12.405,0.457,サーバー(直接取得)
cam12,2026-09-18T17:16:57.345Z,2026-09-19 02:10:06,,12.471,-0.074,サーバー(直接取得)
cam13,2026-09-18T17:16:57.360Z,2026-09-19 02:10:07,,12.572,0.042,サーバー(直接取得)
cam14,2026-09-18T17:16:57.456Z,2026-09-19 02:10:19,,12.326,0.027,サーバー(直接取得)
cam36,2026-09-18T17:16:57.469Z,2026-09-13 08:30:06,,12.467,0.028,サーバー(直接取得)
cam39,2026-09-18T17:16:57.515Z,2026-09-19 02:16:06,,13.403,0.051,サーバー(直接取得)
cam40,2026-09-18T17:16:57.624Z,2026-09-19 02:10:06,,12.502,0.395,サーバー(直接取得)
cam41,2026-09-18T17:16:57.628Z,2026-09-19 02:10:03,,12.559,0.136,サーバー(直接取得)
cam42,2026-09-18T17:16:57.731Z,2026-09-19 02:10:15,,12.313,0.440,サーバー(直接取得)
cam43,2026-09-18T17:16:57.750Z,2026-09-19 02:10:15,,11.961,0.500,サーバー(直接取得)
cam44,2026-09-18T17:16:57.815Z,2026-09-19 02:10:03,,12.445,0.160,サーバー(直接取得)
cam45,2026-09-18T17:16:57.888Z,2026-09-19 02:10:03,,12.546,0.350,サーバー(直接取得)
cam46,2026-09-18T17:16:57.911Z,2026-09-19 02:10:12,,12.326,0.600,サーバー(直接取得)
cam47,2026-09-18T17:16:58.065Z,2026-09-19 02:10:06,,12.321,0.445,サーバー(直接取得)
cam48,2026-09-18T17:16:58.087Z,2026-09-19 02:10:03,,13.741,-15.380,サーバー(直接取得)
cam50,2026-09-18T17:16:58.095Z,2026-09-19 02:16:00,,13.500,0.180,サーバー(直接取得)
cam51,2026-09-18T17:16:58.150Z,2026-09-19 02:16:14,,13.618,0.080,サーバー(直接取得)
cam52,2026-09-18T17:16:58.173Z,2026-09-19 02:10:16,,12.176,0.240,サーバー(直接取得)
cam53,2026-09-18T17:16:58.326Z,2026-09-19 02:10:04,,12.748,0.150,サーバー(直接取得)
cam54,2026-09-18T17:16:58.346Z,2026-09-19 02:10:20,,12.304,0.060,サーバー(直接取得)
cam55,2026-09-18T17:16:58.357Z,2026-09-19 02:10:21,,12.225,0.660,サーバー(直接取得)
cam02,2026-09-18T19:44:34.821Z,2026-09-19 04:40:07,,12.365,0.490,サーバー(直接取得)
cam03,2026-09-18T19:44:34.823Z,2026-09-19 04:40:13,,12.304,-4.580,サーバー(直接取得)
cam04,2026-09-18T19:44:34.824Z,2026-09-19 04:40:07,,12.348,1.040,サーバー(直接取得)
cam08,2026-09-18T19:44:34.825Z,2026-09-19 04:40:21,,12.168,0.100,サーバー(直接取得)
cam09,2026-09-18T19:44:36.967Z,2026-09-19 04:40:19,,12.040,0.290,サーバー(直接取得)
cam11,2026-09-18T19:44:36.969Z,2026-09-19 04:40:06,,12.357,0.458,サーバー(直接取得)
cam12,2026-09-18T19:44:37.152Z,2026-09-19 04:40:07,,12.436,-0.061,サーバー(直接取得)
cam13,2026-09-18T19:44:37.170Z,2026-09-19 04:40:06,,12.528,0.040,サーバー(直接取得)
cam14,2026-09-18T19:44:37.227Z,2026-09-19 04:40:15,,12.278,0.037,サーバー(直接取得)
cam36,2026-09-18T19:44:37.242Z,2026-09-13 08:30:06,,12.467,0.028,サーバー(直接取得)
cam39,2026-09-18T19:44:37.425Z,2026-09-19 04:44:06,,13.407,0.053,サーバー(直接取得)
cam40,2026-09-18T19:44:37.428Z,2026-09-19 04:40:07,,12.453,0.400,サーバー(直接取得)
cam41,2026-09-18T19:44:37.439Z,2026-09-19 04:40:03,,12.519,0.138,サーバー(直接取得)
cam42,2026-09-18T19:44:37.491Z,2026-09-19 04:40:11,,12.260,0.440,サーバー(直接取得)
cam43,2026-09-18T19:44:37.500Z,2026-09-19 04:40:13,,11.913,0.500,サーバー(直接取得)
cam44,2026-09-18T19:44:37.682Z,2026-09-19 04:40:04,,12.401,0.150,サーバー(直接取得)
cam45,2026-09-18T19:44:37.688Z,2026-09-19 04:40:03,,12.502,0.350,サーバー(直接取得)
cam46,2026-09-18T19:44:37.690Z,2026-09-19 04:40:11,,12.295,0.610,サーバー(直接取得)
cam47,2026-09-18T19:44:37.749Z,2026-09-19 04:40:07,,12.291,0.419,サーバー(直接取得)
cam48,2026-09-18T19:44:37.756Z,2026-09-19 04:40:03,,13.750,-15.420,サーバー(直接取得)
cam50,2026-09-18T19:44:37.936Z,2026-09-19 04:44:00,,13.500,0.180,サーバー(直接取得)
cam51,2026-09-18T19:44:37.942Z,2026-09-19 04:44:15,,13.618,0.090,サーバー(直接取得)
cam52,2026-09-18T19:44:37.954Z,2026-09-19 04:40:20,,12.146,0.250,サーバー(直接取得)
cam53,2026-09-18T19:44:38.010Z,2026-09-19 04:40:04,,12.735,0.150,サーバー(直接取得)
cam54,2026-09-18T19:44:38.015Z,2026-09-19 04:40:20,,12.247,0.060,サーバー(直接取得)
cam55,2026-09-18T19:44:38.187Z,2026-09-19 04:40:21,,12.212,0.660,サーバー(直接取得)
kw01,2026-09-18T19:44:38.195Z,2026/09/19 04:30,,,0.520,サーバー(国交省 川の防災情報)
kw02,2026-09-18T19:44:38.212Z,2026/09/19 04:30,,,0.220,サーバー(国交省 川の防災情報)
kw03,2026-09-18T19:44:38.269Z,2026/09/19 04:30,,,1.200,サーバー(国交省 川の防災情報)
kw04,2026-09-18T19:44:38.283Z,2026/09/19 04:30,,,0.740,サーバー(国交省 川の防災情報)
kw05,2026-09-18T19:44:38.478Z,2026/09/18 12:05,,,-1.260,サーバー(国交省 川の防災情報)
kw06,2026-09-18T19:44:39.058Z,2026/09/18 09:00,,,-2.530,サーバー(国交省 川の防災情報)
kw07,2026-09-18T19:44:39.100Z,2026/09/18 09:00,,,-4.220,サーバー(国交省 川の防災情報)
kw08,2026-09-18T19:44:39.131Z,2026/09/19 04:30,,,0.570,サーバー(国交省 川の防災情報)
kw09,2026-09-18T19:44:39.137Z,2026/09/18 10:00,,,-4.040,サーバー(国交省 川の防災情報)
kw10,2026-09-18T19:44:39.193Z,2026/09/19 04:30,,,0.180,サーバー(国交省 川の防災情報)
kw11,2026-09-18T19:44:39.318Z,2026/09/19 04:30,,,-0.090,サーバー(国交省 川の防災情報)
cam02,2026-09-18T21:56:16.418Z,2026-09-19 06:50:06,,12.554,0.470,サーバー(直接取得)
cam03,2026-09-18T21:56:16.419Z,2026-09-19 06:50:15,,12.335,-4.570,サーバー(直接取得)
cam04,2026-09-18T21:56:16.419Z,2026-09-19 06:50:07,,12.673,1.060,サーバー(直接取得)
cam08,2026-09-18T21:56:16.420Z,2026-09-19 06:50:20,,12.343,0.100,サーバー(直接取得)
cam09,2026-09-18T21:56:17.015Z,2026-09-19 06:50:22,,12.234,0.300,サーバー(直接取得)
cam11,2026-09-18T21:56:17.021Z,2026-09-19 06:50:07,,12.563,0.431,サーバー(直接取得)
cam12,2026-09-18T21:56:17.125Z,2026-09-19 06:50:06,,12.638,-0.069,サーバー(直接取得)
cam13,2026-09-18T21:56:17.135Z,2026-09-19 06:50:07,,12.673,0.039,サーバー(直接取得)
cam14,2026-09-18T21:56:17.233Z,2026-09-19 06:50:23,,12.405,0.037,サーバー(直接取得)
cam36,2026-09-18T21:56:17.257Z,2026-09-13 08:30:06,,12.467,0.028,サーバー(直接取得)
cam39,2026-09-18T21:56:17.264Z,2026-09-19 06:54:05,,13.381,0.049,サーバー(直接取得)
cam40,2026-09-18T21:56:17.347Z,2026-09-19 06:50:07,,12.805,0.397,サーバー(直接取得)
cam41,2026-09-18T21:56:17.351Z,2026-09-19 06:50:03,,12.629,0.137,サーバー(直接取得)
cam42,2026-09-18T21:56:17.462Z,2026-09-19 06:50:21,,12.326,0.440,サーバー(直接取得)
cam43,2026-09-18T21:56:17.483Z,2026-09-19 06:50:18,,12.031,0.500,サーバー(直接取得)
cam44,2026-09-18T21:56:17.485Z,2026-09-19 06:50:03,,12.445,0.150,サーバー(直接取得)
cam45,2026-09-18T21:56:17.563Z,2026-09-19 06:50:03,,12.546,0.360,サーバー(直接取得)
cam46,2026-09-18T21:56:17.582Z,2026-09-19 06:50:22,,12.427,0.610,サーバー(直接取得)
cam47,2026-09-18T21:56:17.688Z,2026-09-19 06:50:07,,12.493,0.487,サーバー(直接取得)
cam48,2026-09-18T21:56:17.713Z,2026-09-19 06:50:03,,13.741,-15.320,サーバー(直接取得)
cam50,2026-09-18T21:56:17.715Z,2026-09-19 06:55:00,,13.500,0.180,サーバー(直接取得)
cam51,2026-09-18T21:56:17.782Z,2026-09-19 06:54:21,,13.601,0.090,サーバー(直接取得)
cam52,2026-09-18T21:56:17.833Z,2026-09-19 06:50:22,,12.365,0.240,サーバー(直接取得)
cam53,2026-09-18T21:56:17.913Z,2026-09-19 06:50:23,,12.616,0.160,サーバー(直接取得)
cam54,2026-09-18T21:56:17.931Z,2026-09-19 06:50:20,,12.295,0.060,サーバー(直接取得)
cam55,2026-09-18T21:56:17.963Z,2026-09-19 06:50:21,,12.260,0.660,サーバー(直接取得)
cam02,2026-09-19T00:03:05.817Z,2026-09-19 09:00:07,,12.919,0.450,サーバー(直接取得)
cam03,2026-09-19T00:03:05.817Z,2026-09-19 09:00:14,,12.581,-4.520,サーバー(直接取得)
cam04,2026-09-19T00:03:05.818Z,2026-09-19 09:00:07,,12.937,0.980,サーバー(直接取得)
cam08,2026-09-19T00:03:05.819Z,2026-09-19 09:00:21,,12.700,0.090,サーバー(直接取得)
cam09,2026-09-19T00:03:06.389Z,2026-09-19 09:00:21,,12.431,0.290,サーバー(直接取得)
cam11,2026-09-19T00:03:06.391Z,2026-09-19 09:00:07,,13.020,0.447,サーバー(直接取得)
cam12,2026-09-19T00:03:06.590Z,2026-09-19 09:00:07,,12.805,-0.092,サーバー(直接取得)
cam13,2026-09-19T00:03:06.600Z,2026-09-19 09:00:07,,13.012,0.030,サーバー(直接取得)
cam14,2026-09-19T00:03:06.722Z,2026-09-19 09:00:18,,12.722,0.027,サーバー(直接取得)
cam36,2026-09-19T00:03:06.733Z,2026-09-13 08:30:06,,12.467,0.028,サーバー(直接取得)
cam39,2026-09-19T00:03:06.796Z,2026-09-19 09:02:06,,13.381,0.045,サーバー(直接取得)
cam40,2026-09-19T00:03:06.807Z,2026-09-19 09:00:07,,13.069,0.386,サーバー(直接取得)
cam41,2026-09-19T00:03:06.847Z,2026-09-19 09:00:03,,13.122,0.133,サーバー(直接取得)
cam42,2026-09-19T00:03:06.936Z,2026-09-19 09:00:17,,12.757,0.440,サーバー(直接取得)
cam43,2026-09-19T00:03:06.939Z,2026-09-19 09:00:26,,12.352,0.490,サーバー(直接取得)
cam44,2026-09-19T00:03:06.997Z,2026-09-19 09:00:03,,12.805,0.160,サーバー(直接取得)
cam45,2026-09-19T00:03:07.025Z,2026-09-19 09:00:03,,12.889,0.340,サーバー(直接取得)
cam46,2026-09-19T00:03:07.051Z,2026-09-19 09:00:17,,12.783,0.600,サーバー(直接取得)
cam47,2026-09-19T00:03:07.138Z,2026-09-19 09:00:06,,12.862,0.501,サーバー(直接取得)
cam48,2026-09-19T00:03:07.157Z,2026-09-19 09:00:03,,13.746,-15.450,サーバー(直接取得)
cam50,2026-09-19T00:03:07.197Z,2026-09-19 09:00:00,,13.500,0.170,サーバー(直接取得)
cam51,2026-09-19T00:03:07.228Z,2026-09-19 08:56:29,,13.596,0.070,サーバー(直接取得)
cam52,2026-09-19T00:03:07.253Z,2026-09-19 09:00:28,,12.871,0.230,サーバー(直接取得)
cam53,2026-09-19T00:03:07.338Z,2026-09-19 09:00:27,,12.924,0.150,サーバー(直接取得)
cam54,2026-09-19T00:03:07.356Z,2026-09-19 09:00:21,,12.607,0.060,サーバー(直接取得)
cam55,2026-09-19T00:03:07.396Z,2026-09-19 09:00:22,,12.678,0.630,サーバー(直接取得)
kw01,2026-09-19T00:03:07.428Z,2026/09/19 08:50,,,0.520,サーバー(国交省 川の防災情報)
kw02,2026-09-19T00:03:07.457Z,2026/09/19 08:50,,,0.210,サーバー(国交省 川の防災情報)
kw03,2026-09-19T00:03:07.540Z,2026/09/19 08:50,,,1.190,サーバー(国交省 川の防災情報)
kw04,2026-09-19T00:03:07.566Z,2026/09/19 08:50,,,0.720,サーバー(国交省 川の防災情報)
kw05,2026-09-19T00:03:07.595Z,2026/09/19 09:00,,,-1.260,サーバー(国交省 川の防災情報)
kw06,2026-09-19T00:03:08.032Z,2026/09/19 09:00,,,-2.490,サーバー(国交省 川の防災情報)
kw07,2026-09-19T00:03:08.036Z,2026/09/18 09:00,,,-4.220,サーバー(国交省 川の防災情報)
kw08,2026-09-19T00:03:08.110Z,2026/09/19 08:50,,,0.570,サーバー(国交省 川の防災情報)
kw09,2026-09-19T00:03:08.237Z,2026/09/18 10:00,,,-4.040,サーバー(国交省 川の防災情報)
kw10,2026-09-19T00:03:08.264Z,2026/09/19 08:50,,,0.170,サーバー(国交省 川の防災情報)
kw11,2026-09-19T00:03:08.339Z,2026/09/19 08:50,,,-0.090,サーバー(国交省 川の防災情報)
cam02,2026-09-19T04:32:58.632Z,2026-09-19 13:30:07,,12.976,0.450,サーバー(直接取得)
cam03,2026-09-19T04:32:58.633Z,2026-09-19 13:30:13,,12.651,-4.430,サーバー(直接取得)
cam04,2026-09-19T04:32:58.634Z,2026-09-19 13:30:07,,12.959,1.040,サーバー(直接取得)
cam08,2026-09-19T04:32:58.635Z,2026-09-19 13:30:21,,12.752,0.090,サーバー(直接取得)
cam09,2026-09-19T04:32:59.403Z,2026-09-19 13:30:23,,12.467,0.290,サーバー(直接取得)
cam11,2026-09-19T04:32:59.405Z,2026-09-19 13:30:07,,13.042,0.471,サーバー(直接取得)
cam12,2026-09-19T04:32:59.407Z,2026-09-19 13:30:07,,12.814,-0.077,サーバー(直接取得)
cam13,2026-09-19T04:32:59.424Z,2026-09-19 13:30:07,,13.064,0.033,サーバー(直接取得)
cam14,2026-09-19T04:32:59.563Z,2026-09-19 13:30:21,,12.752,0.037,サーバー(直接取得)
cam36,2026-09-19T04:32:59.665Z,2026-09-19 13:30:07,,12.207,0.023,サーバー(直接取得)
cam39,2026-09-19T04:32:59.676Z,2026-09-19 13:32:06,,13.377,0.043,サーバー(直接取得)
cam40,2026-09-19T04:32:59.684Z,2026-09-19 13:30:07,,13.183,0.397,サーバー(直接取得)
cam41,2026-09-19T04:32:59.686Z,2026-09-19 13:30:03,,13.390,0.139,サーバー(直接取得)
cam42,2026-09-19T04:32:59.822Z,2026-09-19 12:00:19,,12.739,0.420,サーバー(直接取得)
cam43,2026-09-19T04:32:59.931Z,2026-09-19 13:30:18,,12.405,0.510,サーバー(直接取得)
cam44,2026-09-19T04:32:59.934Z,2026-09-19 13:30:03,,12.691,0.100,サーバー(直接取得)
cam45,2026-09-19T04:32:59.968Z,2026-09-19 13:30:03,,12.968,0.350,サーバー(直接取得)
cam46,2026-09-19T04:32:59.978Z,2026-09-19 13:30:21,,12.761,0.810,サーバー(直接取得)
cam47,2026-09-19T04:33:00.084Z,2026-09-19 13:30:07,,12.972,0.463,サーバー(直接取得)
cam48,2026-09-19T04:33:00.191Z,2026-09-19 13:30:03,,13.790,-15.450,サーバー(直接取得)
cam50,2026-09-19T04:33:00.198Z,2026-09-19 13:32:00,,13.504,0.180,サーバー(直接取得)
cam51,2026-09-19T04:33:00.226Z,2026-09-19 13:32:20,,13.605,0.070,サーバー(直接取得)
cam52,2026-09-19T04:33:00.246Z,2026-09-19 13:30:31,,12.849,0.230,サーバー(直接取得)
cam53,2026-09-19T04:33:00.339Z,2026-09-19 13:30:04,,13.596,0.130,サーバー(直接取得)
cam54,2026-09-19T04:33:00.447Z,2026-09-19 13:30:20,,12.660,0.050,サーバー(直接取得)
cam55,2026-09-19T04:33:00.460Z,2026-09-19 13:30:22,,12.664,0.640,サーバー(直接取得)
kw01,2026-09-19T04:33:00.478Z,2026/09/19 13:20,,,0.520,サーバー(国交省 川の防災情報)
kw02,2026-09-19T04:33:00.506Z,2026/09/19 13:20,,,0.210,サーバー(国交省 川の防災情報)
kw03,2026-09-19T04:33:00.594Z,2026/09/19 13:20,,,1.200,サーバー(国交省 川の防災情報)
kw04,2026-09-19T04:33:00.708Z,2026/09/19 13:20,,,0.730,サーバー(国交省 川の防災情報)
kw05,2026-09-19T04:33:00.713Z,2026/09/19 09:00,,,-1.260,サーバー(国交省 川の防災情報)
kw06,2026-09-19T04:33:01.010Z,2026/09/19 09:00,,,-2.490,サーバー(国交省 川の防災情報)
kw07,2026-09-19T04:33:01.222Z,2026/09/19 09:00,,,-4.220,サーバー(国交省 川の防災情報)
kw08,2026-09-19T04:33:01.222Z,2026/09/19 13:20,,,0.570,サーバー(国交省 川の防災情報)
kw09,2026-09-19T04:33:01.239Z,2026/09/19 10:00,,,-4.040,サーバー(国交省 川の防災情報)
kw10,2026-09-19T04:33:01.308Z,2026/09/19 13:20,,,0.190,サーバー(国交省 川の防災情報)
kw11,2026-09-19T04:33:01.400Z,2026/09/19 13:20,,,-0.090,サーバー(国交省 川の防災情報)
cam02,2026-09-19T08:58:06.728Z,2026-09-19 17:50:06,,12.607,0.460,サーバー(直接取得)
cam03,2026-09-19T08:58:06.729Z,2026-09-19 17:50:09,,12.348,-4.330,サーバー(直接取得)
cam04,2026-09-19T08:58:06.730Z,2026-09-19 17:50:07,,12.572,1.040,サーバー(直接取得)
cam08,2026-09-19T08:58:06.731Z,2026-09-19 17:50:21,,12.427,0.090,サーバー(直接取得)
cam09,2026-09-19T08:58:07.563Z,2026-09-19 17:50:18,,12.212,0.280,サーバー(直接取得)
cam11,2026-09-19T08:58:07.578Z,2026-09-19 17:50:07,,12.616,0.488,サーバー(直接取得)
cam12,2026-09-19T08:58:07.828Z,2026-09-19 17:50:06,,12.511,-0.068,サーバー(直接取得)
cam13,2026-09-19T08:58:07.833Z,2026-09-19 17:50:07,,12.695,0.039,サーバー(直接取得)
cam14,2026-09-19T08:58:07.845Z,2026-09-19 17:50:15,,12.467,0.027,サーバー(直接取得)
cam36,2026-09-19T08:58:07.857Z,2026-09-19 17:50:06,,11.974,0.030,サーバー(直接取得)
cam39,2026-09-19T08:58:08.092Z,2026-09-19 17:56:05,,13.377,0.054,サーバー(直接取得)
cam40,2026-09-19T08:58:08.100Z,2026-09-19 17:50:07,,12.708,0.401,サーバー(直接取得)
cam41,2026-09-19T08:58:08.111Z,2026-09-19 17:50:03,,12.678,0.142,サーバー(直接取得)
cam42,2026-09-19T08:58:08.130Z,2026-09-19 17:50:14,,12.423,0.430,サーバー(直接取得)
cam43,2026-09-19T08:58:08.356Z,2026-09-19 17:50:16,,12.106,0.500,サーバー(直接取得)
cam44,2026-09-19T08:58:08.366Z,2026-09-19 17:50:03,,12.453,0.100,サーバー(直接取得)
cam45,2026-09-19T08:58:08.379Z,2026-09-19 17:50:03,,12.612,0.360,サーバー(直接取得)
cam46,2026-09-19T08:58:08.400Z,2026-09-19 17:50:15,,12.471,0.720,サーバー(直接取得)
cam47,2026-09-19T08:58:08.622Z,2026-09-19 17:50:07,,12.519,0.439,サーバー(直接取得)
cam48,2026-09-19T08:58:08.635Z,2026-09-19 17:50:03,,13.750,-15.400,サーバー(直接取得)
cam50,2026-09-19T08:58:08.653Z,2026-09-19 17:57:00,,13.500,0.180,サーバー(直接取得)
cam51,2026-09-19T08:58:08.678Z,2026-09-19 17:54:16,,13.601,0.090,サーバー(直接取得)
cam52,2026-09-19T08:58:08.729Z,2026-09-19 17:50:25,,12.427,0.240,サーバー(直接取得)
cam53,2026-09-19T08:58:08.883Z,2026-09-19 17:50:04,,12.849,0.130,サーバー(直接取得)
cam54,2026-09-19T08:58:08.897Z,2026-09-19 17:50:21,,12.352,0.060,サーバー(直接取得)
cam55,2026-09-19T08:58:08.915Z,2026-09-19 17:50:21,,12.348,0.650,サーバー(直接取得)
kw01,2026-09-19T08:58:08.950Z,2026/09/19 17:50,,,0.520,サーバー(国交省 川の防災情報)
kw02,2026-09-19T08:58:08.990Z,2026/09/19 17:50,,,0.210,サーバー(国交省 川の防災情報)
kw03,2026-09-19T08:58:09.145Z,2026/09/19 17:50,,,1.200,サーバー(国交省 川の防災情報)
kw04,2026-09-19T08:58:09.156Z,2026/09/19 17:50,,,0.750,サーバー(国交省 川の防災情報)
kw05,2026-09-19T08:58:09.182Z,2026/09/19 09:00,,,-1.260,サーバー(国交省 川の防災情報)
kw06,2026-09-19T08:58:09.260Z,2026/09/19 09:00,,,-2.490,サーバー(国交省 川の防災情報)
kw07,2026-09-19T08:58:09.400Z,2026/09/19 09:00,,,-4.220,サーバー(国交省 川の防災情報)
kw08,2026-09-19T08:58:09.446Z,2026/09/19 17:50,,,0.570,サーバー(国交省 川の防災情報)
kw09,2026-09-19T08:58:09.628Z,2026/09/19 10:00,,,-4.040,サーバー(国交省 川の防災情報)
kw10,2026-09-19T08:58:09.649Z,2026/09/19 17:50,,,0.210,サーバー(国交省 川の防災情報)
kw11,2026-09-19T08:58:09.763Z,2026/09/19 17:50,,,-0.100,サーバー(国交省 川の防災情報)
cam02,2026-09-19T13:03:09.479Z,2026-09-19 22:00:06,,12.379,0.470,サーバー(直接取得)
cam03,2026-09-19T13:03:09.479Z,2026-09-19 22:00:11,,12.264,-4.240,サーバー(直接取得)
cam04,2026-09-19T13:03:09.480Z,2026-09-19 22:00:07,,12.409,1.050,サーバー(直接取得)
cam08,2026-09-19T13:03:09.481Z,2026-09-19 22:00:21,,12.264,0.100,サーバー(直接取得)
cam09,2026-09-19T13:03:10.477Z,2026-09-19 22:00:17,,12.009,0.310,サーバー(直接取得)
cam11,2026-09-19T13:03:10.480Z,2026-09-19 22:00:06,,12.453,0.451,サーバー(直接取得)
cam12,2026-09-19T13:03:10.724Z,2026-09-19 22:00:07,,12.414,-0.063,サーバー(直接取得)
cam13,2026-09-19T13:03:10.730Z,2026-09-19 22:00:06,,12.607,0.047,サーバー(直接取得)
cam14,2026-09-19T13:03:10.738Z,2026-09-19 22:00:15,,12.264,0.037,サーバー(直接取得)
cam36,2026-09-19T13:03:10.752Z,2026-09-19 22:00:07,,12.651,0.031,サーバー(直接取得)
cam39,2026-09-19T13:03:10.910Z,2026-09-19 22:02:05,,13.377,0.058,サーバー(直接取得)
cam40,2026-09-19T13:03:10.967Z,2026-09-19 22:00:06,,12.537,0.393,サーバー(直接取得)
cam41,2026-09-19T13:03:10.969Z,2026-09-19 22:00:03,,12.620,0.143,サーバー(直接取得)
cam42,2026-09-19T13:03:10.979Z,2026-09-19 22:00:11,,12.352,0.430,サーバー(直接取得)
cam43,2026-09-19T13:03:10.994Z,2026-09-19 22:00:13,,11.908,0.510,サーバー(直接取得)
cam44,2026-09-19T13:03:11.147Z,2026-09-19 22:00:03,,12.414,0.170,サーバー(直接取得)
cam45,2026-09-19T13:03:11.211Z,2026-09-19 22:00:03,,12.528,0.350,サーバー(直接取得)
cam46,2026-09-19T13:03:11.214Z,2026-09-19 22:00:15,,12.273,0.770,サーバー(直接取得)
cam47,2026-09-19T13:03:11.226Z,2026-09-19 22:00:06,,12.361,0.422,サーバー(直接取得)
cam48,2026-09-19T13:03:11.240Z,2026-09-19 22:00:03,,13.755,-15.590,サーバー(直接取得)
cam50,2026-09-19T13:03:11.383Z,2026-09-19 22:02:00,,13.500,0.180,サーバー(直接取得)
cam51,2026-09-19T13:03:11.443Z,2026-09-19 22:02:15,,13.618,0.090,サーバー(直接取得)
cam52,2026-09-19T13:03:11.452Z,2026-09-19 22:00:17,,12.251,0.240,サーバー(直接取得)
cam53,2026-09-19T13:03:11.460Z,2026-09-19 22:00:04,,12.787,0.130,サーバー(直接取得)
cam54,2026-09-19T13:03:11.472Z,2026-09-19 22:00:20,,12.247,0.060,サーバー(直接取得)
cam55,2026-09-19T13:03:11.619Z,2026-09-19 22:00:21,,12.269,0.660,サーバー(直接取得)
kw01,2026-09-19T13:03:11.679Z,2026/09/19 21:50,,,0.510,サーバー(国交省 川の防災情報)
kw02,2026-09-19T13:03:11.692Z,2026/09/19 21:50,,,0.200,サーバー(国交省 川の防災情報)
kw03,2026-09-19T13:03:11.705Z,2026/09/19 21:50,,,1.200,サーバー(国交省 川の防災情報)
kw04,2026-09-19T13:03:11.712Z,2026/09/19 21:50,,,0.750,サーバー(国交省 川の防災情報)
kw05,2026-09-19T13:03:11.855Z,2026/09/19 09:00,,,-1.260,サーバー(国交省 川の防災情報)
kw06,2026-09-19T13:03:12.457Z,2026/09/19 09:00,,,-2.490,サーバー(国交省 川の防災情報)
kw07,2026-09-19T13:03:12.570Z,2026/09/19 09:00,,,-4.220,サーバー(国交省 川の防災情報)
kw08,2026-09-19T13:03:12.660Z,2026/09/19 21:50,,,0.560,サーバー(国交省 川の防災情報)
kw09,2026-09-19T13:03:12.767Z,2026/09/19 10:00,,,-4.040,サーバー(国交省 川の防災情報)
kw10,2026-09-19T13:03:12.823Z,2026/09/19 21:50,,,0.180,サーバー(国交省 川の防災情報)
kw11,2026-09-19T13:03:12.864Z,2026/09/19 21:50,,,-0.110,サーバー(国交省 川の防災情報)
cam02,2026-09-19T16:26:20.041Z,2026-09-20 01:20:06,,12.339,0.470,サーバー(直接取得)
cam03,2026-09-19T16:26:20.043Z,2026-09-20 01:20:09,,12.225,-4.170,サーバー(直接取得)
cam04,2026-09-19T16:26:20.044Z,2026-09-20 01:20:07,,12.361,1.050,サーバー(直接取得)
cam08,2026-09-19T16:26:20.045Z,2026-09-20 01:20:21,,12.198,0.100,サーバー(直接取得)
cam09,2026-09-19T16:26:20.782Z,2026-09-20 01:20:19,,11.961,0.290,サーバー(直接取得)
cam11,2026-09-19T16:26:20.784Z,2026-09-20 01:20:06,,12.383,0.454,サーバー(直接取得)
cam12,2026-09-19T16:26:20.933Z,2026-09-20 01:20:06,,12.383,-0.064,サーバー(直接取得)
cam13,2026-09-19T16:26:20.941Z,2026-09-20 01:20:06,,12.537,0.046,サーバー(直接取得)
cam14,2026-09-19T16:26:21.023Z,2026-09-20 01:20:13,,12.225,0.037,サーバー(直接取得)
cam36,2026-09-19T16:26:21.031Z,2026-09-20 01:20:07,,12.603,0.030,サーバー(直接取得)
cam39,2026-09-19T16:26:21.125Z,2026-09-20 01:24:05,,13.403,0.058,サーバー(直接取得)
cam40,2026-09-19T16:26:21.182Z,2026-09-20 01:20:07,,12.467,0.396,サーバー(直接取得)
cam41,2026-09-19T16:26:21.191Z,2026-09-20 01:20:03,,12.559,0.141,サーバー(直接取得)
cam42,2026-09-19T16:26:21.264Z,2026-09-20 01:20:13,,12.273,0.430,サーバー(直接取得)
cam43,2026-09-19T16:26:21.285Z,2026-09-20 01:20:15,,11.851,0.500,サーバー(直接取得)
cam44,2026-09-19T16:26:21.370Z,2026-09-20 01:20:03,,12.392,0.170,サーバー(直接取得)
cam45,2026-09-19T16:26:21.432Z,2026-09-20 01:20:03,,12.493,0.350,サーバー(直接取得)
cam46,2026-09-19T16:26:21.444Z,2026-09-20 01:20:13,,12.220,0.610,サーバー(直接取得)
cam47,2026-09-19T16:26:21.509Z,2026-09-20 01:20:06,,12.304,0.428,サーバー(直接取得)
cam48,2026-09-19T16:26:21.526Z,2026-09-20 01:20:03,,13.746,-15.400,サーバー(直接取得)
cam50,2026-09-19T16:26:21.612Z,2026-09-20 01:25:00,,13.500,0.190,サーバー(直接取得)
cam51,2026-09-19T16:26:21.677Z,2026-09-20 01:22:17,,13.618,0.080,サーバー(直接取得)
cam52,2026-09-19T16:26:21.707Z,2026-09-20 01:20:11,,12.172,0.240,サーバー(直接取得)
cam53,2026-09-19T16:26:21.753Z,2026-09-20 01:20:04,,12.744,0.130,サーバー(直接取得)
cam54,2026-09-19T16:26:21.775Z,2026-09-20 01:20:21,,12.203,0.060,サーバー(直接取得)
cam55,2026-09-19T16:26:21.858Z,2026-09-20 01:20:21,,12.203,0.670,サーバー(直接取得)
cam02,2026-09-19T18:46:08.599Z,2026-09-20 03:40:07,,12.313,0.470,サーバー(直接取得)
cam03,2026-09-19T18:46:08.600Z,2026-09-20 03:40:12,,12.194,-4.130,サーバー(直接取得)
cam04,2026-09-19T18:46:08.601Z,2026-09-20 03:40:06,,12.335,1.040,サーバー(直接取得)
cam08,2026-09-19T18:46:08.602Z,2026-09-20 03:40:20,,12.163,0.100,サーバー(直接取得)
cam09,2026-09-19T18:46:09.188Z,2026-09-20 03:40:15,,11.917,0.300,サーバー(直接取得)
cam11,2026-09-19T18:46:09.190Z,2026-09-20 03:40:07,,12.357,0.461,サーバー(直接取得)
cam12,2026-09-19T18:46:09.284Z,2026-09-20 03:40:06,,12.374,-0.054,サーバー(直接取得)
cam13,2026-09-19T18:46:09.292Z,2026-09-20 03:40:07,,12.506,0.042,サーバー(直接取得)
cam14,2026-09-19T18:46:09.402Z,2026-09-20 03:40:18,,12.207,0.037,サーバー(直接取得)
cam36,2026-09-19T18:46:09.410Z,2026-09-20 03:40:06,,12.576,0.029,サーバー(直接取得)
cam39,2026-09-19T18:46:09.425Z,2026-09-20 03:44:06,,13.403,0.046,サーバー(直接取得)
cam40,2026-09-19T18:46:09.494Z,2026-09-20 03:40:06,,12.445,0.396,サーバー(直接取得)
cam41,2026-09-19T18:46:09.516Z,2026-09-20 03:40:03,,12.524,0.140,サーバー(直接取得)
cam42,2026-09-19T18:46:09.613Z,2026-09-20 03:40:13,,12.234,0.430,サーバー(直接取得)
cam43,2026-09-19T18:46:09.620Z,2026-09-20 03:40:15,,11.816,0.510,サーバー(直接取得)
cam44,2026-09-19T18:46:09.636Z,2026-09-20 03:40:03,,12.370,0.170,サーバー(直接取得)
cam45,2026-09-19T18:46:09.703Z,2026-09-20 03:40:03,,12.462,0.350,サーバー(直接取得)
cam46,2026-09-19T18:46:09.728Z,2026-09-20 03:40:10,,12.185,0.700,サーバー(直接取得)
cam47,2026-09-19T18:46:09.824Z,2026-09-20 03:40:06,,12.282,0.399,サーバー(直接取得)
cam48,2026-09-19T18:46:09.828Z,2026-09-20 03:40:03,,13.737,-15.380,サーバー(直接取得)
cam50,2026-09-19T18:46:09.842Z,2026-09-20 03:45:00,,13.500,0.190,サーバー(直接取得)
cam51,2026-09-19T18:46:09.911Z,2026-09-20 03:44:14,,13.618,0.090,サーバー(直接取得)
cam52,2026-09-19T18:46:09.940Z,2026-09-20 03:40:17,,12.146,0.240,サーバー(直接取得)
cam53,2026-09-19T18:46:10.035Z,2026-09-20 03:40:04,,12.739,0.130,サーバー(直接取得)
cam54,2026-09-19T18:46:10.044Z,2026-09-20 03:40:20,,12.181,0.060,サーバー(直接取得)
cam55,2026-09-19T18:46:10.050Z,2026-09-20 03:40:21,,12.203,0.650,サーバー(直接取得)
cam02,2026-09-19T21:06:41.159Z,2026-09-20 06:00:07,,12.374,0.470,サーバー(直接取得)
cam03,2026-09-19T21:06:41.160Z,2026-09-20 06:00:15,,12.181,-4.080,サーバー(直接取得)
cam04,2026-09-19T21:06:41.161Z,2026-09-20 06:00:07,,12.387,1.020,サーバー(直接取得)
cam08,2026-09-19T21:06:41.161Z,2026-09-20 05:50:22,,12.247,0.100,サーバー(直接取得)
cam09,2026-09-19T21:06:41.928Z,2026-09-20 06:00:23,,11.979,0.290,サーバー(直接取得)
cam11,2026-09-19T21:06:41.929Z,2026-09-20 06:00:06,,12.445,0.484,サーバー(直接取得)
cam12,2026-09-19T21:06:41.937Z,2026-09-20 06:00:07,,12.383,-0.059,サーバー(直接取得)
cam13,2026-09-19T21:06:41.947Z,2026-09-20 06:00:07,,12.506,0.047,サーバー(直接取得)
cam14,2026-09-19T21:06:42.133Z,2026-09-20 06:00:20,,12.282,0.037,サーバー(直接取得)
cam36,2026-09-19T21:06:42.193Z,2026-09-20 06:00:07,,12.638,0.032,サーバー(直接取得)
cam39,2026-09-19T21:06:42.203Z,2026-09-20 06:06:06,,13.377,0.056,サーバー(直接取得)
cam40,2026-09-19T21:06:42.217Z,2026-09-20 06:00:07,,12.515,0.401,サーバー(直接取得)
cam41,2026-09-19T21:06:42.221Z,2026-09-20 06:00:04,,12.511,0.138,サーバー(直接取得)
cam42,2026-09-19T21:06:42.390Z,2026-09-20 06:00:14,,12.225,0.430,サーバー(直接取得)
cam43,2026-09-19T21:06:42.449Z,2026-09-20 06:00:20,,11.869,0.500,サーバー(直接取得)
cam44,2026-09-19T21:06:42.464Z,2026-09-20 06:00:03,,12.374,0.170,サーバー(直接取得)
cam45,2026-09-19T21:06:42.473Z,2026-09-20 06:00:03,,12.453,0.350,サーバー(直接取得)
cam46,2026-09-19T21:06:42.480Z,2026-09-20 06:00:21,,12.247,0.630,サーバー(直接取得)
cam47,2026-09-19T21:06:42.646Z,2026-09-20 06:00:07,,12.357,0.429,サーバー(直接取得)
cam48,2026-09-19T21:06:42.715Z,2026-09-20 06:00:04,,13.746,-15.350,サーバー(直接取得)
cam50,2026-09-19T21:06:42.716Z,2026-09-20 06:06:00,,13.500,0.180,サーバー(直接取得)
cam51,2026-09-19T21:06:42.731Z,2026-09-20 06:06:23,,13.596,0.080,サーバー(直接取得)
cam52,2026-09-19T21:06:42.737Z,2026-09-20 06:00:26,,12.260,0.230,サーバー(直接取得)
cam53,2026-09-19T21:06:42.894Z,2026-09-20 06:00:04,,12.739,0.130,サーバー(直接取得)
cam54,2026-09-19T21:06:42.975Z,2026-09-20 06:00:21,,12.150,2.850,サーバー(直接取得)
cam55,2026-09-19T21:06:42.989Z,2026-09-20 06:00:22,,12.154,0.650,サーバー(直接取得)
cam02,2026-09-19T23:00:44.786Z,2026-09-20 08:00:07,,12.445,0.460,サーバー(直接取得)
cam03,2026-09-19T23:00:44.787Z,2026-09-20 08:00:15,,12.212,-4.040,サーバー(直接取得)
cam04,2026-09-19T23:00:44.788Z,2026-09-20 08:00:07,,12.480,1.040,サーバー(直接取得)
cam08,2026-09-19T23:00:44.789Z,2026-09-20 07:40:21,,12.295,0.100,サーバー(直接取得)
cam09,2026-09-19T23:00:45.759Z,2026-09-20 08:00:23,,12.031,0.310,サーバー(直接取得)
cam11,2026-09-19T23:00:45.762Z,2026-09-20 08:00:07,,12.511,0.466,サーバー(直接取得)
cam12,2026-09-19T23:00:45.860Z,2026-09-20 08:00:07,,12.440,-0.605,サーバー(直接取得)
cam13,2026-09-19T23:00:45.875Z,2026-09-20 08:00:07,,12.598,0.043,サーバー(直接取得)
cam14,2026-09-19T23:00:45.970Z,2026-09-20 08:00:19,,12.313,0.037,サーバー(直接取得)
cam36,2026-09-19T23:00:45.984Z,2026-09-20 08:00:07,,12.708,0.029,サーバー(直接取得)
cam39,2026-09-19T23:00:45.997Z,2026-09-20 08:00:06,,13.377,0.054,サーバー(直接取得)
cam40,2026-09-19T23:00:46.072Z,2026-09-20 08:00:07,,12.585,0.400,サーバー(直接取得)
cam41,2026-09-19T23:00:46.085Z,2026-09-20 08:00:03,,12.594,0.135,サーバー(直接取得)
cam42,2026-09-19T23:00:46.184Z,2026-09-20 07:50:16,,12.251,0.440,サーバー(直接取得)
cam43,2026-09-19T23:00:46.197Z,2026-09-20 07:50:16,,11.899,0.500,サーバー(直接取得)
cam44,2026-09-19T23:00:46.213Z,2026-09-20 08:00:03,,12.392,0.170,サーバー(直接取得)
cam45,2026-09-19T23:00:46.286Z,2026-09-20 08:00:03,,12.497,0.350,サーバー(直接取得)
cam46,2026-09-19T23:00:46.292Z,2026-09-20 07:50:16,,12.278,0.780,サーバー(直接取得)
cam47,2026-09-19T23:00:46.395Z,2026-09-20 08:00:06,,12.414,0.376,サーバー(直接取得)
cam48,2026-09-19T23:00:46.413Z,2026-09-20 08:00:03,,13.737,-15.420,サーバー(直接取得)
cam50,2026-09-19T23:00:46.428Z,2026-09-20 08:00:00,,13.500,0.190,サーバー(直接取得)
cam51,2026-09-19T23:00:46.503Z,2026-09-20 07:56:19,,13.601,0.080,サーバー(直接取得)
cam52,2026-09-19T23:00:46.510Z,2026-09-20 08:00:25,,12.300,0.240,サーバー(直接取得)
cam53,2026-09-19T23:00:46.616Z,2026-09-20 08:00:25,,12.563,0.100,サーバー(直接取得)
cam54,2026-09-19T23:00:46.624Z,2026-09-20 08:00:21,,12.220,2.850,サーバー(直接取得)
cam55,2026-09-19T23:00:46.648Z,2026-09-20 07:50:21,,12.190,0.640,サーバー(直接取得)
cam02,2026-09-20T01:04:28.903Z,2026-09-20 10:00:07,,12.603,0.470,サーバー(直接取得)
cam03,2026-09-20T01:04:28.904Z,2026-09-20 10:00:14,,12.242,-4.580,サーバー(直接取得)
cam04,2026-09-20T01:04:28.904Z,2026-09-20 10:00:07,,12.735,1.050,サーバー(直接取得)
cam08,2026-09-20T01:04:28.905Z,2026-09-20 09:30:21,,12.489,0.100,サーバー(直接取得)
cam09,2026-09-20T01:04:29.636Z,2026-09-20 10:00:23,,12.119,0.300,サーバー(直接取得)
cam11,2026-09-20T01:04:29.637Z,2026-09-20 10:00:07,,12.647,0.464,サーバー(直接取得)
cam12,2026-09-20T01:04:29.900Z,2026-09-20 10:00:07,,12.546,-0.064,サーバー(直接取得)
cam13,2026-09-20T01:04:29.903Z,2026-09-20 10:00:07,,12.818,0.067,サーバー(直接取得)
cam14,2026-09-20T01:04:30.142Z,2026-09-20 10:00:21,,12.370,0.047,サーバー(直接取得)
cam36,2026-09-20T01:04:30.145Z,2026-09-20 10:00:07,,12.893,0.032,サーバー(直接取得)
cam39,2026-09-20T01:04:30.384Z,2026-09-20 10:04:06,,13.381,0.057,サーバー(直接取得)
cam40,2026-09-20T01:04:30.395Z,2026-09-20 10:00:07,,12.744,0.288,サーバー(直接取得)
cam41,2026-09-20T01:04:30.628Z,2026-09-20 10:00:03,,12.783,0.143,サーバー(直接取得)
cam42,2026-09-20T01:04:30.634Z,2026-09-20 10:00:19,,12.343,0.440,サーバー(直接取得)
cam43,2026-09-20T01:04:30.867Z,2026-09-20 10:00:16,,11.930,0.510,サーバー(直接取得)
cam44,2026-09-20T01:04:30.876Z,2026-09-20 10:00:03,,12.414,0.180,サーバー(直接取得)
cam45,2026-09-20T01:04:31.105Z,2026-09-20 10:00:03,,12.581,0.360,サーバー(直接取得)
cam46,2026-09-20T01:04:31.115Z,2026-09-20 10:00:19,,12.313,0.810,サーバー(直接取得)
cam47,2026-09-20T01:04:31.356Z,2026-09-20 10:00:07,,12.528,0.423,サーバー(直接取得)
cam48,2026-09-20T01:04:31.361Z,2026-09-20 10:00:03,,13.750,-15.530,サーバー(直接取得)
cam50,2026-09-20T01:04:31.605Z,2026-09-20 10:03:00,,13.504,0.190,サーバー(直接取得)
cam51,2026-09-20T01:04:31.629Z,2026-09-20 10:02:19,,13.601,0.140,サーバー(直接取得)
cam52,2026-09-20T01:04:31.851Z,2026-09-20 10:00:26,,12.524,0.240,サーバー(直接取得)
cam53,2026-09-20T01:04:31.878Z,2026-09-20 10:00:27,,12.686,0.150,サーバー(直接取得)
cam54,2026-09-20T01:04:32.096Z,2026-09-20 10:00:20,,12.339,2.850,サーバー(直接取得)
cam55,2026-09-20T01:04:32.130Z,2026-09-20 10:00:22,,12.286,0.670,サーバー(直接取得)
kw01,2026-09-20T01:04:32.337Z,2026/09/20 09:50,,,0.530,サーバー(国交省 川の防災情報)
kw02,2026-09-20T01:04:32.370Z,2026/09/20 09:50,,,0.250,サーバー(国交省 川の防災情報)
kw03,2026-09-20T01:04:32.828Z,2026/09/20 09:50,,,1.090,サーバー(国交省 川の防災情報)
kw04,2026-09-20T01:04:32.832Z,2026/09/20 09:50,,,0.760,サーバー(国交省 川の防災情報)
kw05,2026-09-20T01:04:32.842Z,2026/09/20 09:00,,,-1.240,サーバー(国交省 川の防災情報)
kw06,2026-09-20T01:04:33.035Z,2026/09/20 09:00,,,-2.490,サーバー(国交省 川の防災情報)
kw07,2026-09-20T01:04:33.239Z,2026/09/20 09:00,,,-4.210,サーバー(国交省 川の防災情報)
kw08,2026-09-20T01:04:33.290Z,2026/09/20 09:50,,,0.590,サーバー(国交省 川の防災情報)
kw09,2026-09-20T01:04:33.367Z,2026/09/20 10:00,,,-4.040,サーバー(国交省 川の防災情報)
kw10,2026-09-20T01:04:33.445Z,2026/09/20 09:50,,,0.250,サーバー(国交省 川の防災情報)
kw11,2026-09-20T01:04:33.499Z,2026/09/20 09:50,,,-0.110,サーバー(国交省 川の防災情報)
cam02,2026-09-20T06:11:00.558Z,2026-09-20 15:10:07,,12.409,0.490,サーバー(直接取得)
cam03,2026-09-20T06:11:00.559Z,2026-09-20 15:10:15,,12.150,-4.130,サーバー(直接取得)
cam04,2026-09-20T06:11:00.560Z,2026-09-20 15:10:07,,12.541,1.100,サーバー(直接取得)
cam08,2026-09-20T06:11:00.560Z,2026-09-20 15:00:21,,12.427,0.110,サーバー(直接取得)
cam09,2026-09-20T06:11:01.140Z,2026-09-20 15:10:18,,12.009,0.310,サーバー(直接取得)
cam11,2026-09-20T06:11:01.146Z,2026-09-20 15:10:06,,12.585,0.478,サーバー(直接取得)
cam12,2026-09-20T06:11:01.258Z,2026-09-20 15:10:07,,12.396,-0.068,サーバー(直接取得)
cam13,2026-09-20T06:11:01.266Z,2026-09-20 15:10:07,,12.656,0.061,サーバー(直接取得)
cam14,2026-09-20T06:11:01.349Z,2026-09-20 15:10:19,,12.278,0.047,サーバー(直接取得)
cam36,2026-09-20T06:11:01.354Z,2026-09-20 15:10:07,,12.713,0.032,サーバー(直接取得)
cam39,2026-09-20T06:11:01.389Z,2026-09-20 15:10:06,,13.381,0.057,サーバー(直接取得)
cam40,2026-09-20T06:11:01.466Z,2026-09-20 15:10:07,,12.678,0.262,サーバー(直接取得)
cam41,2026-09-20T06:11:01.467Z,2026-09-20 15:10:03,,12.704,0.143,サーバー(直接取得)
cam42,2026-09-20T06:11:01.545Z,2026-09-20 15:00:20,,12.273,0.440,サーバー(直接取得)
cam43,2026-09-20T06:11:01.565Z,2026-09-20 15:00:18,,11.873,0.510,サーバー(直接取得)
cam44,2026-09-20T06:11:01.595Z,2026-09-20 15:10:04,,12.335,0.170,サーバー(直接取得)
cam45,2026-09-20T06:11:01.669Z,2026-09-20 15:10:03,,12.480,0.370,サーバー(直接取得)
cam46,2026-09-20T06:11:01.683Z,2026-09-20 15:00:16,,12.251,0.700,サーバー(直接取得)
cam47,2026-09-20T06:11:01.748Z,2026-09-20 15:10:07,,12.453,0.425,サーバー(直接取得)
cam48,2026-09-20T06:11:01.768Z,2026-09-20 15:10:03,,13.741,-15.490,サーバー(直接取得)
cam50,2026-09-20T06:11:01.797Z,2026-09-20 15:10:00,,13.504,0.190,サーバー(直接取得)
cam51,2026-09-20T06:11:01.870Z,2026-09-20 15:08:26,,13.605,0.100,サーバー(直接取得)
cam52,2026-09-20T06:11:01.885Z,2026-09-20 15:10:26,,12.401,0.250,サーバー(直接取得)
cam53,2026-09-20T06:11:01.951Z,2026-09-20 15:10:25,,12.519,0.150,サーバー(直接取得)
cam54,2026-09-20T06:11:01.974Z,2026-09-20 15:10:21,,12.207,2.850,サーバー(直接取得)
cam55,2026-09-20T06:11:02.002Z,2026-09-20 15:10:21,,12.234,0.650,サーバー(直接取得)
cam02,2026-09-20T11:35:16.419Z,2026-09-20 20:30:06,,12.194,0.500,サーバー(直接取得)
cam03,2026-09-20T11:35:16.420Z,2026-09-20 20:30:13,,12.067,-4.370,サーバー(直接取得)
cam04,2026-09-20T11:35:16.421Z,2026-09-20 20:30:07,,12.242,1.050,サーバー(直接取得)
cam08,2026-09-20T11:35:16.422Z,2026-09-20 20:30:21,,12.198,0.190,サーバー(直接取得)
cam09,2026-09-20T11:35:17.213Z,2026-09-20 20:30:15,,11.746,0.290,サーバー(直接取得)
cam11,2026-09-20T11:35:17.215Z,2026-09-20 20:30:07,,12.269,0.666,サーバー(直接取得)
cam12,2026-09-20T11:35:17.402Z,2026-09-20 20:30:06,,12.278,-0.062,サーバー(直接取得)
cam13,2026-09-20T11:35:17.417Z,2026-09-20 20:30:06,,12.431,0.086,サーバー(直接取得)
cam14,2026-09-20T11:35:17.489Z,2026-09-20 20:30:13,,12.084,0.067,サーバー(直接取得)
cam36,2026-09-20T11:35:17.492Z,2026-09-20 20:30:06,,12.475,0.052,サーバー(直接取得)
cam39,2026-09-20T11:35:17.636Z,2026-09-20 20:34:06,,13.407,0.069,サーバー(直接取得)
cam40,2026-09-20T11:35:17.659Z,2026-09-20 20:30:06,,12.374,0.531,サーバー(直接取得)
cam41,2026-09-20T11:35:17.672Z,2026-09-20 20:30:03,,12.467,0.166,サーバー(直接取得)
cam42,2026-09-20T11:35:17.756Z,2026-09-20 20:30:13,,12.110,0.480,サーバー(直接取得)
cam43,2026-09-20T11:35:17.763Z,2026-09-20 20:30:12,,11.653,0.510,サーバー(直接取得)
cam44,2026-09-20T11:35:17.902Z,2026-09-20 20:30:03,,12.286,0.180,サーバー(直接取得)
cam45,2026-09-20T11:35:17.929Z,2026-09-20 20:30:03,,12.357,0.370,サーバー(直接取得)
cam46,2026-09-20T11:35:17.942Z,2026-09-20 20:30:11,,12.040,1.400,サーバー(直接取得)
cam47,2026-09-20T11:35:18.024Z,2026-09-20 20:30:06,,12.181,0.458,サーバー(直接取得)
cam48,2026-09-20T11:35:18.048Z,2026-09-20 20:30:03,,13.741,-15.540,サーバー(直接取得)
cam50,2026-09-20T11:35:18.170Z,2026-09-20 20:32:00,,13.504,0.280,サーバー(直接取得)
cam51,2026-09-20T11:35:18.193Z,2026-09-20 20:34:15,,13.618,0.240,サーバー(直接取得)
cam52,2026-09-20T11:35:18.212Z,2026-09-20 20:30:14,,12.067,0.280,サーバー(直接取得)
cam53,2026-09-20T11:35:18.289Z,2026-09-20 20:30:13,,12.383,0.230,サーバー(直接取得)
cam54,2026-09-20T11:35:18.305Z,2026-09-20 20:30:20,,12.053,2.850,サーバー(直接取得)
cam55,2026-09-20T11:35:18.436Z,2026-09-20 20:30:21,,12.084,0.660,サーバー(直接取得)
cam02,2026-09-20T13:04:21.043Z,2026-09-20 22:00:07,,12.181,0.540,サーバー(直接取得)
cam03,2026-09-20T13:04:21.044Z,2026-09-20 22:00:12,,12.062,-4.580,サーバー(直接取得)
cam04,2026-09-20T13:04:21.045Z,2026-09-20 22:00:07,,12.216,1.050,サーバー(直接取得)
cam08,2026-09-20T13:04:21.046Z,2026-09-20 22:00:21,,12.084,0.180,サーバー(直接取得)
cam09,2026-09-20T13:04:21.881Z,2026-09-20 22:00:18,,11.715,0.320,サーバー(直接取得)
cam11,2026-09-20T13:04:21.885Z,2026-09-20 22:00:06,,12.251,0.673,サーバー(直接取得)
cam12,2026-09-20T13:04:22.045Z,2026-09-20 22:00:07,,12.264,-0.048,サーバー(直接取得)
cam13,2026-09-20T13:04:22.047Z,2026-09-20 22:00:06,,12.405,0.119,サーバー(直接取得)
cam14,2026-09-20T13:04:22.144Z,2026-09-20 22:00:12,,12.080,0.097,サーバー(直接取得)
cam36,2026-09-20T13:04:22.170Z,2026-09-20 22:00:07,,12.458,0.039,サーバー(直接取得)
cam39,2026-09-20T13:04:22.215Z,2026-09-20 22:02:05,,13.407,0.065,サーバー(直接取得)
cam40,2026-09-20T13:04:22.321Z,2026-09-20 22:00:06,,12.365,0.619,サーバー(直接取得)
cam41,2026-09-20T13:04:22.327Z,2026-09-20 22:00:03,,12.458,0.174,サーバー(直接取得)
cam42,2026-09-20T13:04:22.409Z,2026-09-20 22:00:12,,12.089,0.500,サーバー(直接取得)
cam43,2026-09-20T13:04:22.439Z,2026-09-20 22:00:15,,11.636,0.520,サーバー(直接取得)
cam44,2026-09-20T13:04:22.482Z,2026-09-20 22:00:03,,12.269,0.180,サーバー(直接取得)
cam45,2026-09-20T13:04:22.587Z,2026-09-20 22:00:03,,12.326,0.380,サーバー(直接取得)
cam46,2026-09-20T13:04:22.616Z,2026-09-20 22:00:10,,12.018,0.670,サーバー(直接取得)
cam47,2026-09-20T13:04:22.692Z,2026-09-20 22:00:06,,12.172,0.469,サーバー(直接取得)
cam48,2026-09-20T13:04:22.703Z,2026-09-20 22:00:03,,13.746,-15.580,サーバー(直接取得)
cam50,2026-09-20T13:04:22.753Z,2026-09-20 22:03:00,,13.504,0.300,サーバー(直接取得)
cam51,2026-09-20T13:04:22.860Z,2026-09-20 22:02:16,,13.618,0.270,サーバー(直接取得)
cam52,2026-09-20T13:04:22.888Z,2026-09-20 22:00:12,,12.067,0.320,サーバー(直接取得)
cam53,2026-09-20T13:04:22.959Z,2026-09-20 22:00:08,,12.392,0.300,サーバー(直接取得)
cam54,2026-09-20T13:04:22.966Z,2026-09-20 22:00:20,,12.062,2.850,サーバー(直接取得)
cam55,2026-09-20T13:04:23.015Z,2026-09-20 22:00:20,,12.084,0.660,サーバー(直接取得)
kw01,2026-09-20T13:04:23.123Z,2026/09/20 21:50,,,0.990,サーバー(国交省 川の防災情報)
kw02,2026-09-20T13:04:23.158Z,2026/09/20 21:50,,,1.020,サーバー(国交省 川の防災情報)
kw03,2026-09-20T13:04:23.228Z,2026/09/20 21:50,,,1.400,サーバー(国交省 川の防災情報)
kw04,2026-09-20T13:04:23.235Z,2026/09/20 21:50,,,1.070,サーバー(国交省 川の防災情報)
kw05,2026-09-20T13:04:23.274Z,2026/09/20 09:00,,,-1.240,サーバー(国交省 川の防災情報)
kw06,2026-09-20T13:04:23.563Z,2026/09/20 09:00,,,-2.490,サーバー(国交省 川の防災情報)
kw07,2026-09-20T13:04:23.568Z,2026/09/20 09:00,,,-4.210,サーバー(国交省 川の防災情報)
kw08,2026-09-20T13:04:23.654Z,2026/09/20 21:50,,,1.520,サーバー(国交省 川の防災情報)
kw09,2026-09-20T13:04:23.744Z,2026/09/20 10:00,,,-4.040,サーバー(国交省 川の防災情報)
kw10,2026-09-20T13:04:23.779Z,2026/09/20 21:50,,,0.730,サーバー(国交省 川の防災情報)
kw11,2026-09-20T13:04:23.878Z,2026/09/20 21:50,,,0.490,サーバー(国交省 川の防災情報)
cam02,2026-09-20T13:14:58.692Z,2026-09-20 22:10:07,,12.176,0.540,サーバー(直接取得)
cam03,2026-09-20T13:14:58.693Z,2026-09-20 22:10:11,,12.049,-4.510,サーバー(直接取得)
cam04,2026-09-20T13:14:58.694Z,2026-09-20 22:10:06,,12.216,1.060,サーバー(直接取得)
cam08,2026-09-20T13:14:58.695Z,2026-09-20 22:10:21,,12.097,0.150,サーバー(直接取得)
cam09,2026-09-20T13:14:59.480Z,2026-09-20 22:10:18,,11.710,-0.900,サーバー(直接取得)
cam11,2026-09-20T13:14:59.482Z,2026-09-20 22:10:06,,12.251,0.625,サーバー(直接取得)
cam12,2026-09-20T13:14:59.635Z,2026-09-20 22:10:07,,12.269,-0.055,サーバー(直接取得)
cam13,2026-09-20T13:14:59.655Z,2026-09-20 22:10:06,,12.405,0.118,サーバー(直接取得)
cam14,2026-09-20T13:14:59.751Z,2026-09-20 22:10:12,,12.075,0.087,サーバー(直接取得)
cam36,2026-09-20T13:14:59.778Z,2026-09-20 22:10:07,,12.449,0.055,サーバー(直接取得)
cam39,2026-09-20T13:14:59.794Z,2026-09-20 22:14:05,,13.403,0.070,サーバー(直接取得)
cam40,2026-09-20T13:14:59.908Z,2026-09-20 22:10:06,,12.365,0.577,サーバー(直接取得)
cam41,2026-09-20T13:14:59.926Z,2026-09-20 22:10:03,,12.458,0.164,サーバー(直接取得)
cam42,2026-09-20T13:15:00.023Z,2026-09-20 22:10:13,,12.093,0.490,サーバー(直接取得)
cam43,2026-09-20T13:15:00.056Z,2026-09-20 22:10:12,,11.627,0.520,サーバー(直接取得)
cam44,2026-09-20T13:15:00.064Z,2026-09-20 22:10:03,,12.264,0.180,サーバー(直接取得)
cam45,2026-09-20T13:15:00.173Z,2026-09-20 22:10:03,,12.335,0.380,サーバー(直接取得)
cam46,2026-09-20T13:15:00.190Z,2026-09-20 22:10:12,,11.996,1.400,サーバー(直接取得)
cam47,2026-09-20T13:15:00.295Z,2026-09-20 22:10:06,,12.168,0.466,サーバー(直接取得)
cam48,2026-09-20T13:15:00.321Z,2026-09-20 22:10:03,,13.737,-15.580,サーバー(直接取得)
cam50,2026-09-20T13:15:00.324Z,2026-09-20 22:14:00,,13.504,0.280,サーバー(直接取得)
cam51,2026-09-20T13:15:00.446Z,2026-09-20 22:12:13,,13.618,0.230,サーバー(直接取得)
cam52,2026-09-20T13:15:00.455Z,2026-09-20 22:10:12,,12.058,0.310,サーバー(直接取得)
cam53,2026-09-20T13:15:00.564Z,2026-09-20 22:10:11,,12.379,0.280,サーバー(直接取得)
cam54,2026-09-20T13:15:00.587Z,2026-09-20 22:10:20,,12.062,2.850,サーバー(直接取得)
cam55,2026-09-20T13:15:00.593Z,2026-09-20 22:10:21,,12.062,0.660,サーバー(直接取得)
kw01,2026-09-20T13:15:00.718Z,2026/09/20 22:00,,,0.940,サーバー(国交省 川の防災情報)
kw02,2026-09-20T13:15:00.723Z,2026/09/20 22:00,,,0.970,サーバー(国交省 川の防災情報)
kw03,2026-09-20T13:15:00.830Z,2026/09/20 22:00,,,1.350,サーバー(国交省 川の防災情報)
kw04,2026-09-20T13:15:00.843Z,2026/09/20 22:00,,,1.050,サーバー(国交省 川の防災情報)
kw05,2026-09-20T13:15:00.878Z,2026/09/20 09:00,,,-1.240,サーバー(国交省 川の防災情報)
kw06,2026-09-20T13:15:01.436Z,2026/09/20 09:00,,,-2.490,サーバー(国交省 川の防災情報)
kw07,2026-09-20T13:15:01.467Z,2026/09/20 09:00,,,-4.210,サーバー(国交省 川の防災情報)
kw08,2026-09-20T13:15:01.514Z,2026/09/20 22:00,,,1.520,サーバー(国交省 川の防災情報)
kw09,2026-09-20T13:15:01.800Z,2026/09/20 10:00,,,-4.040,サーバー(国交省 川の防災情報)
kw10,2026-09-20T13:15:01.922Z,2026/09/20 22:00,,,0.720,サーバー(国交省 川の防災情報)
kw11,2026-09-20T13:15:01.942Z,2026/09/20 22:00,,,0.540,サーバー(国交省 川の防災情報)
cam02,2026-09-20T13:20:00.638Z,2026-09-20 22:10:07,,12.176,0.540,サーバー(直接取得)
cam03,2026-09-20T13:20:00.639Z,2026-09-20 22:10:11,,12.049,-4.510,サーバー(直接取得)
cam04,2026-09-20T13:20:00.640Z,2026-09-20 22:10:06,,12.216,1.060,サーバー(直接取得)
cam08,2026-09-20T13:20:00.641Z,2026-09-20 22:10:21,,12.097,0.150,サーバー(直接取得)
cam09,2026-09-20T13:20:01.483Z,2026-09-20 22:10:18,,11.710,-0.900,サーバー(直接取得)
cam11,2026-09-20T13:20:01.486Z,2026-09-20 22:10:06,,12.251,0.625,サーバー(直接取得)
cam12,2026-09-20T13:20:01.701Z,2026-09-20 22:10:07,,12.269,-0.055,サーバー(直接取得)
cam13,2026-09-20T13:20:01.740Z,2026-09-20 22:10:06,,12.405,0.118,サーバー(直接取得)
cam14,2026-09-20T13:20:01.757Z,2026-09-20 22:10:12,,12.075,0.087,サーバー(直接取得)
cam36,2026-09-20T13:20:01.759Z,2026-09-20 22:10:07,,12.449,0.055,サーバー(直接取得)
cam39,2026-09-20T13:20:01.867Z,2026-09-20 22:18:06,,13.407,0.071,サーバー(直接取得)
cam40,2026-09-20T13:20:01.974Z,2026-09-20 22:10:06,,12.365,0.577,サーバー(直接取得)
cam41,2026-09-20T13:20:02.034Z,2026-09-20 22:10:03,,12.458,0.164,サーバー(直接取得)
cam42,2026-09-20T13:20:02.036Z,2026-09-20 22:10:13,,12.093,0.490,サーバー(直接取得)
cam43,2026-09-20T13:20:02.063Z,2026-09-20 22:10:12,,11.627,0.520,サーバー(直接取得)
cam44,2026-09-20T13:20:02.175Z,2026-09-20 22:10:03,,12.264,0.180,サーバー(直接取得)
cam45,2026-09-20T13:20:02.394Z,2026-09-20 22:10:03,,12.335,0.380,サーバー(直接取得)
cam46,2026-09-20T13:20:02.463Z,2026-09-20 22:10:12,,11.996,1.400,サーバー(直接取得)
cam47,2026-09-20T13:20:02.506Z,2026-09-20 22:10:06,,12.168,0.466,サーバー(直接取得)
cam48,2026-09-20T13:20:02.545Z,2026-09-20 22:10:03,,13.737,-15.580,サーバー(直接取得)
cam50,2026-09-20T13:20:02.783Z,2026-09-20 22:19:00,,13.504,0.280,サーバー(直接取得)
cam51,2026-09-20T13:20:02.785Z,2026-09-20 22:16:21,,13.618,0.230,サーバー(直接取得)
cam52,2026-09-20T13:20:02.814Z,2026-09-20 22:10:12,,12.058,0.310,サーバー(直接取得)
cam53,2026-09-20T13:20:02.820Z,2026-09-20 22:10:11,,12.379,0.280,サーバー(直接取得)
cam54,2026-09-20T13:20:02.825Z,2026-09-20 22:10:20,,12.062,2.850,サーバー(直接取得)
cam55,2026-09-20T13:20:03.138Z,2026-09-20 22:10:21,,12.062,0.660,サーバー(直接取得)
kw01,2026-09-20T13:20:03.143Z,2026/09/20 22:10,,,0.910,サーバー(国交省 川の防災情報)
kw02,2026-09-20T13:20:03.151Z,2026/09/20 22:10,,,0.890,サーバー(国交省 川の防災情報)
kw03,2026-09-20T13:20:03.165Z,2026/09/20 22:10,,,1.320,サーバー(国交省 川の防災情報)
kw04,2026-09-20T13:20:03.176Z,2026/09/20 22:10,,,1.030,サーバー(国交省 川の防災情報)
kw05,2026-09-20T13:20:03.399Z,2026/09/20 09:00,,,-1.240,サーバー(国交省 川の防災情報)
kw06,2026-09-20T13:20:03.864Z,2026/09/20 09:00,,,-2.490,サーバー(国交省 川の防災情報)
kw07,2026-09-20T13:20:04.133Z,2026/09/20 09:00,,,-4.210,サーバー(国交省 川の防災情報)
kw08,2026-09-20T13:20:04.280Z,2026/09/20 22:10,,,1.480,サーバー(国交省 川の防災情報)
kw09,2026-09-20T13:20:04.310Z,2026/09/20 10:00,,,-4.040,サーバー(国交省 川の防災情報)
kw10,2026-09-20T13:20:04.320Z,2026/09/20 22:10,,,0.700,サーバー(国交省 川の防災情報)
kw11,2026-09-20T13:20:04.327Z,2026/09/20 22:10,,,0.560,サーバー(国交省 川の防災情報)
kw01,2026-09-20T13:27:38.510Z,2026/09/20 22:20,,,0.890,サーバー(国交省 川の防災情報)
kw02,2026-09-20T13:27:38.511Z,2026/09/20 22:20,,,0.830,サーバー(国交省 川の防災情報)
kw03,2026-09-20T13:27:38.512Z,2026/09/20 22:20,,,1.290,サーバー(国交省 川の防災情報)
kw04,2026-09-20T13:27:39.059Z,2026/09/20 22:20,,,1.020,サーバー(国交省 川の防災情報)
kw05,2026-09-20T13:27:39.060Z,2026/09/20 09:00,,,-1.240,サーバー(国交省 川の防災情報)
kw06,2026-09-20T13:27:39.081Z,2026/09/20 09:00,,,-2.490,サーバー(国交省 川の防災情報)
kw07,2026-09-20T13:27:39.284Z,2026/09/20 09:00,,,-4.210,サーバー(国交省 川の防災情報)
kw08,2026-09-20T13:27:39.296Z,2026/09/20 22:10,,,1.480,サーバー(国交省 川の防災情報)
kw09,2026-09-20T13:27:39.306Z,2026/09/20 10:00,,,-4.040,サーバー(国交省 川の防災情報)
kw10,2026-09-20T13:27:39.505Z,2026/09/20 22:20,,,0.690,サーバー(国交省 川の防災情報)
kw11,2026-09-20T13:27:39.541Z,2026/09/20 22:10,,,0.560,サーバー(国交省 川の防災情報)
kw01,2026-09-20T13:30:52.620Z,2026/09/20 22:20,,,0.890,サーバー(国交省 川の防災情報)
kw02,2026-09-20T13:30:52.621Z,2026/09/20 22:20,,,0.830,サーバー(国交省 川の防災情報)
kw03,2026-09-20T13:30:52.622Z,2026/09/20 22:20,,,1.290,サーバー(国交省 川の防災情報)
kw04,2026-09-20T13:30:53.345Z,2026/09/20 22:20,,,1.020,サーバー(国交省 川の防災情報)
kw05,2026-09-20T13:30:53.352Z,2026/09/20 09:00,,,-1.240,サーバー(国交省 川の防災情報)
kw06,2026-09-20T13:30:53.383Z,2026/09/20 09:00,,,-2.490,サーバー(国交省 川の防災情報)
kw07,2026-09-20T13:30:53.634Z,2026/09/20 09:00,,,-4.210,サーバー(国交省 川の防災情報)
kw08,2026-09-20T13:30:53.668Z,2026/09/20 22:20,,,1.430,サーバー(国交省 川の防災情報)
kw09,2026-09-20T13:30:53.675Z,2026/09/20 10:00,,,-4.040,サーバー(国交省 川の防災情報)
kw10,2026-09-20T13:30:53.940Z,2026/09/20 22:20,,,0.690,サーバー(国交省 川の防災情報)
kw11,2026-09-20T13:30:53.989Z,2026/09/20 22:20,,,0.590,サーバー(国交省 川の防災情報)
cam02,2026-09-20T14:11:49.501Z,2026-09-20 23:10:07,,12.163,0.600,サーバー(直接取得)
cam03,2026-09-20T14:11:49.502Z,2026-09-20 23:10:11,,12.045,-4.260,サーバー(直接取得)
cam04,2026-09-20T14:11:49.503Z,2026-09-20 23:10:06,,12.207,1.060,サーバー(直接取得)
cam08,2026-09-20T14:11:49.504Z,2026-09-20 23:10:21,,12.075,0.140,サーバー(直接取得)
cam09,2026-09-20T14:11:50.721Z,2026-09-20 23:10:17,,11.702,0.320,サーバー(直接取得)
cam11,2026-09-20T14:11:50.722Z,2026-09-20 23:10:06,,12.242,0.708,サーバー(直接取得)
cam12,2026-09-20T14:11:50.850Z,2026-09-20 23:10:07,,12.260,-0.042,サーバー(直接取得)
cam13,2026-09-20T14:11:50.859Z,2026-09-20 23:10:06,,12.396,0.105,サーバー(直接取得)
cam14,2026-09-20T14:11:50.873Z,2026-09-20 23:10:12,,12.062,0.087,サーバー(直接取得)
cam36,2026-09-20T14:11:50.954Z,2026-09-20 23:10:07,,12.440,0.033,サーバー(直接取得)
cam39,2026-09-20T14:11:50.956Z,2026-09-20 23:10:06,,13.403,0.060,サーバー(直接取得)
cam40,2026-09-20T14:11:51.080Z,2026-09-20 23:10:07,,12.352,0.527,サーバー(直接取得)
cam41,2026-09-20T14:11:51.082Z,2026-09-20 23:10:04,,12.453,0.176,サーバー(直接取得)
cam42,2026-09-20T14:11:51.103Z,2026-09-20 23:00:16,,12.093,0.530,サーバー(直接取得)
cam43,2026-09-20T14:11:51.186Z,2026-09-20 23:00:15,,11.605,0.520,サーバー(直接取得)
cam44,2026-09-20T14:11:51.219Z,2026-09-20 23:10:03,,12.273,0.180,サーバー(直接取得)
cam45,2026-09-20T14:11:51.309Z,2026-09-20 23:10:03,,12.313,0.370,サーバー(直接取得)
cam46,2026-09-20T14:11:51.319Z,2026-09-20 23:00:10,,12.009,0.730,サーバー(直接取得)
cam47,2026-09-20T14:11:51.348Z,2026-09-20 23:10:06,,12.159,0.471,サーバー(直接取得)
cam48,2026-09-20T14:11:51.410Z,2026-09-20 23:10:04,,13.755,-15.510,サーバー(直接取得)
cam50,2026-09-20T14:11:51.449Z,2026-09-20 23:11:00,,13.504,0.330,サーバー(直接取得)
cam51,2026-09-20T14:11:51.540Z,2026-09-20 23:10:17,,13.623,0.250,サーバー(直接取得)
cam52,2026-09-20T14:11:51.548Z,2026-09-20 23:10:12,,12.040,0.310,サーバー(直接取得)
cam53,2026-09-20T14:11:51.614Z,2026-09-20 23:10:17,,12.365,0.240,サーバー(直接取得)
cam54,2026-09-20T14:11:51.656Z,2026-09-20 23:10:21,,12.049,0.100,サーバー(直接取得)
cam55,2026-09-20T14:11:51.683Z,2026-09-20 23:10:21,,12.080,0.660,サーバー(直接取得)
kw01,2026-09-20T14:11:51.769Z,2026/09/20 23:00,,,0.960,サーバー(国交省 川の防災情報)
kw02,2026-09-20T14:11:51.774Z,2026/09/20 23:00,,,0.850,サーバー(国交省 川の防災情報)
kw03,2026-09-20T14:11:51.846Z,2026/09/20 23:00,,,1.310,サーバー(国交省 川の防災情報)
kw04,2026-09-20T14:11:51.891Z,2026/09/20 23:00,,,1.040,サーバー(国交省 川の防災情報)
kw05,2026-09-20T14:11:51.915Z,2026/09/20 09:00,,,-1.240,サーバー(国交省 川の防災情報)
kw06,2026-09-20T14:11:52.279Z,2026/09/20 09:00,,,-2.490,サーバー(国交省 川の防災情報)
kw07,2026-09-20T14:11:52.280Z,2026/09/20 09:00,,,-4.210,サーバー(国交省 川の防災情報)
kw08,2026-09-20T14:11:52.280Z,2026/09/20 23:00,,,1.310,サーバー(国交省 川の防災情報)
kw09,2026-09-20T14:11:52.282Z,2026/09/20 10:00,,,-4.040,サーバー(国交省 川の防災情報)
kw10,2026-09-20T14:11:52.316Z,2026/09/20 23:00,,,0.640,サーバー(国交省 川の防災情報)
kw11,2026-09-20T14:11:52.477Z,2026/09/20 23:00,,,0.740,サーバー(国交省 川の防災情報)
kw01,2026-09-20T14:20:00.743Z,2026/09/20 23:10,,,0.940,サーバー(国交省 川の防災情報)
kw02,2026-09-20T14:20:00.798Z,2026/09/20 23:10,,,0.840,サーバー(国交省 川の防災情報)
kw03,2026-09-20T14:20:00.799Z,2026/09/20 23:10,,,1.300,サーバー(国交省 川の防災情報)
kw04,2026-09-20T14:20:00.800Z,2026/09/20 23:10,,,1.010,サーバー(国交省 川の防災情報)
kw05,2026-09-20T14:20:00.801Z,2026/09/20 09:00,,,-1.240,サーバー(国交省 川の防災情報)
kw06,2026-09-20T14:20:01.403Z,2026/09/20 09:00,,,-2.490,サーバー(国交省 川の防災情報)
kw07,2026-09-20T14:20:01.491Z,2026/09/20 09:00,,,-4.210,サーバー(国交省 川の防災情報)
kw08,2026-09-20T14:20:01.492Z,2026/09/20 23:10,,,1.310,サーバー(国交省 川の防災情報)
kw09,2026-09-20T14:20:01.800Z,2026/09/20 10:00,,,-4.040,サーバー(国交省 川の防災情報)
kw10,2026-09-20T14:20:01.852Z,2026/09/20 23:10,,,0.620,サーバー(国交省 川の防災情報)
kw11,2026-09-20T14:20:01.923Z,2026/09/20 23:10,,,0.760,サーバー(国交省 川の防災情報)
kw01,2026-09-20T14:30:00.919Z,2026/09/20 23:20,,,0.890,サーバー(国交省 川の防災情報)
kw02,2026-09-20T14:30:00.974Z,2026/09/20 23:20,,,0.820,サーバー(国交省 川の防災情報)
kw03,2026-09-20T14:30:00.975Z,2026/09/20 23:20,,,1.280,サーバー(国交省 川の防災情報)
kw04,2026-09-20T14:30:00.976Z,2026/09/20 23:20,,,1.000,サーバー(国交省 川の防災情報)
kw05,2026-09-20T14:30:00.977Z,2026/09/20 09:00,,,-1.240,サーバー(国交省 川の防災情報)
kw06,2026-09-20T14:30:01.659Z,2026/09/20 09:00,,,-2.490,サーバー(国交省 川の防災情報)
kw07,2026-09-20T14:30:01.660Z,2026/09/20 09:00,,,-4.210,サーバー(国交省 川の防災情報)
kw08,2026-09-20T14:30:01.662Z,2026/09/20 23:20,,,1.300,サーバー(国交省 川の防災情報)
kw09,2026-09-20T14:30:01.714Z,2026/09/20 10:00,,,-4.040,サーバー(国交省 川の防災情報)
kw10,2026-09-20T14:30:01.767Z,2026/09/20 23:20,,,0.600,サーバー(国交省 川の防災情報)
kw11,2026-09-20T14:30:02.035Z,2026/09/20 23:20,,,0.790,サーバー(国交省 川の防災情報)
cam02,2026-09-20T14:40:01.035Z,2026-09-20 23:30:07,,12.159,0.690,サーバー(直接取得)
cam03,2026-09-20T14:40:01.036Z,2026-09-20 23:30:12,,12.049,-4.170,サーバー(直接取得)
cam04,2026-09-20T14:40:01.037Z,2026-09-20 23:30:06,,12.203,1.060,サーバー(直接取得)
cam08,2026-09-20T14:40:01.038Z,2026-09-20 23:30:21,,12.075,0.150,サーバー(直接取得)
cam09,2026-09-20T14:40:01.747Z,2026-09-20 23:30:20,,11.697,0.330,サーバー(直接取得)
cam11,2026-09-20T14:40:02.010Z,2026-09-20 23:30:06,,12.238,0.615,サーバー(直接取得)
cam12,2026-09-20T14:40:02.012Z,2026-09-20 23:30:06,,12.256,-0.046,サーバー(直接取得)
cam13,2026-09-20T14:40:02.031Z,2026-09-20 23:30:07,,12.405,0.088,サーバー(直接取得)
cam14,2026-09-20T14:40:02.045Z,2026-09-20 23:30:13,,12.058,0.077,サーバー(直接取得)
cam36,2026-09-20T14:40:02.315Z,2026-09-20 23:30:06,,12.436,0.032,サーバー(直接取得)
cam39,2026-09-20T14:40:02.337Z,2026-09-20 23:38:06,,13.403,0.059,サーバー(直接取得)
cam40,2026-09-20T14:40:02.339Z,2026-09-20 23:30:07,,12.352,0.483,サーバー(直接取得)
cam41,2026-09-20T14:40:02.352Z,2026-09-20 23:30:03,,12.453,0.160,サーバー(直接取得)
cam42,2026-09-20T14:40:02.419Z,2026-09-20 23:30:12,,12.075,0.450,サーバー(直接取得)
cam43,2026-09-20T14:40:02.572Z,2026-09-20 23:30:15,,11.609,0.520,サーバー(直接取得)
cam44,2026-09-20T14:40:02.576Z,2026-09-20 23:30:03,,12.269,0.170,サーバー(直接取得)
cam45,2026-09-20T14:40:02.587Z,2026-09-20 23:30:03,,12.308,0.370,サーバー(直接取得)
cam46,2026-09-20T14:40:02.593Z,2026-09-20 23:30:14,,12.001,0.840,サーバー(直接取得)
cam47,2026-09-20T14:40:02.701Z,2026-09-20 23:30:06,,12.154,0.465,サーバー(直接取得)
cam48,2026-09-20T14:40:02.810Z,2026-09-20 23:30:03,,13.750,-15.490,サーバー(直接取得)
cam50,2026-09-20T14:40:02.816Z,2026-09-20 23:39:00,,13.500,0.250,サーバー(直接取得)
cam51,2026-09-20T14:40:02.833Z,2026-09-20 23:36:18,,13.618,0.180,サーバー(直接取得)
cam52,2026-09-20T14:40:02.840Z,2026-09-20 23:30:16,,12.053,0.310,サーバー(直接取得)
cam53,2026-09-20T14:40:02.938Z,2026-09-20 23:30:13,,12.365,0.220,サーバー(直接取得)
cam54,2026-09-20T14:40:03.059Z,2026-09-20 23:30:20,,12.036,0.100,サーバー(直接取得)
cam55,2026-09-20T14:40:03.076Z,2026-09-20 23:30:21,,12.067,0.660,サーバー(直接取得)
kw01,2026-09-20T14:40:03.084Z,2026/09/20 23:30,,,0.840,サーバー(国交省 川の防災情報)
kw02,2026-09-20T14:40:03.092Z,2026/09/20 23:30,,,0.780,サーバー(国交省 川の防災情報)
kw03,2026-09-20T14:40:03.172Z,2026/09/20 23:30,,,1.250,サーバー(国交省 川の防災情報)
kw04,2026-09-20T14:40:03.297Z,2026/09/20 23:30,,,0.980,サーバー(国交省 川の防災情報)
kw05,2026-09-20T14:40:03.325Z,2026/09/20 09:00,,,-1.240,サーバー(国交省 川の防災情報)
kw06,2026-09-20T14:40:03.892Z,2026/09/20 09:00,,,-2.490,サーバー(国交省 川の防災情報)
kw07,2026-09-20T14:40:03.893Z,2026/09/20 09:00,,,-4.210,サーバー(国交省 川の防災情報)
kw08,2026-09-20T14:40:03.898Z,2026/09/20 23:30,,,1.280,サーバー(国交省 川の防災情報)
kw09,2026-09-20T14:40:03.925Z,2026/09/20 10:00,,,-4.040,サーバー(国交省 川の防災情報)
kw10,2026-09-20T14:40:03.930Z,2026/09/20 23:30,,,0.580,サーバー(国交省 川の防災情報)
kw11,2026-09-20T14:40:04.314Z,2026/09/20 23:30,,,0.820,サーバー(国交省 川の防災情報)
kw01,2026-09-20T14:50:00.424Z,2026/09/20 23:40,,,0.790,サーバー(国交省 川の防災情報)
kw02,2026-09-20T14:50:00.480Z,2026/09/20 23:40,,,0.730,サーバー(国交省 川の防災情報)
kw03,2026-09-20T14:50:00.481Z,2026/09/20 23:40,,,1.210,サーバー(国交省 川の防災情報)
kw04,2026-09-20T14:50:00.482Z,2026/09/20 23:40,,,0.960,サーバー(国交省 川の防災情報)
kw05,2026-09-20T14:50:00.483Z,2026/09/20 09:00,,,-1.240,サーバー(国交省 川の防災情報)
kw06,2026-09-20T14:50:01.144Z,2026/09/20 09:00,,,-2.490,サーバー(国交省 川の防災情報)
kw07,2026-09-20T14:50:01.153Z,2026/09/20 09:00,,,-4.210,サーバー(国交省 川の防災情報)
kw08,2026-09-20T14:50:01.351Z,2026/09/20 23:40,,,1.240,サーバー(国交省 川の防災情報)
kw09,2026-09-20T14:50:01.381Z,2026/09/20 10:00,,,-4.040,サーバー(国交省 川の防災情報)
kw10,2026-09-20T14:50:01.397Z,2026/09/20 23:40,,,0.570,サーバー(国交省 川の防災情報)
kw11,2026-09-20T14:50:01.542Z,2026/09/20 23:40,,,0.860,サーバー(国交省 川の防災情報)
kw01,2026-09-20T15:00:00.114Z,2026/09/20 23:50,,,0.760,サーバー(国交省 川の防災情報)
kw02,2026-09-20T15:00:00.168Z,2026/09/20 23:50,,,0.670,サーバー(国交省 川の防災情報)
kw03,2026-09-20T15:00:00.169Z,2026/09/20 23:50,,,1.180,サーバー(国交省 川の防災情報)
kw04,2026-09-20T15:00:00.171Z,2026/09/20 23:50,,,0.950,サーバー(国交省 川の防災情報)
kw05,2026-09-20T15:00:00.172Z,2026/09/20 09:00,,,-1.240,サーバー(国交省 川の防災情報)
kw06,2026-09-20T15:00:00.764Z,2026/09/20 09:00,,,-2.490,サーバー(国交省 川の防災情報)
kw07,2026-09-20T15:00:00.798Z,2026/09/20 09:00,,,-4.210,サーバー(国交省 川の防災情報)
kw08,2026-09-20T15:00:00.842Z,2026/09/20 23:50,,,1.200,サーバー(国交省 川の防災情報)
kw09,2026-09-20T15:00:00.874Z,2026/09/20 10:00,,,-4.040,サーバー(国交省 川の防災情報)
kw10,2026-09-20T15:00:01.187Z,2026/09/20 23:50,,,0.550,サーバー(国交省 川の防災情報)
kw11,2026-09-20T15:00:01.274Z,2026/09/20 23:50,,,0.890,サーバー(国交省 川の防災情報)
cam02,2026-09-20T15:10:00.296Z,2026-09-21 00:00:07,,12.154,0.800,サーバー(直接取得)
cam03,2026-09-20T15:10:00.297Z,2026-09-21 00:00:12,,12.036,-4.070,サーバー(直接取得)
cam04,2026-09-20T15:10:00.298Z,2026-09-21 00:00:06,,12.203,1.050,サーバー(直接取得)
cam08,2026-09-20T15:10:00.299Z,2026-09-21 00:00:21,,12.067,0.140,サーバー(直接取得)
cam09,2026-09-20T15:10:01.426Z,2026-09-21 00:00:16,,11.675,0.330,サーバー(直接取得)
cam11,2026-09-20T15:10:01.429Z,2026-09-21 00:00:07,,12.229,0.508,サーバー(直接取得)
cam12,2026-09-20T15:10:01.586Z,2026-09-21 00:00:06,,12.247,-0.050,サーバー(直接取得)
cam13,2026-09-20T15:10:01.594Z,2026-09-21 00:00:06,,12.396,0.086,サーバー(直接取得)
cam14,2026-09-20T15:10:01.673Z,2026-09-21 00:00:12,,12.040,0.067,サーバー(直接取得)
cam36,2026-09-20T15:10:01.726Z,2026-09-21 00:00:07,,12.436,0.029,サーバー(直接取得)
cam39,2026-09-20T15:10:01.792Z,2026-09-21 00:08:06,,13.407,0.058,サーバー(直接取得)
cam40,2026-09-20T15:10:01.871Z,2026-09-21 00:00:06,,12.348,0.387,サーバー(直接取得)
cam41,2026-09-20T15:10:01.890Z,2026-09-21 00:00:03,,12.449,0.153,サーバー(直接取得)
cam42,2026-09-20T15:10:01.948Z,2026-09-21 00:00:13,,12.067,0.440,サーバー(直接取得)
cam43,2026-09-20T15:10:01.996Z,2026-09-21 00:00:14,,11.592,0.520,サーバー(直接取得)
cam44,2026-09-20T15:10:02.176Z,2026-09-21 00:00:04,,12.264,0.170,サーバー(直接取得)
cam45,2026-09-20T15:10:02.193Z,2026-09-21 00:00:03,,12.308,0.370,サーバー(直接取得)
cam46,2026-09-20T15:10:02.315Z,2026-09-21 00:00:11,,11.996,0.820,サーバー(直接取得)
cam47,2026-09-20T15:10:02.433Z,2026-09-21 00:00:06,,12.141,0.459,サーバー(直接取得)
cam48,2026-09-20T15:10:02.478Z,2026-09-21 00:00:03,,13.741,-15.550,サーバー(直接取得)
cam50,2026-09-20T15:10:02.606Z,2026-09-21 00:09:00,,13.504,0.220,サーバー(直接取得)
cam51,2026-09-20T15:10:02.659Z,2026-09-21 00:08:15,,13.618,0.160,サーバー(直接取得)
cam52,2026-09-20T15:10:02.660Z,2026-09-21 00:00:15,,12.049,0.310,サーバー(直接取得)
cam53,2026-09-20T15:10:02.736Z,2026-09-21 00:00:14,,12.370,0.200,サーバー(直接取得)
cam54,2026-09-20T15:10:02.759Z,2026-09-21 00:00:20,,12.036,0.090,サーバー(直接取得)
cam55,2026-09-20T15:10:02.848Z,2026-09-21 00:00:21,,12.058,0.660,サーバー(直接取得)
kw01,2026-09-20T15:10:02.905Z,2026/09/21 00:00,,,0.740,サーバー(国交省 川の防災情報)
kw02,2026-09-20T15:10:02.940Z,2026/09/21 00:00,,,0.620,サーバー(国交省 川の防災情報)
kw03,2026-09-20T15:10:02.990Z,2026/09/21 00:00,,,1.160,サーバー(国交省 川の防災情報)
kw04,2026-09-20T15:10:03.002Z,2026/09/21 00:00,,,0.930,サーバー(国交省 川の防災情報)
kw05,2026-09-20T15:10:03.104Z,2026/09/20 09:00,,,-1.240,サーバー(国交省 川の防災情報)
kw06,2026-09-20T15:10:03.652Z,2026/09/20 09:00,,,-2.490,サーバー(国交省 川の防災情報)
kw07,2026-09-20T15:10:03.665Z,2026/09/20 09:00,,,-4.210,サーバー(国交省 川の防災情報)
kw08,2026-09-20T15:10:03.741Z,2026/09/21 00:00,,,1.140,サーバー(国交省 川の防災情報)
kw09,2026-09-20T15:10:04.093Z,2026/09/20 10:00,,,-4.040,サーバー(国交省 川の防災情報)
kw10,2026-09-20T15:10:04.104Z,2026/09/21 00:00,,,0.530,サーバー(国交省 川の防災情報)
kw11,2026-09-20T15:10:04.214Z,2026/09/21 00:00,,,0.920,サーバー(国交省 川の防災情報)
kw01,2026-09-20T15:20:01.055Z,2026/09/21 00:10,,,0.720,サーバー(国交省 川の防災情報)
kw02,2026-09-20T15:20:01.110Z,2026/09/21 00:10,,,0.580,サーバー(国交省 川の防災情報)
kw03,2026-09-20T15:20:01.111Z,2026/09/21 00:10,,,1.140,サーバー(国交省 川の防災情報)
kw04,2026-09-20T15:20:01.112Z,2026/09/21 00:10,,,0.920,サーバー(国交省 川の防災情報)
kw05,2026-09-20T15:20:01.114Z,2026/09/20 09:00,,,-1.240,サーバー(国交省 川の防災情報)
kw06,2026-09-20T15:20:01.871Z,2026/09/20 09:00,,,-2.490,サーバー(国交省 川の防災情報)
kw07,2026-09-20T15:20:01.893Z,2026/09/20 09:00,,,-4.210,サーバー(国交省 川の防災情報)
kw08,2026-09-20T15:20:01.894Z,2026/09/21 00:10,,,1.080,サーバー(国交省 川の防災情報)
kw09,2026-09-20T15:20:01.898Z,2026/09/20 10:00,,,-4.040,サーバー(国交省 川の防災情報)
kw10,2026-09-20T15:20:01.907Z,2026/09/21 00:10,,,0.510,サーバー(国交省 川の防災情報)
kw11,2026-09-20T15:20:02.251Z,2026/09/21 00:10,,,0.940,サーバー(国交省 川の防災情報)
kw01,2026-09-20T15:30:00.204Z,2026/09/21 00:20,,,0.700,サーバー(国交省 川の防災情報)
kw02,2026-09-20T15:30:00.259Z,2026/09/21 00:20,,,0.550,サーバー(国交省 川の防災情報)
kw03,2026-09-20T15:30:00.261Z,2026/09/21 00:20,,,1.130,サーバー(国交省 川の防災情報)
kw04,2026-09-20T15:30:00.262Z,2026/09/21 00:20,,,0.920,サーバー(国交省 川の防災情報)
kw05,2026-09-20T15:30:00.263Z,2026/09/20 09:00,,,-1.240,サーバー(国交省 川の防災情報)
kw06,2026-09-20T15:30:01.067Z,2026/09/20 09:00,,,-2.490,サーバー(国交省 川の防災情報)
kw07,2026-09-20T15:30:01.115Z,2026/09/20 09:00,,,-4.210,サーバー(国交省 川の防災情報)
kw08,2026-09-20T15:30:01.124Z,2026/09/21 00:20,,,1.030,サーバー(国交省 川の防災情報)
kw09,2026-09-20T15:30:01.175Z,2026/09/20 10:00,,,-4.040,サーバー(国交省 川の防災情報)
kw10,2026-09-20T15:30:01.486Z,2026/09/21 00:20,,,0.490,サーバー(国交省 川の防災情報)
kw11,2026-09-20T15:30:01.497Z,2026/09/21 00:20,,,0.960,サーバー(国交省 川の防災情報)
cam02,2026-09-20T15:40:00.682Z,2026-09-21 00:30:06,,12.150,0.870,サーバー(直接取得)
cam03,2026-09-20T15:40:00.683Z,2026-09-21 00:30:12,,12.036,-3.900,サーバー(直接取得)
cam04,2026-09-20T15:40:00.684Z,2026-09-21 00:20:07,,12.194,1.030,サーバー(直接取得)
cam08,2026-09-20T15:40:00.685Z,2026-09-21 00:10:21,,12.062,0.150,サーバー(直接取得)
cam09,2026-09-20T15:40:01.385Z,2026-09-21 00:30:19,,11.662,0.320,サーバー(直接取得)
cam11,2026-09-20T15:40:01.391Z,2026-09-21 00:30:07,,12.234,0.497,サーバー(直接取得)
cam12,2026-09-20T15:40:01.620Z,2026-09-21 00:30:06,,12.247,-0.046,サーバー(直接取得)
cam13,2026-09-20T15:40:01.635Z,2026-09-21 00:30:06,,12.392,0.090,サーバー(直接取得)
cam14,2026-09-20T15:40:01.869Z,2026-09-21 00:30:16,,12.049,0.067,サーバー(直接取得)
cam36,2026-09-20T15:40:01.986Z,2026-09-21 00:30:06,,12.427,0.031,サーバー(直接取得)
cam39,2026-09-20T15:40:02.035Z,2026-09-21 00:38:05,,13.403,0.061,サーバー(直接取得)
cam40,2026-09-20T15:40:02.094Z,2026-09-21 00:30:06,,12.343,0.335,サーバー(直接取得)
cam41,2026-09-20T15:40:02.130Z,2026-09-21 00:30:03,,12.449,0.157,サーバー(直接取得)
cam42,2026-09-20T15:40:02.346Z,2026-09-21 00:30:13,,12.075,0.440,サーバー(直接取得)
cam43,2026-09-20T15:40:02.385Z,2026-09-21 00:30:14,,11.596,0.520,サーバー(直接取得)
cam44,2026-09-20T15:40:02.407Z,2026-09-21 00:30:03,,12.251,0.170,サーバー(直接取得)
cam45,2026-09-20T15:40:02.409Z,2026-09-21 00:10:03,,12.304,0.370,サーバー(直接取得)
cam46,2026-09-20T15:40:02.424Z,2026-09-21 00:30:11,,11.987,0.940,サーバー(直接取得)
cam47,2026-09-20T15:40:02.580Z,2026-09-21 00:30:06,,12.150,0.457,サーバー(直接取得)
cam48,2026-09-20T15:40:02.650Z,2026-09-21 00:30:03,,13.746,-15.560,サーバー(直接取得)
cam50,2026-09-20T15:40:02.668Z,2026-09-21 00:39:00,,13.504,0.230,サーバー(直接取得)
cam51,2026-09-20T15:40:02.674Z,2026-09-21 00:34:16,,13.618,0.230,サーバー(直接取得)
cam52,2026-09-20T15:40:02.679Z,2026-09-21 00:30:11,,12.045,0.300,サーバー(直接取得)
cam53,2026-09-20T15:40:02.807Z,2026-09-21 00:30:13,,12.348,0.200,サーバー(直接取得)
cam54,2026-09-20T15:40:02.880Z,2026-09-21 00:30:21,,12.045,0.080,サーバー(直接取得)
cam55,2026-09-20T15:40:02.892Z,2026-09-21 00:30:21,,12.067,0.660,サーバー(直接取得)
kw01,2026-09-20T15:40:02.908Z,2026/09/21 00:30,,,0.700,サーバー(国交省 川の防災情報)
kw02,2026-09-20T15:40:02.920Z,2026/09/21 00:30,,,0.530,サーバー(国交省 川の防災情報)
kw03,2026-09-20T15:40:03.063Z,2026/09/21 00:30,,,1.120,サーバー(国交省 川の防災情報)
kw04,2026-09-20T15:40:03.122Z,2026/09/21 00:30,,,0.910,サーバー(国交省 川の防災情報)
kw05,2026-09-20T15:40:03.135Z,2026/09/20 09:00,,,-1.240,サーバー(国交省 川の防災情報)
kw06,2026-09-20T15:40:03.869Z,2026/09/20 09:00,,,-2.490,サーバー(国交省 川の防災情報)
kw07,2026-09-20T15:40:03.872Z,2026/09/20 09:00,,,-4.210,サーバー(国交省 川の防災情報)
kw08,2026-09-20T15:40:03.874Z,2026/09/21 00:30,,,0.990,サーバー(国交省 川の防災情報)
kw09,2026-09-20T15:40:03.875Z,2026/09/20 10:00,,,-4.040,サーバー(国交省 川の防災情報)
kw10,2026-09-20T15:40:03.942Z,2026/09/21 00:30,,,0.470,サーバー(国交省 川の防災情報)
kw11,2026-09-20T15:40:04.231Z,2026/09/21 00:30,,,0.980,サーバー(国交省 川の防災情報)
kw01,2026-09-20T15:50:01.049Z,2026/09/21 00:40,,,0.690,サーバー(国交省 川の防災情報)
kw02,2026-09-20T15:50:01.104Z,2026/09/21 00:40,,,0.510,サーバー(国交省 川の防災情報)
kw03,2026-09-20T15:50:01.105Z,2026/09/21 00:40,,,1.110,サーバー(国交省 川の防災情報)
kw04,2026-09-20T15:50:01.106Z,2026/09/21 00:40,,,0.910,サーバー(国交省 川の防災情報)
kw05,2026-09-20T15:50:01.107Z,2026/09/20 09:00,,,-1.240,サーバー(国交省 川の防災情報)
kw06,2026-09-20T15:50:01.822Z,2026/09/20 09:00,,,-2.490,サーバー(国交省 川の防災情報)
kw07,2026-09-20T15:50:01.931Z,2026/09/20 09:00,,,-4.210,サーバー(国交省 川の防災情報)
kw08,2026-09-20T15:50:02.091Z,2026/09/21 00:40,,,0.950,サーバー(国交省 川の防災情報)
kw09,2026-09-20T15:50:02.109Z,2026/09/20 10:00,,,-4.040,サーバー(国交省 川の防災情報)
kw10,2026-09-20T15:50:02.213Z,2026/09/21 00:40,,,0.450,サーバー(国交省 川の防災情報)
kw11,2026-09-20T15:50:02.252Z,2026/09/21 00:40,,,1.010,サーバー(国交省 川の防災情報)
kw01,2026-09-20T16:00:00.322Z,2026/09/21 00:50,,,0.680,サーバー(国交省 川の防災情報)
kw02,2026-09-20T16:00:00.378Z,2026/09/21 00:50,,,0.490,サーバー(国交省 川の防災情報)
kw03,2026-09-20T16:00:00.379Z,2026/09/21 00:50,,,1.110,サーバー(国交省 川の防災情報)
kw04,2026-09-20T16:00:00.380Z,2026/09/21 00:50,,,0.900,サーバー(国交省 川の防災情報)
kw05,2026-09-20T16:00:00.381Z,2026/09/20 09:00,,,-1.240,サーバー(国交省 川の防災情報)
kw06,2026-09-20T16:00:00.954Z,2026/09/20 09:00,,,-2.490,サーバー(国交省 川の防災情報)
kw07,2026-09-20T16:00:00.993Z,2026/09/20 09:00,,,-4.210,サーバー(国交省 川の防災情報)
kw08,2026-09-20T16:00:01.011Z,2026/09/21 00:50,,,0.920,サーバー(国交省 川の防災情報)
kw09,2026-09-20T16:00:01.022Z,2026/09/20 10:00,,,-4.040,サーバー(国交省 川の防災情報)
kw10,2026-09-20T16:00:01.300Z,2026/09/21 00:50,,,0.440,サーバー(国交省 川の防災情報)
kw11,2026-09-20T16:00:01.400Z,2026/09/21 00:50,,,1.030,サーバー(国交省 川の防災情報)
cam02,2026-09-20T16:10:00.139Z,2026-09-21 01:00:06,,12.141,0.930,サーバー(直接取得)
cam03,2026-09-20T16:10:00.140Z,2026-09-21 01:00:12,,12.036,-3.800,サーバー(直接取得)
cam04,2026-09-20T16:10:00.141Z,2026-09-21 01:00:06,,12.198,1.030,サーバー(直接取得)
cam08,2026-09-20T16:10:00.142Z,2026-09-21 01:00:21,,12.062,0.140,サーバー(直接取得)
cam09,2026-09-20T16:10:00.789Z,2026-09-21 01:00:15,,11.653,0.300,サーバー(直接取得)
cam11,2026-09-20T16:10:00.792Z,2026-09-21 01:00:06,,12.225,0.566,サーバー(直接取得)
cam12,2026-09-20T16:10:00.813Z,2026-09-21 01:00:07,,12.238,-0.055,サーバー(直接取得)
cam13,2026-09-20T16:10:00.819Z,2026-09-21 01:00:06,,12.383,0.077,サーバー(直接取得)
cam14,2026-09-20T16:10:00.931Z,2026-09-21 01:00:17,,12.040,0.067,サーバー(直接取得)
cam36,2026-09-20T16:10:01.024Z,2026-09-21 01:00:06,,12.427,0.028,サーバー(直接取得)
cam39,2026-09-20T16:10:01.029Z,2026-09-21 01:08:05,,13.403,0.063,サーバー(直接取得)
cam40,2026-09-20T16:10:01.047Z,2026-09-21 01:00:06,,12.339,0.305,サーバー(直接取得)
cam41,2026-09-20T16:10:01.063Z,2026-09-21 01:00:03,,12.449,0.153,サーバー(直接取得)
cam42,2026-09-20T16:10:01.164Z,2026-09-21 01:00:14,,12.071,0.440,サーバー(直接取得)
cam43,2026-09-20T16:10:01.263Z,2026-09-21 01:00:16,,11.583,0.520,サーバー(直接取得)
cam44,2026-09-20T16:10:01.277Z,2026-09-21 01:00:03,,12.247,0.170,サーバー(直接取得)
cam45,2026-09-20T16:10:01.289Z,2026-09-21 01:00:03,,12.313,0.370,サーバー(直接取得)
cam46,2026-09-20T16:10:01.312Z,2026-09-21 01:00:11,,11.974,0.820,サーバー(直接取得)
cam47,2026-09-20T16:10:01.497Z,2026-09-21 01:00:07,,12.128,0.457,サーバー(直接取得)
cam48,2026-09-20T16:10:01.556Z,2026-09-21 01:00:03,,13.763,-15.510,サーバー(直接取得)
cam50,2026-09-20T16:10:01.593Z,2026-09-21 01:09:00,,13.504,0.230,サーバー(直接取得)
cam51,2026-09-20T16:10:01.624Z,2026-09-21 01:08:18,,13.618,0.150,サーバー(直接取得)
cam52,2026-09-20T16:10:01.667Z,2026-09-21 01:00:19,,12.027,0.310,サーバー(直接取得)
cam53,2026-09-20T16:10:01.769Z,2026-09-21 01:00:10,,12.300,0.190,サーバー(直接取得)
cam54,2026-09-20T16:10:01.879Z,2026-09-21 01:00:20,,12.031,0.080,サーバー(直接取得)
cam55,2026-09-20T16:10:01.905Z,2026-09-21 01:00:21,,12.058,0.660,サーバー(直接取得)
kw01,2026-09-20T16:10:01.907Z,2026/09/21 01:00,,,0.670,サーバー(国交省 川の防災情報)
kw02,2026-09-20T16:10:02.040Z,2026/09/21 01:00,,,0.480,サーバー(国交省 川の防災情報)
kw03,2026-09-20T16:10:02.154Z,2026/09/21 01:00,,,1.110,サーバー(国交省 川の防災情報)
kw04,2026-09-20T16:10:02.214Z,2026/09/21 01:00,,,0.900,サーバー(国交省 川の防災情報)
kw05,2026-09-20T16:10:02.358Z,2026/09/20 09:00,,,-1.240,サーバー(国交省 川の防災情報)
kw06,2026-09-20T16:10:02.663Z,2026/09/20 09:00,,,-2.490,サーバー(国交省 川の防災情報)
kw07,2026-09-20T16:10:02.670Z,2026/09/20 09:00,,,-4.210,サーバー(国交省 川の防災情報)
kw08,2026-09-20T16:10:02.680Z,2026/09/21 01:00,,,0.890,サーバー(国交省 川の防災情報)
kw09,2026-09-20T16:10:02.776Z,2026/09/20 10:00,,,-4.040,サーバー(国交省 川の防災情報)
kw10,2026-09-20T16:10:02.927Z,2026/09/21 01:00,,,0.420,サーバー(国交省 川の防災情報)
kw11,2026-09-20T16:10:03.078Z,2026/09/21 01:00,,,1.060,サーバー(国交省 川の防災情報)
kw01,2026-09-20T16:20:00.612Z,2026/09/21 01:10,,,0.670,サーバー(国交省 川の防災情報)
kw02,2026-09-20T16:20:00.667Z,2026/09/21 01:10,,,0.460,サーバー(国交省 川の防災情報)
kw03,2026-09-20T16:20:00.668Z,2026/09/21 01:10,,,1.100,サーバー(国交省 川の防災情報)
kw04,2026-09-20T16:20:00.669Z,2026/09/21 01:10,,,0.890,サーバー(国交省 川の防災情報)
kw05,2026-09-20T16:20:00.670Z,2026/09/20 09:00,,,-1.240,サーバー(国交省 川の防災情報)
kw06,2026-09-20T16:20:01.356Z,2026/09/20 09:00,,,-2.490,サーバー(国交省 川の防災情報)
kw07,2026-09-20T16:20:01.358Z,2026/09/20 09:00,,,-4.210,サーバー(国交省 川の防災情報)
kw08,2026-09-20T16:20:01.429Z,2026/09/21 01:10,,,0.870,サーバー(国交省 川の防災情報)
kw09,2026-09-20T16:20:01.715Z,2026/09/20 10:00,,,-4.040,サーバー(国交省 川の防災情報)
kw10,2026-09-20T16:20:01.722Z,2026/09/21 01:10,,,0.410,サーバー(国交省 川の防災情報)
kw11,2026-09-20T16:20:01.762Z,2026/09/21 01:10,,,1.060,サーバー(国交省 川の防災情報)
kw01,2026-09-20T16:30:00.315Z,2026/09/21 01:20,,,0.670,サーバー(国交省 川の防災情報)
kw02,2026-09-20T16:30:00.370Z,2026/09/21 01:20,,,0.450,サーバー(国交省 川の防災情報)
kw03,2026-09-20T16:30:00.372Z,2026/09/21 01:20,,,1.100,サーバー(国交省 川の防災情報)
kw04,2026-09-20T16:30:00.373Z,2026/09/21 01:20,,,0.880,サーバー(国交省 川の防災情報)
kw05,2026-09-20T16:30:00.374Z,2026/09/20 09:00,,,-1.240,サーバー(国交省 川の防災情報)
kw06,2026-09-20T16:30:01.184Z,2026/09/20 09:00,,,-2.490,サーバー(国交省 川の防災情報)
kw07,2026-09-20T16:30:01.205Z,2026/09/20 09:00,,,-4.210,サーバー(国交省 川の防災情報)
kw08,2026-09-20T16:30:01.232Z,2026/09/21 01:20,,,0.860,サーバー(国交省 川の防災情報)
kw09,2026-09-20T16:30:01.516Z,2026/09/20 10:00,,,-4.040,サーバー(国交省 川の防災情報)
kw10,2026-09-20T16:30:01.558Z,2026/09/21 01:20,,,0.400,サーバー(国交省 川の防災情報)
kw11,2026-09-20T16:30:01.563Z,2026/09/21 01:20,,,1.060,サーバー(国交省 川の防災情報)
cam02,2026-09-20T16:40:00.579Z,2026-09-21 01:30:07,,12.137,0.990,サーバー(直接取得)
cam03,2026-09-20T16:40:00.580Z,2026-09-21 01:30:13,,12.027,-3.770,サーバー(直接取得)
cam04,2026-09-20T16:40:00.581Z,2026-09-21 01:30:07,,12.185,1.050,サーバー(直接取得)
cam08,2026-09-20T16:40:00.582Z,2026-09-21 01:30:21,,12.058,0.150,サーバー(直接取得)
cam09,2026-09-20T16:40:01.243Z,2026-09-21 01:30:16,,11.645,0.300,サーバー(直接取得)
cam11,2026-09-20T16:40:01.249Z,2026-09-21 01:30:06,,12.220,0.548,サーバー(直接取得)
cam12,2026-09-20T16:40:01.392Z,2026-09-21 01:30:07,,12.242,-0.054,サーバー(直接取得)
cam13,2026-09-20T16:40:01.415Z,2026-09-21 01:30:06,,12.383,0.074,サーバー(直接取得)
cam14,2026-09-20T16:40:01.426Z,2026-09-21 01:30:16,,12.036,0.067,サーバー(直接取得)
cam36,2026-09-20T16:40:01.495Z,2026-09-21 01:30:06,,12.423,0.028,サーバー(直接取得)
cam39,2026-09-20T16:40:01.507Z,2026-09-21 01:38:06,,13.407,0.062,サーバー(直接取得)
cam40,2026-09-20T16:40:01.694Z,2026-09-21 01:30:06,,12.339,0.291,サーバー(直接取得)
cam41,2026-09-20T16:40:01.695Z,2026-09-21 01:30:03,,12.445,0.153,サーバー(直接取得)
cam42,2026-09-20T16:40:01.846Z,2026-09-21 01:30:15,,12.062,0.440,サーバー(直接取得)
cam43,2026-09-20T16:40:01.879Z,2026-09-21 01:30:15,,11.574,0.520,サーバー(直接取得)
cam44,2026-09-20T16:40:01.884Z,2026-09-21 01:30:03,,12.247,0.170,サーバー(直接取得)
cam45,2026-09-20T16:40:02.003Z,2026-09-21 01:30:03,,12.304,0.370,サーバー(直接取得)
cam46,2026-09-20T16:40:02.099Z,2026-09-21 01:30:13,,11.970,0.810,サーバー(直接取得)
cam47,2026-09-20T16:40:02.193Z,2026-09-21 01:30:07,,12.132,0.457,サーバー(直接取得)
cam48,2026-09-20T16:40:02.447Z,2026-09-21 01:30:03,,13.737,-15.450,サーバー(直接取得)
cam50,2026-09-20T16:40:02.460Z,2026-09-21 01:39:00,,13.504,0.210,サーバー(直接取得)
cam51,2026-09-20T16:40:02.480Z,2026-09-21 01:38:18,,13.618,0.140,サーバー(直接取得)
cam52,2026-09-20T16:40:02.500Z,2026-09-21 01:30:17,,12.027,0.300,サーバー(直接取得)
cam53,2026-09-20T16:40:02.699Z,2026-09-21 01:30:12,,12.348,0.180,サーバー(直接取得)
cam54,2026-09-20T16:40:02.709Z,2026-09-21 01:30:20,,12.018,0.070,サーバー(直接取得)
cam55,2026-09-20T16:40:02.741Z,2026-09-21 01:30:21,,12.058,0.660,サーバー(直接取得)
kw01,2026-09-20T16:40:02.745Z,2026/09/21 01:30,,,0.660,サーバー(国交省 川の防災情報)
kw02,2026-09-20T16:40:02.925Z,2026/09/21 01:30,,,0.450,サーバー(国交省 川の防災情報)
kw03,2026-09-20T16:40:02.941Z,2026/09/21 01:30,,,1.100,サーバー(国交省 川の防災情報)
kw04,2026-09-20T16:40:02.967Z,2026/09/21 01:30,,,0.870,サーバー(国交省 川の防災情報)
kw05,2026-09-20T16:40:02.983Z,2026/09/20 09:00,,,-1.240,サーバー(国交省 川の防災情報)
kw06,2026-09-20T16:40:03.408Z,2026/09/20 09:00,,,-2.490,サーバー(国交省 川の防災情報)
kw07,2026-09-20T16:40:03.448Z,2026/09/20 09:00,,,-4.210,サーバー(国交省 川の防災情報)
kw08,2026-09-20T16:40:03.484Z,2026/09/21 01:30,,,0.840,サーバー(国交省 川の防災情報)
kw09,2026-09-20T16:40:03.873Z,2026/09/20 10:00,,,-4.040,サーバー(国交省 川の防災情報)
kw10,2026-09-20T16:40:03.909Z,2026/09/21 01:30,,,0.390,サーバー(国交省 川の防災情報)
kw11,2026-09-20T16:40:03.987Z,2026/09/21 01:30,,,1.080,サーバー(国交省 川の防災情報)
kw01,2026-09-20T16:50:00.423Z,2026/09/21 01:40,,,0.650,サーバー(国交省 川の防災情報)
kw02,2026-09-20T16:50:00.482Z,2026/09/21 01:40,,,0.440,サーバー(国交省 川の防災情報)
kw03,2026-09-20T16:50:00.484Z,2026/09/21 01:40,,,1.100,サーバー(国交省 川の防災情報)
kw04,2026-09-20T16:50:00.485Z,2026/09/21 01:40,,,0.870,サーバー(国交省 川の防災情報)
kw05,2026-09-20T16:50:00.487Z,2026/09/20 09:00,,,-1.240,サーバー(国交省 川の防災情報)
kw06,2026-09-20T16:50:01.145Z,2026/09/20 09:00,,,-2.490,サーバー(国交省 川の防災情報)
kw07,2026-09-20T16:50:01.159Z,2026/09/20 09:00,,,-4.210,サーバー(国交省 川の防災情報)
kw08,2026-09-20T16:50:01.242Z,2026/09/21 01:40,,,0.820,サーバー(国交省 川の防災情報)
kw09,2026-09-20T16:50:01.484Z,2026/09/20 10:00,,,-4.040,サーバー(国交省 川の防災情報)
kw10,2026-09-20T16:50:01.593Z,2026/09/21 01:40,,,0.380,サーバー(国交省 川の防災情報)
kw11,2026-09-20T16:50:01.652Z,2026/09/21 01:40,,,1.090,サーバー(国交省 川の防災情報)
kw01,2026-09-20T17:00:00.256Z,2026/09/21 01:50,,,0.640,サーバー(国交省 川の防災情報)
kw02,2026-09-20T17:00:00.326Z,2026/09/21 01:50,,,0.440,サーバー(国交省 川の防災情報)
kw03,2026-09-20T17:00:00.327Z,2026/09/21 01:50,,,1.100,サーバー(国交省 川の防災情報)
kw04,2026-09-20T17:00:00.328Z,2026/09/21 01:50,,,0.860,サーバー(国交省 川の防災情報)
kw05,2026-09-20T17:00:00.330Z,2026/09/20 09:00,,,-1.240,サーバー(国交省 川の防災情報)
kw06,2026-09-20T17:00:01.119Z,2026/09/20 09:00,,,-2.490,サーバー(国交省 川の防災情報)
kw07,2026-09-20T17:00:01.209Z,2026/09/20 09:00,,,-4.210,サーバー(国交省 川の防災情報)
kw08,2026-09-20T17:00:01.407Z,2026/09/21 01:50,,,0.820,サーバー(国交省 川の防災情報)
kw09,2026-09-20T17:00:01.415Z,2026/09/20 10:00,,,-4.040,サーバー(国交省 川の防災情報)
kw10,2026-09-20T17:00:01.510Z,2026/09/21 01:50,,,0.370,サーバー(国交省 川の防災情報)
kw11,2026-09-20T17:00:01.615Z,2026/09/21 01:50,,,1.110,サーバー(国交省 川の防災情報)
cam02,2026-09-20T17:10:01.025Z,2026-09-21 02:00:07,,12.141,1.030,サーバー(直接取得)
cam03,2026-09-20T17:10:01.026Z,2026-09-21 02:00:11,,12.014,-3.710,サーバー(直接取得)
cam04,2026-09-20T17:10:01.027Z,2026-09-21 02:00:07,,12.194,1.070,サーバー(直接取得)
cam08,2026-09-20T17:10:01.028Z,2026-09-21 02:00:21,,12.053,0.100,サーバー(直接取得)
cam09,2026-09-20T17:10:01.778Z,2026-09-21 02:00:20,,11.627,0.320,サーバー(直接取得)
cam11,2026-09-20T17:10:01.812Z,2026-09-21 02:00:06,,12.207,0.494,サーバー(直接取得)
cam12,2026-09-20T17:10:01.859Z,2026-09-21 02:00:07,,12.234,-0.054,サーバー(直接取得)
cam13,2026-09-20T17:10:01.870Z,2026-09-21 02:00:05,,12.383,0.075,サーバー(直接取得)
cam14,2026-09-20T17:10:01.985Z,2026-09-21 02:00:12,,12.018,0.067,サーバー(直接取得)
cam36,2026-09-20T17:10:02.022Z,2026-09-21 02:00:06,,12.418,0.029,サーバー(直接取得)
cam39,2026-09-20T17:10:02.102Z,2026-09-21 02:08:06,,13.403,0.062,サーバー(直接取得)
cam40,2026-09-20T17:10:02.106Z,2026-09-21 02:00:06,,12.326,0.294,サーバー(直接取得)
cam41,2026-09-20T17:10:02.120Z,2026-09-21 02:00:03,,12.445,0.154,サーバー(直接取得)
cam42,2026-09-20T17:10:02.225Z,2026-09-21 02:00:14,,12.049,0.440,サーバー(直接取得)
cam43,2026-09-20T17:10:02.290Z,2026-09-21 02:00:12,,11.539,0.510,サーバー(直接取得)
cam44,2026-09-20T17:10:02.343Z,2026-09-21 02:00:03,,12.247,0.170,サーバー(直接取得)
cam45,2026-09-20T17:10:02.377Z,2026-09-21 02:00:03,,12.286,0.370,サーバー(直接取得)
cam46,2026-09-20T17:10:02.469Z,2026-09-21 02:00:12,,11.948,0.800,サーバー(直接取得)
cam47,2026-09-20T17:10:02.522Z,2026-09-21 02:00:06,,12.119,0.457,サーバー(直接取得)
cam48,2026-09-20T17:10:02.585Z,2026-09-21 02:00:04,,13.750,-15.400,サーバー(直接取得)
cam50,2026-09-20T17:10:02.605Z,2026-09-21 02:09:00,,13.504,0.210,サーバー(直接取得)
cam51,2026-09-20T17:10:02.607Z,2026-09-21 02:08:17,,13.618,0.170,サーバー(直接取得)
cam52,2026-09-20T17:10:02.707Z,2026-09-21 02:00:10,,12.023,0.290,サーバー(直接取得)
cam53,2026-09-20T17:10:02.762Z,2026-09-21 02:00:04,,12.339,0.180,サーバー(直接取得)
cam54,2026-09-20T17:10:02.815Z,2026-09-21 02:00:21,,12.018,0.080,サーバー(直接取得)
cam55,2026-09-20T17:10:02.831Z,2026-09-21 02:00:21,,12.049,0.660,サーバー(直接取得)
kw01,2026-09-20T17:10:02.848Z,2026/09/21 02:00,,,0.640,サーバー(国交省 川の防災情報)
kw02,2026-09-20T17:10:02.936Z,2026/09/21 02:00,,,0.430,サーバー(国交省 川の防災情報)
kw03,2026-09-20T17:10:03.008Z,2026/09/21 02:00,,,1.090,サーバー(国交省 川の防災情報)
kw04,2026-09-20T17:10:03.059Z,2026/09/21 02:00,,,0.870,サーバー(国交省 川の防災情報)
kw05,2026-09-20T17:10:03.102Z,2026/09/20 09:00,,,-1.240,サーバー(国交省 川の防災情報)
kw06,2026-09-20T17:10:03.611Z,2026/09/20 09:00,,,-2.490,サーバー(国交省 川の防災情報)
kw07,2026-09-20T17:10:03.619Z,2026/09/20 09:00,,,-4.210,サーバー(国交省 川の防災情報)
kw08,2026-09-20T17:10:03.623Z,2026/09/21 02:00,,,0.810,サーバー(国交省 川の防災情報)
kw09,2026-09-20T17:10:03.629Z,2026/09/20 10:00,,,-4.040,サーバー(国交省 川の防災情報)
kw10,2026-09-20T17:10:03.638Z,2026/09/21 02:00,,,0.370,サーバー(国交省 川の防災情報)
kw11,2026-09-20T17:10:04.016Z,2026/09/21 02:00,,,1.120,サーバー(国交省 川の防災情報)
kw01,2026-09-20T17:20:00.368Z,2026/09/21 02:10,,,0.630,サーバー(国交省 川の防災情報)
kw02,2026-09-20T17:20:00.423Z,2026/09/21 02:10,,,0.420,サーバー(国交省 川の防災情報)
kw03,2026-09-20T17:20:00.425Z,2026/09/21 02:10,,,1.090,サーバー(国交省 川の防災情報)
kw04,2026-09-20T17:20:00.426Z,2026/09/21 02:10,,,0.850,サーバー(国交省 川の防災情報)
kw05,2026-09-20T17:20:00.427Z,2026/09/20 09:00,,,-1.240,サーバー(国交省 川の防災情報)
kw06,2026-09-20T17:20:01.238Z,2026/09/20 09:00,,,-2.490,サーバー(国交省 川の防災情報)
kw07,2026-09-20T17:20:01.241Z,2026/09/20 09:00,,,-4.210,サーバー(国交省 川の防災情報)
kw08,2026-09-20T17:20:01.266Z,2026/09/21 02:10,,,0.800,サーバー(国交省 川の防災情報)
kw09,2026-09-20T17:20:01.278Z,2026/09/20 10:00,,,-4.040,サーバー(国交省 川の防災情報)
kw10,2026-09-20T17:20:01.490Z,2026/09/21 02:10,,,0.360,サーバー(国交省 川の防災情報)
kw11,2026-09-20T17:20:01.646Z,2026/09/21 02:10,,,1.130,サーバー(国交省 川の防災情報)
kw01,2026-09-20T17:30:00.337Z,2026/09/21 02:20,,,0.630,サーバー(国交省 川の防災情報)
kw02,2026-09-20T17:30:00.392Z,2026/09/21 02:20,,,0.410,サーバー(国交省 川の防災情報)
kw03,2026-09-20T17:30:00.393Z,2026/09/21 02:20,,,1.090,サーバー(国交省 川の防災情報)
kw04,2026-09-20T17:30:00.394Z,2026/09/21 02:20,,,0.840,サーバー(国交省 川の防災情報)
kw05,2026-09-20T17:30:00.395Z,2026/09/20 09:00,,,-1.240,サーバー(国交省 川の防災情報)
kw06,2026-09-20T17:30:01.082Z,2026/09/20 09:00,,,-2.490,サーバー(国交省 川の防災情報)
kw07,2026-09-20T17:30:01.104Z,2026/09/20 09:00,,,-4.210,サーバー(国交省 川の防災情報)
kw08,2026-09-20T17:30:01.151Z,2026/09/21 02:20,,,0.790,サーバー(国交省 川の防災情報)
kw09,2026-09-20T17:30:01.179Z,2026/09/20 10:00,,,-4.040,サーバー(国交省 川の防災情報)
kw10,2026-09-20T17:30:01.302Z,2026/09/21 02:20,,,0.350,サーバー(国交省 川の防災情報)
kw11,2026-09-20T17:30:01.466Z,2026/09/21 02:20,,,1.140,サーバー(国交省 川の防災情報)
cam02,2026-09-20T17:40:00.873Z,2026-09-21 02:30:07,,12.124,1.050,サーバー(直接取得)
cam03,2026-09-20T17:40:00.874Z,2026-09-21 02:30:11,,12.005,-3.620,サーバー(直接取得)
cam04,2026-09-20T17:40:00.875Z,2026-09-21 02:30:07,,12.185,1.060,サーバー(直接取得)
cam08,2026-09-20T17:40:00.876Z,2026-09-21 02:00:21,,12.053,0.100,サーバー(直接取得)
cam09,2026-09-20T17:40:01.791Z,2026-09-21 02:30:16,,11.623,0.300,サーバー(直接取得)
cam11,2026-09-20T17:40:01.827Z,2026-09-21 02:30:06,,12.212,0.459,サーバー(直接取得)
cam12,2026-09-20T17:40:01.987Z,2026-09-21 02:30:07,,12.220,-0.054,サーバー(直接取得)
cam13,2026-09-20T17:40:02.038Z,2026-09-21 02:30:07,,12.374,0.072,サーバー(直接取得)
cam14,2026-09-20T17:40:02.050Z,2026-09-21 02:30:13,,12.014,0.067,サーバー(直接取得)
cam36,2026-09-20T17:40:02.083Z,2026-09-21 02:30:07,,12.414,0.027,サーバー(直接取得)
cam39,2026-09-20T17:40:02.436Z,2026-09-21 02:38:06,,13.403,0.062,サーバー(直接取得)
cam40,2026-09-20T17:40:02.486Z,2026-09-21 02:30:07,,12.326,0.283,サーバー(直接取得)
cam41,2026-09-20T17:40:02.497Z,2026-09-21 02:30:03,,12.440,0.157,サーバー(直接取得)
cam42,2026-09-20T17:40:02.522Z,2026-09-21 02:30:16,,12.053,0.440,サーバー(直接取得)
cam43,2026-09-20T17:40:02.546Z,2026-09-21 02:30:14,,11.548,0.520,サーバー(直接取得)
cam44,2026-09-20T17:40:02.738Z,2026-09-21 02:30:03,,12.242,0.170,サーバー(直接取得)
cam45,2026-09-20T17:40:02.769Z,2026-09-21 02:30:03,,12.282,0.360,サーバー(直接取得)
cam46,2026-09-20T17:40:02.785Z,2026-09-21 02:30:13,,11.961,0.820,サーバー(直接取得)
cam47,2026-09-20T17:40:02.854Z,2026-09-21 02:30:06,,12.119,0.458,サーバー(直接取得)
cam48,2026-09-20T17:40:02.867Z,2026-09-21 02:30:03,,13.741,-15.440,サーバー(直接取得)
cam50,2026-09-20T17:40:02.971Z,2026-09-21 02:39:00,,13.504,0.210,サーバー(直接取得)
cam51,2026-09-20T17:40:03.010Z,2026-09-21 02:38:17,,13.618,0.140,サーバー(直接取得)
cam52,2026-09-20T17:40:03.013Z,2026-09-21 02:30:15,,12.031,0.290,サーバー(直接取得)
cam53,2026-09-20T17:40:03.093Z,2026-09-21 02:30:16,,12.321,0.170,サーバー(直接取得)
cam54,2026-09-20T17:40:03.105Z,2026-09-21 02:30:21,,12.009,0.060,サーバー(直接取得)
cam55,2026-09-20T17:40:03.230Z,2026-09-21 02:30:21,,12.045,0.720,サーバー(直接取得)
kw01,2026-09-20T17:40:03.258Z,2026/09/21 02:30,,,0.620,サーバー(国交省 川の防災情報)
kw02,2026-09-20T17:40:03.260Z,2026/09/21 02:30,,,0.400,サーバー(国交省 川の防災情報)
kw03,2026-09-20T17:40:03.355Z,2026/09/21 02:30,,,1.090,サーバー(国交省 川の防災情報)
kw04,2026-09-20T17:40:03.357Z,2026/09/21 02:30,,,0.840,サーバー(国交省 川の防災情報)
kw05,2026-09-20T17:40:03.465Z,2026/09/20 09:00,,,-1.240,サーバー(国交省 川の防災情報)
kw06,2026-09-20T17:40:04.078Z,2026/09/20 09:00,,,-2.490,サーバー(国交省 川の防災情報)
kw07,2026-09-20T17:40:04.110Z,2026/09/20 09:00,,,-4.210,サーバー(国交省 川の防災情報)
kw08,2026-09-20T17:40:04.111Z,2026/09/21 02:30,,,0.780,サーバー(国交省 川の防災情報)
kw09,2026-09-20T17:40:04.138Z,2026/09/20 10:00,,,-4.040,サーバー(国交省 川の防災情報)
kw10,2026-09-20T17:40:04.179Z,2026/09/21 02:30,,,0.350,サーバー(国交省 川の防災情報)
kw11,2026-09-20T17:40:04.499Z,2026/09/21 02:30,,,1.140,サーバー(国交省 川の防災情報)
kw01,2026-09-20T17:50:01.061Z,2026/09/21 02:40,,,0.620,サーバー(国交省 川の防災情報)
kw02,2026-09-20T17:50:01.117Z,2026/09/21 02:40,,,0.390,サーバー(国交省 川の防災情報)
kw03,2026-09-20T17:50:01.118Z,2026/09/21 02:40,,,1.100,サーバー(国交省 川の防災情報)
kw04,2026-09-20T17:50:01.119Z,2026/09/21 02:40,,,0.850,サーバー(国交省 川の防災情報)
kw05,2026-09-20T17:50:01.120Z,2026/09/20 09:00,,,-1.240,サーバー(国交省 川の防災情報)
kw06,2026-09-20T17:50:01.809Z,2026/09/20 09:00,,,-2.490,サーバー(国交省 川の防災情報)
kw07,2026-09-20T17:50:01.815Z,2026/09/20 09:00,,,-4.210,サーバー(国交省 川の防災情報)
kw08,2026-09-20T17:50:01.888Z,2026/09/21 02:40,,,0.770,サーバー(国交省 川の防災情報)
kw09,2026-09-20T17:50:02.110Z,2026/09/20 10:00,,,-4.040,サーバー(国交省 川の防災情報)
kw10,2026-09-20T17:50:02.245Z,2026/09/21 02:40,,,0.340,サーバー(国交省 川の防災情報)
kw11,2026-09-20T17:50:02.325Z,2026/09/21 02:40,,,1.150,サーバー(国交省 川の防災情報)
kw01,2026-09-20T18:00:00.913Z,2026/09/21 02:50,,,0.610,サーバー(国交省 川の防災情報)
kw02,2026-09-20T18:00:00.968Z,2026/09/21 02:50,,,0.380,サーバー(国交省 川の防災情報)
kw03,2026-09-20T18:00:00.969Z,2026/09/21 02:50,,,1.090,サーバー(国交省 川の防災情報)
kw04,2026-09-20T18:00:00.970Z,2026/09/21 02:50,,,0.830,サーバー(国交省 川の防災情報)
kw05,2026-09-20T18:00:00.971Z,2026/09/20 09:00,,,-1.240,サーバー(国交省 川の防災情報)
kw06,2026-09-20T18:00:01.665Z,2026/09/20 09:00,,,-2.490,サーバー(国交省 川の防災情報)
kw07,2026-09-20T18:00:01.712Z,2026/09/20 09:00,,,-4.210,サーバー(国交省 川の防災情報)
kw08,2026-09-20T18:00:01.714Z,2026/09/21 02:50,,,0.760,サーバー(国交省 川の防災情報)
kw09,2026-09-20T18:00:02.078Z,2026/09/20 10:00,,,-4.040,サーバー(国交省 川の防災情報)
kw10,2026-09-20T18:00:02.150Z,2026/09/21 02:50,,,0.330,サーバー(国交省 川の防災情報)
kw11,2026-09-20T18:00:02.244Z,2026/09/21 02:50,,,1.150,サーバー(国交省 川の防災情報)
cam02,2026-09-20T18:10:00.859Z,2026-09-21 03:00:07,,12.132,1.060,サーバー(直接取得)
cam03,2026-09-20T18:10:00.860Z,2026-09-21 03:00:14,,12.014,-4.580,サーバー(直接取得)
cam04,2026-09-20T18:10:00.861Z,2026-09-21 03:00:06,,12.176,1.030,サーバー(直接取得)
cam08,2026-09-20T18:10:00.862Z,2026-09-21 03:00:21,,12.049,0.160,サーバー(直接取得)
cam09,2026-09-20T18:10:01.544Z,2026-09-21 03:00:16,,11.618,0.300,サーバー(直接取得)
cam11,2026-09-20T18:10:01.597Z,2026-09-21 03:00:06,,12.212,0.438,サーバー(直接取得)
cam12,2026-09-20T18:10:01.844Z,2026-09-21 03:00:07,,12.234,-0.056,サーバー(直接取得)
cam13,2026-09-20T18:10:01.895Z,2026-09-21 03:00:07,,12.357,0.069,サーバー(直接取得)
cam14,2026-09-20T18:10:01.912Z,2026-09-21 03:00:11,,12.018,0.057,サーバー(直接取得)
cam36,2026-09-20T18:10:01.932Z,2026-09-21 03:00:07,,12.401,0.028,サーバー(直接取得)
cam39,2026-09-20T18:10:02.082Z,2026-09-21 03:08:06,,13.407,0.060,サーバー(直接取得)
cam40,2026-09-20T18:10:02.116Z,2026-09-21 03:00:07,,12.321,0.284,サーバー(直接取得)
cam41,2026-09-20T18:10:02.207Z,2026-09-21 03:00:03,,12.427,0.154,サーバー(直接取得)
cam42,2026-09-20T18:10:02.274Z,2026-09-21 03:00:15,,12.049,0.440,サーバー(直接取得)
cam43,2026-09-20T18:10:02.289Z,2026-09-21 03:00:12,,11.526,0.520,サーバー(直接取得)
cam44,2026-09-20T18:10:02.356Z,2026-09-21 03:00:03,,12.238,0.170,サーバー(直接取得)
cam45,2026-09-20T18:10:02.364Z,2026-09-21 03:00:03,,12.282,0.370,サーバー(直接取得)
cam46,2026-09-20T18:10:02.468Z,2026-09-21 03:00:11,,11.952,0.830,サーバー(直接取得)
cam47,2026-09-20T18:10:02.594Z,2026-09-21 03:00:06,,12.110,0.458,サーバー(直接取得)
cam48,2026-09-20T18:10:02.634Z,2026-09-21 03:00:03,,13.750,-15.370,サーバー(直接取得)
cam50,2026-09-20T18:10:02.670Z,2026-09-21 03:08:00,,13.504,0.210,サーバー(直接取得)
cam51,2026-09-20T18:10:02.714Z,2026-09-21 03:08:18,,13.618,0.140,サーバー(直接取得)
cam52,2026-09-20T18:10:02.820Z,2026-09-21 03:00:13,,12.009,0.290,サーバー(直接取得)
cam53,2026-09-20T18:10:02.854Z,2026-09-21 03:00:15,,12.326,0.160,サーバー(直接取得)
cam54,2026-09-20T18:10:02.920Z,2026-09-21 03:00:21,,12.009,0.880,サーバー(直接取得)
cam55,2026-09-20T18:10:02.954Z,2026-09-21 03:00:21,,12.027,0.730,サーバー(直接取得)
kw01,2026-09-20T18:10:03.092Z,2026/09/21 03:00,,,0.610,サーバー(国交省 川の防災情報)
kw02,2026-09-20T18:10:03.096Z,2026/09/21 03:00,,,0.370,サーバー(国交省 川の防災情報)
kw03,2026-09-20T18:10:03.221Z,2026/09/21 03:00,,,1.090,サーバー(国交省 川の防災情報)
kw04,2026-09-20T18:10:03.250Z,2026/09/21 03:00,,,0.840,サーバー(国交省 川の防災情報)
kw05,2026-09-20T18:10:03.252Z,2026/09/20 09:00,,,-1.240,サーバー(国交省 川の防災情報)
kw06,2026-09-20T18:10:03.897Z,2026/09/20 09:00,,,-2.490,サーバー(国交省 川の防災情報)
kw07,2026-09-20T18:10:04.289Z,2026/09/20 09:00,,,-4.210,サーバー(国交省 川の防災情報)
kw08,2026-09-20T18:10:04.317Z,2026/09/21 03:00,,,0.750,サーバー(国交省 川の防災情報)
kw09,2026-09-20T18:10:04.351Z,2026/09/20 10:00,,,-4.040,サーバー(国交省 川の防災情報)
kw10,2026-09-20T18:10:04.421Z,2026/09/21 03:00,,,0.330,サーバー(国交省 川の防災情報)
kw11,2026-09-20T18:10:04.469Z,2026/09/21 03:00,,,1.160,サーバー(国交省 川の防災情報)
kw01,2026-09-20T18:20:00.549Z,2026/09/21 03:10,,,0.610,サーバー(国交省 川の防災情報)
kw02,2026-09-20T18:20:00.603Z,2026/09/21 03:10,,,0.370,サーバー(国交省 川の防災情報)
kw03,2026-09-20T18:20:00.604Z,2026/09/21 03:10,,,1.090,サーバー(国交省 川の防災情報)
kw04,2026-09-20T18:20:00.606Z,2026/09/21 03:10,,,0.870,サーバー(国交省 川の防災情報)
kw05,2026-09-20T18:20:00.607Z,2026/09/20 09:00,,,-1.240,サーバー(国交省 川の防災情報)
kw06,2026-09-20T18:20:01.336Z,2026/09/20 09:00,,,-2.490,サーバー(国交省 川の防災情報)
kw07,2026-09-20T18:20:01.354Z,2026/09/20 09:00,,,-4.210,サーバー(国交省 川の防災情報)
kw08,2026-09-20T18:20:01.378Z,2026/09/21 03:10,,,0.740,サーバー(国交省 川の防災情報)
kw09,2026-09-20T18:20:01.610Z,2026/09/20 10:00,,,-4.040,サーバー(国交省 川の防災情報)
kw10,2026-09-20T18:20:01.679Z,2026/09/21 03:10,,,0.320,サーバー(国交省 川の防災情報)
kw11,2026-09-20T18:20:01.824Z,2026/09/21 03:10,,,1.150,サーバー(国交省 川の防災情報)
kw01,2026-09-20T18:30:00.843Z,2026/09/21 03:20,,,0.610,サーバー(国交省 川の防災情報)
kw02,2026-09-20T18:30:00.900Z,2026/09/21 03:20,,,0.360,サーバー(国交省 川の防災情報)
kw03,2026-09-20T18:30:00.901Z,2026/09/21 03:20,,,1.090,サーバー(国交省 川の防災情報)
kw04,2026-09-20T18:30:00.902Z,2026/09/21 03:20,,,0.860,サーバー(国交省 川の防災情報)
kw05,2026-09-20T18:30:00.903Z,2026/09/20 09:00,,,-1.240,サーバー(国交省 川の防災情報)
kw06,2026-09-20T18:30:01.826Z,2026/09/20 09:00,,,-2.490,サーバー(国交省 川の防災情報)
kw07,2026-09-20T18:30:01.828Z,2026/09/20 09:00,,,-4.210,サーバー(国交省 川の防災情報)
kw08,2026-09-20T18:30:01.829Z,2026/09/21 03:20,,,0.740,サーバー(国交省 川の防災情報)
kw09,2026-09-20T18:30:01.885Z,2026/09/20 10:00,,,-4.040,サーバー(国交省 川の防災情報)
kw10,2026-09-20T18:30:02.113Z,2026/09/21 03:20,,,0.320,サーバー(国交省 川の防災情報)
kw11,2026-09-20T18:30:02.216Z,2026/09/21 03:20,,,1.150,サーバー(国交省 川の防災情報)
cam02,2026-09-20T18:40:00.782Z,2026-09-21 03:30:07,,12.110,1.040,サーバー(直接取得)
cam03,2026-09-20T18:40:00.784Z,2026-09-21 03:30:12,,12.005,-4.580,サーバー(直接取得)
cam04,2026-09-20T18:40:00.785Z,2026-09-21 03:30:06,,12.176,1.060,サーバー(直接取得)
cam08,2026-09-20T18:40:00.786Z,2026-09-21 03:30:21,,12.045,0.180,サーバー(直接取得)
cam09,2026-09-20T18:40:01.689Z,2026-09-21 03:30:18,,11.601,0.310,サーバー(直接取得)
cam11,2026-09-20T18:40:01.697Z,2026-09-21 03:30:06,,12.203,0.482,サーバー(直接取得)
cam12,2026-09-20T18:40:01.833Z,2026-09-21 03:30:14,,12.264,-0.058,サーバー(直接取得)
cam13,2026-09-20T18:40:01.838Z,2026-09-21 03:30:06,,12.361,0.069,サーバー(直接取得)
cam14,2026-09-20T18:40:01.869Z,2026-09-21 03:30:11,,12.014,0.057,サーバー(直接取得)
cam36,2026-09-20T18:40:01.938Z,2026-09-21 03:30:07,,12.396,0.027,サーバー(直接取得)
cam39,2026-09-20T18:40:01.942Z,2026-09-21 03:38:06,,13.403,0.062,サーバー(直接取得)
cam40,2026-09-20T18:40:02.089Z,2026-09-21 03:30:06,,12.317,0.281,サーバー(直接取得)
cam41,2026-09-20T18:40:02.091Z,2026-09-21 03:30:03,,12.427,0.164,サーバー(直接取得)
cam42,2026-09-20T18:40:02.159Z,2026-09-21 03:30:12,,12.049,0.440,サーバー(直接取得)
cam43,2026-09-20T18:40:02.220Z,2026-09-21 03:30:12,,11.539,0.530,サーバー(直接取得)
cam44,2026-09-20T18:40:02.388Z,2026-09-21 03:30:03,,12.238,0.170,サーバー(直接取得)
cam45,2026-09-20T18:40:02.401Z,2026-09-21 03:30:03,,12.273,0.370,サーバー(直接取得)
cam46,2026-09-20T18:40:02.467Z,2026-09-21 03:30:12,,11.939,0.830,サーバー(直接取得)
cam47,2026-09-20T18:40:02.477Z,2026-09-21 03:30:05,,12.106,0.458,サーバー(直接取得)
cam48,2026-09-20T18:40:02.639Z,2026-09-21 03:30:03,,13.781,-15.360,サーバー(直接取得)
cam50,2026-09-20T18:40:02.642Z,2026-09-21 03:39:00,,13.500,0.240,サーバー(直接取得)
cam51,2026-09-20T18:40:02.668Z,2026-09-21 03:38:15,,13.618,0.160,サーバー(直接取得)
cam52,2026-09-20T18:40:02.716Z,2026-09-21 03:30:17,,12.014,0.290,サーバー(直接取得)
cam53,2026-09-20T18:40:02.729Z,2026-09-21 03:30:10,,12.321,0.160,サーバー(直接取得)
cam54,2026-09-20T18:40:02.872Z,2026-09-21 03:30:20,,12.001,0.480,サーバー(直接取得)
cam55,2026-09-20T18:40:02.875Z,2026-09-21 03:30:21,,12.031,0.730,サーバー(直接取得)
kw01,2026-09-20T18:40:02.909Z,2026/09/21 03:30,,,0.620,サーバー(国交省 川の防災情報)
kw02,2026-09-20T18:40:02.950Z,2026/09/21 03:30,,,0.360,サーバー(国交省 川の防災情報)
kw03,2026-09-20T18:40:03.044Z,2026/09/21 03:30,,,1.090,サーバー(国交省 川の防災情報)
kw04,2026-09-20T18:40:03.107Z,2026/09/21 03:30,,,0.870,サーバー(国交省 川の防災情報)
kw05,2026-09-20T18:40:03.123Z,2026/09/20 09:00,,,-1.240,サーバー(国交省 川の防災情報)
kw06,2026-09-20T18:40:03.644Z,2026/09/20 09:00,,,-2.490,サーバー(国交省 川の防災情報)
kw07,2026-09-20T18:40:03.959Z,2026/09/20 09:00,,,-4.210,サーバー(国交省 川の防災情報)
kw08,2026-09-20T18:40:04.015Z,2026/09/21 03:30,,,0.730,サーバー(国交省 川の防災情報)
kw09,2026-09-20T18:40:04.028Z,2026/09/20 10:00,,,-4.040,サーバー(国交省 川の防災情報)
kw10,2026-09-20T18:40:04.044Z,2026/09/21 03:30,,,0.320,サーバー(国交省 川の防災情報)
kw11,2026-09-20T18:40:04.101Z,2026/09/21 03:30,,,1.170,サーバー(国交省 川の防災情報)
kw01,2026-09-20T18:50:00.672Z,2026/09/21 03:40,,,0.610,サーバー(国交省 川の防災情報)
kw02,2026-09-20T18:50:00.728Z,2026/09/21 03:40,,,0.370,サーバー(国交省 川の防災情報)
kw03,2026-09-20T18:50:00.730Z,2026/09/21 03:40,,,1.090,サーバー(国交省 川の防災情報)
kw04,2026-09-20T18:50:00.731Z,2026/09/21 03:40,,,0.850,サーバー(国交省 川の防災情報)
kw05,2026-09-20T18:50:00.732Z,2026/09/20 09:00,,,-1.240,サーバー(国交省 川の防災情報)
kw06,2026-09-20T18:50:01.834Z,2026/09/20 09:00,,,-2.490,サーバー(国交省 川の防災情報)
kw07,2026-09-20T18:50:01.990Z,2026/09/20 09:00,,,-4.210,サーバー(国交省 川の防災情報)
kw08,2026-09-20T18:50:02.090Z,2026/09/21 03:40,,,0.720,サーバー(国交省 川の防災情報)
kw09,2026-09-20T18:50:02.116Z,2026/09/20 10:00,,,-4.040,サーバー(国交省 川の防災情報)
kw10,2026-09-20T18:50:02.143Z,2026/09/21 03:40,,,0.320,サーバー(国交省 川の防災情報)
kw11,2026-09-20T18:50:02.414Z,2026/09/21 03:40,,,1.170,サーバー(国交省 川の防災情報)
kw01,2026-09-20T19:00:00.988Z,2026/09/21 03:50,,,0.630,サーバー(国交省 川の防災情報)
kw02,2026-09-20T19:00:01.043Z,2026/09/21 03:50,,,0.370,サーバー(国交省 川の防災情報)
kw03,2026-09-20T19:00:01.044Z,2026/09/21 03:50,,,1.080,サーバー(国交省 川の防災情報)
kw04,2026-09-20T19:00:01.045Z,2026/09/21 03:50,,,0.850,サーバー(国交省 川の防災情報)
kw05,2026-09-20T19:00:01.046Z,2026/09/20 09:00,,,-1.240,サーバー(国交省 川の防災情報)
kw06,2026-09-20T19:00:01.834Z,2026/09/20 09:00,,,-2.490,サーバー(国交省 川の防災情報)
kw07,2026-09-20T19:00:01.837Z,2026/09/20 09:00,,,-4.210,サーバー(国交省 川の防災情報)
kw08,2026-09-20T19:00:01.846Z,2026/09/21 03:50,,,0.720,サーバー(国交省 川の防災情報)
kw09,2026-09-20T19:00:01.889Z,2026/09/20 10:00,,,-4.040,サーバー(国交省 川の防災情報)
kw10,2026-09-20T19:00:02.201Z,2026/09/21 03:50,,,0.310,サーバー(国交省 川の防災情報)
kw11,2026-09-20T19:00:02.274Z,2026/09/21 03:50,,,1.160,サーバー(国交省 川の防災情報)
cam02,2026-09-20T19:10:00.430Z,2026-09-21 04:00:07,,12.106,1.030,サーバー(直接取得)
cam03,2026-09-20T19:10:00.431Z,2026-09-21 04:00:14,,12.005,-4.580,サーバー(直接取得)
cam04,2026-09-20T19:10:00.432Z,2026-09-21 04:00:06,,12.176,1.060,サーバー(直接取得)
cam08,2026-09-20T19:10:00.433Z,2026-09-21 03:50:21,,12.045,0.190,サーバー(直接取得)
cam09,2026-09-20T19:10:01.841Z,2026-09-21 04:00:21,,11.574,0.290,サーバー(直接取得)
cam11,2026-09-20T19:10:01.850Z,2026-09-21 04:00:06,,12.207,0.514,サーバー(直接取得)
cam12,2026-09-20T19:10:02.013Z,2026-09-21 04:00:06,,12.216,-0.063,サーバー(直接取得)
cam13,2026-09-20T19:10:02.016Z,2026-09-21 04:00:06,,12.361,0.069,サーバー(直接取得)
cam14,2026-09-20T19:10:02.032Z,2026-09-21 04:00:15,,12.001,0.057,サーバー(直接取得)
cam36,2026-09-20T19:10:02.076Z,2026-09-21 04:00:07,,12.401,0.028,サーバー(直接取得)
cam39,2026-09-20T19:10:02.077Z,2026-09-21 04:08:06,,13.407,0.061,サーバー(直接取得)
cam40,2026-09-20T19:10:02.299Z,2026-09-21 04:00:06,,12.317,0.278,サーバー(直接取得)
cam41,2026-09-20T19:10:02.371Z,2026-09-21 04:00:03,,12.427,0.149,サーバー(直接取得)
cam42,2026-09-20T19:10:02.378Z,2026-09-21 04:00:11,,12.045,0.440,サーバー(直接取得)
cam43,2026-09-20T19:10:02.473Z,2026-09-21 04:00:15,,11.539,0.520,サーバー(直接取得)
cam44,2026-09-20T19:10:02.591Z,2026-09-21 04:00:03,,12.238,0.170,サーバー(直接取得)
cam45,2026-09-20T19:10:02.594Z,2026-09-21 04:00:04,,12.273,0.370,サーバー(直接取得)
cam46,2026-09-20T19:10:02.704Z,2026-09-21 04:00:12,,11.935,0.820,サーバー(直接取得)
cam47,2026-09-20T19:10:02.791Z,2026-09-21 04:00:06,,12.110,0.457,サーバー(直接取得)
cam48,2026-09-20T19:10:02.873Z,2026-09-21 04:00:03,,13.759,-15.450,サーバー(直接取得)
cam50,2026-09-20T19:10:02.929Z,2026-09-21 04:09:00,,13.500,0.210,サーバー(直接取得)
cam51,2026-09-20T19:10:03.098Z,2026-09-21 04:08:15,,13.618,0.130,サーバー(直接取得)
cam52,2026-09-20T19:10:03.111Z,2026-09-21 04:00:12,,12.014,0.290,サーバー(直接取得)
cam53,2026-09-20T19:10:03.130Z,2026-09-21 04:00:13,,12.330,0.160,サーバー(直接取得)
cam54,2026-09-20T19:10:03.165Z,2026-09-21 04:00:21,,11.996,0.070,サーバー(直接取得)
cam55,2026-09-20T19:10:03.334Z,2026-09-21 04:00:21,,12.005,0.730,サーバー(直接取得)
kw01,2026-09-20T19:10:03.344Z,2026/09/21 04:00,,,0.610,サーバー(国交省 川の防災情報)
kw02,2026-09-20T19:10:03.359Z,2026/09/21 04:00,,,0.370,サーバー(国交省 川の防災情報)
kw03,2026-09-20T19:10:03.393Z,2026/09/21 04:00,,,1.080,サーバー(国交省 川の防災情報)
kw04,2026-09-20T19:10:03.451Z,2026/09/21 04:00,,,0.840,サーバー(国交省 川の防災情報)
kw05,2026-09-20T19:10:03.556Z,2026/09/20 09:00,,,-1.240,サーバー(国交省 川の防災情報)
kw06,2026-09-20T19:10:04.121Z,2026/09/20 09:00,,,-2.490,サーバー(国交省 川の防災情報)
kw07,2026-09-20T19:10:04.420Z,2026/09/20 09:00,,,-4.210,サーバー(国交省 川の防災情報)
kw08,2026-09-20T19:10:04.459Z,2026/09/21 04:00,,,0.720,サーバー(国交省 川の防災情報)
kw09,2026-09-20T19:10:04.531Z,2026/09/20 10:00,,,-4.040,サーバー(国交省 川の防災情報)
kw10,2026-09-20T19:10:04.554Z,2026/09/21 04:00,,,0.310,サーバー(国交省 川の防災情報)
kw11,2026-09-20T19:10:04.574Z,2026/09/21 04:00,,,1.150,サーバー(国交省 川の防災情報)
kw01,2026-09-20T19:20:00.717Z,2026/09/21 04:10,,,0.620,サーバー(国交省 川の防災情報)
kw02,2026-09-20T19:20:00.771Z,2026/09/21 04:10,,,0.370,サーバー(国交省 川の防災情報)
kw03,2026-09-20T19:20:00.773Z,2026/09/21 04:10,,,1.080,サーバー(国交省 川の防災情報)
kw04,2026-09-20T19:20:00.774Z,2026/09/21 04:10,,,0.840,サーバー(国交省 川の防災情報)
kw05,2026-09-20T19:20:00.775Z,2026/09/20 09:00,,,-1.240,サーバー(国交省 川の防災情報)
kw06,2026-09-20T19:20:01.598Z,2026/09/20 09:00,,,-2.490,サーバー(国交省 川の防災情報)
kw07,2026-09-20T19:20:01.684Z,2026/09/20 09:00,,,-4.210,サーバー(国交省 川の防災情報)
kw08,2026-09-20T19:20:01.722Z,2026/09/21 04:10,,,0.720,サーバー(国交省 川の防災情報)
kw09,2026-09-20T19:20:01.953Z,2026/09/20 10:00,,,-4.040,サーバー(国交省 川の防災情報)
kw10,2026-09-20T19:20:01.979Z,2026/09/21 04:10,,,0.310,サーバー(国交省 川の防災情報)
kw11,2026-09-20T19:20:02.058Z,2026/09/21 04:10,,,1.150,サーバー(国交省 川の防災情報)
kw01,2026-09-20T19:30:00.497Z,2026/09/21 04:20,,,0.610,サーバー(国交省 川の防災情報)
kw02,2026-09-20T19:30:00.552Z,2026/09/21 04:20,,,0.370,サーバー(国交省 川の防災情報)
kw03,2026-09-20T19:30:00.554Z,2026/09/21 04:20,,,1.080,サーバー(国交省 川の防災情報)
kw04,2026-09-20T19:30:00.555Z,2026/09/21 04:20,,,0.840,サーバー(国交省 川の防災情報)
kw05,2026-09-20T19:30:00.556Z,2026/09/20 09:00,,,-1.240,サーバー(国交省 川の防災情報)
kw06,2026-09-20T19:30:01.915Z,2026/09/20 09:00,,,-2.490,サーバー(国交省 川の防災情報)
kw07,2026-09-20T19:30:01.918Z,2026/09/20 09:00,,,-4.210,サーバー(国交省 川の防災情報)
kw08,2026-09-20T19:30:01.941Z,2026/09/21 04:20,,,0.720,サーバー(国交省 川の防災情報)
kw09,2026-09-20T19:30:01.968Z,2026/09/20 10:00,,,-4.040,サーバー(国交省 川の防災情報)
kw10,2026-09-20T19:30:02.348Z,2026/09/21 04:20,,,0.310,サーバー(国交省 川の防災情報)
kw11,2026-09-20T19:30:02.363Z,2026/09/21 04:20,,,1.130,サーバー(国交省 川の防災情報)
cam02,2026-09-20T19:40:00.855Z,2026-09-21 04:30:07,,12.102,1.010,サーバー(直接取得)
cam03,2026-09-20T19:40:00.856Z,2026-09-21 04:30:12,,11.992,-4.580,サーバー(直接取得)
cam04,2026-09-20T19:40:00.857Z,2026-09-21 04:30:06,,12.168,1.040,サーバー(直接取得)
cam08,2026-09-20T19:40:00.858Z,2026-09-21 04:30:21,,12.036,0.130,サーバー(直接取得)
cam09,2026-09-20T19:40:01.728Z,2026-09-21 04:30:17,,11.561,0.320,サーバー(直接取得)
cam11,2026-09-20T19:40:01.730Z,2026-09-21 04:30:07,,12.198,0.456,サーバー(直接取得)
cam12,2026-09-20T19:40:01.993Z,2026-09-21 04:30:06,,12.212,-0.057,サーバー(直接取得)
cam13,2026-09-20T19:40:02.078Z,2026-09-21 04:30:06,,12.361,0.101,サーバー(直接取得)
cam14,2026-09-20T19:40:02.370Z,2026-09-21 04:30:16,,11.992,0.067,サーバー(直接取得)
cam36,2026-09-20T19:40:02.620Z,2026-09-21 04:30:06,,12.383,0.057,サーバー(直接取得)
cam39,2026-09-20T19:40:02.863Z,2026-09-21 04:38:06,,13.407,0.069,サーバー(直接取得)
cam40,2026-09-20T19:40:02.895Z,2026-09-21 04:30:06,,12.308,0.328,サーバー(直接取得)
cam41,2026-09-20T19:40:02.907Z,2026-09-21 04:30:03,,12.436,0.165,サーバー(直接取得)
cam42,2026-09-20T19:40:03.042Z,2026-09-21 04:30:15,,12.036,0.450,サーバー(直接取得)
cam43,2026-09-20T19:40:03.058Z,2026-09-21 04:30:13,,11.526,0.510,サーバー(直接取得)
cam44,2026-09-20T19:40:03.097Z,2026-09-21 04:30:03,,12.242,0.180,サーバー(直接取得)
cam45,2026-09-20T19:40:03.123Z,2026-09-21 04:30:03,,12.278,0.390,サーバー(直接取得)
cam46,2026-09-20T19:40:03.140Z,2026-09-21 04:30:13,,11.926,1.400,サーバー(直接取得)
cam47,2026-09-20T19:40:03.283Z,2026-09-21 04:30:07,,12.097,0.459,サーバー(直接取得)
cam48,2026-09-20T19:40:03.291Z,2026-09-21 04:30:03,,13.750,-15.440,サーバー(直接取得)
cam50,2026-09-20T19:40:03.345Z,2026-09-21 04:39:00,,13.500,0.260,サーバー(直接取得)
cam51,2026-09-20T19:40:03.355Z,2026-09-21 04:38:15,,13.618,0.320,サーバー(直接取得)
cam52,2026-09-20T19:40:03.375Z,2026-09-21 04:30:12,,12.001,0.290,サーバー(直接取得)
cam53,2026-09-20T19:40:03.507Z,2026-09-21 04:30:16,,12.330,0.230,サーバー(直接取得)
cam54,2026-09-20T19:40:03.533Z,2026-09-21 04:30:21,,11.992,0.090,サーバー(直接取得)
cam55,2026-09-20T19:40:03.580Z,2026-09-21 04:30:21,,12.023,0.730,サーバー(直接取得)
kw01,2026-09-20T19:40:03.581Z,2026/09/21 04:30,,,0.620,サーバー(国交省 川の防災情報)
kw02,2026-09-20T19:40:03.608Z,2026/09/21 04:30,,,0.380,サーバー(国交省 川の防災情報)
kw03,2026-09-20T19:40:03.741Z,2026/09/21 04:30,,,1.100,サーバー(国交省 川の防災情報)
kw04,2026-09-20T19:40:03.762Z,2026/09/21 04:30,,,0.860,サーバー(国交省 川の防災情報)
kw05,2026-09-20T19:40:03.806Z,2026/09/20 09:00,,,-1.240,サーバー(国交省 川の防災情報)
kw06,2026-09-20T19:40:04.929Z,2026/09/20 09:00,,,-2.490,サーバー(国交省 川の防災情報)
kw07,2026-09-20T19:40:04.939Z,2026/09/20 09:00,,,-4.210,サーバー(国交省 川の防災情報)
kw08,2026-09-20T19:40:04.955Z,2026/09/21 04:30,,,0.730,サーバー(国交省 川の防災情報)
kw09,2026-09-20T19:40:05.010Z,2026/09/20 10:00,,,-4.040,サーバー(国交省 川の防災情報)
kw10,2026-09-20T19:40:05.312Z,2026/09/21 04:30,,,0.320,サーバー(国交省 川の防災情報)
kw11,2026-09-20T19:40:05.314Z,2026/09/21 04:30,,,1.130,サーバー(国交省 川の防災情報)
kw01,2026-09-20T19:50:00.803Z,2026/09/21 04:40,,,0.680,サーバー(国交省 川の防災情報)
kw02,2026-09-20T19:50:00.858Z,2026/09/21 04:40,,,0.400,サーバー(国交省 川の防災情報)
kw03,2026-09-20T19:50:00.860Z,2026/09/21 04:40,,,1.140,サーバー(国交省 川の防災情報)
kw04,2026-09-20T19:50:00.861Z,2026/09/21 04:40,,,0.900,サーバー(国交省 川の防災情報)
kw05,2026-09-20T19:50:00.862Z,2026/09/20 09:00,,,-1.240,サーバー(国交省 川の防災情報)
kw06,2026-09-20T19:50:01.642Z,2026/09/20 09:00,,,-2.490,サーバー(国交省 川の防災情報)
kw07,2026-09-20T19:50:01.681Z,2026/09/20 09:00,,,-4.210,サーバー(国交省 川の防災情報)
kw08,2026-09-20T19:50:01.771Z,2026/09/21 04:40,,,0.750,サーバー(国交省 川の防災情報)
kw09,2026-09-20T19:50:02.068Z,2026/09/20 10:00,,,-4.040,サーバー(国交省 川の防災情報)
kw10,2026-09-20T19:50:02.075Z,2026/09/21 04:40,,,0.370,サーバー(国交省 川の防災情報)
kw11,2026-09-20T19:50:02.080Z,2026/09/21 04:40,,,1.120,サーバー(国交省 川の防災情報)
kw01,2026-09-20T20:00:00.931Z,2026/09/21 04:50,,,0.690,サーバー(国交省 川の防災情報)
kw02,2026-09-20T20:00:00.987Z,2026/09/21 04:50,,,0.460,サーバー(国交省 川の防災情報)
kw03,2026-09-20T20:00:00.989Z,2026/09/21 04:50,,,1.190,サーバー(国交省 川の防災情報)
kw04,2026-09-20T20:00:00.990Z,2026/09/21 04:50,,,0.960,サーバー(国交省 川の防災情報)
kw05,2026-09-20T20:00:00.991Z,2026/09/20 09:00,,,-1.240,サーバー(国交省 川の防災情報)
kw06,2026-09-20T20:00:01.953Z,2026/09/20 09:00,,,-2.490,サーバー(国交省 川の防災情報)
kw07,2026-09-20T20:00:02.045Z,2026/09/20 09:00,,,-4.210,サーバー(国交省 川の防災情報)
kw08,2026-09-20T20:00:02.484Z,2026/09/21 04:50,,,0.770,サーバー(国交省 川の防災情報)
kw09,2026-09-20T20:00:02.569Z,2026/09/20 10:00,,,-4.040,サーバー(国交省 川の防災情報)
kw10,2026-09-20T20:00:02.618Z,2026/09/21 04:50,,,0.400,サーバー(国交省 川の防災情報)
kw11,2026-09-20T20:00:02.653Z,2026/09/21 04:50,,,1.140,サーバー(国交省 川の防災情報)
kw01,2026-09-20T20:10:00.625Z,2026/09/21 05:00,,,0.740,サーバー(国交省 川の防災情報)
kw02,2026-09-20T20:10:00.681Z,2026/09/21 05:00,,,0.530,サーバー(国交省 川の防災情報)
kw03,2026-09-20T20:10:00.682Z,2026/09/21 05:00,,,1.220,サーバー(国交省 川の防災情報)
kw04,2026-09-20T20:10:00.684Z,2026/09/21 05:00,,,0.980,サーバー(国交省 川の防災情報)
kw05,2026-09-20T20:10:00.684Z,2026/09/20 09:00,,,-1.240,サーバー(国交省 川の防災情報)
kw06,2026-09-20T20:10:01.631Z,2026/09/20 09:00,,,-2.490,サーバー(国交省 川の防災情報)
kw07,2026-09-20T20:10:01.640Z,2026/09/20 09:00,,,-4.210,サーバー(国交省 川の防災情報)
kw08,2026-09-20T20:10:01.660Z,2026/09/21 05:00,,,0.800,サーバー(国交省 川の防災情報)
kw09,2026-09-20T20:10:02.008Z,2026/09/20 10:00,,,-4.040,サーバー(国交省 川の防災情報)
kw10,2026-09-20T20:10:02.125Z,2026/09/21 05:00,,,0.410,サーバー(国交省 川の防災情報)
kw11,2026-09-20T20:10:02.149Z,2026/09/21 05:00,,,1.140,サーバー(国交省 川の防災情報)
cam02,2026-09-20T20:20:00.627Z,2026-09-21 05:10:06,,12.106,1.030,サーバー(直接取得)
cam03,2026-09-20T20:20:00.629Z,2026-09-21 05:10:12,,11.983,-4.580,サーバー(直接取得)
cam04,2026-09-20T20:20:00.630Z,2026-09-21 05:10:07,,12.163,1.050,サーバー(直接取得)
cam08,2026-09-20T20:20:00.631Z,2026-09-21 05:10:21,,12.036,0.130,サーバー(直接取得)
cam09,2026-09-20T20:20:01.409Z,2026-09-21 05:10:17,,11.548,0.320,サーバー(直接取得)
cam11,2026-09-20T20:20:01.421Z,2026-09-21 05:10:07,,12.190,0.588,サーバー(直接取得)
cam12,2026-09-20T20:20:01.453Z,2026-09-21 05:10:07,,12.203,-0.049,サーバー(直接取得)
cam13,2026-09-20T20:20:01.485Z,2026-09-21 05:10:06,,12.357,0.128,サーバー(直接取得)
cam14,2026-09-20T20:20:01.693Z,2026-09-21 05:10:18,,11.987,0.087,サーバー(直接取得)
cam36,2026-09-20T20:20:01.696Z,2026-09-21 05:10:06,,12.383,0.043,サーバー(直接取得)
cam39,2026-09-20T20:20:01.776Z,2026-09-21 05:18:05,,13.407,-4.989,サーバー(直接取得)
cam40,2026-09-20T20:20:01.782Z,2026-09-21 05:10:06,,12.308,0.478,サーバー(直接取得)
cam41,2026-09-20T20:20:01.914Z,2026-09-21 05:10:03,,12.431,0.189,サーバー(直接取得)
cam42,2026-09-20T20:20:02.014Z,2026-09-21 05:10:11,,12.031,0.500,サーバー(直接取得)
cam43,2026-09-20T20:20:02.089Z,2026-09-21 05:10:14,,11.517,0.530,サーバー(直接取得)
cam44,2026-09-20T20:20:02.099Z,2026-09-21 05:10:03,,12.238,0.180,サーバー(直接取得)
cam45,2026-09-20T20:20:02.207Z,2026-09-21 05:10:03,,12.273,0.390,サーバー(直接取得)
cam46,2026-09-20T20:20:02.306Z,2026-09-21 05:10:11,,11.921,0.820,サーバー(直接取得)
cam47,2026-09-20T20:20:02.307Z,2026-09-21 05:10:07,,12.093,0.469,サーバー(直接取得)
cam48,2026-09-20T20:20:02.384Z,2026-09-21 05:10:03,,13.741,-15.350,サーバー(直接取得)
cam50,2026-09-20T20:20:02.394Z,2026-09-21 05:19:00,,13.500,0.360,サーバー(直接取得)
cam51,2026-09-20T20:20:02.520Z,2026-09-21 05:18:16,,13.618,0.350,サーバー(直接取得)
cam52,2026-09-20T20:20:02.582Z,2026-09-21 05:10:13,,11.996,0.310,サーバー(直接取得)
cam53,2026-09-20T20:20:02.627Z,2026-09-21 05:10:11,,12.308,0.260,サーバー(直接取得)
cam54,2026-09-20T20:20:02.637Z,2026-09-21 05:10:20,,11.965,0.090,サーバー(直接取得)
cam55,2026-09-20T20:20:02.674Z,2026-09-21 05:10:21,,12.009,0.730,サーバー(直接取得)
kw01,2026-09-20T20:20:02.775Z,2026/09/21 05:10,,,0.800,サーバー(国交省 川の防災情報)
kw02,2026-09-20T20:20:02.831Z,2026/09/21 05:10,,,0.570,サーバー(国交省 川の防災情報)
kw03,2026-09-20T20:20:02.885Z,2026/09/21 05:10,,,1.250,サーバー(国交省 川の防災情報)
kw04,2026-09-20T20:20:02.890Z,2026/09/21 05:10,,,0.990,サーバー(国交省 川の防災情報)
kw05,2026-09-20T20:20:02.932Z,2026/09/20 09:00,,,-1.240,サーバー(国交省 川の防災情報)
kw06,2026-09-20T20:20:03.705Z,2026/09/20 09:00,,,-2.490,サーバー(国交省 川の防災情報)
kw07,2026-09-20T20:20:03.968Z,2026/09/20 09:00,,,-4.210,サーバー(国交省 川の防災情報)
kw08,2026-09-20T20:20:03.998Z,2026/09/21 05:10,,,0.860,サーバー(国交省 川の防災情報)
kw09,2026-09-20T20:20:04.010Z,2026/09/20 10:00,,,-4.040,サーバー(国交省 川の防災情報)
kw10,2026-09-20T20:20:04.274Z,2026/09/21 05:10,,,0.430,サーバー(国交省 川の防災情報)
kw11,2026-09-20T20:20:04.416Z,2026/09/21 05:10,,,1.140,サーバー(国交省 川の防災情報)
kw01,2026-09-20T20:30:00.250Z,2026/09/21 05:20,,,0.840,サーバー(国交省 川の防災情報)
kw02,2026-09-20T20:30:00.306Z,2026/09/21 05:20,,,0.630,サーバー(国交省 川の防災情報)
kw03,2026-09-20T20:30:00.307Z,2026/09/21 05:20,,,1.270,サーバー(国交省 川の防災情報)
kw04,2026-09-20T20:30:00.308Z,2026/09/21 05:20,,,1.000,サーバー(国交省 川の防災情報)
kw05,2026-09-20T20:30:00.309Z,2026/09/20 09:00,,,-1.240,サーバー(国交省 川の防災情報)
kw06,2026-09-20T20:30:01.562Z,2026/09/20 09:00,,,-2.490,サーバー(国交省 川の防災情報)
kw07,2026-09-20T20:30:01.656Z,2026/09/20 09:00,,,-4.210,サーバー(国交省 川の防災情報)
kw08,2026-09-20T20:30:01.667Z,2026/09/21 05:20,,,0.940,サーバー(国交省 川の防災情報)
kw09,2026-09-20T20:30:01.675Z,2026/09/20 10:00,,,-4.040,サーバー(国交省 川の防災情報)
kw10,2026-09-20T20:30:01.683Z,2026/09/21 05:20,,,0.500,サーバー(国交省 川の防災情報)
kw11,2026-09-20T20:30:02.059Z,2026/09/21 05:20,,,1.150,サーバー(国交省 川の防災情報)
kw01,2026-09-20T20:40:00.442Z,2026/09/21 05:30,,,0.930,サーバー(国交省 川の防災情報)
kw02,2026-09-20T20:40:00.499Z,2026/09/21 05:30,,,0.760,サーバー(国交省 川の防災情報)
kw03,2026-09-20T20:40:00.500Z,2026/09/21 05:30,,,1.350,サーバー(国交省 川の防災情報)
kw04,2026-09-20T20:40:00.501Z,2026/09/21 05:30,,,1.030,サーバー(国交省 川の防災情報)
kw05,2026-09-20T20:40:00.502Z,2026/09/20 09:00,,,-1.240,サーバー(国交省 川の防災情報)
kw06,2026-09-20T20:40:01.319Z,2026/09/20 09:00,,,-2.490,サーバー(国交省 川の防災情報)
kw07,2026-09-20T20:40:01.325Z,2026/09/20 09:00,,,-4.210,サーバー(国交省 川の防災情報)
kw08,2026-09-20T20:40:01.346Z,2026/09/21 05:30,,,1.040,サーバー(国交省 川の防災情報)
kw09,2026-09-20T20:40:01.755Z,2026/09/20 10:00,,,-4.040,サーバー(国交省 川の防災情報)
kw10,2026-09-20T20:40:01.765Z,2026/09/21 05:30,,,0.670,サーバー(国交省 川の防災情報)
kw11,2026-09-20T20:40:01.806Z,2026/09/21 05:30,,,1.160,サーバー(国交省 川の防災情報)
cam02,2026-09-20T20:50:00.147Z,2026-09-21 05:40:07,,12.176,1.100,サーバー(直接取得)
cam03,2026-09-20T20:50:00.149Z,2026-09-21 05:40:14,,11.979,-4.580,サーバー(直接取得)
cam04,2026-09-20T20:50:00.150Z,2026-09-21 05:40:07,,12.238,1.060,サーバー(直接取得)
cam08,2026-09-20T20:50:00.151Z,2026-09-21 05:40:21,,12.128,0.180,サーバー(直接取得)
cam09,2026-09-20T20:50:01.224Z,2026-09-21 05:40:18,,11.645,0.330,サーバー(直接取得)
cam11,2026-09-20T20:50:01.231Z,2026-09-21 05:40:06,,12.295,0.699,サーバー(直接取得)
cam12,2026-09-20T20:50:01.470Z,2026-09-21 05:40:07,,12.216,-0.026,サーバー(直接取得)
cam13,2026-09-20T20:50:01.525Z,2026-09-21 05:40:06,,12.370,0.154,サーバー(直接取得)
cam14,2026-09-20T20:50:01.618Z,2026-09-21 05:40:14,,12.084,0.127,サーバー(直接取得)
cam36,2026-09-20T20:50:01.658Z,2026-09-21 05:40:06,,12.462,0.044,サーバー(直接取得)
cam39,2026-09-20T20:50:01.736Z,2026-09-21 05:48:05,,13.381,0.064,サーバー(直接取得)
cam40,2026-09-20T20:50:01.785Z,2026-09-21 05:40:07,,12.392,0.645,サーバー(直接取得)
cam41,2026-09-20T20:50:01.809Z,2026-09-21 05:40:03,,12.431,0.213,サーバー(直接取得)
cam42,2026-09-20T20:50:01.931Z,2026-09-21 05:40:14,,12.031,0.560,サーバー(直接取得)
cam43,2026-09-20T20:50:02.026Z,2026-09-21 05:40:15,,11.587,0.530,サーバー(直接取得)
cam44,2026-09-20T20:50:02.331Z,2026-09-21 05:40:03,,12.238,0.190,サーバー(直接取得)
cam45,2026-09-20T20:50:02.344Z,2026-09-21 05:40:03,,12.264,0.390,サーバー(直接取得)
cam46,2026-09-20T20:50:02.417Z,2026-09-21 05:40:17,,11.992,0.690,サーバー(直接取得)
cam47,2026-09-20T20:50:02.449Z,2026-09-21 05:40:07,,12.176,0.481,サーバー(直接取得)
cam48,2026-09-20T20:50:02.615Z,2026-09-21 05:40:03,,13.750,-15.380,サーバー(直接取得)
cam50,2026-09-20T20:50:02.628Z,2026-09-21 05:49:00,,13.504,0.380,サーバー(直接取得)
cam51,2026-09-20T20:50:02.688Z,2026-09-21 05:48:21,,13.605,0.240,サーバー(直接取得)
cam52,2026-09-20T20:50:02.720Z,2026-09-21 05:40:22,,12.093,0.320,サーバー(直接取得)
cam53,2026-09-20T20:50:02.872Z,2026-09-21 05:40:23,,12.330,0.480,サーバー(直接取得)
cam54,2026-09-20T20:50:02.883Z,2026-09-21 05:40:20,,11.983,0.110,サーバー(直接取得)
cam55,2026-09-20T20:50:02.949Z,2026-09-21 05:40:21,,11.957,0.730,サーバー(直接取得)
kw01,2026-09-20T20:50:02.978Z,2026/09/21 05:40,,,0.970,サーバー(国交省 川の防災情報)
kw02,2026-09-20T20:50:03.035Z,2026/09/21 05:40,,,0.880,サーバー(国交省 川の防災情報)
kw03,2026-09-20T20:50:03.122Z,2026/09/21 05:40,,,1.390,サーバー(国交省 川の防災情報)
kw04,2026-09-20T20:50:03.143Z,2026/09/21 05:40,,,1.070,サーバー(国交省 川の防災情報)
kw05,2026-09-20T20:50:03.202Z,2026/09/20 09:00,,,-1.240,サーバー(国交省 川の防災情報)
kw06,2026-09-20T20:50:04.040Z,2026/09/20 09:00,,,-2.490,サーバー(国交省 川の防災情報)
kw07,2026-09-20T20:50:04.273Z,2026/09/20 09:00,,,-4.210,サーバー(国交省 川の防災情報)
kw08,2026-09-20T20:50:04.395Z,2026/09/21 05:40,,,1.150,サーバー(国交省 川の防災情報)
kw09,2026-09-20T20:50:04.720Z,2026/09/20 10:00,,,-4.040,サーバー(国交省 川の防災情報)
kw10,2026-09-20T20:50:04.790Z,2026/09/21 05:40,,,0.710,サーバー(国交省 川の防災情報)
kw11,2026-09-20T20:50:04.936Z,2026/09/21 05:40,,,1.190,サーバー(国交省 川の防災情報)
kw01,2026-09-20T21:00:00.867Z,2026/09/21 05:50,,,0.990,サーバー(国交省 川の防災情報)
kw02,2026-09-20T21:00:00.924Z,2026/09/21 05:50,,,0.920,サーバー(国交省 川の防災情報)
kw03,2026-09-20T21:00:00.925Z,2026/09/21 05:50,,,1.390,サーバー(国交省 川の防災情報)
kw04,2026-09-20T21:00:00.926Z,2026/09/21 05:50,,,1.040,サーバー(国交省 川の防災情報)
kw05,2026-09-20T21:00:00.927Z,2026/09/20 09:00,,,-1.240,サーバー(国交省 川の防災情報)
kw06,2026-09-20T21:00:01.780Z,2026/09/20 09:00,,,-2.490,サーバー(国交省 川の防災情報)
kw07,2026-09-20T21:00:01.948Z,2026/09/20 09:00,,,-4.210,サーバー(国交省 川の防災情報)
kw08,2026-09-20T21:00:02.382Z,2026/09/21 05:50,,,1.270,サーバー(国交省 川の防災情報)
kw09,2026-09-20T21:00:02.515Z,2026/09/20 10:00,,,-4.040,サーバー(国交省 川の防災情報)
kw10,2026-09-20T21:00:02.542Z,2026/09/21 05:50,,,0.700,サーバー(国交省 川の防災情報)
kw11,2026-09-20T21:00:02.813Z,2026/09/21 05:50,,,1.210,サーバー(国交省 川の防災情報)
kw01,2026-09-20T21:10:00.097Z,2026/09/21 06:00,,,0.940,サーバー(国交省 川の防災情報)
kw02,2026-09-20T21:10:00.154Z,2026/09/21 06:00,,,0.920,サーバー(国交省 川の防災情報)
kw03,2026-09-20T21:10:00.155Z,2026/09/21 06:00,,,1.370,サーバー(国交省 川の防災情報)
kw04,2026-09-20T21:10:00.156Z,2026/09/21 06:00,,,1.010,サーバー(国交省 川の防災情報)
kw05,2026-09-20T21:10:00.157Z,2026/09/20 09:00,,,-1.240,サーバー(国交省 川の防災情報)
kw06,2026-09-20T21:10:00.892Z,2026/09/20 09:00,,,-2.490,サーバー(国交省 川の防災情報)
kw07,2026-09-20T21:10:01.174Z,2026/09/20 09:00,,,-4.210,サーバー(国交省 川の防災情報)
kw08,2026-09-20T21:10:01.441Z,2026/09/21 06:00,,,1.330,サーバー(国交省 川の防災情報)
kw09,2026-09-20T21:10:01.446Z,2026/09/20 10:00,,,-4.040,サーバー(国交省 川の防災情報)
kw10,2026-09-20T21:10:01.477Z,2026/09/21 06:00,,,0.710,サーバー(国交省 川の防災情報)
kw11,2026-09-20T21:10:01.536Z,2026/09/21 06:00,,,1.220,サーバー(国交省 川の防災情報)
cam02,2026-09-20T21:20:01.024Z,2026-09-21 06:10:08,,12.190,1.200,サーバー(直接取得)
cam03,2026-09-20T21:20:01.025Z,2026-09-21 06:10:15,,11.983,-4.580,サーバー(直接取得)
cam04,2026-09-20T21:20:01.026Z,2026-09-21 06:10:07,,12.260,1.040,サーバー(直接取得)
cam08,2026-09-20T21:20:01.027Z,2026-09-21 05:40:21,,12.128,0.180,サーバー(直接取得)
cam09,2026-09-20T21:20:02.085Z,2026-09-21 06:10:25,,11.684,0.320,サーバー(直接取得)
cam11,2026-09-20T21:20:02.248Z,2026-09-21 06:10:06,,12.321,0.620,サーバー(直接取得)
cam12,2026-09-20T21:20:02.512Z,2026-09-21 06:10:07,,12.225,-0.051,サーバー(直接取得)
cam13,2026-09-20T21:20:02.586Z,2026-09-21 06:10:07,,12.396,0.094,サーバー(直接取得)
cam14,2026-09-20T21:20:02.587Z,2026-09-21 06:10:17,,12.075,0.087,サーバー(直接取得)
cam36,2026-09-20T21:20:02.597Z,2026-09-21 06:10:07,,12.489,0.031,サーバー(直接取得)
cam39,2026-09-20T21:20:02.598Z,2026-09-21 06:18:06,,13.385,0.060,サーバー(直接取得)
cam40,2026-09-20T21:20:02.840Z,2026-09-21 06:10:07,,12.414,0.576,サーバー(直接取得)
cam41,2026-09-20T21:20:02.849Z,2026-09-21 06:10:03,,12.445,0.162,サーバー(直接取得)
cam42,2026-09-20T21:20:02.867Z,2026-09-21 06:10:18,,12.058,0.460,サーバー(直接取得)
cam43,2026-09-20T21:20:02.905Z,2026-09-21 06:10:19,,11.605,0.520,サーバー(直接取得)
cam44,2026-09-20T21:20:03.121Z,2026-09-21 06:10:03,,12.247,0.170,サーバー(直接取得)
cam45,2026-09-20T21:20:03.134Z,2026-09-21 06:10:03,,12.278,0.370,サーバー(直接取得)
cam46,2026-09-20T21:20:03.157Z,2026-09-21 06:10:18,,12.027,0.670,サーバー(直接取得)
cam47,2026-09-20T21:20:03.160Z,2026-09-21 06:10:06,,12.203,0.458,サーバー(直接取得)
cam48,2026-09-20T21:20:03.372Z,2026-09-21 06:10:03,,13.741,-15.450,サーバー(直接取得)
cam50,2026-09-20T21:20:03.398Z,2026-09-21 06:19:00,,13.504,0.250,サーバー(直接取得)
cam51,2026-09-20T21:20:03.406Z,2026-09-21 06:18:20,,13.601,0.190,サーバー(直接取得)
cam52,2026-09-20T21:20:03.508Z,2026-09-21 06:10:27,,12.110,0.320,サーバー(直接取得)
cam53,2026-09-20T21:20:03.625Z,2026-09-21 06:10:03,,12.361,0.260,サーバー(直接取得)
cam54,2026-09-20T21:20:03.662Z,2026-09-21 06:10:21,,12.023,0.100,サーバー(直接取得)
cam55,2026-09-20T21:20:03.663Z,2026-09-21 06:10:21,,12.005,0.730,サーバー(直接取得)
kw01,2026-09-20T21:20:03.735Z,2026/09/21 06:10,,,0.880,サーバー(国交省 川の防災情報)
kw02,2026-09-20T21:20:03.773Z,2026/09/21 06:10,,,0.870,サーバー(国交省 川の防災情報)
kw03,2026-09-20T21:20:03.894Z,2026/09/21 06:10,,,1.340,サーバー(国交省 川の防災情報)
kw04,2026-09-20T21:20:03.921Z,2026/09/21 06:10,,,0.990,サーバー(国交省 川の防災情報)
kw05,2026-09-20T21:20:03.930Z,2026/09/20 09:00,,,-1.240,サーバー(国交省 川の防災情報)
kw06,2026-09-20T21:20:04.879Z,2026/09/20 09:00,,,-2.490,サーバー(国交省 川の防災情報)
kw07,2026-09-20T21:20:04.928Z,2026/09/20 09:00,,,-4.210,サーバー(国交省 川の防災情報)
kw08,2026-09-20T21:20:04.948Z,2026/09/21 06:10,,,1.360,サーバー(国交省 川の防災情報)
kw09,2026-09-20T21:20:05.061Z,2026/09/20 10:00,,,-4.040,サーバー(国交省 川の防災情報)
kw10,2026-09-20T21:20:05.209Z,2026/09/21 06:10,,,0.710,サーバー(国交省 川の防災情報)
kw11,2026-09-20T21:20:05.440Z,2026/09/21 06:10,,,1.240,サーバー(国交省 川の防災情報)
kw01,2026-09-20T21:30:00.124Z,2026/09/21 06:20,,,0.820,サーバー(国交省 川の防災情報)
kw02,2026-09-20T21:30:00.180Z,2026/09/21 06:20,,,0.810,サーバー(国交省 川の防災情報)
kw03,2026-09-20T21:30:00.181Z,2026/09/21 06:20,,,1.310,サーバー(国交省 川の防災情報)
kw04,2026-09-20T21:30:00.182Z,2026/09/21 06:20,,,0.970,サーバー(国交省 川の防災情報)
kw05,2026-09-20T21:30:00.183Z,2026/09/20 09:00,,,-1.240,サーバー(国交省 川の防災情報)
kw06,2026-09-20T21:30:01.056Z,2026/09/20 09:00,,,-2.490,サーバー(国交省 川の防災情報)
kw07,2026-09-20T21:30:01.200Z,2026/09/20 09:00,,,-4.210,サーバー(国交省 川の防災情報)
kw08,2026-09-20T21:30:01.561Z,2026/09/21 06:20,,,1.350,サーバー(国交省 川の防災情報)
kw09,2026-09-20T21:30:01.573Z,2026/09/20 10:00,,,-4.040,サーバー(国交省 川の防災情報)
kw10,2026-09-20T21:30:01.711Z,2026/09/21 06:20,,,0.690,サーバー(国交省 川の防災情報)
kw11,2026-09-20T21:30:01.729Z,2026/09/21 06:20,,,1.250,サーバー(国交省 川の防災情報)
kw01,2026-09-20T21:40:00.279Z,2026/09/21 06:30,,,0.770,サーバー(国交省 川の防災情報)
kw02,2026-09-20T21:40:00.335Z,2026/09/21 06:30,,,0.730,サーバー(国交省 川の防災情報)
kw03,2026-09-20T21:40:00.337Z,2026/09/21 06:30,,,1.300,サーバー(国交省 川の防災情報)
kw04,2026-09-20T21:40:00.338Z,2026/09/21 06:30,,,0.950,サーバー(国交省 川の防災情報)
kw05,2026-09-20T21:40:00.339Z,2026/09/20 09:00,,,-1.240,サーバー(国交省 川の防災情報)
kw06,2026-09-20T21:40:01.280Z,2026/09/20 09:00,,,-2.490,サーバー(国交省 川の防災情報)
kw07,2026-09-20T21:40:01.567Z,2026/09/20 09:00,,,-4.210,サーバー(国交省 川の防災情報)
kw08,2026-09-20T21:40:01.600Z,2026/09/21 06:30,,,1.310,サーバー(国交省 川の防災情報)
kw09,2026-09-20T21:40:01.744Z,2026/09/20 10:00,,,-4.040,サーバー(国交省 川の防災情報)
kw10,2026-09-20T21:40:01.778Z,2026/09/21 06:30,,,0.650,サーバー(国交省 川の防災情報)
kw11,2026-09-20T21:40:01.841Z,2026/09/21 06:30,,,1.260,サーバー(国交省 川の防災情報)
cam02,2026-09-20T21:50:00.291Z,2026-09-21 06:40:07,,12.229,1.250,サーバー(直接取得)
cam03,2026-09-20T21:50:00.292Z,2026-09-21 06:40:13,,12.014,-4.580,サーバー(直接取得)
cam04,2026-09-20T21:50:00.293Z,2026-09-21 06:40:07,,12.291,1.050,サーバー(直接取得)
cam08,2026-09-20T21:50:00.294Z,2026-09-21 06:40:21,,12.190,0.170,サーバー(直接取得)
cam09,2026-09-20T21:50:01.250Z,2026-09-21 06:40:22,,11.693,0.320,サーバー(直接取得)
cam11,2026-09-20T21:50:01.253Z,2026-09-21 06:40:06,,12.335,0.554,サーバー(直接取得)
cam12,2026-09-20T21:50:01.495Z,2026-09-21 06:40:07,,12.256,-0.051,サーバー(直接取得)
cam13,2026-09-20T21:50:01.517Z,2026-09-21 06:40:07,,12.427,0.083,サーバー(直接取得)
cam14,2026-09-20T21:50:01.656Z,2026-09-21 06:40:18,,12.124,0.077,サーバー(直接取得)
cam36,2026-09-20T21:50:01.672Z,2026-09-21 06:40:07,,12.515,0.031,サーバー(直接取得)
cam39,2026-09-20T21:50:01.678Z,2026-09-21 06:48:06,,13.381,0.062,サーバー(直接取得)
cam40,2026-09-20T21:50:01.759Z,2026-09-21 06:40:07,,12.445,0.508,サーバー(直接取得)
cam41,2026-09-20T21:50:01.798Z,2026-09-21 06:40:03,,12.462,0.152,サーバー(直接取得)
cam42,2026-09-20T21:50:01.986Z,2026-09-21 06:40:19,,12.071,0.440,サーバー(直接取得)
cam43,2026-09-20T21:50:02.039Z,2026-09-21 06:40:16,,11.631,0.520,サーバー(直接取得)
cam44,2026-09-20T21:50:02.050Z,2026-09-21 06:40:03,,12.247,0.170,サーバー(直接取得)
cam45,2026-09-20T21:50:02.194Z,2026-09-21 06:40:03,,12.300,0.370,サーバー(直接取得)
cam46,2026-09-20T21:50:02.257Z,2026-09-21 06:40:19,,12.036,0.640,サーバー(直接取得)
cam47,2026-09-20T21:50:02.362Z,2026-09-21 06:40:06,,12.225,0.424,サーバー(直接取得)
cam48,2026-09-20T21:50:02.367Z,2026-09-21 06:40:03,,13.759,-15.480,サーバー(直接取得)
cam50,2026-09-20T21:50:02.483Z,2026-09-21 06:49:00,,13.504,0.230,サーバー(直接取得)
cam51,2026-09-20T21:50:02.612Z,2026-09-21 06:48:19,,13.601,0.170,サーバー(直接取得)
cam52,2026-09-20T21:50:02.624Z,2026-09-21 06:40:25,,12.128,0.310,サーバー(直接取得)
cam53,2026-09-20T21:50:02.644Z,2026-09-21 06:40:15,,12.343,0.210,サーバー(直接取得)
cam54,2026-09-20T21:50:02.736Z,2026-09-21 06:40:21,,12.040,0.090,サーバー(直接取得)
cam55,2026-09-20T21:50:02.868Z,2026-09-21 06:40:21,,12.023,0.730,サーバー(直接取得)
kw01,2026-09-20T21:50:02.876Z,2026/09/21 06:40,,,0.750,サーバー(国交省 川の防災情報)
kw02,2026-09-20T21:50:02.907Z,2026/09/21 06:40,,,0.670,サーバー(国交省 川の防災情報)
kw03,2026-09-20T21:50:02.991Z,2026/09/21 06:40,,,1.290,サーバー(国交省 川の防災情報)
kw04,2026-09-20T21:50:03.115Z,2026/09/21 06:40,,,0.950,サーバー(国交省 川の防災情報)
kw05,2026-09-20T21:50:03.120Z,2026/09/20 09:00,,,-1.240,サーバー(国交省 川の防災情報)
kw06,2026-09-20T21:50:03.671Z,2026/09/20 09:00,,,-2.490,サーバー(国交省 川の防災情報)
kw07,2026-09-20T21:50:03.847Z,2026/09/20 09:00,,,-4.210,サーバー(国交省 川の防災情報)
kw08,2026-09-20T21:50:04.045Z,2026/09/21 06:40,,,1.240,サーバー(国交省 川の防災情報)
kw09,2026-09-20T21:50:04.055Z,2026/09/20 10:00,,,-4.040,サーバー(国交省 川の防災情報)
kw10,2026-09-20T21:50:04.101Z,2026/09/21 06:40,,,0.610,サーバー(国交省 川の防災情報)
kw11,2026-09-20T21:50:04.306Z,2026/09/21 06:40,,,1.280,サーバー(国交省 川の防災情報)
kw01,2026-09-20T22:00:00.212Z,2026/09/21 06:50,,,0.730,サーバー(国交省 川の防災情報)
kw02,2026-09-20T22:00:00.269Z,2026/09/21 06:50,,,0.620,サーバー(国交省 川の防災情報)
kw03,2026-09-20T22:00:00.270Z,2026/09/21 06:50,,,1.280,サーバー(国交省 川の防災情報)
kw04,2026-09-20T22:00:00.271Z,2026/09/21 06:50,,,0.940,サーバー(国交省 川の防災情報)
kw05,2026-09-20T22:00:00.272Z,2026/09/20 09:00,,,-1.240,サーバー(国交省 川の防災情報)
kw06,2026-09-20T22:00:00.952Z,2026/09/20 09:00,,,-2.490,サーバー(国交省 川の防災情報)
kw07,2026-09-20T22:00:00.981Z,2026/09/20 09:00,,,-4.210,サーバー(国交省 川の防災情報)
kw08,2026-09-20T22:00:01.037Z,2026/09/21 06:50,,,1.180,サーバー(国交省 川の防災情報)
kw09,2026-09-20T22:00:01.073Z,2026/09/20 10:00,,,-4.040,サーバー(国交省 川の防災情報)
kw10,2026-09-20T22:00:01.452Z,2026/09/21 06:50,,,0.580,サーバー(国交省 川の防災情報)
kw11,2026-09-20T22:00:01.469Z,2026/09/21 06:50,,,1.300,サーバー(国交省 川の防災情報)
kw01,2026-09-20T22:10:00.615Z,2026/09/21 07:00,,,0.720,サーバー(国交省 川の防災情報)
kw02,2026-09-20T22:10:00.671Z,2026/09/21 07:00,,,0.580,サーバー(国交省 川の防災情報)
kw03,2026-09-20T22:10:00.672Z,2026/09/21 07:00,,,1.270,サーバー(国交省 川の防災情報)
kw04,2026-09-20T22:10:00.674Z,2026/09/21 07:00,,,0.920,サーバー(国交省 川の防災情報)
kw05,2026-09-20T22:10:00.675Z,2026/09/20 09:00,,,-1.240,サーバー(国交省 川の防災情報)
kw06,2026-09-20T22:10:01.420Z,2026/09/20 09:00,,,-2.490,サーバー(国交省 川の防災情報)
kw07,2026-09-20T22:10:01.463Z,2026/09/20 09:00,,,-4.210,サーバー(国交省 川の防災情報)
kw08,2026-09-20T22:10:01.477Z,2026/09/21 07:00,,,1.120,サーバー(国交省 川の防災情報)
kw09,2026-09-20T22:10:01.482Z,2026/09/20 10:00,,,-4.040,サーバー(国交省 川の防災情報)
kw10,2026-09-20T22:10:01.894Z,2026/09/21 07:00,,,0.540,サーバー(国交省 川の防災情報)
kw11,2026-09-20T22:10:01.897Z,2026/09/21 07:00,,,1.310,サーバー(国交省 川の防災情報)
cam02,2026-09-20T22:20:00.863Z,2026-09-21 07:10:07,,12.247,1.270,サーバー(直接取得)
cam03,2026-09-20T22:20:00.864Z,2026-09-21 07:10:15,,12.031,-4.580,サーバー(直接取得)
cam04,2026-09-20T22:20:00.865Z,2026-09-21 07:10:07,,12.321,1.020,サーバー(直接取得)
cam08,2026-09-20T22:20:00.866Z,2026-09-21 07:10:22,,12.220,0.150,サーバー(直接取得)
cam09,2026-09-20T22:20:01.883Z,2026-09-21 07:10:21,,11.719,0.310,サーバー(直接取得)
cam11,2026-09-20T22:20:01.890Z,2026-09-21 07:10:06,,12.357,0.548,サーバー(直接取得)
cam12,2026-09-20T22:20:02.060Z,2026-09-21 07:10:07,,12.286,-0.051,サーバー(直接取得)
cam13,2026-09-20T22:20:02.099Z,2026-09-21 07:10:07,,12.462,0.078,サーバー(直接取得)
cam14,2026-09-20T22:20:02.252Z,2026-09-21 07:10:23,,12.128,0.067,サーバー(直接取得)
cam36,2026-09-20T22:20:02.254Z,2026-09-21 07:10:07,,12.572,0.030,サーバー(直接取得)
cam39,2026-09-20T22:20:02.300Z,2026-09-21 07:18:06,,13.381,0.065,サーバー(直接取得)
cam40,2026-09-20T22:20:02.570Z,2026-09-21 07:10:07,,12.458,0.468,サーバー(直接取得)
cam41,2026-09-20T22:20:02.572Z,2026-09-21 07:10:03,,12.511,0.149,サーバー(直接取得)
cam42,2026-09-20T22:20:02.586Z,2026-09-21 07:10:17,,12.075,0.440,サーバー(直接取得)
cam43,2026-09-20T22:20:02.618Z,2026-09-21 07:10:16,,11.636,0.520,サーバー(直接取得)
cam44,2026-09-20T22:20:02.847Z,2026-09-21 07:10:03,,12.251,0.170,サーバー(直接取得)
cam45,2026-09-20T22:20:02.866Z,2026-09-21 07:10:03,,12.300,0.370,サーバー(直接取得)
cam46,2026-09-20T22:20:02.923Z,2026-09-21 07:10:19,,12.040,0.820,サーバー(直接取得)
cam47,2026-09-20T22:20:02.950Z,2026-09-21 07:10:07,,12.247,0.413,サーバー(直接取得)
cam48,2026-09-20T22:20:03.186Z,2026-09-21 07:10:03,,13.759,-15.420,サーバー(直接取得)
cam50,2026-09-20T22:20:03.192Z,2026-09-21 07:16:00,,13.504,0.210,サーバー(直接取得)
cam51,2026-09-20T22:20:03.194Z,2026-09-21 07:18:22,,13.601,0.150,サーバー(直接取得)
cam52,2026-09-20T22:20:03.207Z,2026-09-21 07:10:26,,12.181,0.310,サーバー(直接取得)
cam53,2026-09-20T22:20:03.228Z,2026-09-21 07:10:28,,12.414,0.190,サーバー(直接取得)
cam54,2026-09-20T22:20:03.443Z,2026-09-21 07:10:20,,12.067,0.090,サーバー(直接取得)
cam55,2026-09-20T22:20:03.446Z,2026-09-21 07:10:21,,12.036,0.730,サーバー(直接取得)
kw01,2026-09-20T22:20:03.469Z,2026/09/21 07:10,,,0.700,サーバー(国交省 川の防災情報)
kw02,2026-09-20T22:20:03.472Z,2026/09/21 07:10,,,0.550,サーバー(国交省 川の防災情報)
kw03,2026-09-20T22:20:03.481Z,2026/09/21 07:10,,,1.260,サーバー(国交省 川の防災情報)
kw04,2026-09-20T22:20:03.704Z,2026/09/21 07:10,,,0.910,サーバー(国交省 川の防災情報)
kw05,2026-09-20T22:20:03.709Z,2026/09/20 09:00,,,-1.240,サーバー(国交省 川の防災情報)
kw06,2026-09-20T22:20:04.114Z,2026/09/20 09:00,,,-2.490,サーバー(国交省 川の防災情報)
kw07,2026-09-20T22:20:04.148Z,2026/09/20 09:00,,,-4.210,サーバー(国交省 川の防災情報)
kw08,2026-09-20T22:20:04.160Z,2026/09/21 07:10,,,1.060,サーバー(国交省 川の防災情報)
kw09,2026-09-20T22:20:04.484Z,2026/09/20 10:00,,,-4.040,サーバー(国交省 川の防災情報)
kw10,2026-09-20T22:20:04.570Z,2026/09/21 07:10,,,0.510,サーバー(国交省 川の防災情報)
kw11,2026-09-20T22:20:04.707Z,2026/09/21 07:10,,,1.310,サーバー(国交省 川の防災情報)
kw01,2026-09-20T22:30:00.570Z,2026/09/21 07:20,,,0.690,サーバー(国交省 川の防災情報)
kw02,2026-09-20T22:30:00.626Z,2026/09/21 07:20,,,0.520,サーバー(国交省 川の防災情報)
kw03,2026-09-20T22:30:00.628Z,2026/09/21 07:20,,,1.250,サーバー(国交省 川の防災情報)
kw04,2026-09-20T22:30:00.629Z,2026/09/21 07:20,,,0.890,サーバー(国交省 川の防災情報)
kw05,2026-09-20T22:30:00.630Z,2026/09/20 09:00,,,-1.240,サーバー(国交省 川の防災情報)
kw06,2026-09-20T22:30:01.564Z,2026/09/20 09:00,,,-2.490,サーバー(国交省 川の防災情報)
kw07,2026-09-20T22:30:01.620Z,2026/09/20 09:00,,,-4.210,サーバー(国交省 川の防災情報)
kw08,2026-09-20T22:30:02.072Z,2026/09/21 07:20,,,1.020,サーバー(国交省 川の防災情報)
kw09,2026-09-20T22:30:02.106Z,2026/09/20 10:00,,,-4.040,サーバー(国交省 川の防災情報)
kw10,2026-09-20T22:30:02.197Z,2026/09/21 07:20,,,0.480,サーバー(国交省 川の防災情報)
kw11,2026-09-20T22:30:02.344Z,2026/09/21 07:20,,,1.310,サーバー(国交省 川の防災情報)
kw01,2026-09-20T22:40:00.079Z,2026/09/21 07:30,,,0.680,サーバー(国交省 川の防災情報)
kw02,2026-09-20T22:40:00.135Z,2026/09/21 07:30,,,0.500,サーバー(国交省 川の防災情報)
kw03,2026-09-20T22:40:00.136Z,2026/09/21 07:30,,,1.240,サーバー(国交省 川の防災情報)
kw04,2026-09-20T22:40:00.137Z,2026/09/21 07:30,,,0.890,サーバー(国交省 川の防災情報)
kw05,2026-09-20T22:40:00.138Z,2026/09/20 09:00,,,-1.240,サーバー(国交省 川の防災情報)
kw06,2026-09-20T22:40:00.965Z,2026/09/20 09:00,,,-2.490,サーバー(国交省 川の防災情報)
kw07,2026-09-20T22:40:00.967Z,2026/09/20 09:00,,,-4.210,サーバー(国交省 川の防災情報)
kw08,2026-09-20T22:40:01.302Z,2026/09/21 07:30,,,0.980,サーバー(国交省 川の防災情報)
kw09,2026-09-20T22:40:01.362Z,2026/09/20 10:00,,,-4.040,サーバー(国交省 川の防災情報)
kw10,2026-09-20T22:40:01.410Z,2026/09/21 07:30,,,0.460,サーバー(国交省 川の防災情報)
kw11,2026-09-20T22:40:01.480Z,2026/09/21 07:30,,,1.320,サーバー(国交省 川の防災情報)
cam02,2026-09-20T22:50:00.627Z,2026-09-21 07:40:07,,12.251,1.290,サーバー(直接取得)
cam03,2026-09-20T22:50:00.628Z,2026-09-21 07:40:14,,12.027,-4.550,サーバー(直接取得)
cam04,2026-09-20T22:50:00.629Z,2026-09-21 07:40:07,,12.352,1.060,サーバー(直接取得)
cam08,2026-09-20T22:50:00.630Z,2026-09-21 07:30:21,,12.216,0.150,サーバー(直接取得)
cam09,2026-09-20T22:50:01.610Z,2026-09-21 07:40:23,,11.750,0.300,サーバー(直接取得)
cam11,2026-09-20T22:50:01.631Z,2026-09-21 07:40:06,,12.431,0.502,サーバー(直接取得)
cam12,2026-09-20T22:50:01.859Z,2026-09-21 07:40:07,,12.295,-0.054,サーバー(直接取得)
cam13,2026-09-20T22:50:02.135Z,2026-09-21 07:40:07,,12.489,0.075,サーバー(直接取得)
cam14,2026-09-20T22:50:02.443Z,2026-09-21 07:40:28,,12.146,0.067,サーバー(直接取得)
cam36,2026-09-20T22:50:02.457Z,2026-09-21 07:40:07,,12.603,0.027,サーバー(直接取得)
cam39,2026-09-20T22:50:02.623Z,2026-09-21 07:48:06,,13.381,0.064,サーバー(直接取得)
cam40,2026-09-20T22:50:02.734Z,2026-09-21 07:40:07,,12.489,0.442,サーバー(直接取得)
cam41,2026-09-20T22:50:02.743Z,2026-09-21 07:40:03,,12.594,0.152,サーバー(直接取得)
cam42,2026-09-20T22:50:02.780Z,2026-09-21 07:40:16,,12.115,0.440,サーバー(直接取得)
cam43,2026-09-20T22:50:02.783Z,2026-09-21 07:40:23,,11.662,0.520,サーバー(直接取得)
cam44,2026-09-20T22:50:02.907Z,2026-09-21 07:40:03,,12.269,0.170,サーバー(直接取得)
cam45,2026-09-20T22:50:03.010Z,2026-09-21 07:40:03,,12.335,0.370,サーバー(直接取得)
cam46,2026-09-20T22:50:03.011Z,2026-09-21 07:40:27,,12.049,0.820,サーバー(直接取得)
cam47,2026-09-20T22:50:03.034Z,2026-09-21 07:40:07,,12.256,0.418,サーバー(直接取得)
cam48,2026-09-20T22:50:03.054Z,2026-09-21 07:40:03,,13.737,-15.380,サーバー(直接取得)
cam50,2026-09-20T22:50:03.166Z,2026-09-21 07:49:00,,13.500,0.210,サーバー(直接取得)
cam51,2026-09-20T22:50:03.278Z,2026-09-21 07:48:22,,13.605,0.140,サーバー(直接取得)
cam52,2026-09-20T22:50:03.291Z,2026-09-21 07:40:29,,12.220,0.310,サーバー(直接取得)
cam53,2026-09-20T22:50:03.304Z,2026-09-21 07:40:26,,12.440,0.190,サーバー(直接取得)
cam54,2026-09-20T22:50:03.305Z,2026-09-21 07:40:21,,12.089,0.080,サーバー(直接取得)
cam55,2026-09-20T22:50:03.418Z,2026-09-21 07:40:21,,12.067,0.730,サーバー(直接取得)
kw01,2026-09-20T22:50:03.536Z,2026/09/21 07:40,,,0.670,サーバー(国交省 川の防災情報)
kw02,2026-09-20T22:50:03.548Z,2026/09/21 07:40,,,0.490,サーバー(国交省 川の防災情報)
kw03,2026-09-20T22:50:03.558Z,2026/09/21 07:40,,,1.240,サーバー(国交省 川の防災情報)
kw04,2026-09-20T22:50:03.567Z,2026/09/21 07:40,,,0.870,サーバー(国交省 川の防災情報)
kw05,2026-09-20T22:50:03.679Z,2026/09/20 09:00,,,-1.240,サーバー(国交省 川の防災情報)
kw06,2026-09-20T22:50:04.456Z,2026/09/20 09:00,,,-2.490,サーバー(国交省 川の防災情報)
kw07,2026-09-20T22:50:04.500Z,2026/09/20 09:00,,,-4.210,サーバー(国交省 川の防災情報)
kw08,2026-09-20T22:50:04.538Z,2026/09/21 07:40,,,0.950,サーバー(国交省 川の防災情報)
kw09,2026-09-20T22:50:04.907Z,2026/09/20 10:00,,,-4.040,サーバー(国交省 川の防災情報)
kw10,2026-09-20T22:50:05.080Z,2026/09/21 07:40,,,0.440,サーバー(国交省 川の防災情報)
kw11,2026-09-20T22:50:05.091Z,2026/09/21 07:40,,,1.330,サーバー(国交省 川の防災情報)
kw01,2026-09-20T23:00:00.644Z,2026/09/21 07:50,,,0.660,サーバー(国交省 川の防災情報)
kw02,2026-09-20T23:00:00.700Z,2026/09/21 07:50,,,0.470,サーバー(国交省 川の防災情報)
kw03,2026-09-20T23:00:00.701Z,2026/09/21 07:50,,,1.240,サーバー(国交省 川の防災情報)
kw04,2026-09-20T23:00:00.702Z,2026/09/21 07:50,,,0.870,サーバー(国交省 川の防災情報)
kw05,2026-09-20T23:00:00.703Z,2026/09/20 09:00,,,-1.240,サーバー(国交省 川の防災情報)
kw06,2026-09-20T23:00:01.587Z,2026/09/20 09:00,,,-2.490,サーバー(国交省 川の防災情報)
kw07,2026-09-20T23:00:01.662Z,2026/09/20 09:00,,,-4.210,サーバー(国交省 川の防災情報)
kw08,2026-09-20T23:00:01.673Z,2026/09/21 07:50,,,0.930,サーバー(国交省 川の防災情報)
kw09,2026-09-20T23:00:01.686Z,2026/09/20 10:00,,,-4.040,サーバー(国交省 川の防災情報)
kw10,2026-09-20T23:00:01.876Z,2026/09/21 07:50,,,0.420,サーバー(国交省 川の防災情報)
kw11,2026-09-20T23:00:02.039Z,2026/09/21 07:50,,,1.330,サーバー(国交省 川の防災情報)
kw01,2026-09-20T23:10:00.895Z,2026/09/21 08:00,,,0.650,サーバー(国交省 川の防災情報)
kw02,2026-09-20T23:10:00.951Z,2026/09/21 08:00,,,0.450,サーバー(国交省 川の防災情報)
kw03,2026-09-20T23:10:00.952Z,2026/09/21 08:00,,,1.230,サーバー(国交省 川の防災情報)
kw04,2026-09-20T23:10:00.953Z,2026/09/21 08:00,,,0.860,サーバー(国交省 川の防災情報)
kw05,2026-09-20T23:10:00.955Z,2026/09/20 09:00,,,-1.240,サーバー(国交省 川の防災情報)
kw06,2026-09-20T23:10:01.891Z,2026/09/20 09:00,,,-2.490,サーバー(国交省 川の防災情報)
kw07,2026-09-20T23:10:01.999Z,2026/09/20 09:00,,,-4.210,サーバー(国交省 川の防災情報)
kw08,2026-09-20T23:10:02.007Z,2026/09/21 08:00,,,0.910,サーバー(国交省 川の防災情報)
kw09,2026-09-20T23:10:02.467Z,2026/09/20 10:00,,,-4.040,サーバー(国交省 川の防災情報)
kw10,2026-09-20T23:10:02.481Z,2026/09/21 08:00,,,0.410,サーバー(国交省 川の防災情報)
kw11,2026-09-20T23:10:02.576Z,2026/09/21 08:00,,,1.340,サーバー(国交省 川の防災情報)
cam02,2026-09-20T23:20:00.797Z,2026-09-21 08:10:07,,12.335,1.330,サーバー(直接取得)
cam03,2026-09-20T23:20:00.799Z,2026-09-21 08:10:14,,12.049,-4.490,サーバー(直接取得)
cam04,2026-09-20T23:20:00.800Z,2026-09-21 08:10:07,,12.449,1.060,サーバー(直接取得)
cam08,2026-09-20T23:20:00.801Z,2026-09-21 08:10:21,,12.361,0.150,サーバー(直接取得)
cam09,2026-09-20T23:20:01.524Z,2026-09-21 08:10:21,,11.776,0.290,サーバー(直接取得)
cam11,2026-09-20T23:20:01.554Z,2026-09-21 08:10:07,,12.528,0.520,サーバー(直接取得)
cam12,2026-09-20T23:20:01.923Z,2026-09-21 08:10:06,,12.317,-0.058,サーバー(直接取得)
cam13,2026-09-20T23:20:01.973Z,2026-09-21 08:10:07,,12.559,0.072,サーバー(直接取得)
cam14,2026-09-20T23:20:01.987Z,2026-09-21 08:10:21,,12.168,0.067,サーバー(直接取得)
cam36,2026-09-20T23:20:01.999Z,2026-09-21 08:10:07,,12.656,0.030,サーバー(直接取得)
cam39,2026-09-20T23:20:02.423Z,2026-09-21 08:18:06,,13.377,0.060,サーバー(直接取得)
cam40,2026-09-20T23:20:02.469Z,2026-09-21 08:10:07,,12.559,0.429,サーバー(直接取得)
cam41,2026-09-20T23:20:02.517Z,2026-09-21 08:10:03,,12.700,0.155,サーバー(直接取得)
cam42,2026-09-20T23:20:02.518Z,2026-09-21 08:10:17,,12.172,0.440,サーバー(直接取得)
cam43,2026-09-20T23:20:02.762Z,2026-09-21 08:10:19,,11.702,0.530,サーバー(直接取得)
cam44,2026-09-20T23:20:02.829Z,2026-09-21 08:10:03,,12.282,0.180,サーバー(直接取得)
cam45,2026-09-20T23:20:02.888Z,2026-09-21 08:10:03,,12.361,0.380,サーバー(直接取得)
cam46,2026-09-20T23:20:02.913Z,2026-09-21 08:10:19,,12.053,0.660,サーバー(直接取得)
cam47,2026-09-20T23:20:02.919Z,2026-09-21 08:10:07,,12.317,0.432,サーバー(直接取得)
cam48,2026-09-20T23:20:03.072Z,2026-09-21 08:10:03,,13.741,-15.380,サーバー(直接取得)
cam50,2026-09-20T23:20:03.185Z,2026-09-21 08:19:00,,13.500,0.210,サーバー(直接取得)
cam51,2026-09-20T23:20:03.216Z,2026-09-21 08:18:21,,13.605,0.140,サーバー(直接取得)
cam52,2026-09-20T23:20:03.226Z,2026-09-21 08:10:26,,12.392,0.300,サーバー(直接取得)
cam53,2026-09-20T23:20:03.247Z,2026-09-21 08:10:28,,12.480,0.180,サーバー(直接取得)
cam54,2026-09-20T23:20:03.368Z,2026-09-21 08:10:21,,12.110,0.080,サーバー(直接取得)
cam55,2026-09-20T23:20:03.454Z,2026-09-21 08:10:21,,12.146,0.730,サーバー(直接取得)
kw01,2026-09-20T23:20:03.501Z,2026/09/21 08:10,,,0.650,サーバー(国交省 川の防災情報)
kw02,2026-09-20T23:20:03.520Z,2026/09/21 08:10,,,0.440,サーバー(国交省 川の防災情報)
kw03,2026-09-20T23:20:03.570Z,2026/09/21 08:10,,,1.230,サーバー(国交省 川の防災情報)
kw04,2026-09-20T23:20:03.624Z,2026/09/21 08:10,,,0.860,サーバー(国交省 川の防災情報)
kw05,2026-09-20T23:20:03.720Z,2026/09/20 09:00,,,-1.240,サーバー(国交省 川の防災情報)
kw06,2026-09-20T23:20:04.399Z,2026/09/20 09:00,,,-2.490,サーバー(国交省 川の防災情報)
kw07,2026-09-20T23:20:04.432Z,2026/09/20 09:00,,,-4.210,サーバー(国交省 川の防災情報)
kw08,2026-09-20T23:20:04.511Z,2026/09/21 08:10,,,0.890,サーバー(国交省 川の防災情報)
kw09,2026-09-20T23:20:04.824Z,2026/09/20 10:00,,,-4.040,サーバー(国交省 川の防災情報)
kw10,2026-09-20T23:20:04.852Z,2026/09/21 08:10,,,0.400,サーバー(国交省 川の防災情報)
kw11,2026-09-20T23:20:04.918Z,2026/09/21 08:10,,,1.350,サーバー(国交省 川の防災情報)
kw01,2026-09-20T23:30:00.621Z,2026/09/21 08:20,,,0.650,サーバー(国交省 川の防災情報)
kw02,2026-09-20T23:30:00.679Z,2026/09/21 08:20,,,0.440,サーバー(国交省 川の防災情報)
kw03,2026-09-20T23:30:00.680Z,2026/09/21 08:20,,,1.230,サーバー(国交省 川の防災情報)
kw04,2026-09-20T23:30:00.681Z,2026/09/21 08:20,,,0.860,サーバー(国交省 川の防災情報)
kw05,2026-09-20T23:30:00.682Z,2026/09/20 09:00,,,-1.240,サーバー(国交省 川の防災情報)
kw06,2026-09-20T23:30:01.662Z,2026/09/20 09:00,,,-2.490,サーバー(国交省 川の防災情報)
kw07,2026-09-20T23:30:01.933Z,2026/09/20 09:00,,,-4.210,サーバー(国交省 川の防災情報)
kw08,2026-09-20T23:30:02.065Z,2026/09/21 08:20,,,0.870,サーバー(国交省 川の防災情報)
kw09,2026-09-20T23:30:02.102Z,2026/09/20 10:00,,,-4.040,サーバー(国交省 川の防災情報)
kw10,2026-09-20T23:30:02.170Z,2026/09/21 08:20,,,0.390,サーバー(国交省 川の防災情報)
kw11,2026-09-20T23:30:02.720Z,2026/09/21 08:20,,,1.350,サーバー(国交省 川の防災情報)
kw01,2026-09-20T23:40:00.646Z,2026/09/21 08:30,,,0.630,サーバー(国交省 川の防災情報)
kw02,2026-09-20T23:40:00.701Z,2026/09/21 08:30,,,0.420,サーバー(国交省 川の防災情報)
kw03,2026-09-20T23:40:00.703Z,2026/09/21 08:30,,,1.240,サーバー(国交省 川の防災情報)
kw04,2026-09-20T23:40:00.704Z,2026/09/21 08:30,,,0.850,サーバー(国交省 川の防災情報)
kw05,2026-09-20T23:40:00.705Z,2026/09/20 09:00,,,-1.240,サーバー(国交省 川の防災情報)
kw06,2026-09-20T23:40:01.784Z,2026/09/20 09:00,,,-2.490,サーバー(国交省 川の防災情報)
kw07,2026-09-20T23:40:02.025Z,2026/09/20 09:00,,,-4.210,サーバー(国交省 川の防災情報)
kw08,2026-09-20T23:40:02.194Z,2026/09/21 08:30,,,0.860,サーバー(国交省 川の防災情報)
kw09,2026-09-20T23:40:02.362Z,2026/09/20 10:00,,,-4.040,サーバー(国交省 川の防災情報)
kw10,2026-09-20T23:40:02.777Z,2026/09/21 08:30,,,0.380,サーバー(国交省 川の防災情報)
kw11,2026-09-20T23:40:02.902Z,2026/09/21 08:30,,,1.360,サーバー(国交省 川の防災情報)
cam02,2026-09-20T23:50:00.540Z,2026-09-21 08:40:07,,12.207,1.350,サーバー(直接取得)
cam03,2026-09-20T23:50:00.542Z,2026-09-21 08:40:14,,11.979,-4.440,サーバー(直接取得)
cam04,2026-09-20T23:50:00.543Z,2026-09-21 08:40:07,,12.295,1.050,サーバー(直接取得)
cam08,2026-09-20T23:50:00.544Z,2026-09-21 08:40:22,,12.207,0.130,サーバー(直接取得)
cam09,2026-09-20T23:50:01.286Z,2026-09-21 08:40:20,,11.671,0.300,サーバー(直接取得)
cam11,2026-09-20T23:50:01.288Z,2026-09-21 08:40:07,,12.418,0.530,サーバー(直接取得)
cam12,2026-09-20T23:50:01.539Z,2026-09-21 08:40:07,,12.242,-0.059,サーバー(直接取得)
cam13,2026-09-20T23:50:01.568Z,2026-09-21 08:40:06,,12.414,0.069,サーバー(直接取得)
cam14,2026-09-20T23:50:01.877Z,2026-09-21 08:40:59,,12.102,0.067,サーバー(直接取得)
cam36,2026-09-20T23:50:01.976Z,2026-09-21 08:40:07,,12.528,0.028,サーバー(直接取得)
cam39,2026-09-20T23:50:01.985Z,2026-09-21 08:48:06,,13.385,0.060,サーバー(直接取得)
cam40,2026-09-20T23:50:01.996Z,2026-09-21 08:40:07,,12.462,0.429,サーバー(直接取得)
cam41,2026-09-20T23:50:02.061Z,2026-09-21 08:40:03,,12.620,0.150,サーバー(直接取得)
cam42,2026-09-20T23:50:02.294Z,2026-09-21 08:40:17,,12.084,0.440,サーバー(直接取得)
cam43,2026-09-20T23:50:02.506Z,2026-09-21 08:40:18,,11.627,0.520,サーバー(直接取得)
cam44,2026-09-20T23:50:02.533Z,2026-09-21 08:40:03,,12.238,0.180,サーバー(直接取得)
cam45,2026-09-20T23:50:02.540Z,2026-09-21 08:40:03,,12.282,0.370,サーバー(直接取得)
cam46,2026-09-20T23:50:02.574Z,2026-09-21 08:40:20,,12.027,0.790,サーバー(直接取得)
cam47,2026-09-20T23:50:02.775Z,2026-09-21 08:40:07,,12.234,0.425,サーバー(直接取得)
cam48,2026-09-20T23:50:02.854Z,2026-09-21 08:40:04,,13.750,-15.450,サーバー(直接取得)
cam50,2026-09-20T23:50:02.869Z,2026-09-21 08:49:00,,13.504,0.210,サーバー(直接取得)
cam51,2026-09-20T23:50:02.877Z,2026-09-21 08:44:19,,13.601,0.140,サーバー(直接取得)
cam52,2026-09-20T23:50:03.028Z,2026-09-21 08:40:24,,12.291,0.310,サーバー(直接取得)
cam53,2026-09-20T23:50:03.122Z,2026-09-21 08:40:29,,12.365,0.180,サーバー(直接取得)
cam54,2026-09-20T23:50:03.146Z,2026-09-21 08:40:21,,12.001,0.080,サーバー(直接取得)
cam55,2026-09-20T23:50:03.150Z,2026-09-21 08:40:21,,12.040,0.730,サーバー(直接取得)
kw01,2026-09-20T23:50:03.175Z,2026/09/21 08:40,,,0.630,サーバー(国交省 川の防災情報)
kw02,2026-09-20T23:50:03.278Z,2026/09/21 08:40,,,0.410,サーバー(国交省 川の防災情報)
kw03,2026-09-20T23:50:03.374Z,2026/09/21 08:40,,,1.230,サーバー(国交省 川の防災情報)
kw04,2026-09-20T23:50:03.407Z,2026/09/21 08:40,,,0.850,サーバー(国交省 川の防災情報)
kw05,2026-09-20T23:50:03.422Z,2026/09/20 09:00,,,-1.240,サーバー(国交省 川の防災情報)
kw06,2026-09-20T23:50:04.249Z,2026/09/20 09:00,,,-2.490,サーバー(国交省 川の防災情報)
kw07,2026-09-20T23:50:04.396Z,2026/09/20 09:00,,,-4.210,サーバー(国交省 川の防災情報)
kw08,2026-09-20T23:50:04.408Z,2026/09/21 08:40,,,0.850,サーバー(国交省 川の防災情報)
kw09,2026-09-20T23:50:04.503Z,2026/09/20 10:00,,,-4.040,サーバー(国交省 川の防災情報)
kw10,2026-09-20T23:50:04.927Z,2026/09/21 08:40,,,0.370,サーバー(国交省 川の防災情報)
kw11,2026-09-20T23:50:04.933Z,2026/09/21 08:40,,,1.370,サーバー(国交省 川の防災情報)
kw01,2026-09-21T00:00:00.931Z,2026/09/21 08:50,,,0.630,サーバー(国交省 川の防災情報)
kw02,2026-09-21T00:00:00.988Z,2026/09/21 08:50,,,0.410,サーバー(国交省 川の防災情報)
kw03,2026-09-21T00:00:00.989Z,2026/09/21 08:50,,,1.240,サーバー(国交省 川の防災情報)
kw04,2026-09-21T00:00:00.990Z,2026/09/21 08:50,,,0.850,サーバー(国交省 川の防災情報)
kw05,2026-09-21T00:00:00.991Z,2026/09/20 09:00,,,-1.240,サーバー(国交省 川の防災情報)
kw06,2026-09-21T00:00:01.771Z,2026/09/20 09:00,,,-2.490,サーバー(国交省 川の防災情報)
kw07,2026-09-21T00:00:01.801Z,2026/09/20 09:00,,,-4.210,サーバー(国交省 川の防災情報)
kw08,2026-09-21T00:00:01.893Z,2026/09/21 08:50,,,0.840,サーバー(国交省 川の防災情報)
kw09,2026-09-21T00:00:02.016Z,2026/09/20 10:00,,,-4.040,サーバー(国交省 川の防災情報)
kw10,2026-09-21T00:00:02.134Z,2026/09/21 08:50,,,0.360,サーバー(国交省 川の防災情報)
kw11,2026-09-21T00:00:02.375Z,2026/09/21 08:50,,,1.370,サーバー(国交省 川の防災情報)
kw01,2026-09-21T00:10:00.166Z,2026/09/21 09:00,,,0.620,サーバー(国交省 川の防災情報)
kw02,2026-09-21T00:10:00.223Z,2026/09/21 09:00,,,0.410,サーバー(国交省 川の防災情報)
kw03,2026-09-21T00:10:00.225Z,2026/09/21 09:00,,,1.240,サーバー(国交省 川の防災情報)
kw04,2026-09-21T00:10:00.226Z,2026/09/21 09:00,,,0.840,サーバー(国交省 川の防災情報)
kw05,2026-09-21T00:10:00.227Z,2026/09/21 09:00,,,-1.260,サーバー(国交省 川の防災情報)
kw06,2026-09-21T00:10:01.111Z,2026/09/21 09:00,,,-2.350,サーバー(国交省 川の防災情報)
kw07,2026-09-21T00:10:01.119Z,2026/09/21 09:00,,,-4.190,サーバー(国交省 川の防災情報)
kw08,2026-09-21T00:10:01.175Z,2026/09/21 09:00,,,0.830,サーバー(国交省 川の防災情報)
kw09,2026-09-21T00:10:01.224Z,2026/09/20 10:00,,,-4.040,サーバー(国交省 川の防災情報)
kw10,2026-09-21T00:10:01.255Z,2026/09/21 09:00,,,0.360,サーバー(国交省 川の防災情報)
kw11,2026-09-21T00:10:01.585Z,2026/09/21 09:00,,,1.390,サーバー(国交省 川の防災情報)
cam02,2026-09-21T00:20:00.291Z,2026-09-21 09:10:07,,12.198,1.370,サーバー(直接取得)
cam03,2026-09-21T00:20:00.292Z,2026-09-21 09:10:13,,11.979,-4.380,サーバー(直接取得)
cam04,2026-09-21T00:20:00.293Z,2026-09-21 09:10:07,,12.282,1.060,サーバー(直接取得)
cam08,2026-09-21T00:20:00.294Z,2026-09-21 09:10:22,,12.176,0.090,サーバー(直接取得)
cam09,2026-09-21T00:20:01.263Z,2026-09-21 09:10:20,,11.680,0.290,サーバー(直接取得)
cam11,2026-09-21T00:20:01.272Z,2026-09-21 09:10:07,,12.348,0.506,サーバー(直接取得)
cam12,2026-09-21T00:20:01.515Z,2026-09-21 09:10:07,,12.238,-0.056,サーバー(直接取得)
cam13,2026-09-21T00:20:01.766Z,2026-09-21 09:10:07,,12.414,0.071,サーバー(直接取得)
cam14,2026-09-21T00:20:02.009Z,2026-09-21 09:10:23,,12.093,0.067,サーバー(直接取得)
cam36,2026-09-21T00:20:02.051Z,2026-09-21 09:10:07,,12.511,0.028,サーバー(直接取得)
cam39,2026-09-21T00:20:02.052Z,2026-09-21 09:18:05,,13.377,0.070,サーバー(直接取得)
cam40,2026-09-21T00:20:02.471Z,2026-09-21 09:10:06,,12.440,0.424,サーバー(直接取得)
cam41,2026-09-21T00:20:02.562Z,2026-09-21 09:10:03,,12.511,0.148,サーバー(直接取得)
cam42,2026-09-21T00:20:02.598Z,2026-09-21 09:10:18,,12.071,0.440,サーバー(直接取得)
cam43,2026-09-21T00:20:02.600Z,2026-09-21 09:10:17,,11.623,0.530,サーバー(直接取得)
cam44,2026-09-21T00:20:02.655Z,2026-09-21 09:10:03,,12.242,0.170,サーバー(直接取得)
cam45,2026-09-21T00:20:02.726Z,2026-09-21 09:10:03,,12.295,0.360,サーバー(直接取得)
cam46,2026-09-21T00:20:02.832Z,2026-09-21 09:10:18,,12.014,0.810,サーバー(直接取得)
cam47,2026-09-21T00:20:02.860Z,2026-09-21 09:10:06,,12.225,0.416,サーバー(直接取得)
cam48,2026-09-21T00:20:02.870Z,2026-09-21 09:10:03,,13.746,-15.470,サーバー(直接取得)
cam50,2026-09-21T00:20:02.933Z,2026-09-21 09:19:00,,13.500,0.200,サーバー(直接取得)
cam51,2026-09-21T00:20:02.992Z,2026-09-21 09:18:20,,13.601,0.140,サーバー(直接取得)
cam52,2026-09-21T00:20:03.095Z,2026-09-21 09:10:26,,12.220,0.310,サーバー(直接取得)
cam53,2026-09-21T00:20:03.191Z,2026-09-21 09:10:28,,12.374,0.170,サーバー(直接取得)
cam54,2026-09-21T00:20:03.192Z,2026-09-21 09:10:21,,12.005,0.080,サーバー(直接取得)
cam55,2026-09-21T00:20:03.211Z,2026-09-21 09:10:21,,12.014,0.730,サーバー(直接取得)
kw01,2026-09-21T00:20:03.242Z,2026/09/21 09:10,,,0.620,サーバー(国交省 川の防災情報)
kw02,2026-09-21T00:20:03.344Z,2026/09/21 09:10,,,0.400,サーバー(国交省 川の防災情報)
kw03,2026-09-21T00:20:03.447Z,2026/09/21 09:10,,,1.220,サーバー(国交省 川の防災情報)
kw04,2026-09-21T00:20:03.449Z,2026/09/21 09:10,,,0.840,サーバー(国交省 川の防災情報)
kw05,2026-09-21T00:20:03.469Z,2026/09/21 09:00,,,-1.260,サーバー(国交省 川の防災情報)
kw06,2026-09-21T00:20:04.209Z,2026/09/21 09:00,,,-2.350,サーバー(国交省 川の防災情報)
kw07,2026-09-21T00:20:04.237Z,2026/09/21 09:00,,,-4.190,サーバー(国交省 川の防災情報)
kw08,2026-09-21T00:20:04.252Z,2026/09/21 09:10,,,0.820,サーバー(国交省 川の防災情報)
kw09,2026-09-21T00:20:04.814Z,2026/09/20 10:00,,,-4.040,サーバー(国交省 川の防災情報)
kw10,2026-09-21T00:20:04.867Z,2026/09/21 09:10,,,0.360,サーバー(国交省 川の防災情報)
kw11,2026-09-21T00:20:04.905Z,2026/09/21 09:10,,,1.410,サーバー(国交省 川の防災情報)
kw01,2026-09-21T00:30:00.978Z,2026/09/21 09:20,,,0.610,サーバー(国交省 川の防災情報)
kw02,2026-09-21T00:30:01.034Z,2026/09/21 09:20,,,0.410,サーバー(国交省 川の防災情報)
kw03,2026-09-21T00:30:01.035Z,2026/09/21 09:20,,,1.230,サーバー(国交省 川の防災情報)
kw04,2026-09-21T00:30:01.037Z,2026/09/21 09:20,,,0.840,サーバー(国交省 川の防災情報)
kw05,2026-09-21T00:30:01.038Z,2026/09/21 09:00,,,-1.260,サーバー(国交省 川の防災情報)
kw06,2026-09-21T00:30:01.757Z,2026/09/21 09:00,,,-2.350,サーバー(国交省 川の防災情報)
kw07,2026-09-21T00:30:01.805Z,2026/09/21 09:00,,,-4.190,サーバー(国交省 川の防災情報)
kw08,2026-09-21T00:30:01.895Z,2026/09/21 09:20,,,0.820,サーバー(国交省 川の防災情報)
kw09,2026-09-21T00:30:01.910Z,2026/09/20 10:00,,,-4.040,サーバー(国交省 川の防災情報)
kw10,2026-09-21T00:30:02.175Z,2026/09/21 09:20,,,0.350,サーバー(国交省 川の防災情報)
kw11,2026-09-21T00:30:02.228Z,2026/09/21 09:20,,,1.410,サーバー(国交省 川の防災情報)
kw01,2026-09-21T00:40:00.340Z,2026/09/21 09:30,,,0.620,サーバー(国交省 川の防災情報)
kw02,2026-09-21T00:40:00.395Z,2026/09/21 09:30,,,0.390,サーバー(国交省 川の防災情報)
kw03,2026-09-21T00:40:00.396Z,2026/09/21 09:30,,,1.230,サーバー(国交省 川の防災情報)
kw04,2026-09-21T00:40:00.397Z,2026/09/21 09:30,,,0.830,サーバー(国交省 川の防災情報)
kw05,2026-09-21T00:40:00.398Z,2026/09/21 09:00,,,-1.260,サーバー(国交省 川の防災情報)
kw06,2026-09-21T00:40:01.318Z,2026/09/21 09:00,,,-2.350,サーバー(国交省 川の防災情報)
kw07,2026-09-21T00:40:01.365Z,2026/09/21 09:00,,,-4.190,サーバー(国交省 川の防災情報)
kw08,2026-09-21T00:40:01.447Z,2026/09/21 09:30,,,0.810,サーバー(国交省 川の防災情報)
kw09,2026-09-21T00:40:01.750Z,2026/09/20 10:00,,,-4.040,サーバー(国交省 川の防災情報)
kw10,2026-09-21T00:40:01.862Z,2026/09/21 09:30,,,0.350,サーバー(国交省 川の防災情報)
kw11,2026-09-21T00:40:02.045Z,2026/09/21 09:30,,,1.410,サーバー(国交省 川の防災情報)
cam02,2026-09-21T00:50:00.967Z,2026-09-21 09:40:08,,12.198,1.360,サーバー(直接取得)
cam03,2026-09-21T00:50:00.969Z,2026-09-21 09:40:16,,11.983,-4.320,サーバー(直接取得)
cam04,2026-09-21T00:50:00.970Z,2026-09-21 09:40:07,,12.278,1.060,サーバー(直接取得)
cam08,2026-09-21T00:50:00.971Z,2026-09-21 09:20:21,,12.168,0.110,サーバー(直接取得)
cam09,2026-09-21T00:50:02.059Z,2026-09-21 09:40:19,,11.662,0.320,サーバー(直接取得)
cam11,2026-09-21T00:50:02.226Z,2026-09-21 09:40:07,,12.321,0.445,サーバー(直接取得)
cam12,2026-09-21T00:50:02.244Z,2026-09-21 09:40:07,,12.247,-0.054,サーバー(直接取得)
cam13,2026-09-21T00:50:02.287Z,2026-09-21 09:40:06,,12.401,0.072,サーバー(直接取得)
cam14,2026-09-21T00:50:02.424Z,2026-09-21 09:40:21,,12.084,0.067,サーバー(直接取得)
cam36,2026-09-21T00:50:02.503Z,2026-09-21 09:40:06,,12.502,0.037,サーバー(直接取得)
cam39,2026-09-21T00:50:02.585Z,2026-09-21 09:48:05,,13.381,0.061,サーバー(直接取得)
cam40,2026-09-21T00:50:02.629Z,2026-09-21 09:40:06,,12.423,0.433,サーバー(直接取得)
cam41,2026-09-21T00:50:02.719Z,2026-09-21 09:40:03,,12.467,0.153,サーバー(直接取得)
cam42,2026-09-21T00:50:02.769Z,2026-09-21 09:40:15,,12.058,0.440,サーバー(直接取得)
cam43,2026-09-21T00:50:02.850Z,2026-09-21 09:40:47,,11.596,0.520,サーバー(直接取得)
cam44,2026-09-21T00:50:02.890Z,2026-09-21 09:40:03,,12.242,0.170,サーバー(直接取得)
cam45,2026-09-21T00:50:02.982Z,2026-09-21 09:40:03,,12.260,0.370,サーバー(直接取得)
cam46,2026-09-21T00:50:03.021Z,2026-09-21 09:40:20,,12.005,0.830,サーバー(直接取得)
cam47,2026-09-21T00:50:03.116Z,2026-09-21 09:40:06,,12.212,0.417,サーバー(直接取得)
cam48,2026-09-21T00:50:03.153Z,2026-09-21 09:40:03,,13.741,-15.480,サーバー(直接取得)
cam50,2026-09-21T00:50:03.244Z,2026-09-21 09:49:00,,13.500,0.200,サーバー(直接取得)
cam51,2026-09-21T00:50:03.272Z,2026-09-21 09:48:25,,13.610,0.140,サーバー(直接取得)
cam52,2026-09-21T00:50:03.380Z,2026-09-21 09:40:26,,12.146,0.300,サーバー(直接取得)
cam53,2026-09-21T00:50:03.408Z,2026-09-21 09:40:31,,12.357,0.170,サーバー(直接取得)
cam54,2026-09-21T00:50:03.411Z,2026-09-21 09:40:21,,12.001,0.080,サーバー(直接取得)
cam55,2026-09-21T00:50:03.500Z,2026-09-21 09:40:22,,12.001,0.730,サーバー(直接取得)
kw01,2026-09-21T00:50:03.521Z,2026/09/21 09:40,,,0.610,サーバー(国交省 川の防災情報)
kw02,2026-09-21T00:50:03.685Z,2026/09/21 09:40,,,0.380,サーバー(国交省 川の防災情報)
kw03,2026-09-21T00:50:03.694Z,2026/09/21 09:40,,,1.230,サーバー(国交省 川の防災情報)
kw04,2026-09-21T00:50:03.734Z,2026/09/21 09:40,,,0.830,サーバー(国交省 川の防災情報)
kw05,2026-09-21T00:50:03.755Z,2026/09/21 09:00,,,-1.260,サーバー(国交省 川の防災情報)
kw06,2026-09-21T00:50:04.374Z,2026/09/21 09:00,,,-2.350,サーバー(国交省 川の防災情報)
kw07,2026-09-21T00:50:04.404Z,2026/09/21 09:00,,,-4.190,サーバー(国交省 川の防災情報)
kw08,2026-09-21T00:50:04.550Z,2026/09/21 09:40,,,0.800,サーバー(国交省 川の防災情報)
kw09,2026-09-21T00:50:04.594Z,2026/09/20 10:00,,,-4.040,サーバー(国交省 川の防災情報)
kw10,2026-09-21T00:50:04.819Z,2026/09/21 09:40,,,0.340,サーバー(国交省 川の防災情報)
kw11,2026-09-21T00:50:04.902Z,2026/09/21 09:40,,,1.410,サーバー(国交省 川の防災情報)
kw01,2026-09-21T01:00:00.137Z,2026/09/21 09:50,,,0.610,サーバー(国交省 川の防災情報)
kw02,2026-09-21T01:00:00.193Z,2026/09/21 09:50,,,0.380,サーバー(国交省 川の防災情報)
kw03,2026-09-21T01:00:00.195Z,2026/09/21 09:50,,,1.230,サーバー(国交省 川の防災情報)
kw04,2026-09-21T01:00:00.196Z,2026/09/21 09:50,,,0.840,サーバー(国交省 川の防災情報)
kw05,2026-09-21T01:00:00.197Z,2026/09/21 09:00,,,-1.260,サーバー(国交省 川の防災情報)
kw06,2026-09-21T01:00:01.629Z,2026/09/21 09:00,,,-2.350,サーバー(国交省 川の防災情報)
kw07,2026-09-21T01:00:01.727Z,2026/09/21 09:00,,,-4.190,サーバー(国交省 川の防災情報)
kw08,2026-09-21T01:00:01.769Z,2026/09/21 09:50,,,0.800,サーバー(国交省 川の防災情報)
kw09,2026-09-21T01:00:01.785Z,2026/09/20 10:00,,,-4.040,サーバー(国交省 川の防災情報)
kw10,2026-09-21T01:00:01.849Z,2026/09/21 09:50,,,0.340,サーバー(国交省 川の防災情報)
kw11,2026-09-21T01:00:02.109Z,2026/09/21 09:50,,,1.400,サーバー(国交省 川の防災情報)
kw01,2026-09-21T01:10:00.318Z,2026/09/21 10:00,,,0.610,サーバー(国交省 川の防災情報)
kw02,2026-09-21T01:10:00.374Z,2026/09/21 10:00,,,0.380,サーバー(国交省 川の防災情報)
kw03,2026-09-21T01:10:00.375Z,2026/09/21 10:00,,,1.230,サーバー(国交省 川の防災情報)
kw04,2026-09-21T01:10:00.376Z,2026/09/21 10:00,,,0.860,サーバー(国交省 川の防災情報)
kw05,2026-09-21T01:10:00.377Z,2026/09/21 09:00,,,-1.260,サーバー(国交省 川の防災情報)
kw06,2026-09-21T01:10:01.469Z,2026/09/21 09:00,,,-2.350,サーバー(国交省 川の防災情報)
kw07,2026-09-21T01:10:01.643Z,2026/09/21 09:00,,,-4.190,サーバー(国交省 川の防災情報)
kw08,2026-09-21T01:10:01.663Z,2026/09/21 10:00,,,0.800,サーバー(国交省 川の防災情報)
kw09,2026-09-21T01:10:01.719Z,2026/09/21 10:00,,,-4.040,サーバー(国交省 川の防災情報)
kw10,2026-09-21T01:10:01.755Z,2026/09/21 10:00,,,0.360,サーバー(国交省 川の防災情報)
kw11,2026-09-21T01:10:02.024Z,2026/09/21 10:00,,,1.400,サーバー(国交省 川の防災情報)
cam02,2026-09-21T01:20:00.779Z,2026-09-21 10:10:08,,12.190,1.350,サーバー(直接取得)
cam03,2026-09-21T01:20:00.780Z,2026-09-21 10:10:14,,11.979,-3.610,サーバー(直接取得)
cam04,2026-09-21T01:20:00.781Z,2026-09-21 10:10:07,,12.269,1.050,サーバー(直接取得)
cam08,2026-09-21T01:20:00.783Z,2026-09-21 10:10:22,,12.168,0.150,サーバー(直接取得)
cam09,2026-09-21T01:20:01.984Z,2026-09-21 10:10:21,,11.640,0.320,サーバー(直接取得)
cam11,2026-09-21T01:20:02.003Z,2026-09-21 10:10:06,,12.326,0.460,サーバー(直接取得)
cam12,2026-09-21T01:20:02.272Z,2026-09-21 10:10:07,,12.247,-0.044,サーバー(直接取得)
cam13,2026-09-21T01:20:02.290Z,2026-09-21 10:10:07,,12.396,0.121,サーバー(直接取得)
cam14,2026-09-21T01:20:02.306Z,2026-09-21 10:10:21,,12.084,0.077,サーバー(直接取得)
cam36,2026-09-21T01:20:02.314Z,2026-09-21 10:10:06,,12.489,0.048,サーバー(直接取得)
cam39,2026-09-21T01:20:02.583Z,2026-09-21 10:18:05,,13.381,0.069,サーバー(直接取得)
cam40,2026-09-21T01:20:02.605Z,2026-09-21 10:10:07,,12.423,0.468,サーバー(直接取得)
cam41,2026-09-21T01:20:02.609Z,2026-09-21 10:10:03,,12.462,0.164,サーバー(直接取得)
cam42,2026-09-21T01:20:02.623Z,2026-09-21 10:10:21,,12.049,0.460,サーバー(直接取得)
cam43,2026-09-21T01:20:02.845Z,2026-09-21 10:10:21,,11.587,0.520,サーバー(直接取得)
cam44,2026-09-21T01:20:02.870Z,2026-09-21 10:10:03,,12.238,0.180,サーバー(直接取得)
cam45,2026-09-21T01:20:02.891Z,2026-09-21 10:10:03,,12.269,0.390,サーバー(直接取得)
cam46,2026-09-21T01:20:02.892Z,2026-09-21 10:10:17,,12.009,1.400,サーバー(直接取得)
cam47,2026-09-21T01:20:02.984Z,2026-09-21 10:10:06,,12.216,0.406,サーバー(直接取得)
cam48,2026-09-21T01:20:03.106Z,2026-09-21 10:10:03,,13.741,-15.480,サーバー(直接取得)
cam50,2026-09-21T01:20:03.130Z,2026-09-21 10:19:00,,13.500,0.240,サーバー(直接取得)
cam51,2026-09-21T01:20:03.144Z,2026-09-21 10:18:20,,13.605,0.250,サーバー(直接取得)
cam52,2026-09-21T01:20:03.160Z,2026-09-21 10:10:23,,12.124,0.310,サーバー(直接取得)
cam53,2026-09-21T01:20:03.243Z,2026-09-21 10:10:28,,12.361,0.220,サーバー(直接取得)
cam54,2026-09-21T01:20:03.359Z,2026-09-21 10:10:21,,12.005,0.090,サーバー(直接取得)
cam55,2026-09-21T01:20:03.395Z,2026-09-21 10:10:22,,11.996,0.730,サーバー(直接取得)
kw01,2026-09-21T01:20:03.409Z,2026/09/21 10:10,,,0.620,サーバー(国交省 川の防災情報)
kw02,2026-09-21T01:20:03.427Z,2026/09/21 10:10,,,0.390,サーバー(国交省 川の防災情報)
kw03,2026-09-21T01:20:03.499Z,2026/09/21 10:10,,,1.250,サーバー(国交省 川の防災情報)
kw04,2026-09-21T01:20:03.611Z,2026/09/21 10:10,,,0.860,サーバー(国交省 川の防災情報)
kw05,2026-09-21T01:20:03.640Z,2026/09/21 09:00,,,-1.260,サーバー(国交省 川の防災情報)
kw06,2026-09-21T01:20:04.082Z,2026/09/21 09:00,,,-2.350,サーバー(国交省 川の防災情報)
kw07,2026-09-21T01:20:04.104Z,2026/09/21 09:00,,,-4.190,サーバー(国交省 川の防災情報)
kw08,2026-09-21T01:20:04.138Z,2026/09/21 10:10,,,0.800,サーバー(国交省 川の防災情報)
kw09,2026-09-21T01:20:04.152Z,2026/09/21 10:00,,,-4.040,サーバー(国交省 川の防災情報)
kw10,2026-09-21T01:20:04.505Z,2026/09/21 10:10,,,0.380,サーバー(国交省 川の防災情報)
kw11,2026-09-21T01:20:04.516Z,2026/09/21 10:10,,,1.410,サーバー(国交省 川の防災情報)
kw01,2026-09-21T01:30:00.879Z,2026/09/21 10:20,,,0.630,サーバー(国交省 川の防災情報)
kw02,2026-09-21T01:30:00.935Z,2026/09/21 10:20,,,0.410,サーバー(国交省 川の防災情報)
kw03,2026-09-21T01:30:00.936Z,2026/09/21 10:20,,,1.260,サーバー(国交省 川の防災情報)
kw04,2026-09-21T01:30:00.937Z,2026/09/21 10:20,,,0.890,サーバー(国交省 川の防災情報)
kw05,2026-09-21T01:30:00.938Z,2026/09/21 09:00,,,-1.260,サーバー(国交省 川の防災情報)
kw06,2026-09-21T01:30:01.651Z,2026/09/21 09:00,,,-2.350,サーバー(国交省 川の防災情報)
kw07,2026-09-21T01:30:01.672Z,2026/09/21 09:00,,,-4.190,サーバー(国交省 川の防災情報)
kw08,2026-09-21T01:30:02.045Z,2026/09/21 10:20,,,0.810,サーバー(国交省 川の防災情報)
kw09,2026-09-21T01:30:02.145Z,2026/09/21 10:00,,,-4.040,サーバー(国交省 川の防災情報)
kw10,2026-09-21T01:30:02.248Z,2026/09/21 10:20,,,0.390,サーバー(国交省 川の防災情報)
kw11,2026-09-21T01:30:02.344Z,2026/09/21 10:20,,,1.390,サーバー(国交省 川の防災情報)
kw01,2026-09-21T01:40:00.489Z,2026/09/21 10:30,,,0.650,サーバー(国交省 川の防災情報)
kw02,2026-09-21T01:40:00.546Z,2026/09/21 10:30,,,0.420,サーバー(国交省 川の防災情報)
kw03,2026-09-21T01:40:00.548Z,2026/09/21 10:30,,,1.270,サーバー(国交省 川の防災情報)
kw04,2026-09-21T01:40:00.549Z,2026/09/21 10:30,,,0.860,サーバー(国交省 川の防災情報)
kw05,2026-09-21T01:40:00.550Z,2026/09/21 09:00,,,-1.260,サーバー(国交省 川の防災情報)
kw06,2026-09-21T01:40:01.139Z,2026/09/21 09:00,,,-2.350,サーバー(国交省 川の防災情報)
kw07,2026-09-21T01:40:01.145Z,2026/09/21 09:00,,,-4.190,サーバー(国交省 川の防災情報)
kw08,2026-09-21T01:40:01.167Z,2026/09/21 10:30,,,0.820,サーバー(国交省 川の防災情報)
kw09,2026-09-21T01:40:01.577Z,2026/09/21 10:00,,,-4.040,サーバー(国交省 川の防災情報)
kw10,2026-09-21T01:40:01.588Z,2026/09/21 10:30,,,0.390,サーバー(国交省 川の防災情報)
kw11,2026-09-21T01:40:01.652Z,2026/09/21 10:30,,,1.380,サーバー(国交省 川の防災情報)
kw01,2026-09-21T01:50:00.452Z,2026/09/21 10:40,,,0.650,サーバー(国交省 川の防災情報)
kw02,2026-09-21T01:50:00.509Z,2026/09/21 10:40,,,0.440,サーバー(国交省 川の防災情報)
kw03,2026-09-21T01:50:00.511Z,2026/09/21 10:40,,,1.270,サーバー(国交省 川の防災情報)
kw04,2026-09-21T01:50:00.512Z,2026/09/21 10:40,,,0.860,サーバー(国交省 川の防災情報)
kw05,2026-09-21T01:50:00.513Z,2026/09/21 09:00,,,-1.260,サーバー(国交省 川の防災情報)
kw06,2026-09-21T01:50:01.433Z,2026/09/21 09:00,,,-2.350,サーバー(国交省 川の防災情報)
kw07,2026-09-21T01:50:01.700Z,2026/09/21 09:00,,,-4.190,サーバー(国交省 川の防災情報)
kw08,2026-09-21T01:50:01.853Z,2026/09/21 10:40,,,0.830,サーバー(国交省 川の防災情報)
kw09,2026-09-21T01:50:01.869Z,2026/09/21 10:00,,,-4.040,サーバー(国交省 川の防災情報)
kw10,2026-09-21T01:50:01.936Z,2026/09/21 10:40,,,0.390,サーバー(国交省 川の防災情報)
kw11,2026-09-21T01:50:02.183Z,2026/09/21 10:40,,,1.390,サーバー(国交省 川の防災情報)
cam02,2026-09-21T02:00:00.148Z,2026-09-21 10:50:07,,12.168,1.320,サーバー(直接取得)
cam03,2026-09-21T02:00:00.149Z,2026-09-21 10:50:16,,11.961,-4.580,サーバー(直接取得)
cam04,2026-09-21T02:00:00.150Z,2026-09-21 10:50:07,,12.251,1.030,サーバー(直接取得)
cam08,2026-09-21T02:00:00.151Z,2026-09-21 10:50:22,,12.163,0.140,サーバー(直接取得)
cam09,2026-09-21T02:00:00.954Z,2026-09-21 10:50:21,,11.636,0.320,サーバー(直接取得)
cam11,2026-09-21T02:00:00.970Z,2026-09-21 10:50:06,,12.326,0.556,サーバー(直接取得)
cam12,2026-09-21T02:00:01.123Z,2026-09-21 10:50:07,,12.203,-0.049,サーバー(直接取得)
cam13,2026-09-21T02:00:01.135Z,2026-09-21 10:50:07,,12.379,0.092,サーバー(直接取得)
cam14,2026-09-21T02:00:01.221Z,2026-09-21 10:50:19,,12.075,0.077,サーバー(直接取得)
cam36,2026-09-21T02:00:01.238Z,2026-09-21 10:50:07,,12.480,0.039,サーバー(直接取得)
cam39,2026-09-21T02:00:01.281Z,2026-09-21 10:58:06,,13.381,0.067,サーバー(直接取得)
cam40,2026-09-21T02:00:01.398Z,2026-09-21 10:50:07,,12.423,0.490,サーバー(直接取得)
cam41,2026-09-21T02:00:01.410Z,2026-09-21 10:50:03,,12.453,0.160,サーバー(直接取得)
cam42,2026-09-21T02:00:01.552Z,2026-09-21 10:50:16,,12.049,0.460,サーバー(直接取得)
cam43,2026-09-21T02:00:01.562Z,2026-09-21 10:50:16,,11.596,0.520,サーバー(直接取得)
cam44,2026-09-21T02:00:01.689Z,2026-09-21 10:50:03,,12.238,0.180,サーバー(直接取得)
cam45,2026-09-21T02:00:01.697Z,2026-09-21 10:50:03,,12.282,0.380,サーバー(直接取得)
cam46,2026-09-21T02:00:01.829Z,2026-09-21 10:50:20,,12.001,0.730,サーバー(直接取得)
cam47,2026-09-21T02:00:01.848Z,2026-09-21 10:50:07,,12.203,0.398,サーバー(直接取得)
cam48,2026-09-21T02:00:01.984Z,2026-09-21 10:50:03,,13.772,-15.480,サーバー(直接取得)
cam50,2026-09-21T02:00:02.000Z,2026-09-21 10:59:00,,13.500,0.250,サーバー(直接取得)
cam51,2026-09-21T02:00:02.194Z,2026-09-21 10:58:20,,13.605,0.200,サーバー(直接取得)
cam52,2026-09-21T02:00:02.202Z,2026-09-21 10:50:27,,12.132,0.310,サーバー(直接取得)
cam53,2026-09-21T02:00:02.341Z,2026-09-21 10:50:27,,12.352,0.200,サーバー(直接取得)
cam54,2026-09-21T02:00:02.367Z,2026-09-21 10:50:21,,11.983,0.080,サーバー(直接取得)
cam55,2026-09-21T02:00:02.501Z,2026-09-21 10:50:21,,11.983,0.730,サーバー(直接取得)
kw01,2026-09-21T02:00:02.584Z,2026/09/21 10:50,,,0.640,サーバー(国交省 川の防災情報)
kw02,2026-09-21T02:00:02.660Z,2026/09/21 10:50,,,0.440,サーバー(国交省 川の防災情報)
kw03,2026-09-21T02:00:02.696Z,2026/09/21 10:50,,,1.280,サーバー(国交省 川の防災情報)
kw04,2026-09-21T02:00:02.832Z,2026/09/21 10:50,,,0.880,サーバー(国交省 川の防災情報)
kw05,2026-09-21T02:00:02.865Z,2026/09/21 09:00,,,-1.260,サーバー(国交省 川の防災情報)
kw06,2026-09-21T02:00:03.410Z,2026/09/21 09:00,,,-2.350,サーバー(国交省 川の防災情報)
kw07,2026-09-21T02:00:03.572Z,2026/09/21 09:00,,,-4.190,サーバー(国交省 川の防災情報)
kw08,2026-09-21T02:00:03.770Z,2026/09/21 10:50,,,0.850,サーバー(国交省 川の防災情報)
kw09,2026-09-21T02:00:03.789Z,2026/09/21 10:00,,,-4.040,サーバー(国交省 川の防災情報)
kw10,2026-09-21T02:00:03.946Z,2026/09/21 10:50,,,0.400,サーバー(国交省 川の防災情報)
kw11,2026-09-21T02:00:04.003Z,2026/09/21 10:50,,,1.380,サーバー(国交省 川の防災情報)
kw01,2026-09-21T02:10:00.092Z,2026/09/21 11:00,,,0.650,サーバー(国交省 川の防災情報)
kw02,2026-09-21T02:10:00.149Z,2026/09/21 11:00,,,0.450,サーバー(国交省 川の防災情報)
kw03,2026-09-21T02:10:00.150Z,2026/09/21 11:00,,,1.280,サーバー(国交省 川の防災情報)
kw04,2026-09-21T02:10:00.151Z,2026/09/21 11:00,,,0.890,サーバー(国交省 川の防災情報)
kw05,2026-09-21T02:10:00.152Z,2026/09/21 09:00,,,-1.260,サーバー(国交省 川の防災情報)
kw06,2026-09-21T02:10:00.787Z,2026/09/21 09:00,,,-2.350,サーバー(国交省 川の防災情報)
kw07,2026-09-21T02:10:00.817Z,2026/09/21 09:00,,,-4.190,サーバー(国交省 川の防災情報)
kw08,2026-09-21T02:10:00.829Z,2026/09/21 11:00,,,0.860,サーバー(国交省 川の防災情報)
kw09,2026-09-21T02:10:00.865Z,2026/09/21 10:00,,,-4.040,サーバー(国交省 川の防災情報)
kw10,2026-09-21T02:10:01.213Z,2026/09/21 11:00,,,0.410,サーバー(国交省 川の防災情報)
kw11,2026-09-21T02:10:01.255Z,2026/09/21 11:00,,,1.370,サーバー(国交省 川の防災情報)
kw01,2026-09-21T02:20:00.977Z,2026/09/21 11:10,,,0.650,サーバー(国交省 川の防災情報)
kw02,2026-09-21T02:20:01.034Z,2026/09/21 11:10,,,0.460,サーバー(国交省 川の防災情報)
kw03,2026-09-21T02:20:01.035Z,2026/09/21 11:10,,,1.280,サーバー(国交省 川の防災情報)
kw04,2026-09-21T02:20:01.036Z,2026/09/21 11:10,,,0.920,サーバー(国交省 川の防災情報)
kw05,2026-09-21T02:20:01.037Z,2026/09/21 09:00,,,-1.260,サーバー(国交省 川の防災情報)
kw06,2026-09-21T02:20:01.846Z,2026/09/21 09:00,,,-2.350,サーバー(国交省 川の防災情報)
kw07,2026-09-21T02:20:01.865Z,2026/09/21 09:00,,,-4.190,サーバー(国交省 川の防災情報)
kw08,2026-09-21T02:20:01.891Z,2026/09/21 11:10,,,0.870,サーバー(国交省 川の防災情報)
kw09,2026-09-21T02:20:01.916Z,2026/09/21 10:00,,,-4.040,サーバー(国交省 川の防災情報)
kw10,2026-09-21T02:20:02.218Z,2026/09/21 11:10,,,0.440,サーバー(国交省 川の防災情報)
kw11,2026-09-21T02:20:02.318Z,2026/09/21 11:10,,,1.370,サーバー(国交省 川の防災情報)
cam02,2026-09-21T02:30:00.388Z,2026-09-21 11:20:07,,12.154,1.320,サーバー(直接取得)
cam03,2026-09-21T02:30:00.389Z,2026-09-21 11:20:17,,11.961,-4.320,サーバー(直接取得)
cam04,2026-09-21T02:30:00.390Z,2026-09-21 11:20:07,,12.260,1.070,サーバー(直接取得)
cam08,2026-09-21T02:30:00.391Z,2026-09-21 11:10:21,,12.159,0.140,サーバー(直接取得)
cam09,2026-09-21T02:30:01.307Z,2026-09-21 11:20:32,,11.627,0.320,サーバー(直接取得)
cam11,2026-09-21T02:30:01.308Z,2026-09-21 11:20:06,,12.313,0.462,サーバー(直接取得)
cam12,2026-09-21T02:30:01.532Z,2026-09-21 11:20:06,,12.229,-0.052,サーバー(直接取得)
cam13,2026-09-21T02:30:01.560Z,2026-09-21 11:20:07,,12.392,0.116,サーバー(直接取得)
cam14,2026-09-21T02:30:01.618Z,2026-09-21 11:20:18,,12.080,0.077,サーバー(直接取得)
cam36,2026-09-21T02:30:01.680Z,2026-09-21 11:20:07,,12.480,0.045,サーバー(直接取得)
cam39,2026-09-21T02:30:01.816Z,2026-09-21 11:28:06,,13.381,0.073,サーバー(直接取得)
cam40,2026-09-21T02:30:01.830Z,2026-09-21 11:20:07,,12.414,0.523,サーバー(直接取得)
cam41,2026-09-21T02:30:01.868Z,2026-09-21 11:20:03,,12.445,0.167,サーバー(直接取得)
cam42,2026-09-21T02:30:01.915Z,2026-09-21 11:20:19,,12.036,0.460,サーバー(直接取得)
cam43,2026-09-21T02:30:01.959Z,2026-09-21 11:20:16,,11.579,0.530,サーバー(直接取得)
cam44,2026-09-21T02:30:02.256Z,2026-09-21 11:20:03,,12.225,0.180,サーバー(直接取得)
cam45,2026-09-21T02:30:02.281Z,2026-09-21 11:20:03,,12.269,0.380,サーバー(直接取得)
cam46,2026-09-21T02:30:02.297Z,2026-09-21 11:20:16,,11.979,0.760,サーバー(直接取得)
cam47,2026-09-21T02:30:02.343Z,2026-09-21 11:20:07,,12.198,0.401,サーバー(直接取得)
cam48,2026-09-21T02:30:02.348Z,2026-09-21 11:20:03,,13.741,-15.420,サーバー(直接取得)
cam50,2026-09-21T02:30:02.587Z,2026-09-21 11:29:00,,13.504,0.250,サーバー(直接取得)
cam51,2026-09-21T02:30:02.673Z,2026-09-21 11:28:19,,13.605,0.250,サーバー(直接取得)
cam52,2026-09-21T02:30:02.700Z,2026-09-21 11:20:28,,12.110,0.320,サーバー(直接取得)
cam53,2026-09-21T02:30:02.736Z,2026-09-21 11:20:27,,12.339,0.230,サーバー(直接取得)
cam54,2026-09-21T02:30:02.879Z,2026-09-21 11:20:20,,11.983,0.090,サーバー(直接取得)
cam55,2026-09-21T02:30:02.954Z,2026-09-21 11:20:21,,11.974,0.730,サーバー(直接取得)
kw01,2026-09-21T02:30:02.975Z,2026/09/21 11:20,,,0.660,サーバー(国交省 川の防災情報)
kw02,2026-09-21T02:30:03.018Z,2026/09/21 11:20,,,0.470,サーバー(国交省 川の防災情報)
kw03,2026-09-21T02:30:03.170Z,2026/09/21 11:20,,,1.290,サーバー(国交省 川の防災情報)
kw04,2026-09-21T02:30:03.176Z,2026/09/21 11:20,,,0.890,サーバー(国交省 川の防災情報)
kw05,2026-09-21T02:30:03.225Z,2026/09/21 09:00,,,-1.260,サーバー(国交省 川の防災情報)
kw06,2026-09-21T02:30:03.593Z,2026/09/21 09:00,,,-2.350,サーバー(国交省 川の防災情報)
kw07,2026-09-21T02:30:03.623Z,2026/09/21 09:00,,,-4.190,サーバー(国交省 川の防災情報)
kw08,2026-09-21T02:30:03.637Z,2026/09/21 11:20,,,0.880,サーバー(国交省 川の防災情報)
kw09,2026-09-21T02:30:03.710Z,2026/09/21 10:00,,,-4.040,サーバー(国交省 川の防災情報)
kw10,2026-09-21T02:30:03.736Z,2026/09/21 11:20,,,0.460,サーバー(国交省 川の防災情報)
kw11,2026-09-21T02:30:04.082Z,2026/09/21 11:20,,,1.370,サーバー(国交省 川の防災情報)
kw01,2026-09-21T02:40:00.227Z,2026/09/21 11:30,,,0.660,サーバー(国交省 川の防災情報)
kw02,2026-09-21T02:40:00.282Z,2026/09/21 11:30,,,0.480,サーバー(国交省 川の防災情報)
kw03,2026-09-21T02:40:00.283Z,2026/09/21 11:30,,,1.290,サーバー(国交省 川の防災情報)
kw04,2026-09-21T02:40:00.284Z,2026/09/21 11:30,,,0.890,サーバー(国交省 川の防災情報)
kw05,2026-09-21T02:40:00.286Z,2026/09/21 09:00,,,-1.260,サーバー(国交省 川の防災情報)
kw06,2026-09-21T02:40:01.066Z,2026/09/21 09:00,,,-2.350,サーバー(国交省 川の防災情報)
kw07,2026-09-21T02:40:01.070Z,2026/09/21 09:00,,,-4.190,サーバー(国交省 川の防災情報)
kw08,2026-09-21T02:40:01.309Z,2026/09/21 11:30,,,0.900,サーバー(国交省 川の防災情報)
kw09,2026-09-21T02:40:01.385Z,2026/09/21 10:00,,,-4.040,サーバー(国交省 川の防災情報)
kw10,2026-09-21T02:40:01.387Z,2026/09/21 11:30,,,0.460,サーバー(国交省 川の防災情報)
kw11,2026-09-21T02:40:01.451Z,2026/09/21 11:30,,,1.380,サーバー(国交省 川の防災情報)
kw01,2026-09-21T02:50:00.650Z,2026/09/21 11:40,,,0.660,サーバー(国交省 川の防災情報)
kw02,2026-09-21T02:50:00.707Z,2026/09/21 11:40,,,0.480,サーバー(国交省 川の防災情報)
kw03,2026-09-21T02:50:00.709Z,2026/09/21 11:40,,,1.290,サーバー(国交省 川の防災情報)
kw04,2026-09-21T02:50:00.710Z,2026/09/21 11:40,,,0.920,サーバー(国交省 川の防災情報)
kw05,2026-09-21T02:50:00.711Z,2026/09/21 09:00,,,-1.260,サーバー(国交省 川の防災情報)
kw06,2026-09-21T02:50:01.200Z,2026/09/21 09:00,,,-2.350,サーバー(国交省 川の防災情報)
kw07,2026-09-21T02:50:01.233Z,2026/09/21 09:00,,,-4.190,サーバー(国交省 川の防災情報)
kw08,2026-09-21T02:50:01.236Z,2026/09/21 11:40,,,0.900,サーバー(国交省 川の防災情報)
kw09,2026-09-21T02:50:01.288Z,2026/09/21 10:00,,,-4.040,サーバー(国交省 川の防災情報)
kw10,2026-09-21T02:50:01.289Z,2026/09/21 11:40,,,0.470,サーバー(国交省 川の防災情報)
kw11,2026-09-21T02:50:01.589Z,2026/09/21 11:40,,,1.370,サーバー(国交省 川の防災情報)
cam02,2026-09-21T03:00:00.777Z,2026-09-21 11:50:07,,12.190,1.320,サーバー(直接取得)
cam03,2026-09-21T03:00:00.778Z,2026-09-21 11:50:14,,11.965,-3.670,サーバー(直接取得)
cam04,2026-09-21T03:00:00.779Z,2026-09-21 11:50:07,,12.278,1.060,サーバー(直接取得)
cam08,2026-09-21T03:00:00.780Z,2026-09-21 11:50:22,,12.185,0.160,サーバー(直接取得)
cam09,2026-09-21T03:00:01.850Z,2026-09-21 11:50:22,,11.631,0.320,サーバー(直接取得)
cam11,2026-09-21T03:00:01.930Z,2026-09-21 11:50:06,,12.317,0.516,サーバー(直接取得)
cam12,2026-09-21T03:00:02.540Z,2026-09-21 11:50:06,,12.242,-0.049,サーバー(直接取得)
cam13,2026-09-21T03:00:02.593Z,2026-09-21 11:50:07,,12.401,0.116,サーバー(直接取得)
cam14,2026-09-21T03:00:02.602Z,2026-09-21 11:50:21,,12.071,0.077,サーバー(直接取得)
cam36,2026-09-21T03:00:02.620Z,2026-09-21 11:50:07,,12.489,0.043,サーバー(直接取得)
cam39,2026-09-21T03:00:02.724Z,2026-09-21 11:58:06,,13.381,0.072,サーバー(直接取得)
cam40,2026-09-21T03:00:02.953Z,2026-09-21 11:50:07,,12.423,0.523,サーバー(直接取得)
cam41,2026-09-21T03:00:02.975Z,2026-09-21 11:50:03,,12.462,0.165,サーバー(直接取得)
cam42,2026-09-21T03:00:03.016Z,2026-09-21 11:50:15,,12.045,0.460,サーバー(直接取得)
cam43,2026-09-21T03:00:03.075Z,2026-09-21 11:50:17,,11.587,0.530,サーバー(直接取得)
cam44,2026-09-21T03:00:03.257Z,2026-09-21 11:50:03,,12.225,0.180,サーバー(直接取得)
cam45,2026-09-21T03:00:03.273Z,2026-09-21 11:50:03,,12.269,0.380,サーバー(直接取得)
cam46,2026-09-21T03:00:03.303Z,2026-09-21 11:50:16,,11.983,0.640,サーバー(直接取得)
cam47,2026-09-21T03:00:03.362Z,2026-09-21 11:50:07,,12.203,0.399,サーバー(直接取得)
cam48,2026-09-21T03:00:03.379Z,2026-09-21 11:50:03,,13.741,-15.390,サーバー(直接取得)
cam50,2026-09-21T03:00:03.555Z,2026-09-21 11:59:00,,13.504,0.260,サーバー(直接取得)
cam51,2026-09-21T03:00:03.555Z,2026-09-21 11:58:24,,13.605,0.220,サーバー(直接取得)
cam52,2026-09-21T03:00:03.587Z,2026-09-21 11:50:26,,12.128,0.320,サーバー(直接取得)
cam53,2026-09-21T03:00:03.637Z,2026-09-21 11:50:24,,12.352,0.230,サーバー(直接取得)
cam54,2026-09-21T03:00:03.642Z,2026-09-21 11:50:21,,12.014,0.090,サーバー(直接取得)
cam55,2026-09-21T03:00:03.829Z,2026-09-21 11:50:21,,11.996,0.730,サーバー(直接取得)
kw01,2026-09-21T03:00:03.845Z,2026/09/21 11:50,,,0.670,サーバー(国交省 川の防災情報)
kw02,2026-09-21T03:00:03.856Z,2026/09/21 11:50,,,0.490,サーバー(国交省 川の防災情報)
kw03,2026-09-21T03:00:03.908Z,2026/09/21 11:50,,,1.290,サーバー(国交省 川の防災情報)
kw04,2026-09-21T03:00:03.912Z,2026/09/21 11:50,,,0.910,サーバー(国交省 川の防災情報)
kw05,2026-09-21T03:00:04.100Z,2026/09/21 09:00,,,-1.260,サーバー(国交省 川の防災情報)
kw06,2026-09-21T03:00:04.488Z,2026/09/21 09:00,,,-2.350,サーバー(国交省 川の防災情報)
kw07,2026-09-21T03:00:04.495Z,2026/09/21 09:00,,,-4.190,サーバー(国交省 川の防災情報)
kw08,2026-09-21T03:00:04.498Z,2026/09/21 11:50,,,0.920,サーバー(国交省 川の防災情報)
kw09,2026-09-21T03:00:04.504Z,2026/09/21 10:00,,,-4.040,サーバー(国交省 川の防災情報)
kw10,2026-09-21T03:00:04.649Z,2026/09/21 11:50,,,0.480,サーバー(国交省 川の防災情報)
kw11,2026-09-21T03:00:04.954Z,2026/09/21 11:50,,,1.370,サーバー(国交省 川の防災情報)
cam02,2026-09-21T03:03:46.446Z,2026-09-21 12:00:07,,12.181,1.330,サーバー(直接取得)
cam03,2026-09-21T03:03:46.447Z,2026-09-21 12:00:14,,11.957,-4.580,サーバー(直接取得)
cam04,2026-09-21T03:03:46.448Z,2026-09-21 12:00:07,,12.269,1.060,サーバー(直接取得)
cam08,2026-09-21T03:03:46.449Z,2026-09-21 12:00:22,,12.172,0.170,サーバー(直接取得)
cam09,2026-09-21T03:03:47.198Z,2026-09-21 12:00:23,,11.618,0.320,サーバー(直接取得)
cam11,2026-09-21T03:03:47.200Z,2026-09-21 12:00:06,,12.317,0.494,サーバー(直接取得)
cam12,2026-09-21T03:03:47.363Z,2026-09-21 12:00:07,,12.238,-0.051,サーバー(直接取得)
cam13,2026-09-21T03:03:47.376Z,2026-09-21 12:00:07,,12.396,0.122,サーバー(直接取得)
cam14,2026-09-21T03:03:47.438Z,2026-09-21 12:00:23,,12.084,0.077,サーバー(直接取得)
cam36,2026-09-21T03:03:47.451Z,2026-09-21 12:00:07,,12.493,0.051,サーバー(直接取得)
cam39,2026-09-21T03:03:47.604Z,2026-09-21 12:02:05,,13.381,0.072,サーバー(直接取得)
cam40,2026-09-21T03:03:47.619Z,2026-09-21 12:00:07,,12.414,0.525,サーバー(直接取得)
cam41,2026-09-21T03:03:47.689Z,2026-09-21 12:00:03,,12.458,0.162,サーバー(直接取得)
cam42,2026-09-21T03:03:47.736Z,2026-09-21 12:00:16,,12.036,0.460,サーバー(直接取得)
cam43,2026-09-21T03:03:47.840Z,2026-09-21 12:00:17,,11.579,0.530,サーバー(直接取得)
cam44,2026-09-21T03:03:47.855Z,2026-09-21 12:00:03,,12.220,0.180,サーバー(直接取得)
cam45,2026-09-21T03:03:47.925Z,2026-09-21 12:00:03,,12.278,0.390,サーバー(直接取得)
cam46,2026-09-21T03:03:47.983Z,2026-09-21 12:00:16,,11.983,0.760,サーバー(直接取得)
cam47,2026-09-21T03:03:48.077Z,2026-09-21 12:00:07,,12.207,0.402,サーバー(直接取得)
cam48,2026-09-21T03:03:48.097Z,2026-09-21 12:00:03,,13.755,-15.440,サーバー(直接取得)
cam50,2026-09-21T03:03:48.178Z,2026-09-21 12:03:00,,13.500,0.250,サーバー(直接取得)
cam51,2026-09-21T03:03:48.218Z,2026-09-21 12:02:24,,13.601,0.220,サーバー(直接取得)
cam52,2026-09-21T03:03:48.316Z,2026-09-21 12:00:27,,12.119,0.320,サーバー(直接取得)
cam53,2026-09-21T03:03:48.335Z,2026-09-21 12:00:28,,12.343,0.240,サーバー(直接取得)
cam54,2026-09-21T03:03:48.421Z,2026-09-21 12:00:20,,12.005,0.090,サーバー(直接取得)
cam55,2026-09-21T03:03:48.459Z,2026-09-21 12:00:21,,11.992,0.730,サーバー(直接取得)
kw01,2026-09-21T03:03:48.554Z,2026/09/21 11:50,,,0.670,サーバー(国交省 川の防災情報)
kw02,2026-09-21T03:03:48.584Z,2026/09/21 11:50,,,0.490,サーバー(国交省 川の防災情報)
kw03,2026-09-21T03:03:48.787Z,2026/09/21 11:50,,,1.290,サーバー(国交省 川の防災情報)
kw04,2026-09-21T03:03:48.818Z,2026/09/21 11:50,,,0.910,サーバー(国交省 川の防災情報)
kw05,2026-09-21T03:03:49.191Z,2026/09/21 09:00,,,-1.260,サーバー(国交省 川の防災情報)
kw06,2026-09-21T03:03:49.301Z,2026/09/21 09:00,,,-2.350,サーバー(国交省 川の防災情報)
kw07,2026-09-21T03:03:49.462Z,2026/09/21 09:00,,,-4.190,サーバー(国交省 川の防災情報)
kw08,2026-09-21T03:03:49.559Z,2026/09/21 11:50,,,0.920,サーバー(国交省 川の防災情報)
kw09,2026-09-21T03:03:49.631Z,2026/09/21 10:00,,,-4.040,サーバー(国交省 川の防災情報)
kw10,2026-09-21T03:03:49.725Z,2026/09/21 11:50,,,0.480,サーバー(国交省 川の防災情報)
kw11,2026-09-21T03:03:49.853Z,2026/09/21 11:50,,,1.370,サーバー(国交省 川の防災情報)
cam02,2026-09-21T03:12:19.224Z,2026-09-21 12:10:07,,12.176,1.340,サーバー(直接取得)
cam03,2026-09-21T03:12:19.225Z,2026-09-21 12:10:14,,11.957,-4.580,サーバー(直接取得)
cam04,2026-09-21T03:12:19.227Z,2026-09-21 12:10:07,,12.260,1.040,サーバー(直接取得)
cam08,2026-09-21T03:12:19.228Z,2026-09-21 12:10:22,,12.163,0.160,サーバー(直接取得)
cam09,2026-09-21T03:12:20.154Z,2026-09-21 12:10:21,,11.631,0.320,サーバー(直接取得)
cam11,2026-09-21T03:12:20.159Z,2026-09-21 12:10:06,,12.326,0.568,サーバー(直接取得)
cam12,2026-09-21T03:12:20.401Z,2026-09-21 12:10:07,,12.234,-0.049,サーバー(直接取得)
cam13,2026-09-21T03:12:20.419Z,2026-09-21 12:10:07,,12.392,0.138,サーバー(直接取得)
cam14,2026-09-21T03:12:20.527Z,2026-09-21 12:10:18,,12.080,0.087,サーバー(直接取得)
cam36,2026-09-21T03:12:20.546Z,2026-09-21 12:10:07,,12.489,0.046,サーバー(直接取得)
cam39,2026-09-21T03:12:20.653Z,2026-09-21 12:10:06,,13.381,0.075,サーバー(直接取得)
cam40,2026-09-21T03:12:20.681Z,2026-09-21 12:10:07,,12.418,0.534,サーバー(直接取得)
cam41,2026-09-21T03:12:20.712Z,2026-09-21 12:10:03,,12.458,0.163,サーバー(直接取得)
cam42,2026-09-21T03:12:20.787Z,2026-09-21 12:00:16,,12.036,0.460,サーバー(直接取得)
cam43,2026-09-21T03:12:20.796Z,2026-09-21 12:00:17,,11.579,0.530,サーバー(直接取得)
cam44,2026-09-21T03:12:20.905Z,2026-09-21 12:10:03,,12.220,0.180,サーバー(直接取得)
cam45,2026-09-21T03:12:20.944Z,2026-09-21 12:10:03,,12.273,0.390,サーバー(直接取得)
cam46,2026-09-21T03:12:20.977Z,2026-09-21 12:00:16,,11.983,0.760,サーバー(直接取得)
cam47,2026-09-21T03:12:21.047Z,2026-09-21 12:10:07,,12.203,0.401,サーバー(直接取得)
cam48,2026-09-21T03:12:21.206Z,2026-09-21 12:10:03,,13.755,-15.450,サーバー(直接取得)
cam50,2026-09-21T03:12:21.215Z,2026-09-21 12:10:00,,13.504,0.250,サーバー(直接取得)
cam51,2026-09-21T03:12:21.228Z,2026-09-21 12:10:19,,13.605,0.230,サーバー(直接取得)
cam52,2026-09-21T03:12:21.245Z,2026-09-21 12:10:31,,12.128,0.320,サーバー(直接取得)
cam53,2026-09-21T03:12:21.308Z,2026-09-21 12:10:26,,12.343,0.260,サーバー(直接取得)
cam54,2026-09-21T03:12:21.462Z,2026-09-21 12:10:21,,11.992,0.090,サーバー(直接取得)
cam55,2026-09-21T03:12:21.475Z,2026-09-21 12:10:21,,11.992,0.730,サーバー(直接取得)
kw01,2026-09-21T03:12:21.502Z,2026/09/21 12:00,,,0.670,サーバー(国交省 川の防災情報)
kw02,2026-09-21T03:12:21.505Z,2026/09/21 12:00,,,0.490,サーバー(国交省 川の防災情報)
kw03,2026-09-21T03:12:21.558Z,2026/09/21 12:00,,,1.290,サーバー(国交省 川の防災情報)
kw04,2026-09-21T03:12:21.709Z,2026/09/21 12:00,,,0.950,サーバー(国交省 川の防災情報)
kw05,2026-09-21T03:12:21.746Z,2026/09/21 09:00,,,-1.260,サーバー(国交省 川の防災情報)
kw06,2026-09-21T03:12:22.002Z,2026/09/21 09:00,,,-2.350,サーバー(国交省 川の防災情報)
kw07,2026-09-21T03:12:22.003Z,2026/09/21 09:00,,,-4.190,サーバー(国交省 川の防災情報)
kw08,2026-09-21T03:12:22.068Z,2026/09/21 12:00,,,0.930,サーバー(国交省 川の防災情報)
kw09,2026-09-21T03:12:22.253Z,2026/09/21 10:00,,,-4.040,サーバー(国交省 川の防災情報)
kw10,2026-09-21T03:12:22.260Z,2026/09/21 12:00,,,0.500,サーバー(国交省 川の防災情報)
kw11,2026-09-21T03:12:22.329Z,2026/09/21 12:00,,,1.370,サーバー(国交省 川の防災情報)
cam02,2026-09-21T03:21:52.535Z,2026-09-21 12:20:07,,12.172,1.350,サーバー(直接取得)
cam03,2026-09-21T03:21:52.536Z,2026-09-21 12:20:16,,11.957,-4.580,サーバー(直接取得)
cam04,2026-09-21T03:21:52.537Z,2026-09-21 12:20:07,,12.256,1.070,サーバー(直接取得)
cam08,2026-09-21T03:21:52.538Z,2026-09-21 12:20:22,,12.168,0.170,サーバー(直接取得)
cam09,2026-09-21T03:21:53.110Z,2026-09-21 12:20:22,,11.609,0.330,サーバー(直接取得)
cam11,2026-09-21T03:21:53.112Z,2026-09-21 12:20:06,,12.321,0.548,サーバー(直接取得)
cam12,2026-09-21T03:21:53.303Z,2026-09-21 12:20:07,,12.238,-0.048,サーバー(直接取得)
cam13,2026-09-21T03:21:53.315Z,2026-09-21 12:20:07,,12.387,0.137,サーバー(直接取得)
cam14,2026-09-21T03:21:53.320Z,2026-09-21 12:20:20,,12.071,0.087,サーバー(直接取得)
cam36,2026-09-21T03:21:53.338Z,2026-09-21 12:20:07,,12.480,0.048,サーバー(直接取得)
cam39,2026-09-21T03:21:53.512Z,2026-09-21 12:20:06,,13.385,0.070,サーバー(直接取得)
cam40,2026-09-21T03:21:53.523Z,2026-09-21 12:20:07,,12.418,0.538,サーバー(直接取得)
cam41,2026-09-21T03:21:53.534Z,2026-09-21 12:20:03,,12.458,0.163,サーバー(直接取得)
cam42,2026-09-21T03:21:53.538Z,2026-09-21 12:10:16,,12.036,0.460,サーバー(直接取得)
cam43,2026-09-21T03:21:53.675Z,2026-09-21 12:10:16,,11.579,0.530,サーバー(直接取得)
cam44,2026-09-21T03:21:53.715Z,2026-09-21 12:20:03,,12.220,0.180,サーバー(直接取得)
cam45,2026-09-21T03:21:53.731Z,2026-09-21 12:20:03,,12.269,0.390,サーバー(直接取得)
cam46,2026-09-21T03:21:53.753Z,2026-09-21 12:10:17,,11.979,0.840,サーバー(直接取得)
cam47,2026-09-21T03:21:53.754Z,2026-09-21 12:20:06,,12.198,0.403,サーバー(直接取得)
cam48,2026-09-21T03:21:53.881Z,2026-09-21 12:20:03,,13.768,-15.450,サーバー(直接取得)
cam50,2026-09-21T03:21:53.921Z,2026-09-21 12:21:00,,13.504,0.250,サーバー(直接取得)
cam51,2026-09-21T03:21:53.929Z,2026-09-21 12:20:21,,13.605,0.250,サーバー(直接取得)
cam52,2026-09-21T03:21:53.959Z,2026-09-21 12:20:24,,12.119,0.320,サーバー(直接取得)
cam53,2026-09-21T03:21:53.969Z,2026-09-21 12:20:26,,12.343,0.270,サーバー(直接取得)
cam54,2026-09-21T03:21:54.127Z,2026-09-21 12:20:21,,11.979,0.090,サーバー(直接取得)
cam55,2026-09-21T03:21:54.134Z,2026-09-21 12:20:21,,11.979,0.730,サーバー(直接取得)
kw01,2026-09-21T03:21:54.147Z,2026/09/21 12:10,,,0.670,サーバー(国交省 川の防災情報)
kw02,2026-09-21T03:21:54.170Z,2026/09/21 12:10,,,0.500,サーバー(国交省 川の防災情報)
kw03,2026-09-21T03:21:54.181Z,2026/09/21 12:10,,,1.300,サーバー(国交省 川の防災情報)
kw04,2026-09-21T03:21:54.336Z,2026/09/21 12:10,,,0.910,サーバー(国交省 川の防災情報)
kw05,2026-09-21T03:21:54.352Z,2026/09/21 09:00,,,-1.260,サーバー(国交省 川の防災情報)
kw06,2026-09-21T03:21:54.652Z,2026/09/21 09:00,,,-2.350,サーバー(国交省 川の防災情報)
kw07,2026-09-21T03:21:54.653Z,2026/09/21 09:00,,,-4.190,サーバー(国交省 川の防災情報)
kw08,2026-09-21T03:21:54.668Z,2026/09/21 12:10,,,0.940,サーバー(国交省 川の防災情報)
kw09,2026-09-21T03:21:54.682Z,2026/09/21 10:00,,,-4.040,サーバー(国交省 川の防災情報)
kw10,2026-09-21T03:21:54.864Z,2026/09/21 12:10,,,0.520,サーバー(国交省 川の防災情報)
kw11,2026-09-21T03:21:54.916Z,2026/09/21 12:10,,,1.380,サーバー(国交省 川の防災情報)
kw01,2026-09-21T03:30:00.110Z,2026/09/21 12:20,,,0.670,サーバー(国交省 川の防災情報)
kw02,2026-09-21T03:30:00.165Z,2026/09/21 12:20,,,0.510,サーバー(国交省 川の防災情報)
kw03,2026-09-21T03:30:00.167Z,2026/09/21 12:20,,,1.300,サーバー(国交省 川の防災情報)
kw04,2026-09-21T03:30:00.168Z,2026/09/21 12:20,,,0.920,サーバー(国交省 川の防災情報)
kw05,2026-09-21T03:30:00.169Z,2026/09/21 09:00,,,-1.260,サーバー(国交省 川の防災情報)
kw06,2026-09-21T03:30:00.986Z,2026/09/21 09:00,,,-2.350,サーバー(国交省 川の防災情報)
kw07,2026-09-21T03:30:01.002Z,2026/09/21 09:00,,,-4.190,サーバー(国交省 川の防災情報)
kw08,2026-09-21T03:30:01.206Z,2026/09/21 12:20,,,0.950,サーバー(国交省 川の防災情報)
kw09,2026-09-21T03:30:01.241Z,2026/09/21 10:00,,,-4.040,サーバー(国交省 川の防災情報)
kw10,2026-09-21T03:30:01.289Z,2026/09/21 12:20,,,0.540,サーバー(国交省 川の防災情報)
kw11,2026-09-21T03:30:01.456Z,2026/09/21 12:20,,,1.370,サーバー(国交省 川の防災情報)
kw01,2026-09-21T03:40:00.763Z,2026/09/21 12:30,,,0.680,サーバー(国交省 川の防災情報)
kw02,2026-09-21T03:40:00.820Z,2026/09/21 12:30,,,0.530,サーバー(国交省 川の防災情報)
kw03,2026-09-21T03:40:00.821Z,2026/09/21 12:30,,,1.310,サーバー(国交省 川の防災情報)
kw04,2026-09-21T03:40:00.822Z,2026/09/21 12:30,,,0.920,サーバー(国交省 川の防災情報)
kw05,2026-09-21T03:40:00.823Z,2026/09/21 09:00,,,-1.260,サーバー(国交省 川の防災情報)
kw06,2026-09-21T03:40:01.678Z,2026/09/21 09:00,,,-2.350,サーバー(国交省 川の防災情報)
kw07,2026-09-21T03:40:01.706Z,2026/09/21 09:00,,,-4.190,サーバー(国交省 川の防災情報)
kw08,2026-09-21T03:40:01.731Z,2026/09/21 12:30,,,0.970,サーバー(国交省 川の防災情報)
kw09,2026-09-21T03:40:02.097Z,2026/09/21 10:00,,,-4.040,サーバー(国交省 川の防災情報)
kw10,2026-09-21T03:40:02.099Z,2026/09/21 12:30,,,0.560,サーバー(国交省 川の防災情報)
kw11,2026-09-21T03:40:02.199Z,2026/09/21 12:30,,,1.380,サーバー(国交省 川の防災情報)
cam02,2026-09-21T03:50:00.566Z,2026-09-21 12:40:07,,12.181,1.400,サーバー(直接取得)
cam03,2026-09-21T03:50:00.567Z,2026-09-21 12:40:14,,11.952,-4.460,サーバー(直接取得)
cam04,2026-09-21T03:50:00.568Z,2026-09-21 12:40:06,,12.269,1.080,サーバー(直接取得)
cam08,2026-09-21T03:50:00.569Z,2026-09-21 12:40:22,,12.172,0.170,サーバー(直接取得)
cam09,2026-09-21T03:50:01.131Z,2026-09-21 12:40:20,,11.623,-5.780,サーバー(直接取得)
cam11,2026-09-21T03:50:01.132Z,2026-09-21 12:40:06,,12.326,0.527,サーバー(直接取得)
cam12,2026-09-21T03:50:01.215Z,2026-09-21 12:40:07,,12.238,-0.036,サーバー(直接取得)
cam13,2026-09-21T03:50:01.217Z,2026-09-21 12:40:06,,12.387,0.190,サーバー(直接取得)
cam14,2026-09-21T03:50:01.235Z,2026-09-21 12:40:24,,12.075,0.107,サーバー(直接取得)
cam36,2026-09-21T03:50:01.359Z,2026-09-21 12:40:07,,12.493,0.124,サーバー(直接取得)
cam39,2026-09-21T03:50:01.377Z,2026-09-21 12:48:06,,13.381,-2.958,サーバー(直接取得)
cam40,2026-09-21T03:50:01.424Z,2026-09-21 12:40:07,,12.427,0.576,サーバー(直接取得)
cam41,2026-09-21T03:50:01.441Z,2026-09-21 12:40:03,,12.484,0.173,サーバー(直接取得)
cam42,2026-09-21T03:50:01.476Z,2026-09-21 12:40:20,,12.031,0.480,サーバー(直接取得)
cam43,2026-09-21T03:50:01.591Z,2026-09-21 12:40:21,,11.570,0.530,サーバー(直接取得)
cam44,2026-09-21T03:50:01.606Z,2026-09-21 12:40:03,,12.225,0.180,サーバー(直接取得)
cam45,2026-09-21T03:50:01.640Z,2026-09-21 12:40:03,,12.269,0.400,サーバー(直接取得)
cam46,2026-09-21T03:50:01.730Z,2026-09-21 12:40:15,,11.983,1.400,サーバー(直接取得)
cam47,2026-09-21T03:50:01.848Z,2026-09-21 12:40:06,,12.207,0.404,サーバー(直接取得)
cam48,2026-09-21T03:50:01.910Z,2026-09-21 12:40:03,,13.741,-15.460,サーバー(直接取得)
cam50,2026-09-21T03:50:01.954Z,2026-09-21 12:49:00,,13.500,0.280,サーバー(直接取得)
cam51,2026-09-21T03:50:01.956Z,2026-09-21 12:44:23,,13.605,0.280,サーバー(直接取得)
cam52,2026-09-21T03:50:01.959Z,2026-09-21 12:40:45,,12.124,0.330,サーバー(直接取得)
cam53,2026-09-21T03:50:02.113Z,2026-09-21 12:40:25,,12.357,0.360,サーバー(直接取得)
cam54,2026-09-21T03:50:02.220Z,2026-09-21 12:40:21,,12.392,0.110,サーバー(直接取得)
cam55,2026-09-21T03:50:02.241Z,2026-09-21 12:40:21,,11.979,0.730,サーバー(直接取得)
kw01,2026-09-21T03:50:02.359Z,2026/09/21 12:40,,,0.690,サーバー(国交省 川の防災情報)
kw02,2026-09-21T03:50:02.389Z,2026/09/21 12:40,,,0.540,サーバー(国交省 川の防災情報)
kw03,2026-09-21T03:50:02.438Z,2026/09/21 12:40,,,1.320,サーバー(国交省 川の防災情報)
kw04,2026-09-21T03:50:02.473Z,2026/09/21 12:40,,,0.950,サーバー(国交省 川の防災情報)
kw05,2026-09-21T03:50:02.500Z,2026/09/21 09:00,,,-1.260,サーバー(国交省 川の防災情報)
kw06,2026-09-21T03:50:03.065Z,2026/09/21 09:00,,,-2.350,サーバー(国交省 川の防災情報)
kw07,2026-09-21T03:50:03.102Z,2026/09/21 09:00,,,-4.190,サーバー(国交省 川の防災情報)
kw08,2026-09-21T03:50:03.107Z,2026/09/21 12:40,,,1.000,サーバー(国交省 川の防災情報)
kw09,2026-09-21T03:50:03.155Z,2026/09/21 10:00,,,-4.040,サーバー(国交省 川の防災情報)
kw10,2026-09-21T03:50:03.187Z,2026/09/21 12:40,,,0.630,サーバー(国交省 川の防災情報)
kw11,2026-09-21T03:50:03.544Z,2026/09/21 12:40,,,1.390,サーバー(国交省 川の防災情報)
kw01,2026-09-21T04:00:00.550Z,2026/09/21 12:50,,,0.710,サーバー(国交省 川の防災情報)
kw02,2026-09-21T04:00:00.606Z,2026/09/21 12:50,,,0.580,サーバー(国交省 川の防災情報)
kw03,2026-09-21T04:00:00.608Z,2026/09/21 12:50,,,1.350,サーバー(国交省 川の防災情報)
kw04,2026-09-21T04:00:00.609Z,2026/09/21 12:50,,,0.950,サーバー(国交省 川の防災情報)
kw05,2026-09-21T04:00:00.610Z,2026/09/21 09:00,,,-1.260,サーバー(国交省 川の防災情報)
kw06,2026-09-21T04:00:01.439Z,2026/09/21 09:00,,,-2.350,サーバー(国交省 川の防災情報)
kw07,2026-09-21T04:00:01.453Z,2026/09/21 09:00,,,-4.190,サーバー(国交省 川の防災情報)
kw08,2026-09-21T04:00:01.467Z,2026/09/21 12:50,,,1.040,サーバー(国交省 川の防災情報)
kw09,2026-09-21T04:00:01.482Z,2026/09/21 10:00,,,-4.040,サーバー(国交省 川の防災情報)
kw10,2026-09-21T04:00:01.505Z,2026/09/21 12:50,,,0.720,サーバー(国交省 川の防災情報)
kw11,2026-09-21T04:00:01.914Z,2026/09/21 12:50,,,1.410,サーバー(国交省 川の防災情報)
kw01,2026-09-21T04:10:00.845Z,2026/09/21 13:00,,,0.730,サーバー(国交省 川の防災情報)
kw02,2026-09-21T04:10:00.900Z,2026/09/21 13:00,,,0.620,サーバー(国交省 川の防災情報)
kw03,2026-09-21T04:10:00.901Z,2026/09/21 13:00,,,1.370,サーバー(国交省 川の防災情報)
kw04,2026-09-21T04:10:00.902Z,2026/09/21 13:00,,,0.940,サーバー(国交省 川の防災情報)
kw05,2026-09-21T04:10:00.903Z,2026/09/21 09:00,,,-1.260,サーバー(国交省 川の防災情報)
kw06,2026-09-21T04:10:01.607Z,2026/09/21 09:00,,,-2.350,サーバー(国交省 川の防災情報)
kw07,2026-09-21T04:10:01.609Z,2026/09/21 09:00,,,-4.190,サーバー(国交省 川の防災情報)
kw08,2026-09-21T04:10:01.613Z,2026/09/21 13:00,,,1.090,サーバー(国交省 川の防災情報)
kw09,2026-09-21T04:10:01.927Z,2026/09/21 10:00,,,-4.040,サーバー(国交省 川の防災情報)
kw10,2026-09-21T04:10:01.972Z,2026/09/21 13:00,,,0.760,サーバー(国交省 川の防災情報)
kw11,2026-09-21T04:10:02.055Z,2026/09/21 13:00,,,1.440,サーバー(国交省 川の防災情報)
cam02,2026-09-21T04:20:00.620Z,2026-09-21 13:10:08,,12.146,1.540,サーバー(直接取得)
cam03,2026-09-21T04:20:00.621Z,2026-09-21 13:10:17,,11.930,-4.580,サーバー(直接取得)
cam04,2026-09-21T04:20:00.622Z,2026-09-21 13:10:06,,12.247,1.120,サーバー(直接取得)
cam08,2026-09-21T04:20:00.623Z,2026-09-21 13:00:22,,12.150,0.200,サーバー(直接取得)
cam09,2026-09-21T04:20:01.181Z,2026-09-21 13:10:24,,12.269,0.320,サーバー(直接取得)
cam11,2026-09-21T04:20:01.183Z,2026-09-21 13:10:07,,12.282,0.527,サーバー(直接取得)
cam12,2026-09-21T04:20:01.281Z,2026-09-21 13:10:07,,12.190,-0.023,サーバー(直接取得)
cam13,2026-09-21T04:20:01.295Z,2026-09-21 13:10:06,,12.365,0.190,サーバー(直接取得)
cam14,2026-09-21T04:20:01.402Z,2026-09-21 13:10:19,,12.031,0.117,サーバー(直接取得)
cam36,2026-09-21T04:20:01.409Z,2026-09-21 13:10:07,,12.471,0.065,サーバー(直接取得)
cam39,2026-09-21T04:20:01.422Z,2026-09-21 13:18:06,,13.381,0.082,サーバー(直接取得)
cam40,2026-09-21T04:20:01.494Z,2026-09-21 13:10:06,,12.401,0.639,サーバー(直接取得)
cam41,2026-09-21T04:20:01.500Z,2026-09-21 13:10:03,,12.436,0.186,サーバー(直接取得)
cam42,2026-09-21T04:20:01.631Z,2026-09-21 13:00:17,,12.023,0.500,サーバー(直接取得)
cam43,2026-09-21T04:20:01.644Z,2026-09-21 13:10:19,,11.530,0.530,サーバー(直接取得)
cam44,2026-09-21T04:20:01.649Z,2026-09-21 13:10:03,,12.212,0.190,サーバー(直接取得)
cam45,2026-09-21T04:20:01.705Z,2026-09-21 13:10:04,,12.225,0.410,サーバー(直接取得)
cam46,2026-09-21T04:20:01.711Z,2026-09-21 13:10:35,,11.943,1.390,サーバー(直接取得)
cam47,2026-09-21T04:20:01.855Z,2026-09-21 13:10:06,,12.172,0.409,サーバー(直接取得)
cam48,2026-09-21T04:20:01.877Z,2026-09-21 13:10:03,,13.755,-15.470,サーバー(直接取得)
cam50,2026-09-21T04:20:01.893Z,2026-09-21 13:16:00,,13.500,0.300,サーバー(直接取得)
cam51,2026-09-21T04:20:01.937Z,2026-09-21 13:18:18,,13.610,0.360,サーバー(直接取得)
cam52,2026-09-21T04:20:01.967Z,2026-09-21 13:10:29,,12.084,0.330,サーバー(直接取得)
cam53,2026-09-21T04:20:02.214Z,2026-09-21 13:10:25,,12.330,0.430,サーバー(直接取得)
cam54,2026-09-21T04:20:02.215Z,2026-09-21 13:10:20,,12.396,0.120,サーバー(直接取得)
cam55,2026-09-21T04:20:02.247Z,2026-09-21 13:10:21,,11.965,0.730,サーバー(直接取得)
kw01,2026-09-21T04:20:02.253Z,2026/09/21 13:10,,,0.750,サーバー(国交省 川の防災情報)
kw02,2026-09-21T04:20:02.536Z,2026/09/21 13:10,,,0.650,サーバー(国交省 川の防災情報)
kw03,2026-09-21T04:20:02.587Z,2026/09/21 13:10,,,1.380,サーバー(国交省 川の防災情報)
kw04,2026-09-21T04:20:02.609Z,2026/09/21 13:10,,,0.950,サーバー(国交省 川の防災情報)
kw05,2026-09-21T04:20:02.666Z,2026/09/21 09:00,,,-1.260,サーバー(国交省 川の防災情報)
kw06,2026-09-21T04:20:03.043Z,2026/09/21 09:00,,,-2.350,サーバー(国交省 川の防災情報)
kw07,2026-09-21T04:20:03.047Z,2026/09/21 09:00,,,-4.190,サーバー(国交省 川の防災情報)
kw08,2026-09-21T04:20:03.064Z,2026/09/21 13:10,,,1.140,サーバー(国交省 川の防災情報)
kw09,2026-09-21T04:20:03.076Z,2026/09/21 10:00,,,-4.040,サーバー(国交省 川の防災情報)
kw10,2026-09-21T04:20:03.522Z,2026/09/21 13:10,,,0.810,サーバー(国交省 川の防災情報)
kw11,2026-09-21T04:20:03.524Z,2026/09/21 13:10,,,1.470,サーバー(国交省 川の防災情報)
kw01,2026-09-21T04:30:00.758Z,2026/09/21 13:20,,,0.760,サーバー(国交省 川の防災情報)
kw02,2026-09-21T04:30:00.815Z,2026/09/21 13:20,,,0.690,サーバー(国交省 川の防災情報)
kw03,2026-09-21T04:30:00.817Z,2026/09/21 13:20,,,1.390,サーバー(国交省 川の防災情報)
kw04,2026-09-21T04:30:00.818Z,2026/09/21 13:20,,,0.940,サーバー(国交省 川の防災情報)
kw05,2026-09-21T04:30:00.819Z,2026/09/21 09:00,,,-1.260,サーバー(国交省 川の防災情報)
kw06,2026-09-21T04:30:01.543Z,2026/09/21 09:00,,,-2.350,サーバー(国交省 川の防災情報)
kw07,2026-09-21T04:30:01.554Z,2026/09/21 09:00,,,-4.190,サーバー(国交省 川の防災情報)
kw08,2026-09-21T04:30:01.569Z,2026/09/21 13:20,,,1.190,サーバー(国交省 川の防災情報)
kw09,2026-09-21T04:30:01.867Z,2026/09/21 10:00,,,-4.040,サーバー(国交省 川の防災情報)
kw10,2026-09-21T04:30:01.875Z,2026/09/21 13:20,,,0.870,サーバー(国交省 川の防災情報)
kw11,2026-09-21T04:30:01.966Z,2026/09/21 13:20,,,1.500,サーバー(国交省 川の防災情報)
kw01,2026-09-21T04:40:00.249Z,2026/09/21 13:30,,,0.760,サーバー(国交省 川の防災情報)
kw02,2026-09-21T04:40:00.304Z,2026/09/21 13:30,,,0.720,サーバー(国交省 川の防災情報)
kw03,2026-09-21T04:40:00.305Z,2026/09/21 13:30,,,1.400,サーバー(国交省 川の防災情報)
kw04,2026-09-21T04:40:00.307Z,2026/09/21 13:30,,,0.940,サーバー(国交省 川の防災情報)
kw05,2026-09-21T04:40:00.308Z,2026/09/21 09:00,,,-1.260,サーバー(国交省 川の防災情報)
kw06,2026-09-21T04:40:01.057Z,2026/09/21 09:00,,,-2.350,サーバー(国交省 川の防災情報)
kw07,2026-09-21T04:40:01.061Z,2026/09/21 09:00,,,-4.190,サーバー(国交省 川の防災情報)
kw08,2026-09-21T04:40:01.086Z,2026/09/21 13:30,,,1.250,サーバー(国交省 川の防災情報)
kw09,2026-09-21T04:40:01.101Z,2026/09/21 10:00,,,-4.040,サーバー(国交省 川の防災情報)
kw10,2026-09-21T04:40:01.136Z,2026/09/21 13:30,,,0.920,サーバー(国交省 川の防災情報)
kw11,2026-09-21T04:40:01.498Z,2026/09/21 13:30,,,1.550,サーバー(国交省 川の防災情報)
cam02,2026-09-21T04:50:00.963Z,2026-09-21 13:40:07,,12.168,1.830,サーバー(直接取得)
cam03,2026-09-21T04:50:00.964Z,2026-09-21 13:40:15,,11.948,-4.580,サーバー(直接取得)
cam04,2026-09-21T04:50:00.965Z,2026-09-21 13:40:07,,12.256,1.400,サーバー(直接取得)
cam08,2026-09-21T04:50:00.966Z,2026-09-21 13:40:21,,12.163,0.270,サーバー(直接取得)
cam09,2026-09-21T04:50:01.594Z,2026-09-21 13:40:24,,12.273,0.320,サーバー(直接取得)
cam11,2026-09-21T04:50:01.616Z,2026-09-21 13:40:07,,12.304,0.582,サーバー(直接取得)
cam12,2026-09-21T04:50:01.698Z,2026-09-21 13:40:07,,12.229,-0.008,サーバー(直接取得)
cam13,2026-09-21T04:50:01.745Z,2026-09-21 13:40:06,,12.374,0.219,サーバー(直接取得)
cam14,2026-09-21T04:50:02.089Z,2026-09-21 13:40:19,,12.062,0.137,サーバー(直接取得)
cam36,2026-09-21T04:50:02.100Z,2026-09-21 13:40:06,,12.480,0.141,サーバー(直接取得)
cam39,2026-09-21T04:50:02.102Z,2026-09-21 13:48:05,,13.385,-4.989,サーバー(直接取得)
cam40,2026-09-21T04:50:02.209Z,2026-09-21 13:40:07,,12.409,0.697,サーバー(直接取得)
cam41,2026-09-21T04:50:02.400Z,2026-09-21 13:40:03,,12.431,0.191,サーバー(直接取得)
cam42,2026-09-21T04:50:02.414Z,2026-09-21 13:40:19,,12.445,0.500,サーバー(直接取得)
cam43,2026-09-21T04:50:02.440Z,2026-09-21 13:40:16,,11.543,0.530,サーバー(直接取得)
cam44,2026-09-21T04:50:02.443Z,2026-09-21 13:40:03,,12.225,0.190,サーバー(直接取得)
cam45,2026-09-21T04:50:02.564Z,2026-09-21 13:40:03,,12.247,0.430,サーバー(直接取得)
cam46,2026-09-21T04:50:02.623Z,2026-09-21 13:40:18,,11.961,1.310,サーバー(直接取得)
cam47,2026-09-21T04:50:02.641Z,2026-09-21 13:40:06,,12.198,0.411,サーバー(直接取得)
cam48,2026-09-21T04:50:02.672Z,2026-09-21 13:40:03,,13.755,-15.470,サーバー(直接取得)
cam50,2026-09-21T04:50:02.712Z,2026-09-21 13:49:00,,13.500,0.300,サーバー(直接取得)
cam51,2026-09-21T04:50:02.783Z,2026-09-21 13:48:22,,13.605,0.460,サーバー(直接取得)
cam52,2026-09-21T04:50:02.835Z,2026-09-21 13:40:25,,12.093,0.350,サーバー(直接取得)
cam53,2026-09-21T04:50:02.856Z,2026-09-21 13:40:27,,12.326,0.500,サーバー(直接取得)
cam54,2026-09-21T04:50:02.885Z,2026-09-21 13:40:21,,12.414,0.140,サーバー(直接取得)
cam55,2026-09-21T04:50:02.927Z,2026-09-21 13:30:21,,11.957,0.730,サーバー(直接取得)
kw01,2026-09-21T04:50:02.992Z,2026/09/21 13:40,,,0.780,サーバー(国交省 川の防災情報)
kw02,2026-09-21T04:50:03.044Z,2026/09/21 13:40,,,0.760,サーバー(国交省 川の防災情報)
kw03,2026-09-21T04:50:03.087Z,2026/09/21 13:40,,,1.420,サーバー(国交省 川の防災情報)
kw04,2026-09-21T04:50:03.089Z,2026/09/21 13:40,,,0.940,サーバー(国交省 川の防災情報)
kw05,2026-09-21T04:50:03.141Z,2026/09/21 09:00,,,-1.260,サーバー(国交省 川の防災情報)
kw06,2026-09-21T04:50:03.784Z,2026/09/21 09:00,,,-2.350,サーバー(国交省 川の防災情報)
kw07,2026-09-21T04:50:03.802Z,2026/09/21 09:00,,,-4.190,サーバー(国交省 川の防災情報)
kw08,2026-09-21T04:50:03.843Z,2026/09/21 13:40,,,1.320,サーバー(国交省 川の防災情報)
kw09,2026-09-21T04:50:03.852Z,2026/09/21 10:00,,,-4.040,サーバー(国交省 川の防災情報)
kw10,2026-09-21T04:50:04.073Z,2026/09/21 13:40,,,0.990,サーバー(国交省 川の防災情報)
kw11,2026-09-21T04:50:04.292Z,2026/09/21 13:40,,,1.610,サーバー(国交省 川の防災情報)
kw01,2026-09-21T05:00:00.396Z,2026/09/21 13:50,,,0.800,サーバー(国交省 川の防災情報)
kw02,2026-09-21T05:00:00.451Z,2026/09/21 13:50,,,0.810,サーバー(国交省 川の防災情報)
kw03,2026-09-21T05:00:00.453Z,2026/09/21 13:50,,,1.430,サーバー(国交省 川の防災情報)
kw04,2026-09-21T05:00:00.454Z,2026/09/21 13:50,,,0.950,サーバー(国交省 川の防災情報)
kw05,2026-09-21T05:00:00.455Z,2026/09/21 09:00,,,-1.260,サーバー(国交省 川の防災情報)
kw06,2026-09-21T05:00:01.277Z,2026/09/21 09:00,,,-2.350,サーバー(国交省 川の防災情報)
kw07,2026-09-21T05:00:01.279Z,2026/09/21 09:00,,,-4.190,サーバー(国交省 川の防災情報)
kw08,2026-09-21T05:00:01.287Z,2026/09/21 13:50,,,1.400,サーバー(国交省 川の防災情報)
kw09,2026-09-21T05:00:01.326Z,2026/09/21 10:00,,,-4.040,サーバー(国交省 川の防災情報)
kw10,2026-09-21T05:00:01.343Z,2026/09/21 13:50,,,1.040,サーバー(国交省 川の防災情報)
kw11,2026-09-21T05:00:01.749Z,2026/09/21 13:50,,,1.680,サーバー(国交省 川の防災情報)
kw01,2026-09-21T05:10:00.685Z,2026/09/21 14:00,,,0.810,サーバー(国交省 川の防災情報)
kw02,2026-09-21T05:10:00.741Z,2026/09/21 14:00,,,0.830,サーバー(国交省 川の防災情報)
kw03,2026-09-21T05:10:00.742Z,2026/09/21 14:00,,,1.440,サーバー(国交省 川の防災情報)
kw04,2026-09-21T05:10:00.744Z,2026/09/21 14:00,,,0.960,サーバー(国交省 川の防災情報)
kw05,2026-09-21T05:10:00.745Z,2026/09/21 09:00,,,-1.260,サーバー(国交省 川の防災情報)
kw06,2026-09-21T05:10:01.349Z,2026/09/21 09:00,,,-2.350,サーバー(国交省 川の防災情報)
kw07,2026-09-21T05:10:01.351Z,2026/09/21 09:00,,,-4.190,サーバー(国交省 川の防災情報)
kw08,2026-09-21T05:10:01.353Z,2026/09/21 14:00,,,1.500,サーバー(国交省 川の防災情報)
kw09,2026-09-21T05:10:01.402Z,2026/09/21 10:00,,,-4.040,サーバー(国交省 川の防災情報)
kw10,2026-09-21T05:10:01.753Z,2026/09/21 14:00,,,1.060,サーバー(国交省 川の防災情報)
kw11,2026-09-21T05:10:01.801Z,2026/09/21 14:00,,,1.790,サーバー(国交省 川の防災情報)
cam02,2026-09-21T05:20:00.984Z,2026-09-21 14:10:07,,12.132,2.340,サーバー(直接取得)
cam03,2026-09-21T05:20:00.985Z,2026-09-21 14:10:18,,11.926,-4.580,サーバー(直接取得)
cam04,2026-09-21T05:20:00.986Z,2026-09-21 14:10:07,,12.220,1.910,サーバー(直接取得)
cam08,2026-09-21T05:20:00.987Z,2026-09-21 14:10:22,,12.141,0.240,サーバー(直接取得)
cam09,2026-09-21T05:20:01.733Z,2026-09-21 14:12:22,,12.225,0.330,サーバー(直接取得)
cam11,2026-09-21T05:20:01.746Z,2026-09-21 14:10:07,,12.269,0.642,サーバー(直接取得)
cam12,2026-09-21T05:20:02.020Z,2026-09-21 14:10:07,,12.190,-0.023,サーバー(直接取得)
cam13,2026-09-21T05:20:02.136Z,2026-09-21 14:10:07,,12.335,0.176,サーバー(直接取得)
cam14,2026-09-21T05:20:02.139Z,2026-09-21 14:10:16,,12.036,0.137,サーバー(直接取得)
cam36,2026-09-21T05:20:02.223Z,2026-09-21 14:10:06,,12.436,0.057,サーバー(直接取得)
cam39,2026-09-21T05:20:02.311Z,2026-09-21 14:18:05,,13.381,0.076,サーバー(直接取得)
cam40,2026-09-21T05:20:02.385Z,2026-09-21 14:10:07,,12.370,0.691,サーバー(直接取得)
cam41,2026-09-21T05:20:02.430Z,2026-09-21 14:10:03,,12.423,0.187,サーバー(直接取得)
cam42,2026-09-21T05:20:02.438Z,2026-09-21 14:10:13,,12.418,0.500,サーバー(直接取得)
cam43,2026-09-21T05:20:02.450Z,2026-09-21 14:10:20,,11.521,0.530,サーバー(直接取得)
cam44,2026-09-21T05:20:02.544Z,2026-09-21 14:10:03,,12.212,0.180,サーバー(直接取得)
cam45,2026-09-21T05:20:02.616Z,2026-09-21 14:10:03,,12.220,0.420,サーバー(直接取得)
cam46,2026-09-21T05:20:02.652Z,2026-09-21 14:10:17,,12.414,1.080,サーバー(直接取得)
cam47,2026-09-21T05:20:02.665Z,2026-09-21 14:10:07,,12.146,0.410,サーバー(直接取得)
cam48,2026-09-21T05:20:02.686Z,2026-09-21 14:10:03,,13.759,-15.350,サーバー(直接取得)
cam50,2026-09-21T05:20:02.754Z,2026-09-21 14:19:00,,13.504,0.320,サーバー(直接取得)
cam51,2026-09-21T05:20:02.823Z,2026-09-21 14:18:21,,13.605,0.300,サーバー(直接取得)
cam52,2026-09-21T05:20:02.868Z,2026-09-21 14:10:29,,12.075,0.370,サーバー(直接取得)
cam53,2026-09-21T05:20:02.880Z,2026-09-21 14:10:25,,12.313,0.460,サーバー(直接取得)
cam54,2026-09-21T05:20:02.901Z,2026-09-21 14:10:20,,12.374,0.130,サーバー(直接取得)
cam55,2026-09-21T05:20:02.970Z,2026-09-21 14:10:21,,12.691,0.730,サーバー(直接取得)
kw01,2026-09-21T05:20:03.064Z,2026/09/21 14:10,,,0.810,サーバー(国交省 川の防災情報)
kw02,2026-09-21T05:20:03.080Z,2026/09/21 14:10,,,0.850,サーバー(国交省 川の防災情報)
kw03,2026-09-21T05:20:03.092Z,2026/09/21 14:10,,,1.430,サーバー(国交省 川の防災情報)
kw04,2026-09-21T05:20:03.124Z,2026/09/21 14:10,,,0.970,サーバー(国交省 川の防災情報)
kw05,2026-09-21T05:20:03.179Z,2026/09/21 09:00,,,-1.260,サーバー(国交省 川の防災情報)
kw06,2026-09-21T05:20:04.015Z,2026/09/21 09:00,,,-2.350,サーバー(国交省 川の防災情報)
kw07,2026-09-21T05:20:04.032Z,2026/09/21 09:00,,,-4.190,サーバー(国交省 川の防災情報)
kw08,2026-09-21T05:20:04.055Z,2026/09/21 14:10,,,1.590,サーバー(国交省 川の防災情報)
kw09,2026-09-21T05:20:04.075Z,2026/09/21 10:00,,,-4.040,サーバー(国交省 川の防災情報)
kw10,2026-09-21T05:20:04.245Z,2026/09/21 14:10,,,1.110,サーバー(国交省 川の防災情報)
kw11,2026-09-21T05:20:04.484Z,2026/09/21 14:10,,,1.890,サーバー(国交省 川の防災情報)
kw01,2026-09-21T05:30:01.057Z,2026/09/21 14:20,,,0.810,サーバー(国交省 川の防災情報)
kw02,2026-09-21T05:30:01.113Z,2026/09/21 14:20,,,0.850,サーバー(国交省 川の防災情報)
kw03,2026-09-21T05:30:01.114Z,2026/09/21 14:20,,,1.420,サーバー(国交省 川の防災情報)
kw04,2026-09-21T05:30:01.115Z,2026/09/21 14:20,,,0.980,サーバー(国交省 川の防災情報)
kw05,2026-09-21T05:30:01.116Z,2026/09/21 09:00,,,-1.260,サーバー(国交省 川の防災情報)
kw06,2026-09-21T05:30:01.906Z,2026/09/21 09:00,,,-2.350,サーバー(国交省 川の防災情報)
kw07,2026-09-21T05:30:01.909Z,2026/09/21 09:00,,,-4.190,サーバー(国交省 川の防災情報)
kw08,2026-09-21T05:30:01.913Z,2026/09/21 14:20,,,1.690,サーバー(国交省 川の防災情報)
kw09,2026-09-21T05:30:01.929Z,2026/09/21 10:00,,,-4.040,サーバー(国交省 川の防災情報)
kw10,2026-09-21T05:30:02.282Z,2026/09/21 14:20,,,1.100,サーバー(国交省 川の防災情報)
kw11,2026-09-21T05:30:02.341Z,2026/09/21 14:20,,,2.020,サーバー(国交省 川の防災情報)
kw01,2026-09-21T05:40:00.698Z,2026/09/21 14:30,,,0.820,サーバー(国交省 川の防災情報)
kw02,2026-09-21T05:40:00.753Z,2026/09/21 14:30,,,0.850,サーバー(国交省 川の防災情報)
kw03,2026-09-21T05:40:00.755Z,2026/09/21 14:30,,,1.400,サーバー(国交省 川の防災情報)
kw04,2026-09-21T05:40:00.756Z,2026/09/21 14:30,,,1.000,サーバー(国交省 川の防災情報)
kw05,2026-09-21T05:40:00.757Z,2026/09/21 09:00,,,-1.260,サーバー(国交省 川の防災情報)
kw06,2026-09-21T05:40:01.687Z,2026/09/21 09:00,,,-2.350,サーバー(国交省 川の防災情報)
kw07,2026-09-21T05:40:01.704Z,2026/09/21 09:00,,,-4.190,サーバー(国交省 川の防災情報)
kw08,2026-09-21T05:40:01.720Z,2026/09/21 14:30,,,1.790,サーバー(国交省 川の防災情報)
kw09,2026-09-21T05:40:01.726Z,2026/09/21 10:00,,,-4.040,サーバー(国交省 川の防災情報)
kw10,2026-09-21T05:40:01.761Z,2026/09/21 14:30,,,1.060,サーバー(国交省 川の防災情報)
kw11,2026-09-21T05:40:02.128Z,2026/09/21 14:30,,,2.130,サーバー(国交省 川の防災情報)
cam02,2026-09-21T05:50:00.550Z,2026-09-21 14:40:07,,12.119,2.870,サーバー(直接取得)
cam03,2026-09-21T05:50:00.551Z,2026-09-21 14:40:13,,11.930,-3.970,サーバー(直接取得)
cam04,2026-09-21T05:50:00.552Z,2026-09-21 14:40:07,,12.207,2.440,サーバー(直接取得)
cam08,2026-09-21T05:50:00.553Z,2026-09-21 14:40:21,,12.141,0.220,サーバー(直接取得)
cam09,2026-09-21T05:50:01.133Z,2026-09-21 14:40:19,,12.256,0.330,サーバー(直接取得)
cam11,2026-09-21T05:50:01.136Z,2026-09-21 14:40:06,,12.273,0.635,サーバー(直接取得)
cam12,2026-09-21T05:50:01.295Z,2026-09-21 14:40:07,,12.190,-0.044,サーバー(直接取得)
cam13,2026-09-21T05:50:01.332Z,2026-09-21 14:40:07,,12.357,0.149,サーバー(直接取得)
cam14,2026-09-21T05:50:01.339Z,2026-09-21 14:40:21,,12.027,0.127,サーバー(直接取得)
cam36,2026-09-21T05:50:01.359Z,2026-09-21 14:40:06,,12.436,0.060,サーバー(直接取得)
cam39,2026-09-21T05:50:01.417Z,2026-09-21 14:48:05,,13.377,0.074,サーバー(直接取得)
cam40,2026-09-21T05:50:01.540Z,2026-09-21 14:40:07,,12.392,0.644,サーバー(直接取得)
cam41,2026-09-21T05:50:01.584Z,2026-09-21 14:40:03,,12.427,0.178,サーバー(直接取得)
cam42,2026-09-21T05:50:01.611Z,2026-09-21 14:40:13,,12.414,0.490,サーバー(直接取得)
cam43,2026-09-21T05:50:01.614Z,2026-09-21 14:40:19,,11.504,0.540,サーバー(直接取得)
cam44,2026-09-21T05:50:01.663Z,2026-09-21 14:40:03,,12.207,0.180,サーバー(直接取得)
cam45,2026-09-21T05:50:01.803Z,2026-09-21 14:40:03,,12.220,0.420,サーバー(直接取得)
cam46,2026-09-21T05:50:01.898Z,2026-09-21 14:40:22,,12.396,1.400,サーバー(直接取得)
cam47,2026-09-21T05:50:01.933Z,2026-09-21 14:40:07,,12.154,0.407,サーバー(直接取得)
cam48,2026-09-21T05:50:01.958Z,2026-09-21 14:40:03,,13.772,-15.360,サーバー(直接取得)
cam50,2026-09-21T05:50:01.999Z,2026-09-21 14:49:00,,13.500,0.330,サーバー(直接取得)
cam51,2026-09-21T05:50:02.104Z,2026-09-21 14:48:18,,13.605,0.440,サーバー(直接取得)
cam52,2026-09-21T05:50:02.201Z,2026-09-21 14:40:30,,12.080,0.390,サーバー(直接取得)
cam53,2026-09-21T05:50:02.225Z,2026-09-21 14:40:25,,12.313,0.460,サーバー(直接取得)
cam54,2026-09-21T05:50:02.265Z,2026-09-21 14:40:21,,12.405,0.120,サーバー(直接取得)
cam55,2026-09-21T05:50:02.354Z,2026-09-21 14:40:21,,12.691,0.730,サーバー(直接取得)
kw01,2026-09-21T05:50:02.465Z,2026/09/21 14:40,,,0.820,サーバー(国交省 川の防災情報)
kw02,2026-09-21T05:50:02.485Z,2026/09/21 14:40,,,0.830,サーバー(国交省 川の防災情報)
kw03,2026-09-21T05:50:02.486Z,2026/09/21 14:40,,,1.390,サーバー(国交省 川の防災情報)
kw04,2026-09-21T05:50:02.534Z,2026/09/21 14:40,,,1.010,サーバー(国交省 川の防災情報)
kw05,2026-09-21T05:50:02.581Z,2026/09/21 09:00,,,-1.260,サーバー(国交省 川の防災情報)
kw06,2026-09-21T05:50:03.327Z,2026/09/21 09:00,,,-2.350,サーバー(国交省 川の防災情報)
kw07,2026-09-21T05:50:03.343Z,2026/09/21 09:00,,,-4.190,サーバー(国交省 川の防災情報)
kw08,2026-09-21T05:50:03.380Z,2026/09/21 14:40,,,1.890,サーバー(国交省 川の防災情報)
kw09,2026-09-21T05:50:03.386Z,2026/09/21 10:00,,,-4.040,サーバー(国交省 川の防災情報)
kw10,2026-09-21T05:50:03.393Z,2026/09/21 14:40,,,1.050,サーバー(国交省 川の防災情報)
kw11,2026-09-21T05:50:03.758Z,2026/09/21 14:40,,,2.270,サーバー(国交省 川の防災情報)
kw01,2026-09-21T06:00:00.766Z,2026/09/21 14:50,,,0.850,サーバー(国交省 川の防災情報)
kw02,2026-09-21T06:00:00.822Z,2026/09/21 14:50,,,0.840,サーバー(国交省 川の防災情報)
kw03,2026-09-21T06:00:00.823Z,2026/09/21 14:50,,,1.380,サーバー(国交省 川の防災情報)
kw04,2026-09-21T06:00:00.824Z,2026/09/21 14:50,,,1.020,サーバー(国交省 川の防災情報)
kw05,2026-09-21T06:00:00.825Z,2026/09/21 09:00,,,-1.260,サーバー(国交省 川の防災情報)
kw06,2026-09-21T06:00:01.477Z,2026/09/21 09:00,,,-2.350,サーバー(国交省 川の防災情報)
kw07,2026-09-21T06:00:01.479Z,2026/09/21 09:00,,,-4.190,サーバー(国交省 川の防災情報)
kw08,2026-09-21T06:00:01.500Z,2026/09/21 14:50,,,2.020,サーバー(国交省 川の防災情報)
kw09,2026-09-21T06:00:01.512Z,2026/09/21 10:00,,,-4.040,サーバー(国交省 川の防災情報)
kw10,2026-09-21T06:00:01.518Z,2026/09/21 14:50,,,1.090,サーバー(国交省 川の防災情報)
kw11,2026-09-21T06:00:01.916Z,2026/09/21 14:50,,,2.390,サーバー(国交省 川の防災情報)
kw01,2026-09-21T06:10:00.495Z,2026/09/21 15:00,,,0.880,サーバー(国交省 川の防災情報)
kw02,2026-09-21T06:10:00.550Z,2026/09/21 15:00,,,0.860,サーバー(国交省 川の防災情報)
kw03,2026-09-21T06:10:00.551Z,2026/09/21 15:00,,,1.370,サーバー(国交省 川の防災情報)
kw04,2026-09-21T06:10:00.552Z,2026/09/21 15:00,,,1.030,サーバー(国交省 川の防災情報)
kw05,2026-09-21T06:10:00.553Z,2026/09/21 09:00,,,-1.260,サーバー(国交省 川の防災情報)
kw06,2026-09-21T06:10:01.304Z,2026/09/21 09:00,,,-2.350,サーバー(国交省 川の防災情報)
kw07,2026-09-21T06:10:01.310Z,2026/09/21 09:00,,,-4.190,サーバー(国交省 川の防災情報)
kw08,2026-09-21T06:10:01.505Z,2026/09/21 15:00,,,2.160,サーバー(国交省 川の防災情報)
kw09,2026-09-21T06:10:01.558Z,2026/09/21 10:00,,,-4.040,サーバー(国交省 川の防災情報)
kw10,2026-09-21T06:10:01.617Z,2026/09/21 15:00,,,1.160,サーバー(国交省 川の防災情報)
kw11,2026-09-21T06:10:01.750Z,2026/09/21 15:00,,,2.530,サーバー(国交省 川の防災情報)
cam02,2026-09-21T06:20:00.906Z,2026-09-21 15:10:07,,12.159,3.350,サーバー(直接取得)
cam03,2026-09-21T06:20:00.907Z,2026-09-21 15:10:13,,11.921,-4.580,サーバー(直接取得)
cam04,2026-09-21T06:20:00.908Z,2026-09-21 15:10:07,,12.256,2.930,サーバー(直接取得)
cam08,2026-09-21T06:20:00.909Z,2026-09-21 14:50:21,,12.137,0.230,サーバー(直接取得)
cam09,2026-09-21T06:20:01.511Z,2026-09-21 15:10:20,,12.260,0.330,サーバー(直接取得)
cam11,2026-09-21T06:20:01.513Z,2026-09-21 15:10:06,,12.286,0.620,サーバー(直接取得)
cam12,2026-09-21T06:20:01.517Z,2026-09-21 15:10:06,,12.190,0.311,サーバー(直接取得)
cam13,2026-09-21T06:20:01.553Z,2026-09-21 15:10:07,,12.357,0.146,サーバー(直接取得)
cam14,2026-09-21T06:20:01.623Z,2026-09-21 15:10:25,,12.049,0.117,サーバー(直接取得)
cam36,2026-09-21T06:20:01.808Z,2026-09-21 15:10:07,,12.462,0.048,サーバー(直接取得)
cam39,2026-09-21T06:20:01.816Z,2026-09-21 15:16:06,,13.381,0.077,サーバー(直接取得)
cam40,2026-09-21T06:20:01.823Z,2026-09-21 15:10:07,,12.392,0.611,サーバー(直接取得)
cam41,2026-09-21T06:20:01.848Z,2026-09-21 15:10:03,,12.431,0.181,サーバー(直接取得)
cam42,2026-09-21T06:20:01.883Z,2026-09-21 15:10:16,,12.431,0.490,サーバー(直接取得)
cam43,2026-09-21T06:20:02.291Z,2026-09-21 15:10:17,,11.530,0.540,サーバー(直接取得)
cam44,2026-09-21T06:20:02.389Z,2026-09-21 15:10:03,,12.220,0.180,サーバー(直接取得)
cam45,2026-09-21T06:20:02.460Z,2026-09-21 15:10:03,,12.212,0.410,サーバー(直接取得)
cam46,2026-09-21T06:20:02.476Z,2026-09-21 15:10:18,,12.423,1.400,サーバー(直接取得)
cam47,2026-09-21T06:20:02.525Z,2026-09-21 15:10:07,,12.176,0.402,サーバー(直接取得)
cam48,2026-09-21T06:20:02.649Z,2026-09-21 15:10:03,,13.755,-15.300,サーバー(直接取得)
cam50,2026-09-21T06:20:02.691Z,2026-09-21 15:19:00,,13.500,0.290,サーバー(直接取得)
cam51,2026-09-21T06:20:02.724Z,2026-09-21 15:18:22,,13.605,0.260,サーバー(直接取得)
cam52,2026-09-21T06:20:02.758Z,2026-09-21 15:10:34,,12.097,0.410,サーバー(直接取得)
cam53,2026-09-21T06:20:02.782Z,2026-09-21 15:10:27,,12.330,0.380,サーバー(直接取得)
cam54,2026-09-21T06:20:02.909Z,2026-09-21 15:10:21,,12.409,0.120,サーバー(直接取得)
cam55,2026-09-21T06:20:02.917Z,2026-09-21 15:10:21,,12.717,0.730,サーバー(直接取得)
kw01,2026-09-21T06:20:02.940Z,2026/09/21 15:10,,,0.870,サーバー(国交省 川の防災情報)
kw02,2026-09-21T06:20:02.987Z,2026/09/21 15:10,,,0.880,サーバー(国交省 川の防災情報)
kw03,2026-09-21T06:20:02.993Z,2026/09/21 15:10,,,1.360,サーバー(国交省 川の防災情報)
kw04,2026-09-21T06:20:03.137Z,2026/09/21 15:10,,,1.020,サーバー(国交省 川の防災情報)
kw05,2026-09-21T06:20:03.141Z,2026/09/21 09:00,,,-1.260,サーバー(国交省 川の防災情報)
kw06,2026-09-21T06:20:03.739Z,2026/09/21 09:00,,,-2.350,サーバー(国交省 川の防災情報)
kw07,2026-09-21T06:20:03.745Z,2026/09/21 09:00,,,-4.190,サーバー(国交省 川の防災情報)
kw08,2026-09-21T06:20:03.748Z,2026/09/21 15:10,,,2.290,サーバー(国交省 川の防災情報)
kw09,2026-09-21T06:20:03.762Z,2026/09/21 10:00,,,-4.040,サーバー(国交省 川の防災情報)
kw10,2026-09-21T06:20:04.088Z,2026/09/21 15:10,,,1.260,サーバー(国交省 川の防災情報)
kw11,2026-09-21T06:20:04.206Z,2026/09/21 15:10,,,2.650,サーバー(国交省 川の防災情報)
kw01,2026-09-21T06:30:00.732Z,2026/09/21 15:20,,,0.870,サーバー(国交省 川の防災情報)
kw02,2026-09-21T06:30:00.790Z,2026/09/21 15:20,,,0.920,サーバー(国交省 川の防災情報)
kw03,2026-09-21T06:30:00.791Z,2026/09/21 15:20,,,1.360,サーバー(国交省 川の防災情報)
kw04,2026-09-21T06:30:00.793Z,2026/09/21 15:20,,,1.030,サーバー(国交省 川の防災情報)
kw05,2026-09-21T06:30:00.793Z,2026/09/21 09:00,,,-1.260,サーバー(国交省 川の防災情報)
kw06,2026-09-21T06:30:01.494Z,2026/09/21 09:00,,,-2.350,サーバー(国交省 川の防災情報)
kw07,2026-09-21T06:30:01.520Z,2026/09/21 09:00,,,-4.190,サーバー(国交省 川の防災情報)
kw08,2026-09-21T06:30:01.532Z,2026/09/21 15:20,,,2.430,サーバー(国交省 川の防災情報)
kw09,2026-09-21T06:30:01.584Z,2026/09/21 10:00,,,-4.040,サーバー(国交省 川の防災情報)
kw10,2026-09-21T06:30:01.853Z,2026/09/21 15:20,,,1.360,サーバー(国交省 川の防災情報)
kw11,2026-09-21T06:30:02.025Z,2026/09/21 15:20,,,2.770,サーバー(国交省 川の防災情報)
kw01,2026-09-21T06:40:00.102Z,2026/09/21 15:30,,,0.860,サーバー(国交省 川の防災情報)
kw02,2026-09-21T06:40:00.158Z,2026/09/21 15:30,,,0.910,サーバー(国交省 川の防災情報)
kw03,2026-09-21T06:40:00.159Z,2026/09/21 15:30,,,1.350,サーバー(国交省 川の防災情報)
kw04,2026-09-21T06:40:00.160Z,2026/09/21 15:30,,,1.030,サーバー(国交省 川の防災情報)
kw05,2026-09-21T06:40:00.161Z,2026/09/21 09:00,,,-1.260,サーバー(国交省 川の防災情報)
kw06,2026-09-21T06:40:00.945Z,2026/09/21 09:00,,,-2.350,サーバー(国交省 川の防災情報)
kw07,2026-09-21T06:40:00.977Z,2026/09/21 09:00,,,-4.190,サーバー(国交省 川の防災情報)
kw08,2026-09-21T06:40:01.008Z,2026/09/21 15:30,,,2.560,サーバー(国交省 川の防災情報)
kw09,2026-09-21T06:40:01.011Z,2026/09/21 10:00,,,-4.040,サーバー(国交省 川の防災情報)
kw10,2026-09-21T06:40:01.449Z,2026/09/21 15:30,,,1.460,サーバー(国交省 川の防災情報)
kw11,2026-09-21T06:40:01.454Z,2026/09/21 15:30,,,2.880,サーバー(国交省 川の防災情報)
cam02,2026-09-21T06:50:00.549Z,2026-09-21 15:40:07,,12.110,3.430,サーバー(直接取得)
cam03,2026-09-21T06:50:00.550Z,2026-09-21 15:40:15,,11.913,-4.490,サーバー(直接取得)
cam04,2026-09-21T06:50:00.551Z,2026-09-21 15:40:06,,12.229,3.120,サーバー(直接取得)
cam08,2026-09-21T06:50:00.552Z,2026-09-21 15:40:22,,12.132,0.170,サーバー(直接取得)
cam09,2026-09-21T06:50:01.139Z,2026-09-21 15:40:21,,12.251,0.320,サーバー(直接取得)
cam11,2026-09-21T06:50:01.141Z,2026-09-21 15:40:06,,12.264,0.657,サーバー(直接取得)
cam12,2026-09-21T06:50:01.237Z,2026-09-21 15:40:06,,12.172,0.694,サーバー(直接取得)
cam13,2026-09-21T06:50:01.255Z,2026-09-21 15:40:07,,12.352,0.112,サーバー(直接取得)
cam14,2026-09-21T06:50:01.380Z,2026-09-21 15:40:27,,12.023,0.107,サーバー(直接取得)
cam36,2026-09-21T06:50:01.400Z,2026-09-21 15:40:07,,12.431,0.046,サーバー(直接取得)
cam39,2026-09-21T06:50:01.426Z,2026-09-21 15:48:06,,13.381,0.067,サーバー(直接取得)
cam40,2026-09-21T06:50:01.460Z,2026-09-21 15:40:07,,12.387,0.569,サーバー(直接取得)
cam41,2026-09-21T06:50:01.462Z,2026-09-21 15:40:03,,12.427,0.161,サーバー(直接取得)
cam42,2026-09-21T06:50:01.633Z,2026-09-21 15:40:15,,12.427,0.470,サーバー(直接取得)
cam43,2026-09-21T06:50:01.729Z,2026-09-21 15:40:18,,11.517,0.530,サーバー(直接取得)
cam44,2026-09-21T06:50:01.731Z,2026-09-21 15:40:03,,12.216,0.180,サーバー(直接取得)
cam45,2026-09-21T06:50:01.778Z,2026-09-21 15:40:03,,12.216,0.390,サーバー(直接取得)
cam46,2026-09-21T06:50:01.999Z,2026-09-21 15:40:16,,12.405,0.860,サーバー(直接取得)
cam47,2026-09-21T06:50:02.039Z,2026-09-21 15:40:07,,12.168,0.401,サーバー(直接取得)
cam48,2026-09-21T06:50:02.046Z,2026-09-21 15:40:03,,13.741,-15.380,サーバー(直接取得)
cam50,2026-09-21T06:50:02.097Z,2026-09-21 15:49:00,,13.504,0.260,サーバー(直接取得)
cam51,2026-09-21T06:50:02.115Z,2026-09-21 15:48:23,,13.605,0.230,サーバー(直接取得)
cam52,2026-09-21T06:50:02.221Z,2026-09-21 15:40:24,,12.089,0.460,サーバー(直接取得)
cam53,2026-09-21T06:50:02.284Z,2026-09-21 15:40:27,,12.313,0.300,サーバー(直接取得)
cam54,2026-09-21T06:50:02.294Z,2026-09-21 15:40:21,,12.401,0.100,サーバー(直接取得)
cam55,2026-09-21T06:50:02.352Z,2026-09-21 15:40:21,,12.713,0.730,サーバー(直接取得)
kw01,2026-09-21T06:50:02.364Z,2026/09/21 15:40,,,0.850,サーバー(国交省 川の防災情報)
kw02,2026-09-21T06:50:02.468Z,2026/09/21 15:40,,,0.900,サーバー(国交省 川の防災情報)
kw03,2026-09-21T06:50:02.502Z,2026/09/21 15:40,,,1.330,サーバー(国交省 川の防災情報)
kw04,2026-09-21T06:50:02.607Z,2026/09/21 15:40,,,1.020,サーバー(国交省 川の防災情報)
kw05,2026-09-21T06:50:02.615Z,2026/09/21 09:00,,,-1.260,サーバー(国交省 川の防災情報)
kw06,2026-09-21T06:50:03.087Z,2026/09/21 09:00,,,-2.350,サーバー(国交省 川の防災情報)
kw07,2026-09-21T06:50:03.091Z,2026/09/21 09:00,,,-4.190,サーバー(国交省 川の防災情報)
kw08,2026-09-21T06:50:03.097Z,2026/09/21 15:40,,,2.650,サーバー(国交省 川の防災情報)
kw09,2026-09-21T06:50:03.132Z,2026/09/21 10:00,,,-4.040,サーバー(国交省 川の防災情報)
kw10,2026-09-21T06:50:03.386Z,2026/09/21 15:40,,,1.550,サーバー(国交省 川の防災情報)
kw11,2026-09-21T06:50:03.510Z,2026/09/21 15:40,,,2.980,サーバー(国交省 川の防災情報)
kw01,2026-09-21T07:00:00.250Z,2026/09/21 15:50,,,0.840,サーバー(国交省 川の防災情報)
kw02,2026-09-21T07:00:00.305Z,2026/09/21 15:50,,,0.890,サーバー(国交省 川の防災情報)
kw03,2026-09-21T07:00:00.307Z,2026/09/21 15:50,,,1.320,サーバー(国交省 川の防災情報)
kw04,2026-09-21T07:00:00.308Z,2026/09/21 15:50,,,1.020,サーバー(国交省 川の防災情報)
kw05,2026-09-21T07:00:00.309Z,2026/09/21 09:00,,,-1.260,サーバー(国交省 川の防災情報)
kw06,2026-09-21T07:00:00.956Z,2026/09/21 09:00,,,-2.350,サーバー(国交省 川の防災情報)
kw07,2026-09-21T07:00:00.959Z,2026/09/21 09:00,,,-4.190,サーバー(国交省 川の防災情報)
kw08,2026-09-21T07:00:00.965Z,2026/09/21 15:50,,,2.760,サーバー(国交省 川の防災情報)
kw09,2026-09-21T07:00:00.974Z,2026/09/21 10:00,,,-4.040,サーバー(国交省 川の防災情報)
kw10,2026-09-21T07:00:01.020Z,2026/09/21 15:50,,,1.650,サーバー(国交省 川の防災情報)
kw11,2026-09-21T07:00:01.436Z,2026/09/21 15:50,,,3.090,サーバー(国交省 川の防災情報)
kw01,2026-09-21T07:10:00.453Z,2026/09/21 16:00,,,0.830,サーバー(国交省 川の防災情報)
kw02,2026-09-21T07:10:00.509Z,2026/09/21 16:00,,,0.880,サーバー(国交省 川の防災情報)
kw03,2026-09-21T07:10:00.510Z,2026/09/21 16:00,,,1.300,サーバー(国交省 川の防災情報)
kw04,2026-09-21T07:10:00.511Z,2026/09/21 16:00,,,1.020,サーバー(国交省 川の防災情報)
kw05,2026-09-21T07:10:00.512Z,2026/09/21 09:00,,,-1.260,サーバー(国交省 川の防災情報)
kw06,2026-09-21T07:10:01.243Z,2026/09/21 09:00,,,-2.350,サーバー(国交省 川の防災情報)
kw07,2026-09-21T07:10:01.250Z,2026/09/21 09:00,,,-4.190,サーバー(国交省 川の防災情報)
kw08,2026-09-21T07:10:01.254Z,2026/09/21 16:00,,,2.870,サーバー(国交省 川の防災情報)
kw09,2026-09-21T07:10:01.256Z,2026/09/21 10:00,,,-4.040,サーバー(国交省 川の防災情報)
kw10,2026-09-21T07:10:01.276Z,2026/09/21 16:00,,,1.750,サーバー(国交省 川の防災情報)
kw11,2026-09-21T07:10:01.690Z,2026/09/21 16:00,,,3.190,サーバー(国交省 川の防災情報)
cam02,2026-09-21T07:20:00.758Z,2026-09-21 16:10:06,,12.137,3.370,サーバー(直接取得)
cam03,2026-09-21T07:20:00.759Z,2026-09-21 16:10:13,,11.908,-4.250,サーバー(直接取得)
cam04,2026-09-21T07:20:00.760Z,2026-09-21 16:10:06,,12.225,3.080,サーバー(直接取得)
cam08,2026-09-21T07:20:00.761Z,2026-09-21 16:10:21,,12.132,0.210,サーバー(直接取得)
cam09,2026-09-21T07:20:01.402Z,2026-09-21 16:10:20,,12.234,0.320,サーバー(直接取得)
cam11,2026-09-21T07:20:01.412Z,2026-09-21 16:10:06,,12.264,0.652,サーバー(直接取得)
cam12,2026-09-21T07:20:01.491Z,2026-09-21 16:10:07,,12.172,1.009,サーバー(直接取得)
cam13,2026-09-21T07:20:01.505Z,2026-09-21 16:10:06,,12.352,0.089,サーバー(直接取得)
cam14,2026-09-21T07:20:01.626Z,2026-09-21 16:10:17,,12.023,0.097,サーバー(直接取得)
cam36,2026-09-21T07:20:01.631Z,2026-09-21 16:10:07,,12.453,0.037,サーバー(直接取得)
cam39,2026-09-21T07:20:01.703Z,2026-09-21 16:18:06,,13.381,0.064,サーバー(直接取得)
cam40,2026-09-21T07:20:01.718Z,2026-09-21 16:10:07,,12.387,0.510,サーバー(直接取得)
cam41,2026-09-21T07:20:01.862Z,2026-09-21 16:10:03,,12.427,0.159,サーバー(直接取得)
cam42,2026-09-21T07:20:01.935Z,2026-09-21 16:10:18,,12.418,0.460,サーバー(直接取得)
cam43,2026-09-21T07:20:01.942Z,2026-09-21 16:10:17,,11.482,0.530,サーバー(直接取得)
cam44,2026-09-21T07:20:01.956Z,2026-09-21 16:10:03,,12.212,0.170,サーバー(直接取得)
cam45,2026-09-21T07:20:02.082Z,2026-09-21 16:10:03,,12.198,0.390,サーバー(直接取得)
cam46,2026-09-21T07:20:02.309Z,2026-09-21 16:10:18,,12.414,0.660,サーバー(直接取得)
cam47,2026-09-21T07:20:02.373Z,2026-09-21 16:10:07,,12.150,0.405,サーバー(直接取得)
cam48,2026-09-21T07:20:02.422Z,2026-09-21 16:10:03,,13.750,-15.420,サーバー(直接取得)
cam50,2026-09-21T07:20:02.469Z,2026-09-21 16:16:00,,13.504,0.240,サーバー(直接取得)
cam51,2026-09-21T07:20:02.500Z,2026-09-21 16:18:20,,13.601,0.210,サーバー(直接取得)
cam52,2026-09-21T07:20:02.683Z,2026-09-21 16:10:26,,12.080,0.510,サーバー(直接取得)
cam53,2026-09-21T07:20:02.719Z,2026-09-21 16:10:25,,12.317,0.260,サーバー(直接取得)
cam54,2026-09-21T07:20:02.721Z,2026-09-21 16:10:20,,12.383,0.090,サーバー(直接取得)
cam55,2026-09-21T07:20:02.724Z,2026-09-21 16:10:21,,12.691,0.730,サーバー(直接取得)
kw01,2026-09-21T07:20:02.734Z,2026/09/21 16:10,,,0.820,サーバー(国交省 川の防災情報)
kw02,2026-09-21T07:20:02.906Z,2026/09/21 16:10,,,0.890,サーバー(国交省 川の防災情報)
kw03,2026-09-21T07:20:02.953Z,2026/09/21 16:10,,,1.290,サーバー(国交省 川の防災情報)
kw04,2026-09-21T07:20:02.971Z,2026/09/21 16:10,,,1.020,サーバー(国交省 川の防災情報)
kw05,2026-09-21T07:20:02.982Z,2026/09/21 09:00,,,-1.260,サーバー(国交省 川の防災情報)
kw06,2026-09-21T07:20:03.707Z,2026/09/21 09:00,,,-2.350,サーバー(国交省 川の防災情報)
kw07,2026-09-21T07:20:03.709Z,2026/09/21 09:00,,,-4.190,サーバー(国交省 川の防災情報)
kw08,2026-09-21T07:20:03.919Z,2026/09/21 16:10,,,2.970,サーバー(国交省 川の防災情報)
kw09,2026-09-21T07:20:03.933Z,2026/09/21 10:00,,,-4.040,サーバー(国交省 川の防災情報)
kw10,2026-09-21T07:20:04.078Z,2026/09/21 16:10,,,1.840,サーバー(国交省 川の防災情報)
kw11,2026-09-21T07:20:04.192Z,2026/09/21 16:10,,,3.280,サーバー(国交省 川の防災情報)
kw01,2026-09-21T07:30:00.316Z,2026/09/21 16:20,,,0.820,サーバー(国交省 川の防災情報)
kw02,2026-09-21T07:30:00.372Z,2026/09/21 16:20,,,0.910,サーバー(国交省 川の防災情報)
kw03,2026-09-21T07:30:00.373Z,2026/09/21 16:20,,,1.270,サーバー(国交省 川の防災情報)
kw04,2026-09-21T07:30:00.374Z,2026/09/21 16:20,,,1.020,サーバー(国交省 川の防災情報)
kw05,2026-09-21T07:30:00.375Z,2026/09/21 09:00,,,-1.260,サーバー(国交省 川の防災情報)
kw06,2026-09-21T07:30:01.096Z,2026/09/21 09:00,,,-2.350,サーバー(国交省 川の防災情報)
kw07,2026-09-21T07:30:01.118Z,2026/09/21 09:00,,,-4.190,サーバー(国交省 川の防災情報)
kw08,2026-09-21T07:30:01.391Z,2026/09/21 16:20,,,3.050,サーバー(国交省 川の防災情報)
kw09,2026-09-21T07:30:01.454Z,2026/09/21 10:00,,,-4.040,サーバー(国交省 川の防災情報)
kw10,2026-09-21T07:30:01.501Z,2026/09/21 16:20,,,1.920,サーバー(国交省 川の防災情報)
kw11,2026-09-21T07:30:01.570Z,2026/09/21 16:20,,,3.370,サーバー(国交省 川の防災情報)
kw01,2026-09-21T07:40:00.176Z,2026/09/21 16:30,,,0.810,サーバー(国交省 川の防災情報)
kw02,2026-09-21T07:40:00.231Z,2026/09/21 16:30,,,0.920,サーバー(国交省 川の防災情報)
kw03,2026-09-21T07:40:00.232Z,2026/09/21 16:30,,,1.270,サーバー(国交省 川の防災情報)
kw04,2026-09-21T07:40:00.233Z,2026/09/21 16:30,,,1.020,サーバー(国交省 川の防災情報)
kw05,2026-09-21T07:40:00.234Z,2026/09/21 09:00,,,-1.260,サーバー(国交省 川の防災情報)
kw06,2026-09-21T07:40:00.965Z,2026/09/21 09:00,,,-2.350,サーバー(国交省 川の防災情報)
kw07,2026-09-21T07:40:00.980Z,2026/09/21 09:00,,,-4.190,サーバー(国交省 川の防災情報)
kw08,2026-09-21T07:40:01.031Z,2026/09/21 16:30,,,3.120,サーバー(国交省 川の防災情報)
kw09,2026-09-21T07:40:01.257Z,2026/09/21 10:00,,,-4.040,サーバー(国交省 川の防災情報)
kw10,2026-09-21T07:40:01.327Z,2026/09/21 16:30,,,1.990,サーバー(国交省 川の防災情報)
kw11,2026-09-21T07:40:01.413Z,2026/09/21 16:30,,,3.430,サーバー(国交省 川の防災情報)
cam02,2026-09-21T07:50:00.416Z,2026-09-21 16:40:07,,12.106,3.280,サーバー(直接取得)
cam03,2026-09-21T07:50:00.417Z,2026-09-21 16:40:13,,11.904,-4.050,サーバー(直接取得)
cam04,2026-09-21T07:50:00.418Z,2026-09-21 16:40:06,,12.185,3.020,サーバー(直接取得)
cam08,2026-09-21T07:50:00.419Z,2026-09-21 16:40:21,,12.102,0.170,サーバー(直接取得)
cam09,2026-09-21T07:50:00.971Z,2026-09-21 16:40:23,,12.203,0.330,サーバー(直接取得)
cam11,2026-09-21T07:50:00.974Z,2026-09-21 16:40:06,,12.251,0.659,サーバー(直接取得)
cam12,2026-09-21T07:50:01.100Z,2026-09-21 16:40:07,,12.168,1.242,サーバー(直接取得)
cam13,2026-09-21T07:50:01.105Z,2026-09-21 16:40:07,,12.326,0.089,サーバー(直接取得)
cam14,2026-09-21T07:50:01.188Z,2026-09-21 16:40:17,,12.001,0.097,サーバー(直接取得)
cam36,2026-09-21T07:50:01.219Z,2026-09-21 16:40:07,,12.427,0.049,サーバー(直接取得)
cam39,2026-09-21T07:50:01.252Z,2026-09-21 16:48:06,,13.381,0.067,サーバー(直接取得)
cam40,2026-09-21T07:50:01.324Z,2026-09-21 16:40:07,,12.357,0.478,サーバー(直接取得)
cam41,2026-09-21T07:50:01.380Z,2026-09-21 16:40:03,,12.423,0.155,サーバー(直接取得)
cam42,2026-09-21T07:50:01.515Z,2026-09-21 16:40:16,,12.383,0.460,サーバー(直接取得)
cam43,2026-09-21T07:50:01.517Z,2026-09-21 16:40:17,,11.482,0.520,サーバー(直接取得)
cam44,2026-09-21T07:50:01.763Z,2026-09-21 16:40:03,,12.207,0.170,サーバー(直接取得)
cam45,2026-09-21T07:50:01.772Z,2026-09-21 16:40:04,,12.190,0.390,サーバー(直接取得)
cam46,2026-09-21T07:50:01.883Z,2026-09-21 16:40:17,,12.383,0.740,サーバー(直接取得)
cam47,2026-09-21T07:50:02.029Z,2026-09-21 16:40:06,,12.124,0.402,サーバー(直接取得)
cam48,2026-09-21T07:50:02.030Z,2026-09-21 16:40:03,,13.755,-15.440,サーバー(直接取得)
cam50,2026-09-21T07:50:02.076Z,2026-09-21 16:49:00,,13.504,0.230,サーバー(直接取得)
cam51,2026-09-21T07:50:02.091Z,2026-09-21 16:48:18,,13.601,0.200,サーバー(直接取得)
cam52,2026-09-21T07:50:02.130Z,2026-09-21 16:40:27,,12.036,0.530,サーバー(直接取得)
cam53,2026-09-21T07:50:02.346Z,2026-09-21 16:40:25,,12.278,0.250,サーバー(直接取得)
cam54,2026-09-21T07:50:02.347Z,2026-09-21 16:40:20,,12.370,0.090,サーバー(直接取得)
cam55,2026-09-21T07:50:02.369Z,2026-09-21 16:40:21,,12.669,0.730,サーバー(直接取得)
kw01,2026-09-21T07:50:02.371Z,2026/09/21 16:40,,,0.810,サーバー(国交省 川の防災情報)
kw02,2026-09-21T07:50:02.373Z,2026/09/21 16:40,,,0.950,サーバー(国交省 川の防災情報)
kw03,2026-09-21T07:50:02.557Z,2026/09/21 16:40,,,1.260,サーバー(国交省 川の防災情報)
kw04,2026-09-21T07:50:02.572Z,2026/09/21 16:40,,,1.010,サーバー(国交省 川の防災情報)
kw05,2026-09-21T07:50:02.581Z,2026/09/21 09:00,,,-1.260,サーバー(国交省 川の防災情報)
kw06,2026-09-21T07:50:03.194Z,2026/09/21 09:00,,,-2.350,サーバー(国交省 川の防災情報)
kw07,2026-09-21T07:50:03.211Z,2026/09/21 09:00,,,-4.190,サーバー(国交省 川の防災情報)
kw08,2026-09-21T07:50:03.225Z,2026/09/21 16:40,,,3.190,サーバー(国交省 川の防災情報)
kw09,2026-09-21T07:50:03.229Z,2026/09/21 10:00,,,-4.040,サーバー(国交省 川の防災情報)
kw10,2026-09-21T07:50:03.257Z,2026/09/21 16:40,,,2.060,サーバー(国交省 川の防災情報)
kw11,2026-09-21T07:50:03.670Z,2026/09/21 16:40,,,3.520,サーバー(国交省 川の防災情報)
kw01,2026-09-21T08:00:00.996Z,2026/09/21 16:50,,,0.810,サーバー(国交省 川の防災情報)
kw02,2026-09-21T08:00:01.053Z,2026/09/21 16:50,,,0.970,サーバー(国交省 川の防災情報)
kw03,2026-09-21T08:00:01.054Z,2026/09/21 16:50,,,1.250,サーバー(国交省 川の防災情報)
kw04,2026-09-21T08:00:01.056Z,2026/09/21 16:50,,,1.010,サーバー(国交省 川の防災情報)
kw05,2026-09-21T08:00:01.057Z,2026/09/21 09:00,,,-1.260,サーバー(国交省 川の防災情報)
kw06,2026-09-21T08:00:01.712Z,2026/09/21 09:00,,,-2.350,サーバー(国交省 川の防災情報)
kw07,2026-09-21T08:00:01.735Z,2026/09/21 09:00,,,-4.190,サーバー(国交省 川の防災情報)
kw08,2026-09-21T08:00:02.000Z,2026/09/21 16:50,,,3.250,サーバー(国交省 川の防災情報)
kw09,2026-09-21T08:00:02.013Z,2026/09/21 10:00,,,-4.040,サーバー(国交省 川の防災情報)
kw10,2026-09-21T08:00:02.095Z,2026/09/21 16:50,,,2.120,サーバー(国交省 川の防災情報)
kw11,2026-09-21T08:00:02.469Z,2026/09/21 16:50,,,3.580,サーバー(国交省 川の防災情報)
kw01,2026-09-21T08:10:00.835Z,2026/09/21 17:00,,,0.810,サーバー(国交省 川の防災情報)
kw02,2026-09-21T08:10:00.893Z,2026/09/21 17:00,,,0.980,サーバー(国交省 川の防災情報)
kw03,2026-09-21T08:10:00.894Z,2026/09/21 17:00,,,1.260,サーバー(国交省 川の防災情報)
kw04,2026-09-21T08:10:00.895Z,2026/09/21 17:00,,,1.000,サーバー(国交省 川の防災情報)
kw05,2026-09-21T08:10:00.896Z,2026/09/21 09:00,,,-1.260,サーバー(国交省 川の防災情報)
kw06,2026-09-21T08:10:01.629Z,2026/09/21 09:00,,,-2.350,サーバー(国交省 川の防災情報)
kw07,2026-09-21T08:10:01.632Z,2026/09/21 09:00,,,-4.190,サーバー(国交省 川の防災情報)
kw08,2026-09-21T08:10:01.634Z,2026/09/21 17:00,,,3.280,サーバー(国交省 川の防災情報)
kw09,2026-09-21T08:10:01.673Z,2026/09/21 10:00,,,-4.040,サーバー(国交省 川の防災情報)
kw10,2026-09-21T08:10:01.682Z,2026/09/21 17:00,,,2.140,サーバー(国交省 川の防災情報)
kw11,2026-09-21T08:10:02.111Z,2026/09/21 17:00,,,3.620,サーバー(国交省 川の防災情報)
cam02,2026-09-21T08:20:00.838Z,2026-09-21 17:10:07,,12.097,3.250,サーバー(直接取得)
cam03,2026-09-21T08:20:00.839Z,2026-09-21 17:10:13,,11.899,-3.810,サーバー(直接取得)
cam04,2026-09-21T08:20:00.840Z,2026-09-21 17:10:06,,12.194,2.950,サーバー(直接取得)
cam08,2026-09-21T08:20:00.841Z,2026-09-21 16:40:21,,12.102,0.170,サーバー(直接取得)
cam09,2026-09-21T08:20:01.434Z,2026-09-21 17:10:19,,12.194,0.320,サーバー(直接取得)
cam11,2026-09-21T08:20:01.437Z,2026-09-21 17:10:07,,12.251,0.591,サーバー(直接取得)
cam12,2026-09-21T08:20:01.599Z,2026-09-21 17:10:06,,12.154,1.342,サーバー(直接取得)
cam13,2026-09-21T08:20:01.603Z,2026-09-21 17:10:07,,12.317,-3.389,サーバー(直接取得)
cam14,2026-09-21T08:20:01.740Z,2026-09-21 17:10:17,,11.996,0.087,サーバー(直接取得)
cam36,2026-09-21T08:20:01.764Z,2026-09-21 17:10:07,,12.418,0.036,サーバー(直接取得)
cam39,2026-09-21T08:20:01.822Z,2026-09-21 17:18:05,,13.385,0.062,サーバー(直接取得)
cam40,2026-09-21T08:20:01.898Z,2026-09-21 17:10:06,,12.357,0.465,サーバー(直接取得)
cam41,2026-09-21T08:20:01.987Z,2026-09-21 17:10:03,,12.414,0.159,サーバー(直接取得)
cam42,2026-09-21T08:20:02.014Z,2026-09-21 17:10:17,,12.383,0.460,サーバー(直接取得)
cam43,2026-09-21T08:20:02.158Z,2026-09-21 17:10:15,,11.469,0.530,サーバー(直接取得)
cam44,2026-09-21T08:20:02.163Z,2026-09-21 17:10:03,,12.203,0.170,サーバー(直接取得)
cam45,2026-09-21T08:20:02.174Z,2026-09-21 17:10:03,,12.185,0.380,サーバー(直接取得)
cam46,2026-09-21T08:20:02.243Z,2026-09-21 17:10:15,,12.374,1.010,サーバー(直接取得)
cam47,2026-09-21T08:20:02.295Z,2026-09-21 17:10:06,,12.115,0.396,サーバー(直接取得)
cam48,2026-09-21T08:20:02.369Z,2026-09-21 17:10:03,,13.737,-15.440,サーバー(直接取得)
cam50,2026-09-21T08:20:02.396Z,2026-09-21 17:19:00,,13.500,0.230,サーバー(直接取得)
cam51,2026-09-21T08:20:02.424Z,2026-09-21 17:12:22,,13.601,0.190,サーバー(直接取得)
cam52,2026-09-21T08:20:02.467Z,2026-09-21 17:10:24,,12.036,0.510,サーバー(直接取得)
cam53,2026-09-21T08:20:02.530Z,2026-09-21 17:10:26,,12.256,0.240,サーバー(直接取得)
cam54,2026-09-21T08:20:02.587Z,2026-09-21 17:10:21,,12.361,0.080,サーバー(直接取得)
cam55,2026-09-21T08:20:02.667Z,2026-09-21 17:10:22,,12.673,0.730,サーバー(直接取得)
kw01,2026-09-21T08:20:02.678Z,2026/09/21 17:10,,,0.810,サーバー(国交省 川の防災情報)
kw02,2026-09-21T08:20:02.691Z,2026/09/21 17:10,,,1.000,サーバー(国交省 川の防災情報)
kw03,2026-09-21T08:20:02.742Z,2026/09/21 17:10,,,1.250,サーバー(国交省 川の防災情報)
kw04,2026-09-21T08:20:02.799Z,2026/09/21 17:10,,,1.000,サーバー(国交省 川の防災情報)
kw05,2026-09-21T08:20:02.883Z,2026/09/21 09:00,,,-1.260,サーバー(国交省 川の防災情報)
kw06,2026-09-21T08:20:03.401Z,2026/09/21 09:00,,,-2.350,サーバー(国交省 川の防災情報)
kw07,2026-09-21T08:20:03.408Z,2026/09/21 09:00,,,-4.190,サーバー(国交省 川の防災情報)
kw08,2026-09-21T08:20:03.425Z,2026/09/21 17:10,,,3.310,サーバー(国交省 川の防災情報)
kw09,2026-09-21T08:20:03.431Z,2026/09/21 10:00,,,-4.040,サーバー(国交省 川の防災情報)
kw10,2026-09-21T08:20:03.706Z,2026/09/21 17:10,,,2.170,サーバー(国交省 川の防災情報)
kw11,2026-09-21T08:20:03.858Z,2026/09/21 17:10,,,3.660,サーバー(国交省 川の防災情報)
kw01,2026-09-21T08:30:00.956Z,2026/09/21 17:20,,,0.810,サーバー(国交省 川の防災情報)
kw02,2026-09-21T08:30:01.012Z,2026/09/21 17:20,,,1.020,サーバー(国交省 川の防災情報)
kw03,2026-09-21T08:30:01.013Z,2026/09/21 17:20,,,1.250,サーバー(国交省 川の防災情報)
kw04,2026-09-21T08:30:01.015Z,2026/09/21 17:20,,,1.000,サーバー(国交省 川の防災情報)
kw05,2026-09-21T08:30:01.016Z,2026/09/21 09:00,,,-1.260,サーバー(国交省 川の防災情報)
kw06,2026-09-21T08:30:01.648Z,2026/09/21 09:00,,,-2.350,サーバー(国交省 川の防災情報)
kw07,2026-09-21T08:30:01.672Z,2026/09/21 09:00,,,-4.190,サーバー(国交省 川の防災情報)
kw08,2026-09-21T08:30:01.681Z,2026/09/21 17:20,,,3.340,サーバー(国交省 川の防災情報)
kw09,2026-09-21T08:30:01.683Z,2026/09/21 10:00,,,-4.040,サーバー(国交省 川の防災情報)
kw10,2026-09-21T08:30:01.703Z,2026/09/21 17:20,,,2.190,サーバー(国交省 川の防災情報)
kw11,2026-09-21T08:30:02.116Z,2026/09/21 17:20,,,3.700,サーバー(国交省 川の防災情報)
kw01,2026-09-21T08:40:01.027Z,2026/09/21 17:30,,,0.820,サーバー(国交省 川の防災情報)
kw02,2026-09-21T08:40:01.084Z,2026/09/21 17:30,,,1.030,サーバー(国交省 川の防災情報)
kw03,2026-09-21T08:40:01.086Z,2026/09/21 17:30,,,1.250,サーバー(国交省 川の防災情報)
kw04,2026-09-21T08:40:01.087Z,2026/09/21 17:30,,,1.000,サーバー(国交省 川の防災情報)
kw05,2026-09-21T08:40:01.088Z,2026/09/21 09:00,,,-1.260,サーバー(国交省 川の防災情報)
kw06,2026-09-21T08:40:01.806Z,2026/09/21 09:00,,,-2.350,サーバー(国交省 川の防災情報)
kw07,2026-09-21T08:40:02.036Z,2026/09/21 09:00,,,-4.190,サーバー(国交省 川の防災情報)
kw08,2026-09-21T08:40:02.106Z,2026/09/21 17:30,,,3.350,サーバー(国交省 川の防災情報)
kw09,2026-09-21T08:40:02.140Z,2026/09/21 10:00,,,-4.040,サーバー(国交省 川の防災情報)
kw10,2026-09-21T08:40:02.208Z,2026/09/21 17:30,,,2.220,サーバー(国交省 川の防災情報)
kw11,2026-09-21T08:40:02.264Z,2026/09/21 17:30,,,3.750,サーバー(国交省 川の防災情報)
cam02,2026-09-21T08:50:01.119Z,2026-09-21 17:40:07,,12.115,3.240,サーバー(直接取得)
cam03,2026-09-21T08:50:01.120Z,2026-09-21 17:40:13,,11.899,-3.620,サーバー(直接取得)
cam04,2026-09-21T08:50:01.121Z,2026-09-21 17:40:07,,12.181,2.910,サーバー(直接取得)
cam08,2026-09-21T08:50:01.122Z,2026-09-21 17:40:21,,12.124,0.260,サーバー(直接取得)
cam09,2026-09-21T08:50:01.786Z,2026-09-21 17:40:17,,12.194,0.320,サーバー(直接取得)
cam11,2026-09-21T08:50:01.802Z,2026-09-21 17:40:07,,12.247,0.550,サーバー(直接取得)
cam12,2026-09-21T08:50:01.929Z,2026-09-21 17:40:06,,12.154,1.394,サーバー(直接取得)
cam13,2026-09-21T08:50:01.953Z,2026-09-21 17:40:06,,12.339,0.081,サーバー(直接取得)
cam14,2026-09-21T08:50:01.987Z,2026-09-21 17:40:16,,12.023,0.127,サーバー(直接取得)
cam36,2026-09-21T08:50:02.045Z,2026-09-21 17:40:07,,12.423,0.035,サーバー(直接取得)
cam39,2026-09-21T08:50:02.094Z,2026-09-21 17:48:05,,13.381,0.063,サーバー(直接取得)
cam40,2026-09-21T08:50:02.274Z,2026-09-21 17:40:07,,12.357,0.459,サーバー(直接取得)
cam41,2026-09-21T08:50:02.412Z,2026-09-21 17:40:03,,12.418,0.152,サーバー(直接取得)
cam42,2026-09-21T08:50:02.546Z,2026-09-21 17:40:15,,12.383,0.450,サーバー(直接取得)
cam43,2026-09-21T08:50:02.590Z,2026-09-21 17:40:18,,11.464,0.520,サーバー(直接取得)
cam44,2026-09-21T08:50:02.598Z,2026-09-21 17:40:03,,12.203,0.170,サーバー(直接取得)
cam45,2026-09-21T08:50:02.599Z,2026-09-21 17:40:03,,12.185,0.380,サーバー(直接取得)
cam46,2026-09-21T08:50:02.668Z,2026-09-21 17:40:22,,12.365,0.640,サーバー(直接取得)
cam47,2026-09-21T08:50:02.757Z,2026-09-21 17:40:06,,12.124,0.396,サーバー(直接取得)
cam48,2026-09-21T08:50:02.826Z,2026-09-21 17:40:03,,13.741,-15.340,サーバー(直接取得)
cam50,2026-09-21T08:50:02.829Z,2026-09-21 17:48:00,,13.500,0.220,サーバー(直接取得)
cam51,2026-09-21T08:50:02.847Z,2026-09-21 17:48:16,,13.610,0.170,サーバー(直接取得)
cam52,2026-09-21T08:50:02.887Z,2026-09-21 17:40:21,,12.045,0.500,サーバー(直接取得)
cam53,2026-09-21T08:50:02.970Z,2026-09-21 17:40:25,,12.286,0.320,サーバー(直接取得)
cam54,2026-09-21T08:50:03.044Z,2026-09-21 17:40:20,,12.383,0.080,サーバー(直接取得)
cam55,2026-09-21T08:50:03.046Z,2026-09-21 17:40:21,,12.700,0.730,サーバー(直接取得)
kw01,2026-09-21T08:50:03.052Z,2026/09/21 17:40,,,0.810,サーバー(国交省 川の防災情報)
kw02,2026-09-21T08:50:03.114Z,2026/09/21 17:40,,,1.030,サーバー(国交省 川の防災情報)
kw03,2026-09-21T08:50:03.180Z,2026/09/21 17:40,,,1.250,サーバー(国交省 川の防災情報)
kw04,2026-09-21T08:50:03.252Z,2026/09/21 17:40,,,1.010,サーバー(国交省 川の防災情報)
kw05,2026-09-21T08:50:03.264Z,2026/09/21 09:00,,,-1.260,サーバー(国交省 川の防災情報)
kw06,2026-09-21T08:50:04.048Z,2026/09/21 09:00,,,-2.350,サーバー(国交省 川の防災情報)
kw07,2026-09-21T08:50:04.082Z,2026/09/21 09:00,,,-4.190,サーバー(国交省 川の防災情報)
kw08,2026-09-21T08:50:04.103Z,2026/09/21 17:40,,,3.350,サーバー(国交省 川の防災情報)
kw09,2026-09-21T08:50:04.112Z,2026/09/21 10:00,,,-4.040,サーバー(国交省 川の防災情報)
kw10,2026-09-21T08:50:04.141Z,2026/09/21 17:40,,,2.210,サーバー(国交省 川の防災情報)
kw11,2026-09-21T08:50:04.506Z,2026/09/21 17:40,,,3.780,サーバー(国交省 川の防災情報)
kw01,2026-09-21T09:00:00.383Z,2026/09/21 17:50,,,0.810,サーバー(国交省 川の防災情報)
kw02,2026-09-21T09:00:00.438Z,2026/09/21 17:50,,,1.030,サーバー(国交省 川の防災情報)
kw03,2026-09-21T09:00:00.440Z,2026/09/21 17:50,,,1.250,サーバー(国交省 川の防災情報)
kw04,2026-09-21T09:00:00.441Z,2026/09/21 17:50,,,1.010,サーバー(国交省 川の防災情報)
kw05,2026-09-21T09:00:00.442Z,2026/09/21 09:00,,,-1.260,サーバー(国交省 川の防災情報)
kw06,2026-09-21T09:00:01.202Z,2026/09/21 09:00,,,-2.350,サーバー(国交省 川の防災情報)
kw07,2026-09-21T09:00:01.205Z,2026/09/21 09:00,,,-4.190,サーバー(国交省 川の防災情報)
kw08,2026-09-21T09:00:01.237Z,2026/09/21 17:50,,,3.350,サーバー(国交省 川の防災情報)
kw09,2026-09-21T09:00:01.241Z,2026/09/21 10:00,,,-4.040,サーバー(国交省 川の防災情報)
kw10,2026-09-21T09:00:01.242Z,2026/09/21 17:50,,,2.210,サーバー(国交省 川の防災情報)
kw11,2026-09-21T09:00:01.610Z,2026/09/21 17:50,,,3.810,サーバー(国交省 川の防災情報)
kw01,2026-09-21T09:10:00.914Z,2026/09/21 18:00,,,0.790,サーバー(国交省 川の防災情報)
kw02,2026-09-21T09:10:00.971Z,2026/09/21 18:00,,,1.020,サーバー(国交省 川の防災情報)
kw03,2026-09-21T09:10:00.972Z,2026/09/21 18:00,,,1.250,サーバー(国交省 川の防災情報)
kw04,2026-09-21T09:10:00.973Z,2026/09/21 18:00,,,0.990,サーバー(国交省 川の防災情報)
kw05,2026-09-21T09:10:00.974Z,2026/09/21 09:00,,,-1.260,サーバー(国交省 川の防災情報)
kw06,2026-09-21T09:10:01.748Z,2026/09/21 09:00,,,-2.350,サーバー(国交省 川の防災情報)
kw07,2026-09-21T09:10:01.751Z,2026/09/21 09:00,,,-4.190,サーバー(国交省 川の防災情報)
kw08,2026-09-21T09:10:01.753Z,2026/09/21 18:00,,,3.330,サーバー(国交省 川の防災情報)
kw09,2026-09-21T09:10:01.794Z,2026/09/21 10:00,,,-4.040,サーバー(国交省 川の防災情報)
kw10,2026-09-21T09:10:01.795Z,2026/09/21 18:00,,,2.190,サーバー(国交省 川の防災情報)
kw11,2026-09-21T09:10:02.112Z,2026/09/21 18:00,,,3.810,サーバー(国交省 川の防災情報)
kw01,2026-09-21T09:20:00.949Z,2026/09/21 18:10,,,0.790,サーバー(国交省 川の防災情報)
kw02,2026-09-21T09:20:01.004Z,2026/09/21 18:10,,,0.990,サーバー(国交省 川の防災情報)
kw03,2026-09-21T09:20:01.006Z,2026/09/21 18:10,,,1.240,サーバー(国交省 川の防災情報)
kw04,2026-09-21T09:20:01.007Z,2026/09/21 18:10,,,0.990,サーバー(国交省 川の防災情報)
kw05,2026-09-21T09:20:01.008Z,2026/09/21 09:00,,,-1.260,サーバー(国交省 川の防災情報)
kw06,2026-09-21T09:20:01.714Z,2026/09/21 09:00,,,-2.350,サーバー(国交省 川の防災情報)
kw07,2026-09-21T09:20:01.756Z,2026/09/21 09:00,,,-4.190,サーバー(国交省 川の防災情報)
kw08,2026-09-21T09:20:01.769Z,2026/09/21 18:10,,,3.310,サーバー(国交省 川の防災情報)
kw09,2026-09-21T09:20:01.780Z,2026/09/21 10:00,,,-4.040,サーバー(国交省 川の防災情報)
kw10,2026-09-21T09:20:01.788Z,2026/09/21 18:10,,,2.170,サーバー(国交省 川の防災情報)
kw11,2026-09-21T09:20:02.181Z,2026/09/21 18:10,,,3.800,サーバー(国交省 川の防災情報)
cam02,2026-09-21T09:30:00.888Z,2026-09-21 18:20:07,,12.062,3.230,サーバー(直接取得)
cam03,2026-09-21T09:30:00.890Z,2026-09-21 18:20:12,,11.877,-4.580,サーバー(直接取得)
cam04,2026-09-21T09:30:00.891Z,2026-09-21 18:20:07,,12.080,2.870,サーバー(直接取得)
cam08,2026-09-21T09:30:00.892Z,2026-09-21 18:20:21,,12.075,0.190,サーバー(直接取得)
cam09,2026-09-21T09:30:01.699Z,2026-09-21 18:00:16,,12.075,0.330,サーバー(直接取得)
cam11,2026-09-21T09:30:01.729Z,2026-09-21 18:20:06,,12.132,0.688,サーバー(直接取得)
cam12,2026-09-21T09:30:01.939Z,2026-09-21 18:20:07,,12.119,1.399,サーバー(直接取得)
cam13,2026-09-21T09:30:02.136Z,2026-09-21 18:20:07,,12.278,0.074,サーバー(直接取得)
cam14,2026-09-21T09:30:02.271Z,2026-09-21 18:20:14,,11.891,0.077,サーバー(直接取得)
cam36,2026-09-21T09:30:02.300Z,2026-09-21 18:20:06,,12.317,0.036,サーバー(直接取得)
cam39,2026-09-21T09:30:02.303Z,2026-09-21 18:28:05,,13.403,0.065,サーバー(直接取得)
cam40,2026-09-21T09:30:02.329Z,2026-09-21 18:20:07,,12.256,0.448,サーバー(直接取得)
cam41,2026-09-21T09:30:02.433Z,2026-09-21 18:20:03,,12.401,0.159,サーバー(直接取得)
cam42,2026-09-21T09:30:02.604Z,2026-09-21 18:20:16,,12.357,0.450,サーバー(直接取得)
cam43,2026-09-21T09:30:02.635Z,2026-09-21 18:20:14,,11.341,0.530,サーバー(直接取得)
cam44,2026-09-21T09:30:02.637Z,2026-09-21 18:20:03,,12.185,0.170,サーバー(直接取得)
cam45,2026-09-21T09:30:02.709Z,2026-09-21 18:20:03,,12.163,0.380,サーバー(直接取得)
cam46,2026-09-21T09:30:02.952Z,2026-09-21 18:20:11,,12.269,0.640,サーバー(直接取得)
cam47,2026-09-21T09:30:02.975Z,2026-09-21 18:20:07,,12.014,0.393,サーバー(直接取得)
cam48,2026-09-21T09:30:02.982Z,2026-09-21 18:20:04,,13.755,-15.360,サーバー(直接取得)
cam50,2026-09-21T09:30:02.996Z,2026-09-21 18:29:00,,13.504,0.210,サーバー(直接取得)
cam51,2026-09-21T09:30:03.191Z,2026-09-21 18:28:15,,13.618,0.160,サーバー(直接取得)
cam52,2026-09-21T09:30:03.237Z,2026-09-21 18:20:15,,11.913,0.480,サーバー(直接取得)
cam53,2026-09-21T09:30:03.245Z,2026-09-21 18:20:11,,12.225,0.210,サーバー(直接取得)
cam54,2026-09-21T09:30:03.258Z,2026-09-21 18:20:20,,12.317,0.080,サーバー(直接取得)
cam55,2026-09-21T09:30:03.272Z,2026-09-21 18:20:21,,12.651,0.730,サーバー(直接取得)
kw01,2026-09-21T09:30:03.519Z,2026/09/21 18:20,,,0.780,サーバー(国交省 川の防災情報)
kw02,2026-09-21T09:30:03.534Z,2026/09/21 18:20,,,0.990,サーバー(国交省 川の防災情報)
kw03,2026-09-21T09:30:03.542Z,2026/09/21 18:20,,,1.240,サーバー(国交省 川の防災情報)
kw04,2026-09-21T09:30:03.556Z,2026/09/21 18:20,,,0.980,サーバー(国交省 川の防災情報)
kw05,2026-09-21T09:30:03.571Z,2026/09/21 09:00,,,-1.260,サーバー(国交省 川の防災情報)
kw06,2026-09-21T09:30:04.169Z,2026/09/21 09:00,,,-2.350,サーバー(国交省 川の防災情報)
kw07,2026-09-21T09:30:04.210Z,2026/09/21 09:00,,,-4.190,サーバー(国交省 川の防災情報)
kw08,2026-09-21T09:30:04.216Z,2026/09/21 18:20,,,3.290,サーバー(国交省 川の防災情報)
kw09,2026-09-21T09:30:04.273Z,2026/09/21 10:00,,,-4.040,サーバー(国交省 川の防災情報)
kw10,2026-09-21T09:30:04.342Z,2026/09/21 18:20,,,2.140,サーバー(国交省 川の防災情報)
kw11,2026-09-21T09:30:04.541Z,2026/09/21 18:20,,,3.770,サーバー(国交省 川の防災情報)
kw01,2026-09-21T09:40:00.526Z,2026/09/21 18:30,,,0.780,サーバー(国交省 川の防災情報)
kw02,2026-09-21T09:40:00.586Z,2026/09/21 18:30,,,0.950,サーバー(国交省 川の防災情報)
kw03,2026-09-21T09:40:00.587Z,2026/09/21 18:30,,,1.240,サーバー(国交省 川の防災情報)
kw04,2026-09-21T09:40:00.589Z,2026/09/21 18:30,,,0.980,サーバー(国交省 川の防災情報)
kw05,2026-09-21T09:40:00.590Z,2026/09/21 09:00,,,-1.260,サーバー(国交省 川の防災情報)
kw06,2026-09-21T09:40:01.293Z,2026/09/21 09:00,,,-2.350,サーバー(国交省 川の防災情報)
kw07,2026-09-21T09:40:01.295Z,2026/09/21 09:00,,,-4.190,サーバー(国交省 川の防災情報)
kw08,2026-09-21T09:40:01.332Z,2026/09/21 18:30,,,3.250,サーバー(国交省 川の防災情報)
kw09,2026-09-21T09:40:01.358Z,2026/09/21 10:00,,,-4.040,サーバー(国交省 川の防災情報)
kw10,2026-09-21T09:40:01.371Z,2026/09/21 18:30,,,2.110,サーバー(国交省 川の防災情報)
kw11,2026-09-21T09:40:01.691Z,2026/09/21 18:30,,,3.800,サーバー(国交省 川の防災情報)
kw01,2026-09-21T09:50:00.556Z,2026/09/21 18:40,,,0.760,サーバー(国交省 川の防災情報)
kw02,2026-09-21T09:50:00.612Z,2026/09/21 18:40,,,0.930,サーバー(国交省 川の防災情報)
kw03,2026-09-21T09:50:00.613Z,2026/09/21 18:40,,,1.240,サーバー(国交省 川の防災情報)
kw04,2026-09-21T09:50:00.615Z,2026/09/21 18:40,,,0.960,サーバー(国交省 川の防災情報)
kw05,2026-09-21T09:50:00.616Z,2026/09/21 09:00,,,-1.260,サーバー(国交省 川の防災情報)
kw06,2026-09-21T09:50:01.317Z,2026/09/21 09:00,,,-2.350,サーバー(国交省 川の防災情報)
kw07,2026-09-21T09:50:01.357Z,2026/09/21 09:00,,,-4.190,サーバー(国交省 川の防災情報)
kw08,2026-09-21T09:50:01.372Z,2026/09/21 18:40,,,3.210,サーバー(国交省 川の防災情報)
kw09,2026-09-21T09:50:01.380Z,2026/09/21 10:00,,,-4.040,サーバー(国交省 川の防災情報)
kw10,2026-09-21T09:50:01.417Z,2026/09/21 18:40,,,2.070,サーバー(国交省 川の防災情報)
kw11,2026-09-21T09:50:01.714Z,2026/09/21 18:40,,,3.780,サーバー(国交省 川の防災情報)
cam02,2026-09-21T10:00:00.245Z,2026-09-21 18:50:06,,12.067,3.210,サーバー(直接取得)
cam03,2026-09-21T10:00:00.247Z,2026-09-21 18:50:11,,11.873,-4.580,サーバー(直接取得)
cam04,2026-09-21T10:00:00.248Z,2026-09-21 18:50:06,,12.089,2.850,サーバー(直接取得)
cam08,2026-09-21T10:00:00.249Z,2026-09-21 18:30:20,,12.075,0.150,サーバー(直接取得)
cam09,2026-09-21T10:00:02.688Z,2026-09-21 18:50:18,,12.053,0.320,サーバー(直接取得)
cam11,2026-09-21T10:00:02.711Z,2026-09-21 18:50:06,,12.124,0.509,サーバー(直接取得)
cam12,2026-09-21T10:00:02.797Z,2026-09-21 18:50:07,,12.110,1.378,サーバー(直接取得)
cam13,2026-09-21T10:00:02.833Z,2026-09-21 18:50:07,,12.282,0.077,サーバー(直接取得)
cam14,2026-09-21T10:00:02.972Z,2026-09-21 18:50:14,,11.882,0.077,サーバー(直接取得)
cam36,2026-09-21T10:00:03.020Z,2026-09-21 18:50:06,,12.317,0.037,サーバー(直接取得)
cam39,2026-09-21T10:00:03.079Z,2026-09-21 18:58:06,,13.403,0.060,サーバー(直接取得)
cam40,2026-09-21T10:00:03.111Z,2026-09-21 18:50:06,,12.251,0.450,サーバー(直接取得)
cam41,2026-09-21T10:00:03.240Z,2026-09-21 18:50:03,,12.396,0.153,サーバー(直接取得)
cam42,2026-09-21T10:00:03.295Z,2026-09-21 18:50:14,,12.343,0.450,サーバー(直接取得)
cam43,2026-09-21T10:00:03.358Z,2026-09-21 18:50:15,,11.346,0.520,サーバー(直接取得)
cam44,2026-09-21T10:00:03.383Z,2026-09-21 18:50:03,,12.185,0.170,サーバー(直接取得)
cam45,2026-09-21T10:00:03.489Z,2026-09-21 18:50:03,,12.168,0.380,サーバー(直接取得)
cam46,2026-09-21T10:00:03.511Z,2026-09-21 18:50:11,,12.264,0.650,サーバー(直接取得)
cam47,2026-09-21T10:00:03.561Z,2026-09-21 18:50:06,,12.005,0.402,サーバー(直接取得)
cam48,2026-09-21T10:00:03.624Z,2026-09-21 18:50:03,,13.755,-15.420,サーバー(直接取得)
cam50,2026-09-21T10:00:03.660Z,2026-09-21 18:59:00,,13.500,0.200,サーバー(直接取得)
cam51,2026-09-21T10:00:03.755Z,2026-09-21 18:58:14,,13.618,0.150,サーバー(直接取得)
cam52,2026-09-21T10:00:03.791Z,2026-09-21 18:50:15,,11.913,0.470,サーバー(直接取得)
cam53,2026-09-21T10:00:03.842Z,2026-09-21 18:50:15,,12.216,0.200,サーバー(直接取得)
cam54,2026-09-21T10:00:03.896Z,2026-09-21 18:50:20,,12.308,0.080,サーバー(直接取得)
cam55,2026-09-21T10:00:03.948Z,2026-09-21 18:50:21,,12.686,0.730,サーバー(直接取得)
kw01,2026-09-21T10:00:04.034Z,2026/09/21 18:50,,,0.760,サーバー(国交省 川の防災情報)
kw02,2026-09-21T10:00:04.067Z,2026/09/21 18:50,,,0.890,サーバー(国交省 川の防災情報)
kw03,2026-09-21T10:00:04.103Z,2026/09/21 18:50,,,1.240,サーバー(国交省 川の防災情報)
kw04,2026-09-21T10:00:04.169Z,2026/09/21 18:50,,,0.960,サーバー(国交省 川の防災情報)
kw05,2026-09-21T10:00:04.216Z,2026/09/21 09:00,,,-1.260,サーバー(国交省 川の防災情報)
kw06,2026-09-21T10:00:04.625Z,2026/09/21 09:00,,,-2.350,サーバー(国交省 川の防災情報)
kw07,2026-09-21T10:00:04.635Z,2026/09/21 09:00,,,-4.190,サーバー(国交省 川の防災情報)
kw08,2026-09-21T10:00:04.646Z,2026/09/21 18:50,,,3.170,サーバー(国交省 川の防災情報)
kw09,2026-09-21T10:00:04.735Z,2026/09/21 10:00,,,-4.040,サーバー(国交省 川の防災情報)
kw10,2026-09-21T10:00:04.818Z,2026/09/21 18:50,,,2.030,サーバー(国交省 川の防災情報)
kw11,2026-09-21T10:00:05.090Z,2026/09/21 18:50,,,3.750,サーバー(国交省 川の防災情報)
kw01,2026-09-21T10:10:00.180Z,2026/09/21 19:00,,,0.750,サーバー(国交省 川の防災情報)
kw02,2026-09-21T10:10:00.235Z,2026/09/21 19:00,,,0.860,サーバー(国交省 川の防災情報)
kw03,2026-09-21T10:10:00.236Z,2026/09/21 19:00,,,1.230,サーバー(国交省 川の防災情報)
kw04,2026-09-21T10:10:00.237Z,2026/09/21 19:00,,,0.960,サーバー(国交省 川の防災情報)
kw05,2026-09-21T10:10:00.238Z,2026/09/21 09:00,,,-1.260,サーバー(国交省 川の防災情報)
kw06,2026-09-21T10:10:00.943Z,2026/09/21 09:00,,,-2.350,サーバー(国交省 川の防災情報)
kw07,2026-09-21T10:10:00.948Z,2026/09/21 09:00,,,-4.190,サーバー(国交省 川の防災情報)
kw08,2026-09-21T10:10:01.010Z,2026/09/21 19:00,,,3.110,サーバー(国交省 川の防災情報)
kw09,2026-09-21T10:10:01.028Z,2026/09/21 10:00,,,-4.040,サーバー(国交省 川の防災情報)
kw10,2026-09-21T10:10:01.044Z,2026/09/21 19:00,,,1.970,サーバー(国交省 川の防災情報)
kw11,2026-09-21T10:10:01.399Z,2026/09/21 19:00,,,3.720,サーバー(国交省 川の防災情報)
kw01,2026-09-21T10:20:00.707Z,2026/09/21 19:10,,,0.740,サーバー(国交省 川の防災情報)
kw02,2026-09-21T10:20:00.762Z,2026/09/21 19:10,,,0.820,サーバー(国交省 川の防災情報)
kw03,2026-09-21T10:20:00.764Z,2026/09/21 19:10,,,1.230,サーバー(国交省 川の防災情報)
kw04,2026-09-21T10:20:00.765Z,2026/09/21 19:10,,,0.950,サーバー(国交省 川の防災情報)
kw05,2026-09-21T10:20:00.766Z,2026/09/21 09:00,,,-1.260,サーバー(国交省 川の防災情報)
kw06,2026-09-21T10:20:01.535Z,2026/09/21 09:00,,,-2.350,サーバー(国交省 川の防災情報)
kw07,2026-09-21T10:20:01.557Z,2026/09/21 09:00,,,-4.190,サーバー(国交省 川の防災情報)
kw08,2026-09-21T10:20:01.597Z,2026/09/21 19:10,,,3.070,サーバー(国交省 川の防災情報)
kw09,2026-09-21T10:20:01.637Z,2026/09/21 10:00,,,-4.040,サーバー(国交省 川の防災情報)
kw10,2026-09-21T10:20:02.002Z,2026/09/21 19:10,,,1.930,サーバー(国交省 川の防災情報)
kw11,2026-09-21T10:20:02.063Z,2026/09/21 19:10,,,3.680,サーバー(国交省 川の防災情報)
cam02,2026-09-21T10:30:00.432Z,2026-09-21 19:20:06,,12.062,3.200,サーバー(直接取得)
cam03,2026-09-21T10:30:00.433Z,2026-09-21 19:20:12,,11.864,-4.580,サーバー(直接取得)
cam04,2026-09-21T10:30:00.435Z,2026-09-21 19:20:06,,12.084,2.840,サーバー(直接取得)
cam08,2026-09-21T10:30:00.436Z,2026-09-21 19:20:20,,11.974,0.150,サーバー(直接取得)
cam09,2026-09-21T10:30:01.310Z,2026-09-21 19:20:24,,12.049,0.310,サーバー(直接取得)
cam11,2026-09-21T10:30:01.313Z,2026-09-21 19:20:06,,12.124,0.581,サーバー(直接取得)
cam12,2026-09-21T10:30:01.588Z,2026-09-21 19:20:07,,12.119,1.344,サーバー(直接取得)
cam13,2026-09-21T10:30:01.604Z,2026-09-21 19:20:06,,12.282,-5.703,サーバー(直接取得)
cam14,2026-09-21T10:30:01.636Z,2026-09-21 19:20:13,,11.877,0.077,サーバー(直接取得)
cam36,2026-09-21T10:30:01.668Z,2026-09-21 19:20:07,,12.313,0.035,サーバー(直接取得)
cam39,2026-09-21T10:30:01.878Z,2026-09-21 19:28:06,,13.403,0.063,サーバー(直接取得)
cam40,2026-09-21T10:30:01.922Z,2026-09-21 19:20:06,,12.247,0.444,サーバー(直接取得)
cam41,2026-09-21T10:30:01.933Z,2026-09-21 19:20:03,,12.387,0.158,サーバー(直接取得)
cam42,2026-09-21T10:30:01.952Z,2026-09-21 19:20:14,,12.339,0.450,サーバー(直接取得)
cam43,2026-09-21T10:30:02.202Z,2026-09-21 19:20:13,,11.328,0.540,サーバー(直接取得)
cam44,2026-09-21T10:30:02.220Z,2026-09-21 19:20:03,,12.181,0.170,サーバー(直接取得)
cam45,2026-09-21T10:30:02.269Z,2026-09-21 19:20:03,,12.163,0.390,サーバー(直接取得)
cam46,2026-09-21T10:30:02.339Z,2026-09-21 19:20:14,,12.251,0.760,サーバー(直接取得)
cam47,2026-09-21T10:30:02.485Z,2026-09-21 19:20:06,,12.014,0.412,サーバー(直接取得)
cam48,2026-09-21T10:30:02.571Z,2026-09-21 19:20:03,,13.759,-15.450,サーバー(直接取得)
cam50,2026-09-21T10:30:02.603Z,2026-09-21 19:29:00,,13.500,0.210,サーバー(直接取得)
cam51,2026-09-21T10:30:02.631Z,2026-09-21 19:26:16,,13.618,0.160,サーバー(直接取得)
cam52,2026-09-21T10:30:02.688Z,2026-09-21 19:20:15,,11.917,0.460,サーバー(直接取得)
cam53,2026-09-21T10:30:02.778Z,2026-09-21 19:20:12,,12.229,0.190,サーバー(直接取得)
cam54,2026-09-21T10:30:02.845Z,2026-09-21 19:20:20,,12.321,0.070,サーバー(直接取得)
cam55,2026-09-21T10:30:02.900Z,2026-09-21 19:20:21,,12.686,0.730,サーバー(直接取得)
kw01,2026-09-21T10:30:02.988Z,2026/09/21 19:20,,,0.740,サーバー(国交省 川の防災情報)
kw02,2026-09-21T10:30:03.003Z,2026/09/21 19:20,,,0.800,サーバー(国交省 川の防災情報)
kw03,2026-09-21T10:30:03.057Z,2026/09/21 19:20,,,1.240,サーバー(国交省 川の防災情報)
kw04,2026-09-21T10:30:03.122Z,2026/09/21 19:20,,,0.950,サーバー(国交省 川の防災情報)
kw05,2026-09-21T10:30:03.168Z,2026/09/21 09:00,,,-1.260,サーバー(国交省 川の防災情報)
kw06,2026-09-21T10:30:03.673Z,2026/09/21 09:00,,,-2.350,サーバー(国交省 川の防災情報)
kw07,2026-09-21T10:30:03.689Z,2026/09/21 09:00,,,-4.190,サーバー(国交省 川の防災情報)
kw08,2026-09-21T10:30:03.710Z,2026/09/21 19:20,,,3.030,サーバー(国交省 川の防災情報)
kw09,2026-09-21T10:30:03.723Z,2026/09/21 10:00,,,-4.040,サーバー(国交省 川の防災情報)
kw10,2026-09-21T10:30:03.755Z,2026/09/21 19:20,,,1.890,サーバー(国交省 川の防災情報)
kw11,2026-09-21T10:30:04.054Z,2026/09/21 19:20,,,3.630,サーバー(国交省 川の防災情報)
kw01,2026-09-21T10:40:00.750Z,2026/09/21 19:30,,,0.730,サーバー(国交省 川の防災情報)
kw02,2026-09-21T10:40:00.807Z,2026/09/21 19:30,,,0.760,サーバー(国交省 川の防災情報)
kw03,2026-09-21T10:40:00.808Z,2026/09/21 19:30,,,1.230,サーバー(国交省 川の防災情報)
kw04,2026-09-21T10:40:00.809Z,2026/09/21 19:30,,,0.930,サーバー(国交省 川の防災情報)
kw05,2026-09-21T10:40:00.810Z,2026/09/21 09:00,,,-1.260,サーバー(国交省 川の防災情報)
kw06,2026-09-21T10:40:01.460Z,2026/09/21 09:00,,,-2.350,サーバー(国交省 川の防災情報)
kw07,2026-09-21T10:40:01.477Z,2026/09/21 09:00,,,-4.190,サーバー(国交省 川の防災情報)
kw08,2026-09-21T10:40:01.512Z,2026/09/21 19:30,,,2.970,サーバー(国交省 川の防災情報)
kw09,2026-09-21T10:40:01.528Z,2026/09/21 10:00,,,-4.040,サーバー(国交省 川の防災情報)
kw10,2026-09-21T10:40:01.542Z,2026/09/21 19:30,,,1.820,サーバー(国交省 川の防災情報)
kw11,2026-09-21T10:40:01.899Z,2026/09/21 19:30,,,3.600,サーバー(国交省 川の防災情報)
kw01,2026-09-21T10:50:01.044Z,2026/09/21 19:40,,,0.720,サーバー(国交省 川の防災情報)
kw02,2026-09-21T10:50:01.101Z,2026/09/21 19:40,,,0.720,サーバー(国交省 川の防災情報)
kw03,2026-09-21T10:50:01.102Z,2026/09/21 19:40,,,1.230,サーバー(国交省 川の防災情報)
kw04,2026-09-21T10:50:01.103Z,2026/09/21 19:40,,,0.940,サーバー(国交省 川の防災情報)
kw05,2026-09-21T10:50:01.104Z,2026/09/21 09:00,,,-1.260,サーバー(国交省 川の防災情報)
kw06,2026-09-21T10:50:01.851Z,2026/09/21 09:00,,,-2.350,サーバー(国交省 川の防災情報)
kw07,2026-09-21T10:50:01.854Z,2026/09/21 09:00,,,-4.190,サーバー(国交省 川の防災情報)
kw08,2026-09-21T10:50:01.866Z,2026/09/21 19:40,,,2.910,サーバー(国交省 川の防災情報)
kw09,2026-09-21T10:50:01.888Z,2026/09/21 10:00,,,-4.040,サーバー(国交省 川の防災情報)
kw10,2026-09-21T10:50:01.929Z,2026/09/21 19:40,,,1.760,サーバー(国交省 川の防災情報)
kw11,2026-09-21T10:50:02.220Z,2026/09/21 19:40,,,3.560,サーバー(国交省 川の防災情報)
cam02,2026-09-21T11:00:00.671Z,2026-09-21 19:50:06,,12.058,3.180,サーバー(直接取得)
cam03,2026-09-21T11:00:00.672Z,2026-09-21 19:50:12,,11.856,-4.580,サーバー(直接取得)
cam04,2026-09-21T11:00:00.674Z,2026-09-21 19:50:06,,12.080,2.810,サーバー(直接取得)
cam08,2026-09-21T11:00:00.675Z,2026-09-21 19:50:21,,11.974,0.150,サーバー(直接取得)
cam09,2026-09-21T11:00:01.583Z,2026-09-21 19:50:19,,12.053,0.310,サーバー(直接取得)
cam11,2026-09-21T11:00:01.585Z,2026-09-21 19:50:06,,12.124,0.556,サーバー(直接取得)
cam12,2026-09-21T11:00:01.873Z,2026-09-21 19:50:06,,12.115,1.312,サーバー(直接取得)
cam13,2026-09-21T11:00:01.881Z,2026-09-21 19:50:06,,12.269,0.064,サーバー(直接取得)
cam14,2026-09-21T11:00:02.256Z,2026-09-21 19:50:13,,11.873,0.067,サーバー(直接取得)
cam36,2026-09-21T11:00:02.291Z,2026-09-21 19:50:07,,12.295,0.030,サーバー(直接取得)
cam39,2026-09-21T11:00:02.718Z,2026-09-21 19:58:06,,13.403,0.050,サーバー(直接取得)
cam40,2026-09-21T11:00:03.044Z,2026-09-21 19:50:06,,12.247,0.442,サーバー(直接取得)
cam41,2026-09-21T11:00:03.310Z,2026-09-21 19:50:03,,12.396,0.144,サーバー(直接取得)
cam42,2026-09-21T11:00:03.612Z,2026-09-21 19:50:12,,12.326,0.450,サーバー(直接取得)
cam43,2026-09-21T11:00:03.846Z,2026-09-21 19:50:15,,11.315,0.520,サーバー(直接取得)
cam44,2026-09-21T11:00:03.860Z,2026-09-21 19:50:03,,12.181,0.170,サーバー(直接取得)
cam45,2026-09-21T11:00:03.877Z,2026-09-21 19:50:03,,12.150,0.380,サーバー(直接取得)
cam46,2026-09-21T11:00:04.113Z,2026-09-21 19:50:11,,12.238,0.750,サーバー(直接取得)
cam47,2026-09-21T11:00:04.140Z,2026-09-21 19:50:06,,11.996,0.416,サーバー(直接取得)
cam48,2026-09-21T11:00:04.149Z,2026-09-21 19:50:03,,13.781,-15.450,サーバー(直接取得)
cam50,2026-09-21T11:00:04.457Z,2026-09-21 19:55:00,,13.504,0.200,サーバー(直接取得)
cam51,2026-09-21T11:00:04.468Z,2026-09-21 19:58:16,,13.618,0.140,サーバー(直接取得)
cam52,2026-09-21T11:00:04.470Z,2026-09-21 19:50:14,,11.899,0.440,サーバー(直接取得)
cam53,2026-09-21T11:00:04.761Z,2026-09-21 19:50:15,,12.203,0.180,サーバー(直接取得)
cam54,2026-09-21T11:00:04.770Z,2026-09-21 19:50:20,,12.313,0.070,サーバー(直接取得)
cam55,2026-09-21T11:00:04.772Z,2026-09-21 19:50:22,,12.691,0.730,サーバー(直接取得)
kw01,2026-09-21T11:00:05.038Z,2026/09/21 19:50,,,0.720,サーバー(国交省 川の防災情報)
kw02,2026-09-21T11:00:05.051Z,2026/09/21 19:50,,,0.690,サーバー(国交省 川の防災情報)
kw03,2026-09-21T11:00:05.053Z,2026/09/21 19:50,,,1.230,サーバー(国交省 川の防災情報)
kw04,2026-09-21T11:00:06.112Z,2026/09/21 19:50,,,0.920,サーバー(国交省 川の防災情報)
kw05,2026-09-21T11:00:06.147Z,2026/09/21 09:00,,,-1.260,サーバー(国交省 川の防災情報)
kw06,2026-09-21T11:00:06.236Z,2026/09/21 09:00,,,-2.350,サーバー(国交省 川の防災情報)
kw07,2026-09-21T11:00:06.295Z,2026/09/21 09:00,,,-4.190,サーバー(国交省 川の防災情報)
kw08,2026-09-21T11:00:06.315Z,2026/09/21 19:50,,,2.860,サーバー(国交省 川の防災情報)
kw09,2026-09-21T11:00:06.617Z,2026/09/21 10:00,,,-4.040,サーバー(国交省 川の防災情報)
kw10,2026-09-21T11:00:06.639Z,2026/09/21 19:50,,,1.710,サーバー(国交省 川の防災情報)
kw11,2026-09-21T11:00:06.651Z,2026/09/21 19:50,,,3.490,サーバー(国交省 川の防災情報)
kw01,2026-09-21T11:10:00.694Z,2026/09/21 20:00,,,0.720,サーバー(国交省 川の防災情報)
kw02,2026-09-21T11:10:00.751Z,2026/09/21 20:00,,,0.670,サーバー(国交省 川の防災情報)
kw03,2026-09-21T11:10:00.752Z,2026/09/21 20:00,,,1.230,サーバー(国交省 川の防災情報)
kw04,2026-09-21T11:10:00.753Z,2026/09/21 20:00,,,0.930,サーバー(国交省 川の防災情報)
kw05,2026-09-21T11:10:00.755Z,2026/09/21 09:00,,,-1.260,サーバー(国交省 川の防災情報)
kw06,2026-09-21T11:10:01.305Z,2026/09/21 09:00,,,-2.350,サーバー(国交省 川の防災情報)
kw07,2026-09-21T11:10:01.307Z,2026/09/21 09:00,,,-4.190,サーバー(国交省 川の防災情報)
kw08,2026-09-21T11:10:01.316Z,2026/09/21 20:00,,,2.780,サーバー(国交省 川の防災情報)
kw09,2026-09-21T11:10:01.326Z,2026/09/21 10:00,,,-4.040,サーバー(国交省 川の防災情報)
kw10,2026-09-21T11:10:01.335Z,2026/09/21 20:00,,,1.640,サーバー(国交省 川の防災情報)
kw11,2026-09-21T11:10:01.729Z,2026/09/21 20:00,,,3.440,サーバー(国交省 川の防災情報)
kw01,2026-09-21T11:20:01.032Z,2026/09/21 20:10,,,0.710,サーバー(国交省 川の防災情報)
kw02,2026-09-21T11:20:01.089Z,2026/09/21 20:10,,,0.650,サーバー(国交省 川の防災情報)
kw03,2026-09-21T11:20:01.090Z,2026/09/21 20:10,,,1.230,サーバー(国交省 川の防災情報)
kw04,2026-09-21T11:20:01.091Z,2026/09/21 20:10,,,0.930,サーバー(国交省 川の防災情報)
kw05,2026-09-21T11:20:01.092Z,2026/09/21 09:00,,,-1.260,サーバー(国交省 川の防災情報)
kw06,2026-09-21T11:20:01.945Z,2026/09/21 09:00,,,-2.350,サーバー(国交省 川の防災情報)
kw07,2026-09-21T11:20:01.947Z,2026/09/21 09:00,,,-4.190,サーバー(国交省 川の防災情報)
kw08,2026-09-21T11:20:01.955Z,2026/09/21 20:10,,,2.720,サーバー(国交省 川の防災情報)
kw09,2026-09-21T11:20:01.966Z,2026/09/21 10:00,,,-4.040,サーバー(国交省 川の防災情報)
kw10,2026-09-21T11:20:01.980Z,2026/09/21 20:10,,,1.580,サーバー(国交省 川の防災情報)
kw11,2026-09-21T11:20:02.376Z,2026/09/21 20:10,,,3.390,サーバー(国交省 川の防災情報)
cam02,2026-09-21T11:30:00.623Z,2026-09-21 20:20:07,,12.049,3.170,サーバー(直接取得)
cam03,2026-09-21T11:30:00.625Z,2026-09-21 20:20:11,,11.856,-4.580,サーバー(直接取得)
cam04,2026-09-21T11:30:00.626Z,2026-09-21 20:20:06,,12.075,2.800,サーバー(直接取得)
cam08,2026-09-21T11:30:00.627Z,2026-09-21 20:20:21,,11.970,0.160,サーバー(直接取得)
cam09,2026-09-21T11:30:01.472Z,2026-09-21 20:20:22,,12.045,0.300,サーバー(直接取得)
cam11,2026-09-21T11:30:01.474Z,2026-09-21 20:20:06,,12.119,0.562,サーバー(直接取得)
cam12,2026-09-21T11:30:01.967Z,2026-09-21 20:20:06,,12.097,0.671,サーバー(直接取得)
cam13,2026-09-21T11:30:02.091Z,2026-09-21 20:20:06,,12.269,0.063,サーバー(直接取得)
cam14,2026-09-21T11:30:02.441Z,2026-09-21 20:20:16,,11.856,0.067,サーバー(直接取得)
cam36,2026-09-21T11:30:02.461Z,2026-09-21 20:20:07,,12.300,0.031,サーバー(直接取得)
cam39,2026-09-21T11:30:02.733Z,2026-09-21 20:28:06,,13.407,0.061,サーバー(直接取得)
cam40,2026-09-21T11:30:03.043Z,2026-09-21 20:20:06,,12.242,0.431,サーバー(直接取得)
cam41,2026-09-21T11:30:03.314Z,2026-09-21 20:20:03,,12.392,0.149,サーバー(直接取得)
cam42,2026-09-21T11:30:03.581Z,2026-09-21 20:20:13,,12.330,0.450,サーバー(直接取得)
cam43,2026-09-21T11:30:03.856Z,2026-09-21 20:20:14,,11.315,0.520,サーバー(直接取得)
cam44,2026-09-21T11:30:04.124Z,2026-09-21 20:20:03,,12.176,0.170,サーバー(直接取得)
cam45,2026-09-21T11:30:04.337Z,2026-09-21 20:20:03,,12.141,0.380,サーバー(直接取得)
cam46,2026-09-21T11:30:04.347Z,2026-09-21 20:20:10,,12.238,0.640,サーバー(直接取得)
cam47,2026-09-21T11:30:04.395Z,2026-09-21 20:20:06,,11.992,0.443,サーバー(直接取得)
cam48,2026-09-21T11:30:04.553Z,2026-09-21 20:20:03,,13.750,-15.510,サーバー(直接取得)
cam50,2026-09-21T11:30:04.563Z,2026-09-21 20:25:00,,13.500,0.200,サーバー(直接取得)
cam51,2026-09-21T11:30:04.605Z,2026-09-21 20:28:17,,13.618,0.140,サーバー(直接取得)
cam52,2026-09-21T11:30:04.626Z,2026-09-21 20:20:14,,11.904,0.430,サーバー(直接取得)
cam53,2026-09-21T11:30:04.666Z,2026-09-21 20:20:14,,12.194,0.180,サーバー(直接取得)
cam54,2026-09-21T11:30:04.822Z,2026-09-21 20:20:20,,12.308,0.060,サーバー(直接取得)
cam55,2026-09-21T11:30:04.852Z,2026-09-21 20:20:22,,12.669,0.730,サーバー(直接取得)
kw01,2026-09-21T11:30:04.877Z,2026/09/21 20:20,,,0.700,サーバー(国交省 川の防災情報)
kw02,2026-09-21T11:30:04.912Z,2026/09/21 20:20,,,0.630,サーバー(国交省 川の防災情報)
kw03,2026-09-21T11:30:04.927Z,2026/09/21 20:20,,,1.230,サーバー(国交省 川の防災情報)
kw04,2026-09-21T11:30:05.099Z,2026/09/21 20:20,,,0.920,サーバー(国交省 川の防災情報)
kw05,2026-09-21T11:30:05.129Z,2026/09/21 09:00,,,-1.260,サーバー(国交省 川の防災情報)
kw06,2026-09-21T11:30:05.734Z,2026/09/21 09:00,,,-2.350,サーバー(国交省 川の防災情報)
kw07,2026-09-21T11:30:05.766Z,2026/09/21 09:00,,,-4.190,サーバー(国交省 川の防災情報)
kw08,2026-09-21T11:30:05.802Z,2026/09/21 20:20,,,2.660,サーバー(国交省 川の防災情報)
kw09,2026-09-21T11:30:05.803Z,2026/09/21 10:00,,,-4.040,サーバー(国交省 川の防災情報)
kw10,2026-09-21T11:30:06.144Z,2026/09/21 20:20,,,1.510,サーバー(国交省 川の防災情報)
kw11,2026-09-21T11:30:06.228Z,2026/09/21 20:20,,,3.350,サーバー(国交省 川の防災情報)
kw01,2026-09-21T11:40:00.112Z,2026/09/21 20:30,,,0.700,サーバー(国交省 川の防災情報)
kw02,2026-09-21T11:40:00.168Z,2026/09/21 20:30,,,0.600,サーバー(国交省 川の防災情報)
kw03,2026-09-21T11:40:00.170Z,2026/09/21 20:30,,,1.230,サーバー(国交省 川の防災情報)
kw04,2026-09-21T11:40:00.171Z,2026/09/21 20:30,,,0.910,サーバー(国交省 川の防災情報)
kw05,2026-09-21T11:40:00.172Z,2026/09/21 09:00,,,-1.260,サーバー(国交省 川の防災情報)
kw06,2026-09-21T11:40:00.702Z,2026/09/21 09:00,,,-2.350,サーバー(国交省 川の防災情報)
kw07,2026-09-21T11:40:00.721Z,2026/09/21 09:00,,,-4.190,サーバー(国交省 川の防災情報)
kw08,2026-09-21T11:40:00.755Z,2026/09/21 20:30,,,2.600,サーバー(国交省 川の防災情報)
kw09,2026-09-21T11:40:00.820Z,2026/09/21 10:00,,,-4.040,サーバー(国交省 川の防災情報)
kw10,2026-09-21T11:40:00.849Z,2026/09/21 20:30,,,1.460,サーバー(国交省 川の防災情報)
kw11,2026-09-21T11:40:01.128Z,2026/09/21 20:30,,,3.300,サーバー(国交省 川の防災情報)
kw01,2026-09-21T11:50:00.937Z,2026/09/21 20:40,,,0.700,サーバー(国交省 川の防災情報)
kw02,2026-09-21T11:50:00.993Z,2026/09/21 20:40,,,0.590,サーバー(国交省 川の防災情報)
kw03,2026-09-21T11:50:00.995Z,2026/09/21 20:40,,,1.230,サーバー(国交省 川の防災情報)
kw04,2026-09-21T11:50:00.996Z,2026/09/21 20:40,,,0.910,サーバー(国交省 川の防災情報)
kw05,2026-09-21T11:50:00.997Z,2026/09/21 09:00,,,-1.260,サーバー(国交省 川の防災情報)
kw06,2026-09-21T11:50:01.748Z,2026/09/21 09:00,,,-2.350,サーバー(国交省 川の防災情報)
kw07,2026-09-21T11:50:01.774Z,2026/09/21 09:00,,,-4.190,サーバー(国交省 川の防災情報)
kw08,2026-09-21T11:50:01.800Z,2026/09/21 20:40,,,2.540,サーバー(国交省 川の防災情報)
kw09,2026-09-21T11:50:01.812Z,2026/09/21 10:00,,,-4.040,サーバー(国交省 川の防災情報)
kw10,2026-09-21T11:50:01.839Z,2026/09/21 20:40,,,1.390,サーバー(国交省 川の防災情報)
kw11,2026-09-21T11:50:02.179Z,2026/09/21 20:40,,,3.240,サーバー(国交省 川の防災情報)
cam02,2026-09-21T12:00:00.165Z,2026-09-21 20:50:07,,12.036,3.160,サーバー(直接取得)
cam03,2026-09-21T12:00:00.167Z,2026-09-21 20:50:12,,11.860,-4.580,サーバー(直接取得)
cam04,2026-09-21T12:00:00.168Z,2026-09-21 20:50:07,,12.071,2.780,サーバー(直接取得)
cam08,2026-09-21T12:00:00.169Z,2026-09-21 20:20:21,,11.970,0.160,サーバー(直接取得)
cam09,2026-09-21T12:00:00.958Z,2026-09-21 20:50:18,,12.023,0.310,サーバー(直接取得)
cam11,2026-09-21T12:00:00.960Z,2026-09-21 20:50:07,,12.115,0.558,サーバー(直接取得)
cam12,2026-09-21T12:00:01.158Z,2026-09-21 20:50:06,,12.110,0.486,サーバー(直接取得)
cam13,2026-09-21T12:00:01.173Z,2026-09-21 20:50:06,,12.260,-5.126,サーバー(直接取得)
cam14,2026-09-21T12:00:01.174Z,2026-09-21 20:50:15,,11.856,0.057,サーバー(直接取得)
cam36,2026-09-21T12:00:01.228Z,2026-09-21 20:50:07,,12.300,0.032,サーバー(直接取得)
cam39,2026-09-21T12:00:01.236Z,2026-09-21 20:58:06,,13.399,0.059,サーバー(直接取得)
cam40,2026-09-21T12:00:01.477Z,2026-09-21 20:50:07,,12.238,0.428,サーバー(直接取得)
cam41,2026-09-21T12:00:01.478Z,2026-09-21 20:50:03,,12.392,0.146,サーバー(直接取得)
cam42,2026-09-21T12:00:01.489Z,2026-09-21 20:50:16,,12.326,0.450,サーバー(直接取得)
cam43,2026-09-21T12:00:01.519Z,2026-09-21 20:20:14,,11.315,0.520,サーバー(直接取得)
cam44,2026-09-21T12:00:01.540Z,2026-09-21 20:50:03,,12.172,0.170,サーバー(直接取得)
cam45,2026-09-21T12:00:01.787Z,2026-09-21 20:50:03,,12.150,0.380,サーバー(直接取得)
cam46,2026-09-21T12:00:01.797Z,2026-09-21 20:50:17,,12.225,0.640,サーバー(直接取得)
cam47,2026-09-21T12:00:01.817Z,2026-09-21 20:50:06,,12.001,0.407,サーバー(直接取得)
cam48,2026-09-21T12:00:01.877Z,2026-09-21 20:50:03,,13.772,-15.540,サーバー(直接取得)
cam50,2026-09-21T12:00:02.175Z,2026-09-21 20:59:00,,13.504,0.200,サーバー(直接取得)
cam51,2026-09-21T12:00:02.426Z,2026-09-21 20:58:16,,13.618,0.140,サーバー(直接取得)
cam52,2026-09-21T12:00:02.453Z,2026-09-21 20:50:14,,11.899,0.430,サーバー(直接取得)
cam53,2026-09-21T12:00:02.518Z,2026-09-21 20:50:06,,12.190,0.180,サーバー(直接取得)
cam54,2026-09-21T12:00:02.590Z,2026-09-21 20:50:20,,12.317,0.070,サーバー(直接取得)
cam55,2026-09-21T12:00:02.620Z,2026-09-21 20:50:21,,12.686,0.730,サーバー(直接取得)
kw01,2026-09-21T12:00:02.903Z,2026/09/21 20:50,,,0.690,サーバー(国交省 川の防災情報)
kw02,2026-09-21T12:00:02.921Z,2026/09/21 20:50,,,0.580,サーバー(国交省 川の防災情報)
kw03,2026-09-21T12:00:02.924Z,2026/09/21 20:50,,,1.230,サーバー(国交省 川の防災情報)
kw04,2026-09-21T12:00:02.934Z,2026/09/21 20:50,,,0.910,サーバー(国交省 川の防災情報)
kw05,2026-09-21T12:00:02.959Z,2026/09/21 09:00,,,-1.260,サーバー(国交省 川の防災情報)
kw06,2026-09-21T12:00:03.608Z,2026/09/21 09:00,,,-2.350,サーバー(国交省 川の防災情報)
kw07,2026-09-21T12:00:03.620Z,2026/09/21 09:00,,,-4.190,サーバー(国交省 川の防災情報)
kw08,2026-09-21T12:00:03.630Z,2026/09/21 20:50,,,2.470,サーバー(国交省 川の防災情報)
kw09,2026-09-21T12:00:03.662Z,2026/09/21 10:00,,,-4.040,サーバー(国交省 川の防災情報)
kw10,2026-09-21T12:00:03.705Z,2026/09/21 20:50,,,1.330,サーバー(国交省 川の防災情報)
kw11,2026-09-21T12:00:04.082Z,2026/09/21 20:50,,,3.180,サーバー(国交省 川の防災情報)
kw01,2026-09-21T12:10:00.832Z,2026/09/21 21:00,,,0.680,サーバー(国交省 川の防災情報)
kw02,2026-09-21T12:10:00.889Z,2026/09/21 21:00,,,0.560,サーバー(国交省 川の防災情報)
kw03,2026-09-21T12:10:00.890Z,2026/09/21 21:00,,,1.220,サーバー(国交省 川の防災情報)
kw04,2026-09-21T12:10:00.891Z,2026/09/21 21:00,,,0.910,サーバー(国交省 川の防災情報)
kw05,2026-09-21T12:10:00.892Z,2026/09/21 09:00,,,-1.260,サーバー(国交省 川の防災情報)
kw06,2026-09-21T12:10:01.700Z,2026/09/21 09:00,,,-2.350,サーバー(国交省 川の防災情報)
kw07,2026-09-21T12:10:01.717Z,2026/09/21 09:00,,,-4.190,サーバー(国交省 川の防災情報)
kw08,2026-09-21T12:10:01.718Z,2026/09/21 21:00,,,2.410,サーバー(国交省 川の防災情報)
kw09,2026-09-21T12:10:01.726Z,2026/09/21 10:00,,,-4.040,サーバー(国交省 川の防災情報)
kw10,2026-09-21T12:10:01.737Z,2026/09/21 21:00,,,1.270,サーバー(国交省 川の防災情報)
kw11,2026-09-21T12:10:02.151Z,2026/09/21 21:00,,,3.110,サーバー(国交省 川の防災情報)
kw01,2026-09-21T12:20:00.258Z,2026/09/21 21:10,,,0.680,サーバー(国交省 川の防災情報)
kw02,2026-09-21T12:20:00.315Z,2026/09/21 21:10,,,0.550,サーバー(国交省 川の防災情報)
kw03,2026-09-21T12:20:00.317Z,2026/09/21 21:10,,,1.230,サーバー(国交省 川の防災情報)
kw04,2026-09-21T12:20:00.318Z,2026/09/21 21:10,,,0.900,サーバー(国交省 川の防災情報)
kw05,2026-09-21T12:20:00.319Z,2026/09/21 09:00,,,-1.260,サーバー(国交省 川の防災情報)
kw06,2026-09-21T12:20:01.205Z,2026/09/21 09:00,,,-2.350,サーバー(国交省 川の防災情報)
kw07,2026-09-21T12:20:01.248Z,2026/09/21 09:00,,,-4.190,サーバー(国交省 川の防災情報)
kw08,2026-09-21T12:20:01.255Z,2026/09/21 21:10,,,2.350,サーバー(国交省 川の防災情報)
kw09,2026-09-21T12:20:01.258Z,2026/09/21 10:00,,,-4.040,サーバー(国交省 川の防災情報)
kw10,2026-09-21T12:20:01.344Z,2026/09/21 21:10,,,1.210,サーバー(国交省 川の防災情報)
kw11,2026-09-21T12:20:01.698Z,2026/09/21 21:10,,,3.060,サーバー(国交省 川の防災情報)
cam02,2026-09-21T12:30:01.099Z,2026-09-21 21:20:07,,12.036,3.150,サーバー(直接取得)
cam03,2026-09-21T12:30:01.100Z,2026-09-21 21:20:13,,11.851,-4.570,サーバー(直接取得)
cam04,2026-09-21T12:30:01.101Z,2026-09-21 21:20:07,,12.067,2.760,サーバー(直接取得)
cam08,2026-09-21T12:30:01.102Z,2026-09-21 21:20:21,,11.965,0.140,サーバー(直接取得)
cam09,2026-09-21T12:30:01.940Z,2026-09-21 21:20:15,,12.027,0.300,サーバー(直接取得)
cam11,2026-09-21T12:30:01.944Z,2026-09-21 21:20:07,,12.106,0.572,サーバー(直接取得)
cam12,2026-09-21T12:30:02.364Z,2026-09-21 21:20:06,,12.102,0.299,サーバー(直接取得)
cam13,2026-09-21T12:30:02.523Z,2026-09-21 21:20:06,,12.264,0.062,サーバー(直接取得)
cam14,2026-09-21T12:30:02.539Z,2026-09-21 21:20:13,,11.847,0.067,サーバー(直接取得)
cam36,2026-09-21T12:30:02.727Z,2026-09-21 21:20:07,,12.291,0.031,サーバー(直接取得)
cam39,2026-09-21T12:30:02.765Z,2026-09-21 21:28:06,,13.403,0.058,サーバー(直接取得)
cam40,2026-09-21T12:30:02.770Z,2026-09-21 21:20:07,,12.229,0.425,サーバー(直接取得)
cam41,2026-09-21T12:30:02.865Z,2026-09-21 21:20:03,,12.387,0.147,サーバー(直接取得)
cam42,2026-09-21T12:30:03.056Z,2026-09-21 21:20:11,,12.317,0.450,サーバー(直接取得)
cam43,2026-09-21T12:30:03.068Z,2026-09-21 21:20:17,,11.284,0.520,サーバー(直接取得)
cam44,2026-09-21T12:30:03.080Z,2026-09-21 21:20:03,,12.168,0.170,サーバー(直接取得)
cam45,2026-09-21T12:30:03.165Z,2026-09-21 21:20:03,,12.146,0.370,サーバー(直接取得)
cam46,2026-09-21T12:30:03.327Z,2026-09-21 21:20:11,,12.225,0.810,サーバー(直接取得)
cam47,2026-09-21T12:30:03.358Z,2026-09-21 21:20:07,,11.983,0.400,サーバー(直接取得)
cam48,2026-09-21T12:30:03.368Z,2026-09-21 21:20:03,,13.755,-15.500,サーバー(直接取得)
cam50,2026-09-21T12:30:03.440Z,2026-09-21 21:29:00,,13.500,0.200,サーバー(直接取得)
cam51,2026-09-21T12:30:03.459Z,2026-09-21 21:28:15,,13.618,0.130,サーバー(直接取得)
cam52,2026-09-21T12:30:03.599Z,2026-09-21 21:20:16,,11.882,0.420,サーバー(直接取得)
cam53,2026-09-21T12:30:03.649Z,2026-09-21 21:20:13,,12.212,0.170,サーバー(直接取得)
cam54,2026-09-21T12:30:03.658Z,2026-09-21 21:20:21,,12.308,0.070,サーバー(直接取得)
cam55,2026-09-21T12:30:03.710Z,2026-09-21 21:20:21,,12.678,0.730,サーバー(直接取得)
kw01,2026-09-21T12:30:03.734Z,2026/09/21 21:20,,,0.680,サーバー(国交省 川の防災情報)
kw02,2026-09-21T12:30:03.858Z,2026/09/21 21:20,,,0.530,サーバー(国交省 川の防災情報)
kw03,2026-09-21T12:30:03.919Z,2026/09/21 21:20,,,1.230,サーバー(国交省 川の防災情報)
kw04,2026-09-21T12:30:03.942Z,2026/09/21 21:20,,,0.900,サーバー(国交省 川の防災情報)
kw05,2026-09-21T12:30:03.985Z,2026/09/21 09:00,,,-1.260,サーバー(国交省 川の防災情報)
kw06,2026-09-21T12:30:04.463Z,2026/09/21 09:00,,,-2.350,サーバー(国交省 川の防災情報)
kw07,2026-09-21T12:30:04.468Z,2026/09/21 09:00,,,-4.190,サーバー(国交省 川の防災情報)
kw08,2026-09-21T12:30:04.562Z,2026/09/21 21:20,,,2.290,サーバー(国交省 川の防災情報)
kw09,2026-09-21T12:30:04.604Z,2026/09/21 10:00,,,-4.040,サーバー(国交省 川の防災情報)
kw10,2026-09-21T12:30:04.936Z,2026/09/21 21:20,,,1.150,サーバー(国交省 川の防災情報)
kw11,2026-09-21T12:30:04.968Z,2026/09/21 21:20,,,3.000,サーバー(国交省 川の防災情報)
kw01,2026-09-21T12:40:00.293Z,2026/09/21 21:30,,,0.670,サーバー(国交省 川の防災情報)
kw02,2026-09-21T12:40:00.350Z,2026/09/21 21:30,,,0.520,サーバー(国交省 川の防災情報)
kw03,2026-09-21T12:40:00.351Z,2026/09/21 21:30,,,1.220,サーバー(国交省 川の防災情報)
kw04,2026-09-21T12:40:00.353Z,2026/09/21 21:30,,,0.880,サーバー(国交省 川の防災情報)
kw05,2026-09-21T12:40:00.354Z,2026/09/21 09:00,,,-1.260,サーバー(国交省 川の防災情報)
kw06,2026-09-21T12:40:01.014Z,2026/09/21 09:00,,,-2.350,サーバー(国交省 川の防災情報)
kw07,2026-09-21T12:40:01.059Z,2026/09/21 09:00,,,-4.190,サーバー(国交省 川の防災情報)
kw08,2026-09-21T12:40:01.060Z,2026/09/21 21:30,,,2.240,サーバー(国交省 川の防災情報)
kw09,2026-09-21T12:40:01.375Z,2026/09/21 10:00,,,-4.040,サーバー(国交省 川の防災情報)
kw10,2026-09-21T12:40:01.534Z,2026/09/21 21:30,,,1.100,サーバー(国交省 川の防災情報)
kw11,2026-09-21T12:40:01.544Z,2026/09/21 21:30,,,2.950,サーバー(国交省 川の防災情報)
kw01,2026-09-21T12:50:00.240Z,2026/09/21 21:40,,,0.670,サーバー(国交省 川の防災情報)
kw02,2026-09-21T12:50:00.297Z,2026/09/21 21:40,,,0.510,サーバー(国交省 川の防災情報)
kw03,2026-09-21T12:50:00.299Z,2026/09/21 21:40,,,1.220,サーバー(国交省 川の防災情報)
kw04,2026-09-21T12:50:00.300Z,2026/09/21 21:40,,,0.880,サーバー(国交省 川の防災情報)
kw05,2026-09-21T12:50:00.301Z,2026/09/21 09:00,,,-1.260,サーバー(国交省 川の防災情報)
kw06,2026-09-21T12:50:00.997Z,2026/09/21 09:00,,,-2.350,サーバー(国交省 川の防災情報)
kw07,2026-09-21T12:50:01.324Z,2026/09/21 09:00,,,-4.190,サーバー(国交省 川の防災情報)
kw08,2026-09-21T12:50:01.343Z,2026/09/21 21:40,,,2.190,サーバー(国交省 川の防災情報)
kw09,2026-09-21T12:50:01.412Z,2026/09/21 10:00,,,-4.040,サーバー(国交省 川の防災情報)
kw10,2026-09-21T12:50:01.438Z,2026/09/21 21:40,,,1.050,サーバー(国交省 川の防災情報)
kw11,2026-09-21T12:50:01.440Z,2026/09/21 21:40,,,2.900,サーバー(国交省 川の防災情報)
cam02,2026-09-21T13:00:01.028Z,2026-09-21 21:50:07,,12.031,3.140,サーバー(直接取得)
cam03,2026-09-21T13:00:01.029Z,2026-09-21 21:50:12,,11.847,-4.420,サーバー(直接取得)
cam04,2026-09-21T13:00:01.030Z,2026-09-21 21:50:07,,12.058,2.760,サーバー(直接取得)
cam08,2026-09-21T13:00:01.031Z,2026-09-21 21:50:21,,11.952,0.160,サーバー(直接取得)
cam09,2026-09-21T13:00:03.745Z,2026-09-21 21:50:16,,12.023,0.300,サーバー(直接取得)
cam11,2026-09-21T13:00:03.771Z,2026-09-21 21:50:07,,12.106,0.524,サーバー(直接取得)
cam12,2026-09-21T13:00:03.965Z,2026-09-21 21:50:07,,12.102,0.150,サーバー(直接取得)
cam13,2026-09-21T13:00:03.967Z,2026-09-21 21:50:07,,12.260,0.062,サーバー(直接取得)
cam14,2026-09-21T13:00:04.016Z,2026-09-21 21:50:13,,11.834,0.067,サーバー(直接取得)
cam36,2026-09-21T13:00:04.043Z,2026-09-21 21:50:06,,12.291,0.028,サーバー(直接取得)
cam39,2026-09-21T13:00:04.217Z,2026-09-21 21:58:06,,13.403,0.057,サーバー(直接取得)
cam40,2026-09-21T13:00:04.237Z,2026-09-21 21:50:07,,12.229,0.420,サーバー(直接取得)
cam41,2026-09-21T13:00:04.248Z,2026-09-21 21:50:03,,12.383,0.143,サーバー(直接取得)
cam42,2026-09-21T13:00:04.292Z,2026-09-21 21:50:16,,12.304,0.450,サーバー(直接取得)
cam43,2026-09-21T13:00:04.401Z,2026-09-21 21:50:15,,11.262,0.520,サーバー(直接取得)
cam44,2026-09-21T13:00:04.491Z,2026-09-21 21:50:03,,12.163,0.170,サーバー(直接取得)
cam45,2026-09-21T13:00:04.509Z,2026-09-21 21:50:03,,12.119,0.380,サーバー(直接取得)
cam46,2026-09-21T13:00:04.517Z,2026-09-21 21:50:11,,12.220,0.620,サーバー(直接取得)
cam47,2026-09-21T13:00:04.569Z,2026-09-21 21:50:07,,11.979,0.391,サーバー(直接取得)
cam48,2026-09-21T13:00:04.713Z,2026-09-21 21:50:03,,13.741,-15.490,サーバー(直接取得)
cam50,2026-09-21T13:00:04.776Z,2026-09-21 21:59:00,,13.504,0.200,サーバー(直接取得)
cam51,2026-09-21T13:00:04.778Z,2026-09-21 21:58:14,,13.618,0.140,サーバー(直接取得)
cam52,2026-09-21T13:00:04.797Z,2026-09-21 21:50:17,,11.886,0.420,サーバー(直接取得)
cam53,2026-09-21T13:00:04.847Z,2026-09-21 21:50:12,,12.212,0.170,サーバー(直接取得)
cam54,2026-09-21T13:00:04.998Z,2026-09-21 21:50:20,,12.317,0.070,サーバー(直接取得)
cam55,2026-09-21T13:00:05.090Z,2026-09-21 21:50:21,,12.656,0.730,サーバー(直接取得)
kw01,2026-09-21T13:00:05.096Z,2026/09/21 21:50,,,0.670,サーバー(国交省 川の防災情報)
kw02,2026-09-21T13:00:05.102Z,2026/09/21 21:50,,,0.500,サーバー(国交省 川の防災情報)
kw03,2026-09-21T13:00:05.111Z,2026/09/21 21:50,,,1.220,サーバー(国交省 川の防災情報)
kw04,2026-09-21T13:00:05.270Z,2026/09/21 21:50,,,0.890,サーバー(国交省 川の防災情報)
kw05,2026-09-21T13:00:05.360Z,2026/09/21 09:00,,,-1.260,サーバー(国交省 川の防災情報)
kw06,2026-09-21T13:00:05.667Z,2026/09/21 09:00,,,-2.350,サーバー(国交省 川の防災情報)
kw07,2026-09-21T13:00:05.707Z,2026/09/21 09:00,,,-4.190,サーバー(国交省 川の防災情報)
kw08,2026-09-21T13:00:05.723Z,2026/09/21 21:50,,,2.140,サーバー(国交省 川の防災情報)
kw09,2026-09-21T13:00:05.764Z,2026/09/21 10:00,,,-4.040,サーバー(国交省 川の防災情報)
kw10,2026-09-21T13:00:05.848Z,2026/09/21 21:50,,,1.000,サーバー(国交省 川の防災情報)
kw11,2026-09-21T13:00:06.076Z,2026/09/21 21:50,,,2.860,サーバー(国交省 川の防災情報)
kw01,2026-09-21T13:10:00.227Z,2026/09/21 22:00,,,0.660,サーバー(国交省 川の防災情報)
kw02,2026-09-21T13:10:00.284Z,2026/09/21 22:00,,,0.500,サーバー(国交省 川の防災情報)
kw03,2026-09-21T13:10:00.285Z,2026/09/21 22:00,,,1.230,サーバー(国交省 川の防災情報)
kw04,2026-09-21T13:10:00.287Z,2026/09/21 22:00,,,0.890,サーバー(国交省 川の防災情報)
kw05,2026-09-21T13:10:00.288Z,2026/09/21 09:00,,,-1.260,サーバー(国交省 川の防災情報)
kw06,2026-09-21T13:10:00.949Z,2026/09/21 09:00,,,-2.350,サーバー(国交省 川の防災情報)
kw07,2026-09-21T13:10:00.963Z,2026/09/21 09:00,,,-4.190,サーバー(国交省 川の防災情報)
kw08,2026-09-21T13:10:01.176Z,2026/09/21 22:00,,,2.090,サーバー(国交省 川の防災情報)
kw09,2026-09-21T13:10:01.283Z,2026/09/21 10:00,,,-4.040,サーバー(国交省 川の防災情報)
kw10,2026-09-21T13:10:01.352Z,2026/09/21 22:00,,,0.960,サーバー(国交省 川の防災情報)
kw11,2026-09-21T13:10:01.507Z,2026/09/21 22:00,,,2.800,サーバー(国交省 川の防災情報)
kw01,2026-09-21T13:20:00.557Z,2026/09/21 22:10,,,0.660,サーバー(国交省 川の防災情報)
kw02,2026-09-21T13:20:00.613Z,2026/09/21 22:10,,,0.490,サーバー(国交省 川の防災情報)
kw03,2026-09-21T13:20:00.614Z,2026/09/21 22:10,,,1.230,サーバー(国交省 川の防災情報)
kw04,2026-09-21T13:20:00.615Z,2026/09/21 22:10,,,0.880,サーバー(国交省 川の防災情報)
kw05,2026-09-21T13:20:00.616Z,2026/09/21 09:00,,,-1.260,サーバー(国交省 川の防災情報)
kw06,2026-09-21T13:20:01.264Z,2026/09/21 09:00,,,-2.350,サーバー(国交省 川の防災情報)
kw07,2026-09-21T13:20:01.281Z,2026/09/21 09:00,,,-4.190,サーバー(国交省 川の防災情報)
kw08,2026-09-21T13:20:01.320Z,2026/09/21 22:10,,,2.060,サーバー(国交省 川の防災情報)
kw09,2026-09-21T13:20:01.330Z,2026/09/21 10:00,,,-4.040,サーバー(国交省 川の防災情報)
kw10,2026-09-21T13:20:01.409Z,2026/09/21 22:10,,,0.930,サーバー(国交省 川の防災情報)
kw11,2026-09-21T13:20:01.803Z,2026/09/21 22:10,,,2.770,サーバー(国交省 川の防災情報)
cam02,2026-09-21T13:30:00.908Z,2026-09-21 22:20:07,,12.023,3.080,サーバー(直接取得)
cam03,2026-09-21T13:30:00.909Z,2026-09-21 22:20:12,,11.829,-4.280,サーバー(直接取得)
cam04,2026-09-21T13:30:00.910Z,2026-09-21 22:20:06,,12.053,2.640,サーバー(直接取得)
cam08,2026-09-21T13:30:00.911Z,2026-09-21 22:10:21,,11.952,0.160,サーバー(直接取得)
cam09,2026-09-21T13:30:02.097Z,2026-09-21 22:20:19,,12.005,0.300,サーバー(直接取得)
cam11,2026-09-21T13:30:02.139Z,2026-09-21 22:20:06,,12.102,0.502,サーバー(直接取得)
cam12,2026-09-21T13:30:02.173Z,2026-09-21 22:20:07,,12.097,0.038,サーバー(直接取得)
cam13,2026-09-21T13:30:02.228Z,2026-09-21 22:20:07,,12.242,0.061,サーバー(直接取得)
cam14,2026-09-21T13:30:02.295Z,2026-09-21 22:20:17,,11.825,0.057,サーバー(直接取得)
cam36,2026-09-21T13:30:02.365Z,2026-09-21 22:20:06,,12.282,0.028,サーバー(直接取得)
cam39,2026-09-21T13:30:02.420Z,2026-09-21 22:28:06,,13.403,0.058,サーバー(直接取得)
cam40,2026-09-21T13:30:02.477Z,2026-09-21 22:20:06,,12.220,0.426,サーバー(直接取得)
cam41,2026-09-21T13:30:02.554Z,2026-09-21 22:20:03,,12.379,0.148,サーバー(直接取得)
cam42,2026-09-21T13:30:02.582Z,2026-09-21 22:20:11,,12.300,0.450,サーバー(直接取得)
cam43,2026-09-21T13:30:02.708Z,2026-09-21 22:20:20,,11.258,0.520,サーバー(直接取得)
cam44,2026-09-21T13:30:02.748Z,2026-09-21 22:20:03,,12.163,0.170,サーバー(直接取得)
cam45,2026-09-21T13:30:02.832Z,2026-09-21 22:20:03,,12.128,0.370,サーバー(直接取得)
cam46,2026-09-21T13:30:02.863Z,2026-09-21 22:20:14,,12.212,0.630,サーバー(直接取得)
cam47,2026-09-21T13:30:02.986Z,2026-09-21 22:20:06,,11.970,0.387,サーバー(直接取得)
cam48,2026-09-21T13:30:03.023Z,2026-09-21 22:20:03,,13.750,-15.490,サーバー(直接取得)
cam50,2026-09-21T13:30:03.108Z,2026-09-21 22:29:00,,13.500,0.200,サーバー(直接取得)
cam51,2026-09-21T13:30:03.132Z,2026-09-21 22:28:15,,13.618,0.130,サーバー(直接取得)
cam52,2026-09-21T13:30:03.146Z,2026-09-21 22:20:13,,11.873,0.410,サーバー(直接取得)
cam53,2026-09-21T13:30:03.308Z,2026-09-21 22:20:09,,12.128,0.170,サーバー(直接取得)
cam54,2026-09-21T13:30:03.400Z,2026-09-21 22:20:20,,12.304,0.070,サーバー(直接取得)
cam55,2026-09-21T13:30:03.400Z,2026-09-21 22:20:21,,12.669,0.730,サーバー(直接取得)
kw01,2026-09-21T13:30:03.412Z,2026/09/21 22:20,,,0.660,サーバー(国交省 川の防災情報)
kw02,2026-09-21T13:30:03.443Z,2026/09/21 22:20,,,0.480,サーバー(国交省 川の防災情報)
kw03,2026-09-21T13:30:03.662Z,2026/09/21 22:20,,,1.220,サーバー(国交省 川の防災情報)
kw04,2026-09-21T13:30:03.675Z,2026/09/21 22:20,,,0.880,サーバー(国交省 川の防災情報)
kw05,2026-09-21T13:30:03.681Z,2026/09/21 09:00,,,-1.260,サーバー(国交省 川の防災情報)
kw06,2026-09-21T13:30:04.082Z,2026/09/21 09:00,,,-2.350,サーバー(国交省 川の防災情報)
kw07,2026-09-21T13:30:04.185Z,2026/09/21 09:00,,,-4.190,サーバー(国交省 川の防災情報)
kw08,2026-09-21T13:30:04.218Z,2026/09/21 22:20,,,2.030,サーバー(国交省 川の防災情報)
kw09,2026-09-21T13:30:04.269Z,2026/09/21 10:00,,,-4.040,サーバー(国交省 川の防災情報)
kw10,2026-09-21T13:30:04.409Z,2026/09/21 22:20,,,0.900,サーバー(国交省 川の防災情報)
kw11,2026-09-21T13:30:04.707Z,2026/09/21 22:20,,,2.730,サーバー(国交省 川の防災情報)
kw01,2026-09-21T13:40:00.999Z,2026/09/21 22:30,,,0.660,サーバー(国交省 川の防災情報)
kw02,2026-09-21T13:40:01.056Z,2026/09/21 22:30,,,0.480,サーバー(国交省 川の防災情報)
kw03,2026-09-21T13:40:01.057Z,2026/09/21 22:30,,,1.220,サーバー(国交省 川の防災情報)
kw04,2026-09-21T13:40:01.058Z,2026/09/21 22:30,,,0.880,サーバー(国交省 川の防災情報)
kw05,2026-09-21T13:40:01.059Z,2026/09/21 09:00,,,-1.260,サーバー(国交省 川の防災情報)
kw06,2026-09-21T13:40:01.738Z,2026/09/21 09:00,,,-2.350,サーバー(国交省 川の防災情報)
kw07,2026-09-21T13:40:01.740Z,2026/09/21 09:00,,,-4.190,サーバー(国交省 川の防災情報)
kw08,2026-09-21T13:40:01.742Z,2026/09/21 22:30,,,2.000,サーバー(国交省 川の防災情報)
kw09,2026-09-21T13:40:01.755Z,2026/09/21 10:00,,,-4.040,サーバー(国交省 川の防災情報)
kw10,2026-09-21T13:40:01.766Z,2026/09/21 22:30,,,0.870,サーバー(国交省 川の防災情報)
kw11,2026-09-21T13:40:02.200Z,2026/09/21 22:30,,,2.720,サーバー(国交省 川の防災情報)
kw01,2026-09-21T13:50:00.339Z,2026/09/21 22:40,,,0.660,サーバー(国交省 川の防災情報)
kw02,2026-09-21T13:50:00.397Z,2026/09/21 22:40,,,0.480,サーバー(国交省 川の防災情報)
kw03,2026-09-21T13:50:00.398Z,2026/09/21 22:40,,,1.230,サーバー(国交省 川の防災情報)
kw04,2026-09-21T13:50:00.399Z,2026/09/21 22:40,,,0.880,サーバー(国交省 川の防災情報)
kw05,2026-09-21T13:50:00.400Z,2026/09/21 09:00,,,-1.260,サーバー(国交省 川の防災情報)
kw06,2026-09-21T13:50:01.077Z,2026/09/21 09:00,,,-2.350,サーバー(国交省 川の防災情報)
kw07,2026-09-21T13:50:01.140Z,2026/09/21 09:00,,,-4.190,サーバー(国交省 川の防災情報)
kw08,2026-09-21T13:50:01.182Z,2026/09/21 22:40,,,1.970,サーバー(国交省 川の防災情報)
kw09,2026-09-21T13:50:01.371Z,2026/09/21 10:00,,,-4.040,サーバー(国交省 川の防災情報)
kw10,2026-09-21T13:50:01.413Z,2026/09/21 22:40,,,0.830,サーバー(国交省 川の防災情報)
kw11,2026-09-21T13:50:01.617Z,2026/09/21 22:40,,,2.680,サーバー(国交省 川の防災情報)
cam02,2026-09-21T14:00:00.808Z,2026-09-21 22:50:06,,11.939,2.980,サーバー(直接取得)
cam03,2026-09-21T14:00:00.809Z,2026-09-21 22:50:13,,11.834,-4.130,サーバー(直接取得)
cam04,2026-09-21T14:00:00.811Z,2026-09-21 22:50:06,,12.053,2.530,サーバー(直接取得)
cam08,2026-09-21T14:00:00.812Z,2026-09-21 22:50:21,,11.952,0.140,サーバー(直接取得)
cam09,2026-09-21T14:00:01.631Z,2026-09-21 22:50:19,,12.005,0.310,サーバー(直接取得)
cam11,2026-09-21T14:00:01.661Z,2026-09-21 22:50:06,,12.084,0.534,サーバー(直接取得)
cam12,2026-09-21T14:00:01.875Z,2026-09-21 22:50:07,,12.080,-0.050,サーバー(直接取得)
cam13,2026-09-21T14:00:01.922Z,2026-09-21 22:50:07,,12.247,0.062,サーバー(直接取得)
cam14,2026-09-21T14:00:01.978Z,2026-09-21 22:50:16,,11.820,0.067,サーバー(直接取得)
cam36,2026-09-21T14:00:02.054Z,2026-09-21 22:50:06,,12.278,0.028,サーバー(直接取得)
cam39,2026-09-21T14:00:02.180Z,2026-09-21 22:58:06,,13.403,0.061,サーバー(直接取得)
cam40,2026-09-21T14:00:02.271Z,2026-09-21 22:50:06,,12.220,0.421,サーバー(直接取得)
cam41,2026-09-21T14:00:02.386Z,2026-09-21 22:50:03,,12.374,0.146,サーバー(直接取得)
cam42,2026-09-21T14:00:02.476Z,2026-09-21 22:50:12,,12.291,0.440,サーバー(直接取得)
cam43,2026-09-21T14:00:02.483Z,2026-09-21 22:50:14,,11.253,0.520,サーバー(直接取得)
cam44,2026-09-21T14:00:02.579Z,2026-09-21 22:50:03,,12.159,0.170,サーバー(直接取得)
cam45,2026-09-21T14:00:02.608Z,2026-09-21 22:50:03,,12.128,0.370,サーバー(直接取得)
cam46,2026-09-21T14:00:02.676Z,2026-09-21 22:50:11,,12.203,0.620,サーバー(直接取得)
cam47,2026-09-21T14:00:02.791Z,2026-09-21 22:50:06,,11.965,0.390,サーバー(直接取得)
cam48,2026-09-21T14:00:02.843Z,2026-09-21 22:50:03,,13.750,-15.490,サーバー(直接取得)
cam50,2026-09-21T14:00:02.859Z,2026-09-21 22:59:00,,13.504,0.200,サーバー(直接取得)
cam51,2026-09-21T14:00:02.893Z,2026-09-21 22:58:15,,13.618,0.130,サーバー(直接取得)
cam52,2026-09-21T14:00:03.042Z,2026-09-21 22:50:14,,11.877,0.400,サーバー(直接取得)
cam53,2026-09-21T14:00:03.174Z,2026-09-21 22:50:14,,12.172,0.170,サーバー(直接取得)
cam54,2026-09-21T14:00:03.188Z,2026-09-21 22:50:21,,12.291,0.070,サーバー(直接取得)
cam55,2026-09-21T14:00:03.188Z,2026-09-21 22:50:20,,12.673,0.730,サーバー(直接取得)
kw01,2026-09-21T14:00:03.202Z,2026/09/21 22:50,,,0.660,サーバー(国交省 川の防災情報)
kw02,2026-09-21T14:00:03.325Z,2026/09/21 22:50,,,0.480,サーバー(国交省 川の防災情報)
kw03,2026-09-21T14:00:03.462Z,2026/09/21 22:50,,,1.230,サーバー(国交省 川の防災情報)
kw04,2026-09-21T14:00:03.472Z,2026/09/21 22:50,,,0.880,サーバー(国交省 川の防災情報)
kw05,2026-09-21T14:00:03.495Z,2026/09/21 09:00,,,-1.260,サーバー(国交省 川の防災情報)
kw06,2026-09-21T14:00:03.882Z,2026/09/21 09:00,,,-2.350,サーバー(国交省 川の防災情報)
kw07,2026-09-21T14:00:03.899Z,2026/09/21 09:00,,,-4.190,サーバー(国交省 川の防災情報)
kw08,2026-09-21T14:00:03.910Z,2026/09/21 22:50,,,1.930,サーバー(国交省 川の防災情報)
kw09,2026-09-21T14:00:04.102Z,2026/09/21 10:00,,,-4.040,サーバー(国交省 川の防災情報)
kw10,2026-09-21T14:00:04.168Z,2026/09/21 22:50,,,0.810,サーバー(国交省 川の防災情報)
kw11,2026-09-21T14:00:04.341Z,2026/09/21 22:50,,,2.650,サーバー(国交省 川の防災情報)
kw01,2026-09-21T14:10:00.716Z,2026/09/21 23:00,,,0.650,サーバー(国交省 川の防災情報)
kw02,2026-09-21T14:10:00.773Z,2026/09/21 23:00,,,0.470,サーバー(国交省 川の防災情報)
kw03,2026-09-21T14:10:00.775Z,2026/09/21 23:00,,,1.220,サーバー(国交省 川の防災情報)
kw04,2026-09-21T14:10:00.776Z,2026/09/21 23:00,,,0.870,サーバー(国交省 川の防災情報)
kw05,2026-09-21T14:10:00.777Z,2026/09/21 09:00,,,-1.260,サーバー(国交省 川の防災情報)
kw06,2026-09-21T14:10:01.524Z,2026/09/21 09:00,,,-2.350,サーバー(国交省 川の防災情報)
kw07,2026-09-21T14:10:01.536Z,2026/09/21 09:00,,,-4.190,サーバー(国交省 川の防災情報)
kw08,2026-09-21T14:10:01.568Z,2026/09/21 23:00,,,1.900,サーバー(国交省 川の防災情報)
kw09,2026-09-21T14:10:01.582Z,2026/09/21 10:00,,,-4.040,サーバー(国交省 川の防災情報)
kw10,2026-09-21T14:10:01.598Z,2026/09/21 23:00,,,0.770,サーバー(国交省 川の防災情報)
kw11,2026-09-21T14:10:02.015Z,2026/09/21 23:00,,,2.610,サーバー(国交省 川の防災情報)
kw01,2026-09-21T14:20:00.913Z,2026/09/21 23:10,,,0.650,サーバー(国交省 川の防災情報)
kw02,2026-09-21T14:20:00.970Z,2026/09/21 23:10,,,0.470,サーバー(国交省 川の防災情報)
kw03,2026-09-21T14:20:00.971Z,2026/09/21 23:10,,,1.220,サーバー(国交省 川の防災情報)
kw04,2026-09-21T14:20:00.973Z,2026/09/21 23:10,,,0.870,サーバー(国交省 川の防災情報)
kw05,2026-09-21T14:20:00.974Z,2026/09/21 09:00,,,-1.260,サーバー(国交省 川の防災情報)
kw06,2026-09-21T14:20:01.737Z,2026/09/21 09:00,,,-2.350,サーバー(国交省 川の防災情報)
kw07,2026-09-21T14:20:01.801Z,2026/09/21 09:00,,,-4.190,サーバー(国交省 川の防災情報)
kw08,2026-09-21T14:20:01.902Z,2026/09/21 23:10,,,1.870,サーバー(国交省 川の防災情報)
kw09,2026-09-21T14:20:01.906Z,2026/09/21 10:00,,,-4.040,サーバー(国交省 川の防災情報)
kw10,2026-09-21T14:20:02.005Z,2026/09/21 23:10,,,0.740,サーバー(国交省 川の防災情報)
kw11,2026-09-21T14:20:02.288Z,2026/09/21 23:10,,,2.580,サーバー(国交省 川の防災情報)
cam02,2026-09-21T14:30:00.598Z,2026-09-21 23:20:06,,11.935,2.870,サーバー(直接取得)
cam03,2026-09-21T14:30:00.600Z,2026-09-21 23:20:10,,11.829,-3.990,サーバー(直接取得)
cam04,2026-09-21T14:30:00.601Z,2026-09-21 23:20:06,,12.045,2.430,サーバー(直接取得)
cam08,2026-09-21T14:30:00.602Z,2026-09-21 23:20:21,,11.943,0.130,サーバー(直接取得)
cam09,2026-09-21T14:30:01.460Z,2026-09-21 23:20:19,,12.001,0.300,サーバー(直接取得)
cam11,2026-09-21T14:30:01.463Z,2026-09-21 23:20:06,,12.084,0.522,サーバー(直接取得)
cam12,2026-09-21T14:30:01.727Z,2026-09-21 23:20:06,,12.084,-0.051,サーバー(直接取得)
cam13,2026-09-21T14:30:01.751Z,2026-09-21 23:20:06,,12.238,0.063,サーバー(直接取得)
cam14,2026-09-21T14:30:01.754Z,2026-09-21 23:20:19,,11.820,0.067,サーバー(直接取得)
cam36,2026-09-21T14:30:01.772Z,2026-09-21 23:20:06,,12.273,0.029,サーバー(直接取得)
cam39,2026-09-21T14:30:01.947Z,2026-09-21 23:28:06,,13.399,0.060,サーバー(直接取得)
cam40,2026-09-21T14:30:02.045Z,2026-09-21 23:20:06,,12.212,0.422,サーバー(直接取得)
cam41,2026-09-21T14:30:02.077Z,2026-09-21 23:20:03,,12.374,0.147,サーバー(直接取得)
cam42,2026-09-21T14:30:02.103Z,2026-09-21 23:20:15,,12.286,0.440,サーバー(直接取得)
cam43,2026-09-21T14:30:02.309Z,2026-09-21 23:20:17,,11.236,0.520,サーバー(直接取得)
cam44,2026-09-21T14:30:02.422Z,2026-09-21 23:20:03,,12.154,0.170,サーバー(直接取得)
cam45,2026-09-21T14:30:02.456Z,2026-09-21 23:20:04,,12.115,0.370,サーバー(直接取得)
cam46,2026-09-21T14:30:02.484Z,2026-09-21 23:20:10,,12.207,0.640,サーバー(直接取得)
cam47,2026-09-21T14:30:02.490Z,2026-09-21 23:20:06,,11.961,0.390,サーバー(直接取得)
cam48,2026-09-21T14:30:02.914Z,2026-09-21 23:20:03,,13.737,-15.500,サーバー(直接取得)
cam50,2026-09-21T14:30:02.923Z,2026-09-21 23:29:00,,13.500,0.210,サーバー(直接取得)
cam51,2026-09-21T14:30:02.957Z,2026-09-21 23:28:15,,13.618,0.130,サーバー(直接取得)
cam52,2026-09-21T14:30:02.959Z,2026-09-21 23:20:14,,11.873,0.390,サーバー(直接取得)
cam53,2026-09-21T14:30:02.992Z,2026-09-21 23:20:08,,12.124,0.170,サーバー(直接取得)
cam54,2026-09-21T14:30:03.210Z,2026-09-21 23:20:21,,12.291,0.070,サーバー(直接取得)
cam55,2026-09-21T14:30:03.212Z,2026-09-21 23:20:21,,12.664,0.730,サーバー(直接取得)
kw01,2026-09-21T14:30:03.255Z,2026/09/21 23:20,,,0.650,サーバー(国交省 川の防災情報)
kw02,2026-09-21T14:30:03.257Z,2026/09/21 23:20,,,0.460,サーバー(国交省 川の防災情報)
kw03,2026-09-21T14:30:03.280Z,2026/09/21 23:20,,,1.220,サーバー(国交省 川の防災情報)
kw04,2026-09-21T14:30:03.481Z,2026/09/21 23:20,,,0.880,サーバー(国交省 川の防災情報)
kw05,2026-09-21T14:30:03.495Z,2026/09/21 09:00,,,-1.260,サーバー(国交省 川の防災情報)
kw06,2026-09-21T14:30:03.910Z,2026/09/21 09:00,,,-2.350,サーバー(国交省 川の防災情報)
kw07,2026-09-21T14:30:03.913Z,2026/09/21 09:00,,,-4.190,サーバー(国交省 川の防災情報)
kw08,2026-09-21T14:30:03.973Z,2026/09/21 23:20,,,1.830,サーバー(国交省 川の防災情報)
kw09,2026-09-21T14:30:04.067Z,2026/09/21 10:00,,,-4.040,サーバー(国交省 川の防災情報)
kw10,2026-09-21T14:30:04.426Z,2026/09/21 23:20,,,0.710,サーバー(国交省 川の防災情報)
kw11,2026-09-21T14:30:04.469Z,2026/09/21 23:20,,,2.550,サーバー(国交省 川の防災情報)
kw01,2026-09-21T14:40:00.462Z,2026/09/21 23:30,,,0.640,サーバー(国交省 川の防災情報)
kw02,2026-09-21T14:40:00.520Z,2026/09/21 23:30,,,0.460,サーバー(国交省 川の防災情報)
kw03,2026-09-21T14:40:00.521Z,2026/09/21 23:30,,,1.220,サーバー(国交省 川の防災情報)
kw04,2026-09-21T14:40:00.522Z,2026/09/21 23:30,,,0.870,サーバー(国交省 川の防災情報)
kw05,2026-09-21T14:40:00.523Z,2026/09/21 09:00,,,-1.260,サーバー(国交省 川の防災情報)
kw06,2026-09-21T14:40:01.203Z,2026/09/21 09:00,,,-2.350,サーバー(国交省 川の防災情報)
kw07,2026-09-21T14:40:01.260Z,2026/09/21 09:00,,,-4.190,サーバー(国交省 川の防災情報)
kw08,2026-09-21T14:40:01.278Z,2026/09/21 23:30,,,1.800,サーバー(国交省 川の防災情報)
kw09,2026-09-21T14:40:01.301Z,2026/09/21 10:00,,,-4.040,サーバー(国交省 川の防災情報)
kw10,2026-09-21T14:40:01.723Z,2026/09/21 23:30,,,0.680,サーバー(国交省 川の防災情報)
kw11,2026-09-21T14:40:01.740Z,2026/09/21 23:30,,,2.530,サーバー(国交省 川の防災情報)
cam02,2026-09-21T15:04:09.646Z,2026-09-22 00:00:06,,11.913,2.790,サーバー(直接取得)
cam03,2026-09-21T15:04:09.647Z,2026-09-22 00:00:11,,11.820,-3.800,サーバー(直接取得)
cam04,2026-09-21T15:04:09.648Z,2026-09-22 00:00:06,,12.036,2.350,サーバー(直接取得)
cam08,2026-09-21T15:04:09.649Z,2026-09-22 00:00:21,,11.939,0.120,サーバー(直接取得)
cam09,2026-09-21T15:04:10.232Z,2026-09-22 00:00:19,,11.992,0.290,サーバー(直接取得)
cam11,2026-09-21T15:04:10.234Z,2026-09-22 00:00:06,,12.084,0.530,サーバー(直接取得)
cam12,2026-09-21T15:04:10.438Z,2026-09-22 00:00:06,,12.071,-0.052,サーバー(直接取得)
cam13,2026-09-21T15:04:10.446Z,2026-09-22 00:00:06,,12.238,-3.397,サーバー(直接取得)
cam14,2026-09-21T15:04:10.451Z,2026-09-22 00:00:18,,11.803,0.057,サーバー(直接取得)
cam36,2026-09-21T15:04:10.465Z,2026-09-22 00:00:07,,12.269,0.027,サーバー(直接取得)
cam39,2026-09-21T15:04:10.476Z,2026-09-22 00:02:06,,13.403,0.060,サーバー(直接取得)
cam40,2026-09-21T15:04:10.644Z,2026-09-22 00:00:06,,12.207,0.421,サーバー(直接取得)
cam41,2026-09-21T15:04:10.647Z,2026-09-22 00:00:03,,12.370,0.144,サーバー(直接取得)
cam42,2026-09-21T15:04:10.672Z,2026-09-22 00:00:12,,12.278,0.440,サーバー(直接取得)
cam43,2026-09-21T15:04:10.673Z,2026-09-22 00:00:13,,11.218,0.530,サーバー(直接取得)
cam44,2026-09-21T15:04:10.683Z,2026-09-22 00:00:03,,12.141,0.170,サーバー(直接取得)
cam45,2026-09-21T15:04:10.848Z,2026-09-22 00:00:03,,12.106,0.370,サーバー(直接取得)
cam46,2026-09-21T15:04:10.861Z,2026-09-22 00:00:11,,12.198,0.630,サーバー(直接取得)
cam47,2026-09-21T15:04:10.876Z,2026-09-22 00:00:06,,11.948,0.394,サーバー(直接取得)
cam48,2026-09-21T15:04:10.886Z,2026-09-22 00:00:03,,13.781,-15.450,サーバー(直接取得)
cam50,2026-09-21T15:04:10.896Z,2026-09-22 00:03:00,,13.500,0.200,サーバー(直接取得)
cam51,2026-09-21T15:04:11.054Z,2026-09-22 00:02:15,,13.618,0.130,サーバー(直接取得)
cam52,2026-09-21T15:04:11.068Z,2026-09-22 00:00:15,,11.851,0.400,サーバー(直接取得)
cam53,2026-09-21T15:04:11.083Z,2026-09-22 00:00:09,,12.176,0.160,サーバー(直接取得)
cam54,2026-09-21T15:04:11.109Z,2026-09-22 00:00:20,,12.286,0.070,サーバー(直接取得)
cam55,2026-09-21T15:04:11.130Z,2026-09-22 00:00:21,,12.660,0.730,サーバー(直接取得)
kw01,2026-09-21T15:04:11.259Z,2026/09/21 23:50,,,0.640,サーバー(国交省 川の防災情報)
kw02,2026-09-21T15:04:11.282Z,2026/09/21 23:50,,,0.450,サーバー(国交省 川の防災情報)
kw03,2026-09-21T15:04:11.292Z,2026/09/21 23:50,,,1.220,サーバー(国交省 川の防災情報)
kw04,2026-09-21T15:04:11.319Z,2026/09/21 23:50,,,0.860,サーバー(国交省 川の防災情報)
kw05,2026-09-21T15:04:11.337Z,2026/09/21 09:00,,,-1.260,サーバー(国交省 川の防災情報)
kw06,2026-09-21T15:04:11.856Z,2026/09/21 09:00,,,-2.350,サーバー(国交省 川の防災情報)
kw07,2026-09-21T15:04:11.927Z,2026/09/21 09:00,,,-4.190,サーバー(国交省 川の防災情報)
kw08,2026-09-21T15:04:12.081Z,2026/09/21 23:50,,,1.760,サーバー(国交省 川の防災情報)
kw09,2026-09-21T15:04:12.086Z,2026/09/21 10:00,,,-4.040,サーバー(国交省 川の防災情報)
kw10,2026-09-21T15:04:12.191Z,2026/09/21 23:50,,,0.630,サーバー(国交省 川の防災情報)
kw11,2026-09-21T15:04:12.330Z,2026/09/21 23:50,,,2.480,サーバー(国交省 川の防災情報)
kw01,2026-09-21T15:10:00.852Z,2026/09/22 00:00,,,0.640,サーバー(国交省 川の防災情報)
kw02,2026-09-21T15:10:00.907Z,2026/09/22 00:00,,,0.450,サーバー(国交省 川の防災情報)
kw03,2026-09-21T15:10:00.908Z,2026/09/22 00:00,,,1.220,サーバー(国交省 川の防災情報)
kw04,2026-09-21T15:10:00.909Z,2026/09/22 00:00,,,0.870,サーバー(国交省 川の防災情報)
kw05,2026-09-21T15:10:00.910Z,2026/09/21 09:00,,,-1.260,サーバー(国交省 川の防災情報)
kw06,2026-09-21T15:10:02.057Z,2026/09/21 09:00,,,-2.350,サーバー(国交省 川の防災情報)
kw07,2026-09-21T15:10:02.163Z,2026/09/21 09:00,,,-4.190,サーバー(国交省 川の防災情報)
kw08,2026-09-21T15:10:02.166Z,2026/09/22 00:00,,,1.740,サーバー(国交省 川の防災情報)
kw09,2026-09-21T15:10:02.198Z,2026/09/21 10:00,,,-4.040,サーバー(国交省 川の防災情報)
kw10,2026-09-21T15:10:02.265Z,2026/09/22 00:00,,,0.620,サーバー(国交省 川の防災情報)
kw11,2026-09-21T15:10:02.530Z,2026/09/22 00:00,,,2.460,サーバー(国交省 川の防災情報)
kw01,2026-09-21T15:20:00.493Z,2026/09/22 00:10,,,0.640,サーバー(国交省 川の防災情報)
kw02,2026-09-21T15:20:00.549Z,2026/09/22 00:10,,,0.450,サーバー(国交省 川の防災情報)
kw03,2026-09-21T15:20:00.550Z,2026/09/22 00:10,,,1.220,サーバー(国交省 川の防災情報)
kw04,2026-09-21T15:20:00.552Z,2026/09/22 00:10,,,0.860,サーバー(国交省 川の防災情報)
kw05,2026-09-21T15:20:00.553Z,2026/09/21 09:00,,,-1.260,サーバー(国交省 川の防災情報)
kw06,2026-09-21T15:20:01.506Z,2026/09/21 09:00,,,-2.350,サーバー(国交省 川の防災情報)
kw07,2026-09-21T15:20:01.536Z,2026/09/21 09:00,,,-4.190,サーバー(国交省 川の防災情報)
kw08,2026-09-21T15:20:01.563Z,2026/09/22 00:10,,,1.730,サーバー(国交省 川の防災情報)
kw09,2026-09-21T15:20:01.581Z,2026/09/21 10:00,,,-4.040,サーバー(国交省 川の防災情報)
kw10,2026-09-21T15:20:01.790Z,2026/09/22 00:10,,,0.610,サーバー(国交省 川の防災情報)
kw11,2026-09-21T15:20:01.992Z,2026/09/22 00:10,,,2.450,サーバー(国交省 川の防災情報)
cam02,2026-09-21T15:30:00.911Z,2026-09-22 00:20:07,,11.917,2.770,サーバー(直接取得)
cam03,2026-09-21T15:30:00.912Z,2026-09-22 00:20:11,,11.816,-3.700,サーバー(直接取得)
cam04,2026-09-21T15:30:00.913Z,2026-09-22 00:20:06,,12.023,2.320,サーバー(直接取得)
cam08,2026-09-21T15:30:00.914Z,2026-09-22 00:00:21,,11.939,0.120,サーバー(直接取得)
cam09,2026-09-21T15:30:01.608Z,2026-09-22 00:20:16,,11.983,0.300,サーバー(直接取得)
cam11,2026-09-21T15:30:01.660Z,2026-09-22 00:20:06,,12.080,0.544,サーバー(直接取得)
cam12,2026-09-21T15:30:01.661Z,2026-09-22 00:20:06,,12.071,-0.059,サーバー(直接取得)
cam13,2026-09-21T15:30:01.684Z,2026-09-22 00:20:06,,12.220,0.058,サーバー(直接取得)
cam14,2026-09-21T15:30:01.692Z,2026-09-22 00:20:13,,11.812,0.057,サーバー(直接取得)
cam36,2026-09-21T15:30:02.048Z,2026-09-22 00:20:07,,12.264,0.027,サーバー(直接取得)
cam39,2026-09-21T15:30:02.146Z,2026-09-22 00:28:05,,13.403,0.055,サーバー(直接取得)
cam40,2026-09-21T15:30:02.172Z,2026-09-22 00:20:06,,12.203,0.420,サーバー(直接取得)
cam41,2026-09-21T15:30:02.187Z,2026-09-22 00:20:03,,12.357,0.147,サーバー(直接取得)
cam42,2026-09-21T15:30:02.311Z,2026-09-22 00:20:12,,12.269,0.440,サーバー(直接取得)
cam43,2026-09-21T15:30:02.328Z,2026-09-22 00:20:16,,11.205,0.520,サーバー(直接取得)
cam44,2026-09-21T15:30:02.449Z,2026-09-22 00:20:03,,12.141,0.170,サーバー(直接取得)
cam45,2026-09-21T15:30:02.454Z,2026-09-22 00:20:03,,12.106,0.370,サーバー(直接取得)
cam46,2026-09-21T15:30:02.457Z,2026-09-22 00:20:10,,12.194,0.740,サーバー(直接取得)
cam47,2026-09-21T15:30:02.550Z,2026-09-22 00:20:06,,11.948,0.393,サーバー(直接取得)
cam48,2026-09-21T15:30:02.568Z,2026-09-22 00:20:03,,13.741,-15.480,サーバー(直接取得)
cam50,2026-09-21T15:30:02.679Z,2026-09-22 00:29:00,,13.504,0.200,サーバー(直接取得)
cam51,2026-09-21T15:30:02.699Z,2026-09-22 00:28:15,,13.618,0.130,サーバー(直接取得)
cam52,2026-09-21T15:30:02.712Z,2026-09-22 00:20:11,,11.860,0.390,サーバー(直接取得)
cam53,2026-09-21T15:30:02.774Z,2026-09-22 00:20:11,,12.181,0.160,サーバー(直接取得)
cam54,2026-09-21T15:30:02.886Z,2026-09-22 00:20:20,,12.282,0.070,サーバー(直接取得)
cam55,2026-09-21T15:30:02.898Z,2026-09-22 00:20:20,,12.634,0.730,サーバー(直接取得)
kw01,2026-09-21T15:30:02.913Z,2026/09/22 00:20,,,0.640,サーバー(国交省 川の防災情報)
kw02,2026-09-21T15:30:02.923Z,2026/09/22 00:20,,,0.440,サーバー(国交省 川の防災情報)
kw03,2026-09-21T15:30:03.064Z,2026/09/22 00:20,,,1.230,サーバー(国交省 川の防災情報)
kw04,2026-09-21T15:30:03.168Z,2026/09/22 00:20,,,0.860,サーバー(国交省 川の防災情報)
kw05,2026-09-21T15:30:03.179Z,2026/09/21 09:00,,,-1.260,サーバー(国交省 川の防災情報)
kw06,2026-09-21T15:30:03.764Z,2026/09/21 09:00,,,-2.350,サーバー(国交省 川の防災情報)
kw07,2026-09-21T15:30:03.775Z,2026/09/21 09:00,,,-4.190,サーバー(国交省 川の防災情報)
kw08,2026-09-21T15:30:03.793Z,2026/09/22 00:20,,,1.720,サーバー(国交省 川の防災情報)
kw09,2026-09-21T15:30:03.804Z,2026/09/21 10:00,,,-4.040,サーバー(国交省 川の防災情報)
kw10,2026-09-21T15:30:04.144Z,2026/09/22 00:20,,,0.590,サーバー(国交省 川の防災情報)
kw11,2026-09-21T15:30:04.300Z,2026/09/22 00:20,,,2.430,サーバー(国交省 川の防災情報)
kw01,2026-09-21T15:40:00.945Z,2026/09/22 00:30,,,0.630,サーバー(国交省 川の防災情報)
kw02,2026-09-21T15:40:01.000Z,2026/09/22 00:30,,,0.430,サーバー(国交省 川の防災情報)
kw03,2026-09-21T15:40:01.001Z,2026/09/22 00:30,,,1.220,サーバー(国交省 川の防災情報)
kw04,2026-09-21T15:40:01.002Z,2026/09/22 00:30,,,0.860,サーバー(国交省 川の防災情報)
kw05,2026-09-21T15:40:01.003Z,2026/09/21 09:00,,,-1.260,サーバー(国交省 川の防災情報)
kw06,2026-09-21T15:40:01.849Z,2026/09/21 09:00,,,-2.350,サーバー(国交省 川の防災情報)
kw07,2026-09-21T15:40:01.901Z,2026/09/21 09:00,,,-4.190,サーバー(国交省 川の防災情報)
kw08,2026-09-21T15:40:01.906Z,2026/09/22 00:30,,,1.710,サーバー(国交省 川の防災情報)
kw09,2026-09-21T15:40:01.920Z,2026/09/21 10:00,,,-4.040,サーバー(国交省 川の防災情報)
kw10,2026-09-21T15:40:02.005Z,2026/09/22 00:30,,,0.590,サーバー(国交省 川の防災情報)
kw11,2026-09-21T15:40:02.379Z,2026/09/22 00:30,,,2.410,サーバー(国交省 川の防災情報)
kw01,2026-09-21T15:50:01.058Z,2026/09/22 00:40,,,0.630,サーバー(国交省 川の防災情報)
kw02,2026-09-21T15:50:01.113Z,2026/09/22 00:40,,,0.430,サーバー(国交省 川の防災情報)
kw03,2026-09-21T15:50:01.115Z,2026/09/22 00:40,,,1.220,サーバー(国交省 川の防災情報)
kw04,2026-09-21T15:50:01.116Z,2026/09/22 00:40,,,0.860,サーバー(国交省 川の防災情報)
kw05,2026-09-21T15:50:01.117Z,2026/09/21 09:00,,,-1.260,サーバー(国交省 川の防災情報)
kw06,2026-09-21T15:50:02.017Z,2026/09/21 09:00,,,-2.350,サーバー(国交省 川の防災情報)
kw07,2026-09-21T15:50:02.019Z,2026/09/21 09:00,,,-4.190,サーバー(国交省 川の防災情報)
kw08,2026-09-21T15:50:02.311Z,2026/09/22 00:40,,,1.710,サーバー(国交省 川の防災情報)
kw09,2026-09-21T15:50:02.427Z,2026/09/21 10:00,,,-4.040,サーバー(国交省 川の防災情報)
kw10,2026-09-21T15:50:02.600Z,2026/09/22 00:40,,,0.580,サーバー(国交省 川の防災情報)
kw11,2026-09-21T15:50:02.615Z,2026/09/22 00:40,,,2.410,サーバー(国交省 川の防災情報)
cam02,2026-09-21T16:00:00.227Z,2026-09-22 00:50:07,,11.904,2.750,サーバー(直接取得)
cam03,2026-09-21T16:00:00.229Z,2026-09-22 00:50:14,,11.798,-4.580,サーバー(直接取得)
cam04,2026-09-21T16:00:00.230Z,2026-09-22 00:50:07,,12.023,2.300,サーバー(直接取得)
cam08,2026-09-21T16:00:00.231Z,2026-09-22 00:50:21,,11.930,0.130,サーバー(直接取得)
cam09,2026-09-21T16:00:00.817Z,2026-09-22 00:50:16,,11.974,0.310,サーバー(直接取得)
cam11,2026-09-21T16:00:00.820Z,2026-09-22 00:50:07,,12.080,0.526,サーバー(直接取得)
cam12,2026-09-21T16:00:00.903Z,2026-09-22 00:50:06,,12.067,-0.057,サーバー(直接取得)
cam13,2026-09-21T16:00:00.906Z,2026-09-22 00:50:06,,12.220,0.060,サーバー(直接取得)
cam14,2026-09-21T16:00:01.036Z,2026-09-22 00:50:17,,11.803,0.057,サーバー(直接取得)
cam36,2026-09-21T16:00:01.038Z,2026-09-22 00:50:07,,12.256,0.029,サーバー(直接取得)
cam39,2026-09-21T16:00:01.112Z,2026-09-22 00:58:06,,13.403,0.062,サーバー(直接取得)
cam40,2026-09-21T16:00:01.151Z,2026-09-22 00:50:07,,12.194,0.419,サーバー(直接取得)
cam41,2026-09-21T16:00:01.188Z,2026-09-22 00:50:03,,12.365,0.147,サーバー(直接取得)
cam42,2026-09-21T16:00:01.252Z,2026-09-22 00:50:11,,12.260,0.440,サーバー(直接取得)
cam43,2026-09-21T16:00:01.259Z,2026-09-22 00:50:16,,11.205,0.520,サーバー(直接取得)
cam44,2026-09-21T16:00:01.321Z,2026-09-22 00:50:03,,12.137,0.170,サーバー(直接取得)
cam45,2026-09-21T16:00:01.373Z,2026-09-22 00:50:03,,12.097,0.370,サーバー(直接取得)
cam46,2026-09-21T16:00:01.400Z,2026-09-22 00:50:10,,12.176,0.810,サーバー(直接取得)
cam47,2026-09-21T16:00:01.467Z,2026-09-22 00:50:07,,11.943,0.387,サーバー(直接取得)
cam48,2026-09-21T16:00:01.476Z,2026-09-22 00:50:03,,13.750,-15.480,サーバー(直接取得)
cam50,2026-09-21T16:00:01.537Z,2026-09-22 00:59:00,,13.504,0.200,サーバー(直接取得)
cam51,2026-09-21T16:00:01.594Z,2026-09-22 00:58:16,,13.618,0.130,サーバー(直接取得)
cam52,2026-09-21T16:00:01.625Z,2026-09-22 00:50:18,,11.851,0.390,サーバー(直接取得)
cam53,2026-09-21T16:00:01.691Z,2026-09-22 00:50:15,,12.163,0.160,サーバー(直接取得)
cam54,2026-09-21T16:00:01.739Z,2026-09-22 00:50:21,,12.273,0.070,サーバー(直接取得)
cam55,2026-09-21T16:00:01.744Z,2026-09-22 00:50:21,,12.647,0.730,サーバー(直接取得)
kw01,2026-09-21T16:00:01.859Z,2026/09/22 00:50,,,0.640,サーバー(国交省 川の防災情報)
kw02,2026-09-21T16:00:02.014Z,2026/09/22 00:50,,,0.430,サーバー(国交省 川の防災情報)
kw03,2026-09-21T16:00:02.083Z,2026/09/22 00:50,,,1.220,サーバー(国交省 川の防災情報)
kw04,2026-09-21T16:00:02.138Z,2026/09/22 00:50,,,0.850,サーバー(国交省 川の防災情報)
kw05,2026-09-21T16:00:02.182Z,2026/09/21 09:00,,,-1.260,サーバー(国交省 川の防災情報)
kw06,2026-09-21T16:00:02.630Z,2026/09/21 09:00,,,-2.350,サーバー(国交省 川の防災情報)
kw07,2026-09-21T16:00:02.671Z,2026/09/21 09:00,,,-4.190,サーバー(国交省 川の防災情報)
kw08,2026-09-21T16:00:02.690Z,2026/09/22 00:50,,,1.700,サーバー(国交省 川の防災情報)
kw09,2026-09-21T16:00:02.742Z,2026/09/21 10:00,,,-4.040,サーバー(国交省 川の防災情報)
kw10,2026-09-21T16:00:02.744Z,2026/09/22 00:50,,,0.570,サーバー(国交省 川の防災情報)
kw11,2026-09-21T16:00:03.112Z,2026/09/22 00:50,,,2.400,サーバー(国交省 川の防災情報)
kw01,2026-09-21T16:10:00.702Z,2026/09/22 01:00,,,0.630,サーバー(国交省 川の防災情報)
kw02,2026-09-21T16:10:00.758Z,2026/09/22 01:00,,,0.420,サーバー(国交省 川の防災情報)
kw03,2026-09-21T16:10:00.760Z,2026/09/22 01:00,,,1.220,サーバー(国交省 川の防災情報)
kw04,2026-09-21T16:10:00.761Z,2026/09/22 01:00,,,0.860,サーバー(国交省 川の防災情報)
kw05,2026-09-21T16:10:00.762Z,2026/09/21 09:00,,,-1.260,サーバー(国交省 川の防災情報)
kw06,2026-09-21T16:10:01.588Z,2026/09/21 09:00,,,-2.350,サーバー(国交省 川の防災情報)
kw07,2026-09-21T16:10:01.613Z,2026/09/21 09:00,,,-4.190,サーバー(国交省 川の防災情報)
kw08,2026-09-21T16:10:01.619Z,2026/09/22 01:00,,,1.690,サーバー(国交省 川の防災情報)
kw09,2026-09-21T16:10:01.854Z,2026/09/21 10:00,,,-4.040,サーバー(国交省 川の防災情報)
kw10,2026-09-21T16:10:01.990Z,2026/09/22 01:00,,,0.570,サーバー(国交省 川の防災情報)
kw11,2026-09-21T16:10:02.090Z,2026/09/22 01:00,,,2.410,サーバー(国交省 川の防災情報)
kw01,2026-09-21T16:20:00.233Z,2026/09/22 01:10,,,0.630,サーバー(国交省 川の防災情報)
kw02,2026-09-21T16:20:00.289Z,2026/09/22 01:10,,,0.430,サーバー(国交省 川の防災情報)
kw03,2026-09-21T16:20:00.290Z,2026/09/22 01:10,,,1.220,サーバー(国交省 川の防災情報)
kw04,2026-09-21T16:20:00.291Z,2026/09/22 01:10,,,0.850,サーバー(国交省 川の防災情報)
kw05,2026-09-21T16:20:00.292Z,2026/09/21 09:00,,,-1.260,サーバー(国交省 川の防災情報)
kw06,2026-09-21T16:20:01.064Z,2026/09/21 09:00,,,-2.350,サーバー(国交省 川の防災情報)
kw07,2026-09-21T16:20:01.145Z,2026/09/21 09:00,,,-4.190,サーバー(国交省 川の防災情報)
kw08,2026-09-21T16:20:01.190Z,2026/09/22 01:10,,,1.680,サーバー(国交省 川の防災情報)
kw09,2026-09-21T16:20:01.456Z,2026/09/21 10:00,,,-4.040,サーバー(国交省 川の防災情報)
kw10,2026-09-21T16:20:01.530Z,2026/09/22 01:10,,,0.560,サーバー(国交省 川の防災情報)
kw11,2026-09-21T16:20:01.536Z,2026/09/22 01:10,,,2.400,サーバー(国交省 川の防災情報)
cam02,2026-09-21T16:30:01.007Z,2026-09-22 01:20:07,,11.895,2.720,サーバー(直接取得)
cam03,2026-09-21T16:30:01.008Z,2026-09-22 01:20:12,,11.798,-4.580,サーバー(直接取得)
cam04,2026-09-21T16:30:01.009Z,2026-09-22 01:20:06,,12.023,2.280,サーバー(直接取得)
cam08,2026-09-21T16:30:01.010Z,2026-09-22 01:20:21,,11.926,0.120,サーバー(直接取得)
cam09,2026-09-21T16:30:03.505Z,2026-09-22 01:20:21,,11.970,0.310,サーバー(直接取得)
cam11,2026-09-21T16:30:03.509Z,2026-09-22 01:20:07,,12.071,0.552,サーバー(直接取得)
cam12,2026-09-21T16:30:03.722Z,2026-09-22 01:20:07,,12.062,-0.050,サーバー(直接取得)
cam13,2026-09-21T16:30:03.727Z,2026-09-22 01:20:06,,12.216,0.059,サーバー(直接取得)
cam14,2026-09-21T16:30:03.930Z,2026-09-22 01:20:14,,11.781,0.057,サーバー(直接取得)
cam36,2026-09-21T16:30:03.941Z,2026-09-22 01:20:06,,12.251,0.029,サーバー(直接取得)
cam39,2026-09-21T16:30:04.141Z,2026-09-22 01:28:05,,13.407,0.060,サーバー(直接取得)
cam40,2026-09-21T16:30:04.149Z,2026-09-22 01:20:07,,12.194,0.420,サーバー(直接取得)
cam41,2026-09-21T16:30:04.420Z,2026-09-22 01:20:04,,12.361,0.146,サーバー(直接取得)
cam42,2026-09-21T16:30:04.429Z,2026-09-22 01:20:12,,12.229,0.440,サーバー(直接取得)
cam43,2026-09-21T16:30:04.639Z,2026-09-22 01:20:16,,11.196,0.530,サーバー(直接取得)
cam44,2026-09-21T16:30:04.640Z,2026-09-22 01:20:03,,12.132,0.170,サーバー(直接取得)
cam45,2026-09-21T16:30:04.876Z,2026-09-22 01:20:03,,12.093,0.370,サーバー(直接取得)
cam46,2026-09-21T16:30:04.884Z,2026-09-22 01:20:14,,12.185,0.800,サーバー(直接取得)
cam47,2026-09-21T16:30:05.086Z,2026-09-22 01:20:07,,11.935,0.388,サーバー(直接取得)
cam48,2026-09-21T16:30:05.101Z,2026-09-22 01:20:03,,13.750,-15.370,サーバー(直接取得)
cam50,2026-09-21T16:30:05.305Z,2026-09-22 01:29:00,,13.504,0.200,サーバー(直接取得)
cam51,2026-09-21T16:30:05.317Z,2026-09-22 01:26:20,,13.618,0.130,サーバー(直接取得)
cam52,2026-09-21T16:30:05.492Z,2026-09-22 01:20:13,,11.851,0.380,サーバー(直接取得)
cam53,2026-09-21T16:30:05.502Z,2026-09-22 01:20:10,,12.176,0.150,サーバー(直接取得)
cam54,2026-09-21T16:30:05.525Z,2026-09-22 01:20:20,,12.269,0.070,サーバー(直接取得)
cam55,2026-09-21T16:30:05.541Z,2026-09-22 01:20:20,,12.634,0.730,サーバー(直接取得)
kw01,2026-09-21T16:30:05.582Z,2026/09/22 01:20,,,0.630,サーバー(国交省 川の防災情報)
kw02,2026-09-21T16:30:05.705Z,2026/09/22 01:20,,,0.430,サーバー(国交省 川の防災情報)
kw03,2026-09-21T16:30:05.727Z,2026/09/22 01:20,,,1.220,サーバー(国交省 川の防災情報)
kw04,2026-09-21T16:30:05.743Z,2026/09/22 01:20,,,0.850,サーバー(国交省 川の防災情報)
kw05,2026-09-21T16:30:05.758Z,2026/09/21 09:00,,,-1.260,サーバー(国交省 川の防災情報)
kw06,2026-09-21T16:30:06.358Z,2026/09/21 09:00,,,-2.350,サーバー(国交省 川の防災情報)
kw07,2026-09-21T16:30:06.470Z,2026/09/21 09:00,,,-4.190,サーバー(国交省 川の防災情報)
kw08,2026-09-21T16:30:06.731Z,2026/09/22 01:20,,,1.670,サーバー(国交省 川の防災情報)
kw09,2026-09-21T16:30:06.767Z,2026/09/21 10:00,,,-4.040,サーバー(国交省 川の防災情報)
kw10,2026-09-21T16:30:06.801Z,2026/09/22 01:20,,,0.550,サーバー(国交省 川の防災情報)
kw11,2026-09-21T16:30:06.850Z,2026/09/22 01:20,,,2.380,サーバー(国交省 川の防災情報)
kw01,2026-09-21T16:40:00.087Z,2026/09/22 01:30,,,0.630,サーバー(国交省 川の防災情報)
kw02,2026-09-21T16:40:00.143Z,2026/09/22 01:30,,,0.430,サーバー(国交省 川の防災情報)
kw03,2026-09-21T16:40:00.144Z,2026/09/22 01:30,,,1.220,サーバー(国交省 川の防災情報)
kw04,2026-09-21T16:40:00.145Z,2026/09/22 01:30,,,0.850,サーバー(国交省 川の防災情報)
kw05,2026-09-21T16:40:00.146Z,2026/09/21 09:00,,,-1.260,サーバー(国交省 川の防災情報)
kw06,2026-09-21T16:40:00.988Z,2026/09/21 09:00,,,-2.350,サーバー(国交省 川の防災情報)
kw07,2026-09-21T16:40:01.038Z,2026/09/21 09:00,,,-4.190,サーバー(国交省 川の防災情報)
kw08,2026-09-21T16:40:01.098Z,2026/09/22 01:30,,,1.660,サーバー(国交省 川の防災情報)
kw09,2026-09-21T16:40:01.314Z,2026/09/21 10:00,,,-4.040,サーバー(国交省 川の防災情報)
kw10,2026-09-21T16:40:01.519Z,2026/09/22 01:30,,,0.540,サーバー(国交省 川の防災情報)
kw11,2026-09-21T16:40:01.551Z,2026/09/22 01:30,,,2.380,サーバー(国交省 川の防災情報)
kw01,2026-09-21T16:50:00.266Z,2026/09/22 01:40,,,0.630,サーバー(国交省 川の防災情報)
kw02,2026-09-21T16:50:00.321Z,2026/09/22 01:40,,,0.420,サーバー(国交省 川の防災情報)
kw03,2026-09-21T16:50:00.323Z,2026/09/22 01:40,,,1.220,サーバー(国交省 川の防災情報)
kw04,2026-09-21T16:50:00.324Z,2026/09/22 01:40,,,0.850,サーバー(国交省 川の防災情報)
kw05,2026-09-21T16:50:00.325Z,2026/09/21 09:00,,,-1.260,サーバー(国交省 川の防災情報)
kw06,2026-09-21T16:50:01.174Z,2026/09/21 09:00,,,-2.350,サーバー(国交省 川の防災情報)
kw07,2026-09-21T16:50:01.218Z,2026/09/21 09:00,,,-4.190,サーバー(国交省 川の防災情報)
kw08,2026-09-21T16:50:01.553Z,2026/09/22 01:40,,,1.650,サーバー(国交省 川の防災情報)
kw09,2026-09-21T16:50:01.559Z,2026/09/21 10:00,,,-4.040,サーバー(国交省 川の防災情報)
kw10,2026-09-21T16:50:01.612Z,2026/09/22 01:40,,,0.530,サーバー(国交省 川の防災情報)
kw11,2026-09-21T16:50:01.998Z,2026/09/22 01:40,,,2.370,サーバー(国交省 川の防災情報)
cam02,2026-09-21T17:00:00.387Z,2026-09-22 01:50:06,,11.886,2.670,サーバー(直接取得)
cam03,2026-09-21T17:00:00.388Z,2026-09-22 01:50:14,,11.794,-4.580,サーバー(直接取得)
cam04,2026-09-21T17:00:00.389Z,2026-09-22 01:50:06,,12.014,2.230,サーバー(直接取得)
cam08,2026-09-21T17:00:00.390Z,2026-09-22 01:50:21,,11.921,0.120,サーバー(直接取得)
cam09,2026-09-21T17:00:00.940Z,2026-09-22 01:50:13,,11.948,0.310,サーバー(直接取得)
cam11,2026-09-21T17:00:00.943Z,2026-09-22 01:50:06,,12.062,0.439,サーバー(直接取得)
cam12,2026-09-21T17:00:01.061Z,2026-09-22 01:50:07,,12.058,-0.062,サーバー(直接取得)
cam13,2026-09-21T17:00:01.073Z,2026-09-22 01:50:07,,12.212,0.057,サーバー(直接取得)
cam14,2026-09-21T17:00:01.077Z,2026-09-22 01:50:13,,11.785,0.057,サーバー(直接取得)
cam36,2026-09-21T17:00:01.159Z,2026-09-22 01:50:06,,12.242,0.030,サーバー(直接取得)
cam39,2026-09-21T17:00:01.168Z,2026-09-22 01:58:05,,13.403,0.058,サーバー(直接取得)
cam40,2026-09-21T17:00:01.280Z,2026-09-22 01:50:06,,12.190,0.419,サーバー(直接取得)
cam41,2026-09-21T17:00:01.313Z,2026-09-22 01:50:03,,12.357,0.148,サーバー(直接取得)
cam42,2026-09-21T17:00:01.317Z,2026-09-22 01:50:13,,12.242,0.440,サーバー(直接取得)
cam43,2026-09-21T17:00:01.387Z,2026-09-22 01:50:13,,11.170,0.520,サーバー(直接取得)
cam44,2026-09-21T17:00:01.391Z,2026-09-22 01:50:03,,12.128,0.170,サーバー(直接取得)
cam45,2026-09-21T17:00:01.502Z,2026-09-22 01:50:03,,12.084,0.370,サーバー(直接取得)
cam46,2026-09-21T17:00:01.524Z,2026-09-22 01:50:12,,12.172,0.640,サーバー(直接取得)
cam47,2026-09-21T17:00:01.547Z,2026-09-22 01:50:06,,11.930,0.390,サーバー(直接取得)
cam48,2026-09-21T17:00:01.606Z,2026-09-22 01:50:03,,13.755,-15.340,サーバー(直接取得)
cam50,2026-09-21T17:00:01.671Z,2026-09-22 01:59:00,,13.504,0.200,サーバー(直接取得)
cam51,2026-09-21T17:00:01.760Z,2026-09-22 01:58:16,,13.623,0.120,サーバー(直接取得)
cam52,2026-09-21T17:00:01.768Z,2026-09-22 01:50:15,,11.834,0.380,サーバー(直接取得)
cam53,2026-09-21T17:00:01.838Z,2026-09-22 01:50:03,,12.168,0.160,サーバー(直接取得)
cam54,2026-09-21T17:00:01.906Z,2026-09-22 01:50:21,,12.260,0.070,サーバー(直接取得)
cam55,2026-09-21T17:00:02.504Z,2026-09-22 01:50:21,,12.620,0.730,サーバー(直接取得)
kw01,2026-09-21T17:00:02.565Z,2026/09/22 01:50,,,0.620,サーバー(国交省 川の防災情報)
kw02,2026-09-21T17:00:02.568Z,2026/09/22 01:50,,,0.410,サーバー(国交省 川の防災情報)
kw03,2026-09-21T17:00:02.582Z,2026/09/22 01:50,,,1.220,サーバー(国交省 川の防災情報)
kw04,2026-09-21T17:00:02.601Z,2026/09/22 01:50,,,0.840,サーバー(国交省 川の防災情報)
kw05,2026-09-21T17:00:02.763Z,2026/09/21 09:00,,,-1.260,サーバー(国交省 川の防災情報)
kw06,2026-09-21T17:00:03.468Z,2026/09/21 09:00,,,-2.350,サーバー(国交省 川の防災情報)
kw07,2026-09-21T17:00:03.479Z,2026/09/21 09:00,,,-4.190,サーバー(国交省 川の防災情報)
kw08,2026-09-21T17:00:03.505Z,2026/09/22 01:50,,,1.630,サーバー(国交省 川の防災情報)
kw09,2026-09-21T17:00:03.749Z,2026/09/21 10:00,,,-4.040,サーバー(国交省 川の防災情報)
kw10,2026-09-21T17:00:03.846Z,2026/09/22 01:50,,,0.510,サーバー(国交省 川の防災情報)
kw11,2026-09-21T17:00:03.928Z,2026/09/22 01:50,,,2.360,サーバー(国交省 川の防災情報)
kw01,2026-09-21T17:10:00.495Z,2026/09/22 02:00,,,0.620,サーバー(国交省 川の防災情報)
kw02,2026-09-21T17:10:00.551Z,2026/09/22 02:00,,,0.410,サーバー(国交省 川の防災情報)
kw03,2026-09-21T17:10:00.552Z,2026/09/22 02:00,,,1.220,サーバー(国交省 川の防災情報)
kw04,2026-09-21T17:10:00.553Z,2026/09/22 02:00,,,0.840,サーバー(国交省 川の防災情報)
kw05,2026-09-21T17:10:00.554Z,2026/09/21 09:00,,,-1.260,サーバー(国交省 川の防災情報)
kw06,2026-09-21T17:10:01.476Z,2026/09/21 09:00,,,-2.350,サーバー(国交省 川の防災情報)
kw07,2026-09-21T17:10:01.513Z,2026/09/21 09:00,,,-4.190,サーバー(国交省 川の防災情報)
kw08,2026-09-21T17:10:01.731Z,2026/09/22 02:00,,,1.620,サーバー(国交省 川の防災情報)
kw09,2026-09-21T17:10:01.741Z,2026/09/21 10:00,,,-4.040,サーバー(国交省 川の防災情報)
kw10,2026-09-21T17:10:01.779Z,2026/09/22 02:00,,,0.500,サーバー(国交省 川の防災情報)
kw11,2026-09-21T17:10:01.996Z,2026/09/22 02:00,,,2.350,サーバー(国交省 川の防災情報)
kw01,2026-09-21T17:20:00.357Z,2026/09/22 02:10,,,0.620,サーバー(国交省 川の防災情報)
kw02,2026-09-21T17:20:00.412Z,2026/09/22 02:10,,,0.410,サーバー(国交省 川の防災情報)
kw03,2026-09-21T17:20:00.413Z,2026/09/22 02:10,,,1.220,サーバー(国交省 川の防災情報)
kw04,2026-09-21T17:20:00.414Z,2026/09/22 02:10,,,0.850,サーバー(国交省 川の防災情報)
kw05,2026-09-21T17:20:00.415Z,2026/09/21 09:00,,,-1.260,サーバー(国交省 川の防災情報)
kw06,2026-09-21T17:20:01.151Z,2026/09/21 09:00,,,-2.350,サーバー(国交省 川の防災情報)
kw07,2026-09-21T17:20:01.154Z,2026/09/21 09:00,,,-4.190,サーバー(国交省 川の防災情報)
kw08,2026-09-21T17:20:01.381Z,2026/09/22 02:10,,,1.600,サーバー(国交省 川の防災情報)
kw09,2026-09-21T17:20:01.485Z,2026/09/21 10:00,,,-4.040,サーバー(国交省 川の防災情報)
kw10,2026-09-21T17:20:01.657Z,2026/09/22 02:10,,,0.490,サーバー(国交省 川の防災情報)
kw11,2026-09-21T17:20:01.742Z,2026/09/22 02:10,,,2.330,サーバー(国交省 川の防災情報)
cam02,2026-09-21T17:30:01.099Z,2026-09-22 02:20:07,,11.877,2.620,サーバー(直接取得)
cam03,2026-09-21T17:30:01.101Z,2026-09-22 02:20:12,,11.794,-4.580,サーバー(直接取得)
cam04,2026-09-21T17:30:01.102Z,2026-09-22 02:20:06,,12.014,2.180,サーバー(直接取得)
cam08,2026-09-21T17:30:01.103Z,2026-09-22 01:50:21,,11.921,0.120,サーバー(直接取得)
cam09,2026-09-21T17:30:01.680Z,2026-09-22 02:20:21,,11.952,0.310,サーバー(直接取得)
cam11,2026-09-21T17:30:01.702Z,2026-09-22 02:20:06,,12.058,0.439,サーバー(直接取得)
cam12,2026-09-21T17:30:01.821Z,2026-09-22 02:20:07,,12.049,-0.063,サーバー(直接取得)
cam13,2026-09-21T17:30:01.840Z,2026-09-22 02:20:07,,12.203,0.054,サーバー(直接取得)
cam14,2026-09-21T17:30:01.908Z,2026-09-22 02:20:14,,11.785,0.057,サーバー(直接取得)
cam36,2026-09-21T17:30:01.920Z,2026-09-22 02:20:06,,12.247,0.031,サーバー(直接取得)
cam39,2026-09-21T17:30:01.928Z,2026-09-22 02:28:05,,13.403,0.061,サーバー(直接取得)
cam40,2026-09-21T17:30:02.036Z,2026-09-22 02:20:06,,12.185,0.420,サーバー(直接取得)
cam41,2026-09-21T17:30:02.059Z,2026-09-22 02:20:03,,12.357,0.146,サーバー(直接取得)
cam42,2026-09-21T17:30:02.145Z,2026-09-22 02:20:11,,12.229,0.440,サーバー(直接取得)
cam43,2026-09-21T17:30:02.175Z,2026-09-22 02:20:14,,11.157,0.520,サーバー(直接取得)
cam44,2026-09-21T17:30:02.327Z,2026-09-22 02:20:03,,12.137,0.170,サーバー(直接取得)
cam45,2026-09-21T17:30:02.361Z,2026-09-22 02:20:03,,12.080,0.370,サーバー(直接取得)
cam46,2026-09-21T17:30:02.389Z,2026-09-22 02:20:09,,12.159,0.620,サーバー(直接取得)
cam47,2026-09-21T17:30:02.397Z,2026-09-22 02:20:06,,11.935,0.389,サーバー(直接取得)
cam48,2026-09-21T17:30:02.516Z,2026-09-22 02:20:03,,13.759,-15.320,サーバー(直接取得)
cam50,2026-09-21T17:30:02.557Z,2026-09-22 02:28:00,,13.500,0.200,サーバー(直接取得)
cam51,2026-09-21T17:30:02.588Z,2026-09-22 02:28:16,,13.618,0.120,サーバー(直接取得)
cam52,2026-09-21T17:30:02.632Z,2026-09-22 02:20:15,,11.825,0.380,サーバー(直接取得)
cam53,2026-09-21T17:30:02.656Z,2026-09-22 02:20:09,,12.137,0.150,サーバー(直接取得)
cam54,2026-09-21T17:30:02.737Z,2026-09-22 02:20:21,,12.251,0.070,サーバー(直接取得)
cam55,2026-09-21T17:30:02.778Z,2026-09-22 02:20:21,,12.625,0.730,サーバー(直接取得)
kw01,2026-09-21T17:30:02.803Z,2026/09/22 02:20,,,0.620,サーバー(国交省 川の防災情報)
kw02,2026-09-21T17:30:02.840Z,2026/09/22 02:20,,,0.400,サーバー(国交省 川の防災情報)
kw03,2026-09-21T17:30:02.873Z,2026/09/22 02:20,,,1.220,サーバー(国交省 川の防災情報)
kw04,2026-09-21T17:30:02.943Z,2026/09/22 02:20,,,0.840,サーバー(国交省 川の防災情報)
kw05,2026-09-21T17:30:02.999Z,2026/09/21 09:00,,,-1.260,サーバー(国交省 川の防災情報)
kw06,2026-09-21T17:30:03.872Z,2026/09/21 09:00,,,-2.350,サーバー(国交省 川の防災情報)
kw07,2026-09-21T17:30:03.957Z,2026/09/21 09:00,,,-4.190,サーバー(国交省 川の防災情報)
kw08,2026-09-21T17:30:03.969Z,2026/09/22 02:20,,,1.590,サーバー(国交省 川の防災情報)
kw09,2026-09-21T17:30:03.970Z,2026/09/21 10:00,,,-4.040,サーバー(国交省 川の防災情報)
kw10,2026-09-21T17:30:04.027Z,2026/09/22 02:20,,,0.480,サーバー(国交省 川の防災情報)
kw11,2026-09-21T17:30:04.553Z,2026/09/22 02:20,,,2.330,サーバー(国交省 川の防災情報)
kw01,2026-09-21T17:40:00.386Z,2026/09/22 02:30,,,0.620,サーバー(国交省 川の防災情報)
kw02,2026-09-21T17:40:00.444Z,2026/09/22 02:30,,,0.400,サーバー(国交省 川の防災情報)
kw03,2026-09-21T17:40:00.445Z,2026/09/22 02:30,,,1.220,サーバー(国交省 川の防災情報)
kw04,2026-09-21T17:40:00.446Z,2026/09/22 02:30,,,0.840,サーバー(国交省 川の防災情報)
kw05,2026-09-21T17:40:00.447Z,2026/09/21 09:00,,,-1.260,サーバー(国交省 川の防災情報)
kw06,2026-09-21T17:40:01.496Z,2026/09/21 09:00,,,-2.350,サーバー(国交省 川の防災情報)
kw07,2026-09-21T17:40:01.521Z,2026/09/21 09:00,,,-4.190,サーバー(国交省 川の防災情報)
kw08,2026-09-21T17:40:01.522Z,2026/09/22 02:30,,,1.570,サーバー(国交省 川の防災情報)
kw09,2026-09-21T17:40:01.538Z,2026/09/21 10:00,,,-4.040,サーバー(国交省 川の防災情報)
kw10,2026-09-21T17:40:01.567Z,2026/09/22 02:30,,,0.460,サーバー(国交省 川の防災情報)
kw11,2026-09-21T17:40:02.034Z,2026/09/22 02:30,,,2.320,サーバー(国交省 川の防災情報)
kw01,2026-09-21T17:50:00.915Z,2026/09/22 02:40,,,0.620,サーバー(国交省 川の防災情報)
kw02,2026-09-21T17:50:00.971Z,2026/09/22 02:40,,,0.400,サーバー(国交省 川の防災情報)
kw03,2026-09-21T17:50:00.972Z,2026/09/22 02:40,,,1.220,サーバー(国交省 川の防災情報)
kw04,2026-09-21T17:50:00.973Z,2026/09/22 02:40,,,0.850,サーバー(国交省 川の防災情報)
kw05,2026-09-21T17:50:00.974Z,2026/09/21 09:00,,,-1.260,サーバー(国交省 川の防災情報)
kw06,2026-09-21T17:50:01.856Z,2026/09/21 09:00,,,-2.350,サーバー(国交省 川の防災情報)
kw07,2026-09-21T17:50:01.861Z,2026/09/21 09:00,,,-4.190,サーバー(国交省 川の防災情報)
kw08,2026-09-21T17:50:01.909Z,2026/09/22 02:40,,,1.550,サーバー(国交省 川の防災情報)
kw09,2026-09-21T17:50:01.915Z,2026/09/21 10:00,,,-4.040,サーバー(国交省 川の防災情報)
kw10,2026-09-21T17:50:01.916Z,2026/09/22 02:40,,,0.440,サーバー(国交省 川の防災情報)
kw11,2026-09-21T17:50:02.398Z,2026/09/22 02:40,,,2.290,サーバー(国交省 川の防災情報)
cam02,2026-09-21T18:00:00.667Z,2026-09-22 02:50:06,,11.869,2.560,サーバー(直接取得)
cam03,2026-09-21T18:00:00.668Z,2026-09-22 02:50:13,,11.772,-4.580,サーバー(直接取得)
cam04,2026-09-21T18:00:00.669Z,2026-09-22 02:50:06,,12.009,2.110,サーバー(直接取得)
cam08,2026-09-21T18:00:00.670Z,2026-09-22 02:50:21,,11.913,0.140,サーバー(直接取得)
cam09,2026-09-21T18:00:01.760Z,2026-09-22 02:50:18,,11.943,0.310,サーバー(直接取得)
cam11,2026-09-21T18:00:01.881Z,2026-09-22 02:50:06,,12.053,0.560,サーバー(直接取得)
cam12,2026-09-21T18:00:01.921Z,2026-09-22 02:50:06,,12.031,-0.059,サーバー(直接取得)
cam13,2026-09-21T18:00:01.956Z,2026-09-22 02:50:06,,12.207,0.051,サーバー(直接取得)
cam14,2026-09-21T18:00:02.252Z,2026-09-22 02:50:15,,11.759,0.057,サーバー(直接取得)
cam36,2026-09-21T18:00:02.352Z,2026-09-22 02:50:06,,12.238,0.031,サーバー(直接取得)
cam39,2026-09-21T18:00:02.363Z,2026-09-22 02:58:05,,13.403,0.058,サーバー(直接取得)
cam40,2026-09-21T18:00:02.382Z,2026-09-22 02:50:06,,12.181,0.415,サーバー(直接取得)
cam41,2026-09-21T18:00:02.500Z,2026-09-22 02:50:03,,12.352,0.146,サーバー(直接取得)
cam42,2026-09-21T18:00:02.528Z,2026-09-22 02:50:16,,12.229,0.440,サーバー(直接取得)
cam43,2026-09-21T18:00:02.626Z,2026-09-22 02:50:14,,11.152,0.520,サーバー(直接取得)
cam44,2026-09-21T18:00:02.639Z,2026-09-22 02:50:03,,12.132,0.170,サーバー(直接取得)
cam45,2026-09-21T18:00:02.653Z,2026-09-22 02:50:03,,12.062,0.370,サーバー(直接取得)
cam46,2026-09-21T18:00:02.777Z,2026-09-22 02:50:18,,12.159,0.610,サーバー(直接取得)
cam47,2026-09-21T18:00:02.789Z,2026-09-22 02:50:06,,11.917,0.389,サーバー(直接取得)
cam48,2026-09-21T18:00:02.864Z,2026-09-22 02:50:03,,13.750,-15.300,サーバー(直接取得)
cam50,2026-09-21T18:00:02.894Z,2026-09-22 02:59:00,,13.504,0.200,サーバー(直接取得)
cam51,2026-09-21T18:00:02.904Z,2026-09-22 02:58:13,,13.623,0.110,サーバー(直接取得)
cam52,2026-09-21T18:00:03.027Z,2026-09-22 02:50:13,,11.820,0.370,サーバー(直接取得)
cam53,2026-09-21T18:00:03.086Z,2026-09-22 02:50:12,,12.124,0.150,サーバー(直接取得)
cam54,2026-09-21T18:00:03.110Z,2026-09-22 02:50:21,,12.247,0.070,サーバー(直接取得)
cam55,2026-09-21T18:00:03.135Z,2026-09-22 02:50:21,,12.616,0.730,サーバー(直接取得)
kw01,2026-09-21T18:00:03.168Z,2026/09/22 02:50,,,0.610,サーバー(国交省 川の防災情報)
kw02,2026-09-21T18:00:03.253Z,2026/09/22 02:50,,,0.390,サーバー(国交省 川の防災情報)
kw03,2026-09-21T18:00:03.304Z,2026/09/22 02:50,,,1.220,サーバー(国交省 川の防災情報)
kw04,2026-09-21T18:00:03.328Z,2026/09/22 02:50,,,0.840,サーバー(国交省 川の防災情報)
kw05,2026-09-21T18:00:03.351Z,2026/09/21 09:00,,,-1.260,サーバー(国交省 川の防災情報)
kw06,2026-09-21T18:00:03.937Z,2026/09/21 09:00,,,-2.350,サーバー(国交省 川の防災情報)
kw07,2026-09-21T18:00:03.999Z,2026/09/21 09:00,,,-4.190,サーバー(国交省 川の防災情報)
kw08,2026-09-21T18:00:04.050Z,2026/09/22 02:50,,,1.540,サーバー(国交省 川の防災情報)
kw09,2026-09-21T18:00:04.111Z,2026/09/21 10:00,,,-4.040,サーバー(国交省 川の防災情報)
kw10,2026-09-21T18:00:04.112Z,2026/09/22 02:50,,,0.430,サーバー(国交省 川の防災情報)
kw11,2026-09-21T18:00:04.416Z,2026/09/22 02:50,,,2.280,サーバー(国交省 川の防災情報)
kw01,2026-09-21T18:10:00.910Z,2026/09/22 03:00,,,0.610,サーバー(国交省 川の防災情報)
kw02,2026-09-21T18:10:00.966Z,2026/09/22 03:00,,,0.390,サーバー(国交省 川の防災情報)
kw03,2026-09-21T18:10:00.967Z,2026/09/22 03:00,,,1.220,サーバー(国交省 川の防災情報)
kw04,2026-09-21T18:10:00.968Z,2026/09/22 03:00,,,0.840,サーバー(国交省 川の防災情報)
kw05,2026-09-21T18:10:00.969Z,2026/09/21 09:00,,,-1.260,サーバー(国交省 川の防災情報)
kw06,2026-09-21T18:10:01.801Z,2026/09/21 09:00,,,-2.350,サーバー(国交省 川の防災情報)
kw07,2026-09-21T18:10:01.811Z,2026/09/21 09:00,,,-4.190,サーバー(国交省 川の防災情報)
kw08,2026-09-21T18:10:01.901Z,2026/09/22 03:00,,,1.520,サーバー(国交省 川の防災情報)
kw09,2026-09-21T18:10:01.916Z,2026/09/21 10:00,,,-4.040,サーバー(国交省 川の防災情報)
kw10,2026-09-21T18:10:01.979Z,2026/09/22 03:00,,,0.410,サーバー(国交省 川の防災情報)
kw11,2026-09-21T18:10:02.295Z,2026/09/22 03:00,,,2.260,サーバー(国交省 川の防災情報)
kw01,2026-09-21T18:20:00.235Z,2026/09/22 03:10,,,0.610,サーバー(国交省 川の防災情報)
kw02,2026-09-21T18:20:00.290Z,2026/09/22 03:10,,,0.390,サーバー(国交省 川の防災情報)
kw03,2026-09-21T18:20:00.291Z,2026/09/22 03:10,,,1.220,サーバー(国交省 川の防災情報)
kw04,2026-09-21T18:20:00.292Z,2026/09/22 03:10,,,0.840,サーバー(国交省 川の防災情報)
kw05,2026-09-21T18:20:00.293Z,2026/09/21 09:00,,,-1.260,サーバー(国交省 川の防災情報)
kw06,2026-09-21T18:20:01.123Z,2026/09/21 09:00,,,-2.350,サーバー(国交省 川の防災情報)
kw07,2026-09-21T18:20:01.141Z,2026/09/21 09:00,,,-4.190,サーバー(国交省 川の防災情報)
kw08,2026-09-21T18:20:01.163Z,2026/09/22 03:10,,,0.000,サーバー(国交省 川の防災情報)
kw09,2026-09-21T18:20:01.196Z,2026/09/21 10:00,,,-4.040,サーバー(国交省 川の防災情報)
kw10,2026-09-21T18:20:01.631Z,2026/09/22 03:10,,,0.400,サーバー(国交省 川の防災情報)
kw11,2026-09-21T18:20:01.660Z,2026/09/22 03:10,,,2.260,サーバー(国交省 川の防災情報)
cam02,2026-09-21T18:30:00.795Z,2026-09-22 03:20:07,,11.869,2.500,サーバー(直接取得)
cam03,2026-09-21T18:30:00.796Z,2026-09-22 03:20:11,,11.776,-4.580,サーバー(直接取得)
cam04,2026-09-21T18:30:00.797Z,2026-09-22 03:20:06,,12.001,2.050,サーバー(直接取得)
cam08,2026-09-21T18:30:00.798Z,2026-09-22 03:20:21,,11.908,0.140,サーバー(直接取得)
cam09,2026-09-21T18:30:01.348Z,2026-09-22 03:20:15,,11.935,0.290,サーバー(直接取得)
cam11,2026-09-21T18:30:01.349Z,2026-09-22 03:20:06,,12.045,0.493,サーバー(直接取得)
cam12,2026-09-21T18:30:01.463Z,2026-09-22 03:20:07,,12.040,-0.057,サーバー(直接取得)
cam13,2026-09-21T18:30:01.467Z,2026-09-22 03:20:06,,12.203,0.054,サーバー(直接取得)
cam14,2026-09-21T18:30:01.483Z,2026-09-22 03:20:14,,11.763,0.057,サーバー(直接取得)
cam36,2026-09-21T18:30:01.592Z,2026-09-22 03:20:06,,12.234,0.029,サーバー(直接取得)
cam39,2026-09-21T18:30:01.603Z,2026-09-22 03:28:06,,13.407,0.059,サーバー(直接取得)
cam40,2026-09-21T18:30:01.684Z,2026-09-22 03:20:06,,12.172,0.417,サーバー(直接取得)
cam41,2026-09-21T18:30:01.690Z,2026-09-22 03:20:03,,12.348,0.146,サーバー(直接取得)
cam42,2026-09-21T18:30:01.698Z,2026-09-22 03:20:12,,12.216,0.440,サーバー(直接取得)
cam43,2026-09-21T18:30:01.825Z,2026-09-22 03:20:13,,11.148,0.520,サーバー(直接取得)
cam44,2026-09-21T18:30:01.900Z,2026-09-22 03:20:03,,12.119,0.170,サーバー(直接取得)
cam45,2026-09-21T18:30:01.913Z,2026-09-22 03:20:03,,12.058,0.370,サーバー(直接取得)
cam46,2026-09-21T18:30:01.940Z,2026-09-22 03:20:11,,12.132,0.620,サーバー(直接取得)
cam47,2026-09-21T18:30:02.196Z,2026-09-22 03:20:06,,11.917,0.389,サーバー(直接取得)
cam48,2026-09-21T18:30:02.339Z,2026-09-22 03:20:03,,13.750,-15.330,サーバー(直接取得)
cam50,2026-09-21T18:30:02.418Z,2026-09-22 03:26:00,,13.504,0.200,サーバー(直接取得)
cam51,2026-09-21T18:30:02.440Z,2026-09-22 03:28:15,,13.618,0.120,サーバー(直接取得)
cam52,2026-09-21T18:30:02.548Z,2026-09-22 03:20:12,,11.816,0.370,サーバー(直接取得)
cam53,2026-09-21T18:30:02.611Z,2026-09-22 03:20:15,,12.146,0.150,サーバー(直接取得)
cam54,2026-09-21T18:30:02.658Z,2026-09-22 03:20:20,,12.256,0.070,サーバー(直接取得)
cam55,2026-09-21T18:30:02.691Z,2026-09-22 03:20:21,,12.616,0.710,サーバー(直接取得)
kw01,2026-09-21T18:30:02.740Z,2026/09/22 03:20,,,0.610,サーバー(国交省 川の防災情報)
kw02,2026-09-21T18:30:02.807Z,2026/09/22 03:20,,,0.390,サーバー(国交省 川の防災情報)
kw03,2026-09-21T18:30:02.862Z,2026/09/22 03:20,,,1.210,サーバー(国交省 川の防災情報)
kw04,2026-09-21T18:30:02.917Z,2026/09/22 03:20,,,0.840,サーバー(国交省 川の防災情報)
kw05,2026-09-21T18:30:02.931Z,2026/09/21 09:00,,,-1.260,サーバー(国交省 川の防災情報)
kw06,2026-09-21T18:30:03.674Z,2026/09/21 09:00,,,-2.350,サーバー(国交省 川の防災情報)
kw07,2026-09-21T18:30:03.696Z,2026/09/21 09:00,,,-4.190,サーバー(国交省 川の防災情報)
kw08,2026-09-21T18:30:03.718Z,2026/09/22 03:20,,,1.480,サーバー(国交省 川の防災情報)
kw09,2026-09-21T18:30:03.790Z,2026/09/21 10:00,,,-4.040,サーバー(国交省 川の防災情報)
kw10,2026-09-21T18:30:03.829Z,2026/09/22 03:20,,,0.390,サーバー(国交省 川の防災情報)
kw11,2026-09-21T18:30:04.150Z,2026/09/22 03:20,,,2.230,サーバー(国交省 川の防災情報)
kw01,2026-09-21T18:40:00.658Z,2026/09/22 03:30,,,0.610,サーバー(国交省 川の防災情報)
kw02,2026-09-21T18:40:00.714Z,2026/09/22 03:30,,,0.390,サーバー(国交省 川の防災情報)
kw03,2026-09-21T18:40:00.716Z,2026/09/22 03:30,,,1.220,サーバー(国交省 川の防災情報)
kw04,2026-09-21T18:40:00.717Z,2026/09/22 03:30,,,0.840,サーバー(国交省 川の防災情報)
kw05,2026-09-21T18:40:00.718Z,2026/09/21 09:00,,,-1.260,サーバー(国交省 川の防災情報)
kw06,2026-09-21T18:40:01.472Z,2026/09/21 09:00,,,-2.350,サーバー(国交省 川の防災情報)
kw07,2026-09-21T18:40:01.489Z,2026/09/21 09:00,,,-4.190,サーバー(国交省 川の防災情報)
kw08,2026-09-21T18:40:01.528Z,2026/09/22 03:30,,,1.460,サーバー(国交省 川の防災情報)
kw09,2026-09-21T18:40:01.533Z,2026/09/21 10:00,,,-4.040,サーバー(国交省 川の防災情報)
kw10,2026-09-21T18:40:01.861Z,2026/09/22 03:30,,,0.370,サーバー(国交省 川の防災情報)
kw11,2026-09-21T18:40:01.893Z,2026/09/22 03:30,,,2.230,サーバー(国交省 川の防災情報)
kw01,2026-09-21T18:50:00.235Z,2026/09/22 03:40,,,0.610,サーバー(国交省 川の防災情報)
kw02,2026-09-21T18:50:00.291Z,2026/09/22 03:40,,,0.380,サーバー(国交省 川の防災情報)
kw03,2026-09-21T18:50:00.293Z,2026/09/22 03:40,,,1.220,サーバー(国交省 川の防災情報)
kw04,2026-09-21T18:50:00.294Z,2026/09/22 03:40,,,0.830,サーバー(国交省 川の防災情報)
kw05,2026-09-21T18:50:00.295Z,2026/09/21 09:00,,,-1.260,サーバー(国交省 川の防災情報)
kw06,2026-09-21T18:50:01.045Z,2026/09/21 09:00,,,-2.350,サーバー(国交省 川の防災情報)
kw07,2026-09-21T18:50:01.052Z,2026/09/21 09:00,,,-4.190,サーバー(国交省 川の防災情報)
kw08,2026-09-21T18:50:01.061Z,2026/09/22 03:40,,,1.430,サーバー(国交省 川の防災情報)
kw09,2026-09-21T18:50:01.395Z,2026/09/21 10:00,,,-4.040,サーバー(国交省 川の防災情報)
kw10,2026-09-21T18:50:01.448Z,2026/09/22 03:40,,,0.360,サーバー(国交省 川の防災情報)
kw11,2026-09-21T18:50:01.528Z,2026/09/22 03:40,,,2.200,サーバー(国交省 川の防災情報)
cam02,2026-09-21T19:00:00.422Z,2026-09-22 03:50:07,,11.860,2.410,サーバー(直接取得)
cam03,2026-09-21T19:00:00.424Z,2026-09-22 03:50:13,,11.763,-4.580,サーバー(直接取得)
cam04,2026-09-21T19:00:00.425Z,2026-09-22 03:50:07,,11.987,1.980,サーバー(直接取得)
cam08,2026-09-21T19:00:00.426Z,2026-09-22 03:40:20,,11.904,0.180,サーバー(直接取得)
cam09,2026-09-21T19:00:00.999Z,2026-09-22 03:50:19,,11.926,0.300,サーバー(直接取得)
cam11,2026-09-21T19:00:01.002Z,2026-09-22 03:50:06,,12.040,0.485,サーバー(直接取得)
cam12,2026-09-21T19:00:01.209Z,2026-09-22 03:50:06,,12.023,-0.061,サーバー(直接取得)
cam13,2026-09-21T19:00:01.216Z,2026-09-22 03:50:06,,12.190,0.055,サーバー(直接取得)
cam14,2026-09-21T19:00:01.263Z,2026-09-22 03:50:15,,11.741,0.057,サーバー(直接取得)
cam36,2026-09-21T19:00:01.271Z,2026-09-22 03:50:07,,12.225,0.030,サーバー(直接取得)
cam39,2026-09-21T19:00:01.389Z,2026-09-22 03:58:06,,13.403,0.057,サーバー(直接取得)
cam40,2026-09-21T19:00:01.414Z,2026-09-22 03:50:06,,12.172,0.413,サーバー(直接取得)
cam41,2026-09-21T19:00:01.426Z,2026-09-22 03:50:03,,12.348,0.145,サーバー(直接取得)
cam42,2026-09-21T19:00:01.472Z,2026-09-22 03:50:14,,12.212,0.440,サーバー(直接取得)
cam43,2026-09-21T19:00:01.485Z,2026-09-22 03:50:14,,11.126,0.520,サーバー(直接取得)
cam44,2026-09-21T19:00:01.623Z,2026-09-22 03:50:03,,12.119,0.170,サーバー(直接取得)
cam45,2026-09-21T19:00:01.651Z,2026-09-22 03:50:03,,12.049,0.370,サーバー(直接取得)
cam46,2026-09-21T19:00:01.661Z,2026-09-22 03:50:11,,12.141,0.630,サーバー(直接取得)
cam47,2026-09-21T19:00:01.689Z,2026-09-22 03:50:06,,11.904,0.390,サーバー(直接取得)
cam48,2026-09-21T19:00:01.700Z,2026-09-22 03:50:03,,13.794,-15.400,サーバー(直接取得)
cam50,2026-09-21T19:00:01.891Z,2026-09-22 03:58:00,,13.504,0.190,サーバー(直接取得)
cam51,2026-09-21T19:00:01.898Z,2026-09-22 03:58:14,,13.618,0.120,サーバー(直接取得)
cam52,2026-09-21T19:00:01.911Z,2026-09-22 03:50:10,,11.807,0.370,サーバー(直接取得)
cam53,2026-09-21T19:00:01.929Z,2026-09-22 03:50:09,,12.146,0.140,サーバー(直接取得)
cam54,2026-09-21T19:00:01.986Z,2026-09-22 03:50:21,,12.247,0.070,サーバー(直接取得)
cam55,2026-09-21T19:00:02.242Z,2026-09-22 03:50:21,,12.607,0.720,サーバー(直接取得)
kw01,2026-09-21T19:00:02.279Z,2026/09/22 03:50,,,0.610,サーバー(国交省 川の防災情報)
kw02,2026-09-21T19:00:02.322Z,2026/09/22 03:50,,,0.380,サーバー(国交省 川の防災情報)
kw03,2026-09-21T19:00:02.323Z,2026/09/22 03:50,,,1.220,サーバー(国交省 川の防災情報)
kw04,2026-09-21T19:00:02.570Z,2026/09/22 03:50,,,0.830,サーバー(国交省 川の防災情報)
kw05,2026-09-21T19:00:02.636Z,2026/09/21 09:00,,,-1.260,サーバー(国交省 川の防災情報)
kw06,2026-09-21T19:00:03.123Z,2026/09/21 09:00,,,-2.350,サーバー(国交省 川の防災情報)
kw07,2026-09-21T19:00:03.382Z,2026/09/21 09:00,,,-4.190,サーバー(国交省 川の防災情報)
kw08,2026-09-21T19:00:03.402Z,2026/09/22 03:50,,,1.410,サーバー(国交省 川の防災情報)
kw09,2026-09-21T19:00:03.426Z,2026/09/21 10:00,,,-4.040,サーバー(国交省 川の防災情報)
kw10,2026-09-21T19:00:03.475Z,2026/09/22 03:50,,,0.350,サーバー(国交省 川の防災情報)
kw11,2026-09-21T19:00:03.568Z,2026/09/22 03:50,,,2.190,サーバー(国交省 川の防災情報)
kw01,2026-09-21T19:10:00.772Z,2026/09/22 04:00,,,0.610,サーバー(国交省 川の防災情報)
kw02,2026-09-21T19:10:00.828Z,2026/09/22 04:00,,,0.380,サーバー(国交省 川の防災情報)
kw03,2026-09-21T19:10:00.829Z,2026/09/22 04:00,,,1.220,サーバー(国交省 川の防災情報)
kw04,2026-09-21T19:10:00.830Z,2026/09/22 04:00,,,0.840,サーバー(国交省 川の防災情報)
kw05,2026-09-21T19:10:00.831Z,2026/09/21 09:00,,,-1.260,サーバー(国交省 川の防災情報)
kw06,2026-09-21T19:10:01.572Z,2026/09/21 09:00,,,-2.350,サーバー(国交省 川の防災情報)
kw07,2026-09-21T19:10:01.574Z,2026/09/21 09:00,,,-4.190,サーバー(国交省 川の防災情報)
kw08,2026-09-21T19:10:01.867Z,2026/09/22 04:00,,,1.390,サーバー(国交省 川の防災情報)
kw09,2026-09-21T19:10:01.940Z,2026/09/21 10:00,,,-4.040,サーバー(国交省 川の防災情報)
kw10,2026-09-21T19:10:01.976Z,2026/09/22 04:00,,,0.330,サーバー(国交省 川の防災情報)
kw11,2026-09-21T19:10:02.134Z,2026/09/22 04:00,,,2.170,サーバー(国交省 川の防災情報)
kw01,2026-09-21T19:20:00.931Z,2026/09/22 04:10,,,0.610,サーバー(国交省 川の防災情報)
kw02,2026-09-21T19:20:00.987Z,2026/09/22 04:10,,,0.370,サーバー(国交省 川の防災情報)
kw03,2026-09-21T19:20:00.988Z,2026/09/22 04:10,,,1.220,サーバー(国交省 川の防災情報)
kw04,2026-09-21T19:20:00.989Z,2026/09/22 04:10,,,0.840,サーバー(国交省 川の防災情報)
kw05,2026-09-21T19:20:00.990Z,2026/09/21 09:00,,,-1.260,サーバー(国交省 川の防災情報)
kw06,2026-09-21T19:20:01.874Z,2026/09/21 09:00,,,-2.350,サーバー(国交省 川の防災情報)
kw07,2026-09-21T19:20:01.892Z,2026/09/21 09:00,,,-4.190,サーバー(国交省 川の防災情報)
kw08,2026-09-21T19:20:01.897Z,2026/09/22 04:10,,,1.370,サーバー(国交省 川の防災情報)
kw09,2026-09-21T19:20:01.898Z,2026/09/21 10:00,,,-4.040,サーバー(国交省 川の防災情報)
kw10,2026-09-21T19:20:01.950Z,2026/09/22 04:10,,,0.320,サーバー(国交省 川の防災情報)
kw11,2026-09-21T19:20:02.327Z,2026/09/22 04:10,,,2.150,サーバー(国交省 川の防災情報)
cam02,2026-09-21T19:30:00.590Z,2026-09-22 04:20:06,,11.847,2.340,サーバー(直接取得)
cam03,2026-09-21T19:30:00.592Z,2026-09-22 04:20:11,,11.768,-4.580,サーバー(直接取得)
cam04,2026-09-21T19:30:00.593Z,2026-09-22 04:20:07,,11.987,1.890,サーバー(直接取得)
cam08,2026-09-21T19:30:00.594Z,2026-09-22 04:20:21,,11.899,0.170,サーバー(直接取得)
cam09,2026-09-21T19:30:01.363Z,2026-09-22 04:20:16,,11.921,0.290,サーバー(直接取得)
cam11,2026-09-21T19:30:01.368Z,2026-09-22 04:20:07,,12.040,0.548,サーバー(直接取得)
cam12,2026-09-21T19:30:01.488Z,2026-09-22 04:20:06,,12.014,-0.063,サーバー(直接取得)
cam13,2026-09-21T19:30:01.491Z,2026-09-22 04:20:06,,12.185,0.054,サーバー(直接取得)
cam14,2026-09-21T19:30:01.573Z,2026-09-22 04:20:14,,11.754,0.047,サーバー(直接取得)
cam36,2026-09-21T19:30:01.577Z,2026-09-22 04:20:07,,12.216,0.030,サーバー(直接取得)
cam39,2026-09-21T19:30:01.627Z,2026-09-22 04:28:06,,13.407,0.060,サーバー(直接取得)
cam40,2026-09-21T19:30:01.707Z,2026-09-22 04:20:07,,12.168,0.412,サーバー(直接取得)
cam41,2026-09-21T19:30:01.713Z,2026-09-22 04:20:04,,12.343,0.148,サーバー(直接取得)
cam42,2026-09-21T19:30:01.886Z,2026-09-22 04:20:15,,12.207,0.440,サーバー(直接取得)
cam43,2026-09-21T19:30:01.894Z,2026-09-22 04:20:15,,11.108,0.520,サーバー(直接取得)
cam44,2026-09-21T19:30:01.925Z,2026-09-22 04:20:03,,12.115,0.170,サーバー(直接取得)
cam45,2026-09-21T19:30:01.982Z,2026-09-22 04:10:03,,12.045,0.370,サーバー(直接取得)
cam46,2026-09-21T19:30:02.015Z,2026-09-22 04:20:10,,12.128,0.620,サーバー(直接取得)
cam47,2026-09-21T19:30:02.213Z,2026-09-22 04:20:06,,11.913,0.390,サーバー(直接取得)
cam48,2026-09-21T19:30:02.294Z,2026-09-22 04:20:03,,13.755,-15.420,サーバー(直接取得)
cam50,2026-09-21T19:30:02.513Z,2026-09-22 04:29:00,,13.504,0.190,サーバー(直接取得)
cam51,2026-09-21T19:30:02.577Z,2026-09-22 04:28:14,,13.618,0.120,サーバー(直接取得)
cam52,2026-09-21T19:30:02.685Z,2026-09-22 04:20:13,,11.794,0.370,サーバー(直接取得)
cam53,2026-09-21T19:30:02.733Z,2026-09-22 04:20:04,,12.146,0.150,サーバー(直接取得)
cam54,2026-09-21T19:30:02.751Z,2026-09-22 04:20:20,,12.242,0.070,サーバー(直接取得)
cam55,2026-09-21T19:30:02.810Z,2026-09-22 04:20:21,,12.612,0.710,サーバー(直接取得)
kw01,2026-09-21T19:30:02.869Z,2026/09/22 04:20,,,0.600,サーバー(国交省 川の防災情報)
kw02,2026-09-21T19:30:02.999Z,2026/09/22 04:20,,,0.370,サーバー(国交省 川の防災情報)
kw03,2026-09-21T19:30:03.003Z,2026/09/22 04:20,,,1.210,サーバー(国交省 川の防災情報)
kw04,2026-09-21T19:30:03.018Z,2026/09/22 04:20,,,0.840,サーバー(国交省 川の防災情報)
kw05,2026-09-21T19:30:03.042Z,2026/09/21 09:00,,,-1.260,サーバー(国交省 川の防災情報)
kw06,2026-09-21T19:30:03.792Z,2026/09/21 09:00,,,-2.350,サーバー(国交省 川の防災情報)
kw07,2026-09-21T19:30:03.820Z,2026/09/21 09:00,,,-4.190,サーバー(国交省 川の防災情報)
kw08,2026-09-21T19:30:03.828Z,2026/09/22 04:20,,,1.350,サーバー(国交省 川の防災情報)
kw09,2026-09-21T19:30:03.845Z,2026/09/21 10:00,,,-4.040,サーバー(国交省 川の防災情報)
kw10,2026-09-21T19:30:04.335Z,2026/09/22 04:20,,,0.310,サーバー(国交省 川の防災情報)
kw11,2026-09-21T19:30:04.349Z,2026/09/22 04:20,,,2.130,サーバー(国交省 川の防災情報)
kw01,2026-09-21T19:40:00.663Z,2026/09/22 04:30,,,0.610,サーバー(国交省 川の防災情報)
kw02,2026-09-21T19:40:00.721Z,2026/09/22 04:30,,,0.370,サーバー(国交省 川の防災情報)
kw03,2026-09-21T19:40:00.723Z,2026/09/22 04:30,,,1.220,サーバー(国交省 川の防災情報)
kw04,2026-09-21T19:40:00.724Z,2026/09/22 04:30,,,0.840,サーバー(国交省 川の防災情報)
kw05,2026-09-21T19:40:00.725Z,2026/09/21 09:00,,,-1.260,サーバー(国交省 川の防災情報)
kw06,2026-09-21T19:40:01.565Z,2026/09/21 09:00,,,-2.350,サーバー(国交省 川の防災情報)
kw07,2026-09-21T19:40:01.610Z,2026/09/21 09:00,,,-4.190,サーバー(国交省 川の防災情報)
kw08,2026-09-21T19:40:01.663Z,2026/09/22 04:30,,,1.330,サーバー(国交省 川の防災情報)
kw09,2026-09-21T19:40:01.894Z,2026/09/21 10:00,,,-4.040,サーバー(国交省 川の防災情報)
kw10,2026-09-21T19:40:02.020Z,2026/09/22 04:30,,,0.310,サーバー(国交省 川の防災情報)
kw11,2026-09-21T19:40:02.040Z,2026/09/22 04:30,,,2.100,サーバー(国交省 川の防災情報)
kw01,2026-09-21T19:50:00.350Z,2026/09/22 04:40,,,0.610,サーバー(国交省 川の防災情報)
kw02,2026-09-21T19:50:00.406Z,2026/09/22 04:40,,,0.370,サーバー(国交省 川の防災情報)
kw03,2026-09-21T19:50:00.407Z,2026/09/22 04:40,,,1.220,サーバー(国交省 川の防災情報)
kw04,2026-09-21T19:50:00.409Z,2026/09/22 04:40,,,0.840,サーバー(国交省 川の防災情報)
kw05,2026-09-21T19:50:00.410Z,2026/09/21 09:00,,,-1.260,サーバー(国交省 川の防災情報)
kw06,2026-09-21T19:50:01.105Z,2026/09/21 09:00,,,-2.350,サーバー(国交省 川の防災情報)
kw07,2026-09-21T19:50:01.261Z,2026/09/21 09:00,,,-4.190,サーバー(国交省 川の防災情報)
kw08,2026-09-21T19:50:01.449Z,2026/09/22 04:40,,,1.300,サーバー(国交省 川の防災情報)
kw09,2026-09-21T19:50:01.480Z,2026/09/21 10:00,,,-4.040,サーバー(国交省 川の防災情報)
kw10,2026-09-21T19:50:01.527Z,2026/09/22 04:40,,,0.300,サーバー(国交省 川の防災情報)
kw11,2026-09-21T19:50:01.706Z,2026/09/22 04:40,,,2.080,サーバー(国交省 川の防災情報)
cam02,2026-09-21T20:00:00.652Z,2026-09-22 04:50:06,,11.842,2.260,サーバー(直接取得)
cam03,2026-09-21T20:00:00.653Z,2026-09-22 04:50:13,,11.750,-4.580,サーバー(直接取得)
cam04,2026-09-21T20:00:00.654Z,2026-09-22 04:50:06,,11.983,1.820,サーバー(直接取得)
cam08,2026-09-21T20:00:00.655Z,2026-09-22 04:50:21,,11.895,0.160,サーバー(直接取得)
cam09,2026-09-21T20:00:01.226Z,2026-09-22 04:50:15,,11.904,0.300,サーバー(直接取得)
cam11,2026-09-21T20:00:01.229Z,2026-09-22 04:50:07,,12.031,0.546,サーバー(直接取得)
cam12,2026-09-21T20:00:01.368Z,2026-09-22 04:50:07,,12.023,-0.061,サーバー(直接取得)
cam13,2026-09-21T20:00:01.409Z,2026-09-22 04:50:06,,12.185,0.052,サーバー(直接取得)
cam14,2026-09-21T20:00:01.450Z,2026-09-22 04:50:15,,11.728,0.047,サーバー(直接取得)
cam36,2026-09-21T20:00:01.464Z,2026-09-22 04:50:07,,12.216,0.030,サーバー(直接取得)
cam39,2026-09-21T20:00:01.479Z,2026-09-22 04:58:06,,13.407,0.061,サーバー(直接取得)
cam40,2026-09-21T20:00:01.632Z,2026-09-22 04:50:07,,12.159,0.415,サーバー(直接取得)
cam41,2026-09-21T20:00:01.708Z,2026-09-22 04:50:04,,12.339,0.145,サーバー(直接取得)
cam42,2026-09-21T20:00:01.820Z,2026-09-22 04:50:11,,12.198,0.440,サーバー(直接取得)
cam43,2026-09-21T20:00:01.822Z,2026-09-22 04:50:13,,11.095,0.520,サーバー(直接取得)
cam44,2026-09-21T20:00:01.870Z,2026-09-22 04:50:03,,12.124,0.170,サーバー(直接取得)
cam45,2026-09-21T20:00:01.937Z,2026-09-22 04:50:03,,12.036,0.370,サーバー(直接取得)
cam46,2026-09-21T20:00:02.110Z,2026-09-22 04:50:11,,12.115,0.630,サーバー(直接取得)
cam47,2026-09-21T20:00:02.184Z,2026-09-22 04:50:07,,11.895,0.391,サーバー(直接取得)
cam48,2026-09-21T20:00:02.230Z,2026-09-22 04:50:03,,13.759,-15.330,サーバー(直接取得)
cam50,2026-09-21T20:00:02.281Z,2026-09-22 04:59:00,,13.504,0.190,サーバー(直接取得)
cam51,2026-09-21T20:00:02.310Z,2026-09-22 04:58:15,,13.623,0.110,サーバー(直接取得)
cam52,2026-09-21T20:00:02.567Z,2026-09-22 04:50:16,,11.794,0.360,サーバー(直接取得)
cam53,2026-09-21T20:00:02.798Z,2026-09-22 04:40:07,,12.062,0.150,サーバー(直接取得)
cam54,2026-09-21T20:00:02.823Z,2026-09-22 04:50:20,,12.229,0.070,サーバー(直接取得)
cam55,2026-09-21T20:00:02.845Z,2026-09-22 04:50:21,,12.629,0.720,サーバー(直接取得)
kw01,2026-09-21T20:00:02.974Z,2026/09/22 04:50,,,0.610,サーバー(国交省 川の防災情報)
kw02,2026-09-21T20:00:03.006Z,2026/09/22 04:50,,,0.370,サーバー(国交省 川の防災情報)
kw03,2026-09-21T20:00:03.053Z,2026/09/22 04:50,,,1.220,サーバー(国交省 川の防災情報)
kw04,2026-09-21T20:00:03.078Z,2026/09/22 04:50,,,0.840,サーバー(国交省 川の防災情報)
kw05,2026-09-21T20:00:03.210Z,2026/09/21 09:00,,,-1.260,サーバー(国交省 川の防災情報)
kw06,2026-09-21T20:00:03.871Z,2026/09/21 09:00,,,-2.350,サーバー(国交省 川の防災情報)
kw07,2026-09-21T20:00:03.930Z,2026/09/21 09:00,,,-4.190,サーバー(国交省 川の防災情報)
kw08,2026-09-21T20:00:04.051Z,2026/09/22 04:50,,,1.280,サーバー(国交省 川の防災情報)
kw09,2026-09-21T20:00:04.079Z,2026/09/21 10:00,,,-4.040,サーバー(国交省 川の防災情報)
kw10,2026-09-21T20:00:04.308Z,2026/09/22 04:50,,,0.300,サーバー(国交省 川の防災情報)
kw11,2026-09-21T20:00:04.531Z,2026/09/22 04:50,,,2.060,サーバー(国交省 川の防災情報)
kw01,2026-09-21T20:10:00.590Z,2026/09/22 05:00,,,0.610,サーバー(国交省 川の防災情報)
kw02,2026-09-21T20:10:00.646Z,2026/09/22 05:00,,,0.370,サーバー(国交省 川の防災情報)
kw03,2026-09-21T20:10:00.647Z,2026/09/22 05:00,,,1.220,サーバー(国交省 川の防災情報)
kw04,2026-09-21T20:10:00.648Z,2026/09/22 05:00,,,0.840,サーバー(国交省 川の防災情報)
kw05,2026-09-21T20:10:00.649Z,2026/09/21 09:00,,,-1.260,サーバー(国交省 川の防災情報)
kw06,2026-09-21T20:10:01.410Z,2026/09/21 09:00,,,-2.350,サーバー(国交省 川の防災情報)
kw07,2026-09-21T20:10:01.411Z,2026/09/21 09:00,,,-4.190,サーバー(国交省 川の防災情報)
kw08,2026-09-21T20:10:01.438Z,2026/09/22 05:00,,,1.260,サーバー(国交省 川の防災情報)
kw09,2026-09-21T20:10:01.443Z,2026/09/21 10:00,,,-4.040,サーバー(国交省 川の防災情報)
kw10,2026-09-21T20:10:01.537Z,2026/09/22 05:00,,,0.290,サーバー(国交省 川の防災情報)
kw11,2026-09-21T20:10:01.880Z,2026/09/22 05:00,,,2.040,サーバー(国交省 川の防災情報)
kw01,2026-09-21T20:20:00.860Z,2026/09/22 05:10,,,0.610,サーバー(国交省 川の防災情報)
kw02,2026-09-21T20:20:00.915Z,2026/09/22 05:10,,,0.370,サーバー(国交省 川の防災情報)
kw03,2026-09-21T20:20:00.917Z,2026/09/22 05:10,,,1.220,サーバー(国交省 川の防災情報)
kw04,2026-09-21T20:20:00.918Z,2026/09/22 05:10,,,0.840,サーバー(国交省 川の防災情報)
kw05,2026-09-21T20:20:00.919Z,2026/09/21 09:00,,,-1.260,サーバー(国交省 川の防災情報)
kw06,2026-09-21T20:20:01.642Z,2026/09/21 09:00,,,-2.350,サーバー(国交省 川の防災情報)
kw07,2026-09-21T20:20:01.733Z,2026/09/21 09:00,,,-4.190,サーバー(国交省 川の防災情報)
kw08,2026-09-21T20:20:01.929Z,2026/09/22 05:10,,,1.240,サーバー(国交省 川の防災情報)
kw09,2026-09-21T20:20:01.955Z,2026/09/21 10:00,,,-4.040,サーバー(国交省 川の防災情報)
kw10,2026-09-21T20:20:02.089Z,2026/09/22 05:10,,,0.290,サーバー(国交省 川の防災情報)
kw11,2026-09-21T20:20:02.119Z,2026/09/22 05:10,,,2.020,サーバー(国交省 川の防災情報)
cam02,2026-09-21T20:30:00.304Z,2026-09-22 05:20:07,,11.917,2.180,サーバー(直接取得)
cam03,2026-09-21T20:30:00.305Z,2026-09-22 05:20:15,,11.746,-4.510,サーバー(直接取得)
cam04,2026-09-21T20:30:00.306Z,2026-09-22 05:20:07,,12.058,1.750,サーバー(直接取得)
cam08,2026-09-21T20:30:00.307Z,2026-09-22 05:20:21,,11.987,0.130,サーバー(直接取得)
cam09,2026-09-21T20:30:00.910Z,2026-09-22 05:20:16,,12.001,0.300,サーバー(直接取得)
cam11,2026-09-21T20:30:00.912Z,2026-09-22 05:20:06,,12.128,0.518,サーバー(直接取得)
cam12,2026-09-21T20:30:00.999Z,2026-09-22 05:20:07,,12.027,-0.059,サーバー(直接取得)
cam13,2026-09-21T20:30:01.001Z,2026-09-22 05:20:07,,12.194,0.054,サーバー(直接取得)
cam14,2026-09-21T20:30:01.182Z,2026-09-22 05:20:16,,11.829,0.057,サーバー(直接取得)
cam36,2026-09-21T20:30:01.182Z,2026-09-22 05:20:07,,12.286,0.030,サーバー(直接取得)
cam39,2026-09-21T20:30:01.189Z,2026-09-22 05:28:06,,13.381,0.063,サーバー(直接取得)
cam40,2026-09-21T20:30:01.211Z,2026-09-22 05:20:07,,12.234,0.413,サーバー(直接取得)
cam41,2026-09-21T20:30:01.220Z,2026-09-22 05:20:04,,12.335,0.147,サーバー(直接取得)
cam42,2026-09-21T20:30:01.394Z,2026-09-22 05:20:15,,12.190,0.440,サーバー(直接取得)
cam43,2026-09-21T20:30:01.422Z,2026-09-22 05:20:14,,11.187,0.520,サーバー(直接取得)
cam44,2026-09-21T20:30:01.427Z,2026-09-22 05:20:03,,12.119,0.170,サーバー(直接取得)
cam45,2026-09-21T20:30:01.437Z,2026-09-22 05:20:03,,12.049,0.370,サーバー(直接取得)
cam46,2026-09-21T20:30:01.448Z,2026-09-22 05:20:13,,12.194,0.630,サーバー(直接取得)
cam47,2026-09-21T20:30:01.664Z,2026-09-22 05:20:07,,11.974,0.393,サーバー(直接取得)
cam48,2026-09-21T20:30:01.689Z,2026-09-22 05:20:03,,13.741,-15.300,サーバー(直接取得)
cam50,2026-09-21T20:30:01.749Z,2026-09-22 05:29:00,,13.504,0.190,サーバー(直接取得)
cam51,2026-09-21T20:30:01.845Z,2026-09-22 05:28:14,,13.623,0.120,サーバー(直接取得)
cam52,2026-09-21T20:30:01.848Z,2026-09-22 05:20:22,,11.895,0.360,サーバー(直接取得)
cam53,2026-09-21T20:30:02.136Z,2026-09-22 05:20:08,,12.071,0.140,サーバー(直接取得)
cam54,2026-09-21T20:30:02.173Z,2026-09-22 05:20:20,,12.225,0.070,サーバー(直接取得)
cam55,2026-09-21T20:30:02.218Z,2026-09-22 05:20:21,,12.576,0.720,サーバー(直接取得)
kw01,2026-09-21T20:30:02.328Z,2026/09/22 05:20,,,0.610,サーバー(国交省 川の防災情報)
kw02,2026-09-21T20:30:02.441Z,2026/09/22 05:20,,,0.370,サーバー(国交省 川の防災情報)
kw03,2026-09-21T20:30:02.469Z,2026/09/22 05:20,,,1.220,サーバー(国交省 川の防災情報)
kw04,2026-09-21T20:30:02.483Z,2026/09/22 05:20,,,0.840,サーバー(国交省 川の防災情報)
kw05,2026-09-21T20:30:03.032Z,2026/09/21 09:00,,,-1.260,サーバー(国交省 川の防災情報)
kw06,2026-09-21T20:30:03.050Z,2026/09/21 09:00,,,-2.350,サーバー(国交省 川の防災情報)
kw07,2026-09-21T20:30:03.064Z,2026/09/21 09:00,,,-4.190,サーバー(国交省 川の防災情報)
kw08,2026-09-21T20:30:03.084Z,2026/09/22 05:20,,,1.220,サーバー(国交省 川の防災情報)
kw09,2026-09-21T20:30:03.499Z,2026/09/21 10:00,,,-4.040,サーバー(国交省 川の防災情報)
kw10,2026-09-21T20:30:03.500Z,2026/09/22 05:20,,,0.290,サーバー(国交省 川の防災情報)
kw11,2026-09-21T20:30:03.523Z,2026/09/22 05:20,,,2.010,サーバー(国交省 川の防災情報)
kw01,2026-09-21T20:40:00.969Z,2026/09/22 05:30,,,0.610,サーバー(国交省 川の防災情報)
kw02,2026-09-21T20:40:01.025Z,2026/09/22 05:30,,,0.370,サーバー(国交省 川の防災情報)
kw03,2026-09-21T20:40:01.026Z,2026/09/22 05:30,,,1.220,サーバー(国交省 川の防災情報)
kw04,2026-09-21T20:40:01.027Z,2026/09/22 05:30,,,0.840,サーバー(国交省 川の防災情報)
kw05,2026-09-21T20:40:01.028Z,2026/09/21 09:00,,,-1.260,サーバー(国交省 川の防災情報)
kw06,2026-09-21T20:40:01.825Z,2026/09/21 09:00,,,-2.350,サーバー(国交省 川の防災情報)
kw07,2026-09-21T20:40:01.847Z,2026/09/21 09:00,,,-4.190,サーバー(国交省 川の防災情報)
kw08,2026-09-21T20:40:02.210Z,2026/09/22 05:30,,,1.200,サーバー(国交省 川の防災情報)
kw09,2026-09-21T20:40:02.215Z,2026/09/21 10:00,,,-4.040,サーバー(国交省 川の防災情報)
kw10,2026-09-21T20:40:02.277Z,2026/09/22 05:30,,,0.290,サーバー(国交省 川の防災情報)
kw11,2026-09-21T20:40:02.317Z,2026/09/22 05:30,,,2.000,サーバー(国交省 川の防災情報)
kw01,2026-09-21T20:50:00.585Z,2026/09/22 05:40,,,0.610,サーバー(国交省 川の防災情報)
kw02,2026-09-21T20:50:00.629Z,2026/09/22 05:40,,,0.380,サーバー(国交省 川の防災情報)
kw03,2026-09-21T20:50:00.630Z,2026/09/22 05:40,,,1.220,サーバー(国交省 川の防災情報)
kw04,2026-09-21T20:50:00.631Z,2026/09/22 05:40,,,0.830,サーバー(国交省 川の防災情報)
kw05,2026-09-21T20:50:00.632Z,2026/09/21 09:00,,,-1.260,サーバー(国交省 川の防災情報)
kw06,2026-09-21T20:50:01.904Z,2026/09/21 09:00,,,-2.350,サーバー(国交省 川の防災情報)
kw07,2026-09-21T20:50:01.938Z,2026/09/21 09:00,,,-4.190,サーバー(国交省 川の防災情報)
kw08,2026-09-21T20:50:02.016Z,2026/09/22 05:40,,,1.180,サーバー(国交省 川の防災情報)
kw09,2026-09-21T20:50:02.068Z,2026/09/21 10:00,,,-4.040,サーバー(国交省 川の防災情報)
kw10,2026-09-21T20:50:02.162Z,2026/09/22 05:40,,,0.280,サーバー(国交省 川の防災情報)
kw11,2026-09-21T20:50:02.399Z,2026/09/22 05:40,,,1.970,サーバー(国交省 川の防災情報)
kw01,2026-09-21T21:00:00.785Z,2026/09/22 05:50,,,0.610,サーバー(国交省 川の防災情報)
kw02,2026-09-21T21:00:00.829Z,2026/09/22 05:50,,,0.370,サーバー(国交省 川の防災情報)
kw03,2026-09-21T21:00:00.830Z,2026/09/22 05:50,,,1.220,サーバー(国交省 川の防災情報)
kw04,2026-09-21T21:00:00.831Z,2026/09/22 05:50,,,0.840,サーバー(国交省 川の防災情報)
kw05,2026-09-21T21:00:00.832Z,2026/09/21 09:00,,,-1.260,サーバー(国交省 川の防災情報)
kw06,2026-09-21T21:00:01.672Z,2026/09/21 09:00,,,-2.350,サーバー(国交省 川の防災情報)
kw07,2026-09-21T21:00:01.978Z,2026/09/21 09:00,,,-4.190,サーバー(国交省 川の防災情報)
kw08,2026-09-21T21:00:02.037Z,2026/09/22 05:50,,,1.160,サーバー(国交省 川の防災情報)
kw09,2026-09-21T21:00:02.074Z,2026/09/21 10:00,,,-4.040,サーバー(国交省 川の防災情報)
kw10,2026-09-21T21:00:02.093Z,2026/09/22 05:50,,,0.280,サーバー(国交省 川の防災情報)
kw11,2026-09-21T21:00:02.101Z,2026/09/22 05:50,,,1.950,サーバー(国交省 川の防災情報)
cam02,2026-09-21T21:10:00.549Z,2026-09-22 06:00:07,,11.935,2.080,サーバー(直接取得)
cam03,2026-09-21T21:10:00.550Z,2026-09-22 06:00:14,,11.759,-4.340,サーバー(直接取得)
cam04,2026-09-21T21:10:00.551Z,2026-09-22 06:00:07,,12.093,1.650,サーバー(直接取得)
cam08,2026-09-21T21:10:00.551Z,2026-09-22 05:30:21,,11.992,0.140,サーバー(直接取得)
cam09,2026-09-21T21:10:01.292Z,2026-09-22 06:00:21,,12.040,0.300,サーバー(直接取得)
cam11,2026-09-21T21:10:01.326Z,2026-09-22 06:00:06,,12.194,0.486,サーバー(直接取得)
cam12,2026-09-21T21:10:01.631Z,2026-09-22 06:00:07,,12.058,-0.053,サーバー(直接取得)
cam13,2026-09-21T21:10:01.893Z,2026-09-22 06:00:07,,12.225,-0.520,サーバー(直接取得)
cam14,2026-09-21T21:10:01.977Z,2026-09-22 06:00:18,,11.847,0.057,サーバー(直接取得)
cam36,2026-09-21T21:10:02.015Z,2026-09-22 06:00:06,,12.370,0.030,サーバー(直接取得)
cam39,2026-09-21T21:10:02.147Z,2026-09-22 06:08:06,,13.385,0.057,サーバー(直接取得)
cam40,2026-09-21T21:10:02.254Z,2026-09-22 06:00:07,,12.317,0.414,サーバー(直接取得)
cam41,2026-09-21T21:10:02.278Z,2026-09-22 06:00:03,,12.352,0.148,サーバー(直接取得)
cam42,2026-09-21T21:10:02.442Z,2026-09-22 06:00:15,,12.216,0.440,サーバー(直接取得)
cam43,2026-09-21T21:10:02.534Z,2026-09-22 06:02:41,,11.192,0.520,サーバー(直接取得)
cam44,2026-09-21T21:10:02.564Z,2026-09-22 06:00:03,,12.115,0.170,サーバー(直接取得)
cam45,2026-09-21T21:10:02.690Z,2026-09-22 06:00:04,,12.049,0.370,サーバー(直接取得)
cam46,2026-09-21T21:10:02.781Z,2026-09-22 06:00:17,,12.242,0.690,サーバー(直接取得)
cam47,2026-09-21T21:10:02.822Z,2026-09-22 05:50:07,,11.996,0.396,サーバー(直接取得)
cam48,2026-09-21T21:10:02.932Z,2026-09-22 06:00:03,,13.755,-15.380,サーバー(直接取得)
cam50,2026-09-21T21:10:03.032Z,2026-09-22 06:09:00,,13.504,0.200,サーバー(直接取得)
cam51,2026-09-21T21:10:03.081Z,2026-09-22 06:08:17,,13.601,0.110,サーバー(直接取得)
cam52,2026-09-21T21:10:03.247Z,2026-09-22 06:00:26,,11.913,0.360,サーバー(直接取得)
cam53,2026-09-21T21:10:03.278Z,2026-09-22 05:50:25,,12.146,0.140,サーバー(直接取得)
cam54,2026-09-21T21:10:03.337Z,2026-09-22 06:00:20,,12.251,0.060,サーバー(直接取得)
cam55,2026-09-21T21:10:03.459Z,2026-09-22 06:00:21,,12.629,0.710,サーバー(直接取得)
kw01,2026-09-21T21:10:03.484Z,2026/09/22 06:00,,,0.610,サーバー(国交省 川の防災情報)
kw02,2026-09-21T21:10:03.495Z,2026/09/22 06:00,,,0.370,サーバー(国交省 川の防災情報)
kw03,2026-09-21T21:10:03.525Z,2026/09/22 06:00,,,1.220,サーバー(国交省 川の防災情報)
kw04,2026-09-21T21:10:03.573Z,2026/09/22 06:00,,,0.840,サーバー(国交省 川の防災情報)
kw05,2026-09-21T21:10:03.703Z,2026/09/21 09:00,,,-1.260,サーバー(国交省 川の防災情報)
kw06,2026-09-21T21:10:04.249Z,2026/09/21 09:00,,,-2.350,サーバー(国交省 川の防災情報)
kw07,2026-09-21T21:10:04.270Z,2026/09/21 09:00,,,-4.190,サーバー(国交省 川の防災情報)
kw08,2026-09-21T21:10:04.298Z,2026/09/22 06:00,,,1.140,サーバー(国交省 川の防災情報)
kw09,2026-09-21T21:10:04.490Z,2026/09/21 10:00,,,-4.040,サーバー(国交省 川の防災情報)
kw10,2026-09-21T21:10:04.501Z,2026/09/22 06:00,,,0.280,サーバー(国交省 川の防災情報)
kw11,2026-09-21T21:10:04.653Z,2026/09/22 06:00,,,1.930,サーバー(国交省 川の防災情報)
kw01,2026-09-21T21:20:00.656Z,2026/09/22 06:10,,,0.600,サーバー(国交省 川の防災情報)
kw02,2026-09-21T21:20:00.698Z,2026/09/22 06:10,,,0.370,サーバー(国交省 川の防災情報)
kw03,2026-09-21T21:20:00.699Z,2026/09/22 06:10,,,1.220,サーバー(国交省 川の防災情報)
kw04,2026-09-21T21:20:00.700Z,2026/09/22 06:10,,,0.840,サーバー(国交省 川の防災情報)
kw05,2026-09-21T21:20:00.701Z,2026/09/21 09:00,,,-1.260,サーバー(国交省 川の防災情報)
kw06,2026-09-21T21:20:01.432Z,2026/09/21 09:00,,,-2.350,サーバー(国交省 川の防災情報)
kw07,2026-09-21T21:20:01.433Z,2026/09/21 09:00,,,-4.190,サーバー(国交省 川の防災情報)
kw08,2026-09-21T21:20:01.439Z,2026/09/22 06:10,,,1.120,サーバー(国交省 川の防災情報)
kw09,2026-09-21T21:20:01.475Z,2026/09/21 10:00,,,-4.040,サーバー(国交省 川の防災情報)
kw10,2026-09-21T21:20:01.730Z,2026/09/22 06:10,,,0.280,サーバー(国交省 川の防災情報)
kw11,2026-09-21T21:20:01.844Z,2026/09/22 06:10,,,1.900,サーバー(国交省 川の防災情報)
kw01,2026-09-21T21:30:00.105Z,2026/09/22 06:20,,,0.590,サーバー(国交省 川の防災情報)
kw02,2026-09-21T21:30:00.148Z,2026/09/22 06:20,,,0.370,サーバー(国交省 川の防災情報)
kw03,2026-09-21T21:30:00.150Z,2026/09/22 06:20,,,1.220,サーバー(国交省 川の防災情報)
kw04,2026-09-21T21:30:00.150Z,2026/09/22 06:20,,,0.840,サーバー(国交省 川の防災情報)
kw05,2026-09-21T21:30:00.151Z,2026/09/21 09:00,,,-1.260,サーバー(国交省 川の防災情報)
kw06,2026-09-21T21:30:01.027Z,2026/09/21 09:00,,,-2.350,サーバー(国交省 川の防災情報)
kw07,2026-09-21T21:30:01.252Z,2026/09/21 09:00,,,-4.190,サーバー(国交省 川の防災情報)
kw08,2026-09-21T21:30:01.364Z,2026/09/22 06:20,,,1.110,サーバー(国交省 川の防災情報)
kw09,2026-09-21T21:30:01.387Z,2026/09/21 10:00,,,-4.040,サーバー(国交省 川の防災情報)
kw10,2026-09-21T21:30:01.468Z,2026/09/22 06:20,,,0.280,サーバー(国交省 川の防災情報)
kw11,2026-09-21T21:30:01.679Z,2026/09/22 06:20,,,1.880,サーバー(国交省 川の防災情報)
cam02,2026-09-21T21:40:00.886Z,2026-09-22 06:30:07,,12.023,2.010,サーバー(直接取得)
cam03,2026-09-21T21:40:00.887Z,2026-09-22 06:30:15,,11.781,-4.210,サーバー(直接取得)
cam04,2026-09-21T21:40:00.887Z,2026-09-22 06:30:06,,12.256,1.570,サーバー(直接取得)
cam08,2026-09-21T21:40:00.888Z,2026-09-22 06:30:21,,12.036,0.160,サーバー(直接取得)
cam09,2026-09-21T21:40:03.315Z,2026-09-22 06:30:24,,12.137,0.300,サーバー(直接取得)
cam11,2026-09-21T21:40:03.323Z,2026-09-22 06:30:06,,12.379,0.540,サーバー(直接取得)
cam12,2026-09-21T21:40:03.533Z,2026-09-22 06:30:07,,12.176,-0.056,サーバー(直接取得)
cam13,2026-09-21T21:40:03.567Z,2026-09-22 06:20:07,,12.260,0.048,サーバー(直接取得)
cam14,2026-09-21T21:40:03.579Z,2026-09-22 06:30:19,,11.930,0.037,サーバー(直接取得)
cam36,2026-09-21T21:40:03.600Z,2026-09-22 06:30:06,,12.638,0.024,サーバー(直接取得)
cam39,2026-09-21T21:40:03.784Z,2026-09-22 06:38:06,,13.381,0.052,サーバー(直接取得)
cam40,2026-09-21T21:40:03.816Z,2026-09-22 06:30:07,,12.515,0.408,サーバー(直接取得)
cam41,2026-09-21T21:40:03.831Z,2026-09-22 06:30:03,,12.365,0.146,サーバー(直接取得)
cam42,2026-09-21T21:40:03.848Z,2026-09-22 06:30:20,,12.229,0.440,サーバー(直接取得)
cam43,2026-09-21T21:40:03.997Z,2026-09-22 06:30:17,,11.201,0.520,サーバー(直接取得)
cam44,2026-09-21T21:40:04.028Z,2026-09-22 06:30:03,,12.172,0.170,サーバー(直接取得)
cam45,2026-09-21T21:40:04.055Z,2026-09-22 06:30:03,,12.040,0.370,サーバー(直接取得)
cam46,2026-09-21T21:40:04.075Z,2026-09-22 06:30:16,,12.678,0.680,サーバー(直接取得)
cam47,2026-09-21T21:40:04.088Z,2026-09-22 06:30:07,,12.343,0.427,サーバー(直接取得)
cam48,2026-09-21T21:40:04.244Z,2026-09-22 06:30:03,,13.746,-15.420,サーバー(直接取得)
cam50,2026-09-21T21:40:04.275Z,2026-09-22 06:39:00,,13.504,0.190,サーバー(直接取得)
cam51,2026-09-21T21:40:04.299Z,2026-09-22 06:38:19,,13.605,0.100,サーバー(直接取得)
cam52,2026-09-21T21:40:04.315Z,2026-09-22 06:30:17,,12.005,0.340,サーバー(直接取得)
cam53,2026-09-21T21:40:04.345Z,2026-09-22 06:30:25,,12.251,0.140,サーバー(直接取得)
cam54,2026-09-21T21:40:04.491Z,2026-09-22 06:30:21,,12.260,0.070,サーバー(直接取得)
cam55,2026-09-21T21:40:04.518Z,2026-09-22 06:30:21,,12.647,0.720,サーバー(直接取得)
kw01,2026-09-21T21:40:04.556Z,2026/09/22 06:30,,,0.600,サーバー(国交省 川の防災情報)
kw02,2026-09-21T21:40:04.561Z,2026/09/22 06:30,,,0.370,サーバー(国交省 川の防災情報)
kw03,2026-09-21T21:40:04.582Z,2026/09/22 06:30,,,1.220,サーバー(国交省 川の防災情報)
kw04,2026-09-21T21:40:04.779Z,2026/09/22 06:30,,,0.830,サーバー(国交省 川の防災情報)
kw05,2026-09-21T21:40:04.783Z,2026/09/21 09:00,,,-1.260,サーバー(国交省 川の防災情報)
kw06,2026-09-21T21:40:05.356Z,2026/09/21 09:00,,,-2.350,サーバー(国交省 川の防災情報)
kw07,2026-09-21T21:40:05.358Z,2026/09/21 09:00,,,-4.190,サーバー(国交省 川の防災情報)
kw08,2026-09-21T21:40:05.391Z,2026/09/22 06:30,,,1.080,サーバー(国交省 川の防災情報)
kw09,2026-09-21T21:40:05.428Z,2026/09/21 10:00,,,-4.040,サーバー(国交省 川の防災情報)
kw10,2026-09-21T21:40:05.448Z,2026/09/22 06:30,,,0.280,サーバー(国交省 川の防災情報)
kw11,2026-09-21T21:40:05.778Z,2026/09/22 06:30,,,1.850,サーバー(国交省 川の防災情報)
kw01,2026-09-21T21:50:00.876Z,2026/09/22 06:40,,,0.600,サーバー(国交省 川の防災情報)
kw02,2026-09-21T21:50:00.921Z,2026/09/22 06:40,,,0.360,サーバー(国交省 川の防災情報)
kw03,2026-09-21T21:50:00.922Z,2026/09/22 06:40,,,1.220,サーバー(国交省 川の防災情報)
kw04,2026-09-21T21:50:00.923Z,2026/09/22 06:40,,,0.830,サーバー(国交省 川の防災情報)
kw05,2026-09-21T21:50:00.924Z,2026/09/21 09:00,,,-1.260,サーバー(国交省 川の防災情報)
kw06,2026-09-21T21:50:01.644Z,2026/09/21 09:00,,,-2.350,サーバー(国交省 川の防災情報)
kw07,2026-09-21T21:50:01.775Z,2026/09/21 09:00,,,-4.190,サーバー(国交省 川の防災情報)
kw08,2026-09-21T21:50:01.988Z,2026/09/22 06:40,,,1.070,サーバー(国交省 川の防災情報)
kw09,2026-09-21T21:50:02.003Z,2026/09/21 10:00,,,-4.040,サーバー(国交省 川の防災情報)
kw10,2026-09-21T21:50:02.037Z,2026/09/22 06:40,,,0.280,サーバー(国交省 川の防災情報)
kw11,2026-09-21T21:50:02.061Z,2026/09/22 06:40,,,1.840,サーバー(国交省 川の防災情報)
kw01,2026-09-21T22:00:00.213Z,2026/09/22 06:50,,,0.600,サーバー(国交省 川の防災情報)
kw02,2026-09-21T22:00:00.258Z,2026/09/22 06:50,,,0.360,サーバー(国交省 川の防災情報)
kw03,2026-09-21T22:00:00.259Z,2026/09/22 06:50,,,1.220,サーバー(国交省 川の防災情報)
kw04,2026-09-21T22:00:00.260Z,2026/09/22 06:50,,,0.820,サーバー(国交省 川の防災情報)
kw05,2026-09-21T22:00:00.261Z,2026/09/21 09:00,,,-1.260,サーバー(国交省 川の防災情報)
kw06,2026-09-21T22:00:01.122Z,2026/09/21 09:00,,,-2.350,サーバー(国交省 川の防災情報)
kw07,2026-09-21T22:00:01.433Z,2026/09/21 09:00,,,-4.190,サーバー(国交省 川の防災情報)
kw08,2026-09-21T22:00:01.443Z,2026/09/22 06:50,,,1.050,サーバー(国交省 川の防災情報)
kw09,2026-09-21T22:00:01.452Z,2026/09/21 10:00,,,-4.040,サーバー(国交省 川の防災情報)
kw10,2026-09-21T22:00:01.493Z,2026/09/22 06:50,,,0.280,サーバー(国交省 川の防災情報)
kw11,2026-09-21T22:00:01.666Z,2026/09/22 06:50,,,1.810,サーバー(国交省 川の防災情報)
cam02,2026-09-21T22:10:00.274Z,2026-09-22 07:00:07,,12.343,1.920,サーバー(直接取得)
cam03,2026-09-21T22:10:00.275Z,2026-09-22 07:00:14,,11.790,-4.090,サーバー(直接取得)
cam04,2026-09-21T22:10:00.276Z,2026-09-22 07:00:07,,12.770,1.480,サーバー(直接取得)
cam08,2026-09-21T22:10:00.277Z,2026-09-22 07:00:22,,12.146,0.120,サーバー(直接取得)
cam09,2026-09-21T22:10:01.001Z,2026-09-22 07:00:21,,12.489,0.280,サーバー(直接取得)
cam11,2026-09-21T22:10:01.003Z,2026-09-22 07:00:06,,12.722,0.481,サーバー(直接取得)
cam12,2026-09-21T22:10:01.225Z,2026-09-22 07:00:07,,12.550,-0.074,サーバー(直接取得)
cam13,2026-09-21T22:10:01.230Z,2026-09-22 07:00:07,,12.603,0.031,サーバー(直接取得)
cam14,2026-09-21T22:10:01.240Z,2026-09-22 07:00:20,,11.891,0.037,サーバー(直接取得)
cam36,2026-09-21T22:10:01.266Z,2026-09-22 07:00:06,,12.871,0.018,サーバー(直接取得)
cam39,2026-09-21T22:10:01.524Z,2026-09-22 07:08:06,,13.377,0.040,サーバー(直接取得)
cam40,2026-09-21T22:10:01.564Z,2026-09-22 07:00:07,,12.831,0.404,サーバー(直接取得)
cam41,2026-09-21T22:10:01.577Z,2026-09-22 07:00:03,,12.361,0.149,サーバー(直接取得)
cam42,2026-09-21T22:10:01.586Z,2026-09-22 07:00:14,,12.471,0.440,サーバー(直接取得)
cam43,2026-09-21T22:10:01.720Z,2026-09-22 07:00:16,,11.732,0.500,サーバー(直接取得)
cam44,2026-09-21T22:10:01.878Z,2026-09-22 07:00:03,,12.392,0.170,サーバー(直接取得)
cam45,2026-09-21T22:10:01.893Z,2026-09-22 07:00:03,,12.058,0.370,サーバー(直接取得)
cam46,2026-09-21T22:10:01.897Z,2026-09-22 07:00:18,,12.981,0.780,サーバー(直接取得)
cam47,2026-09-21T22:10:02.017Z,2026-09-22 07:00:07,,12.616,0.490,サーバー(直接取得)
cam48,2026-09-21T22:10:02.221Z,2026-09-22 07:00:03,,13.746,-15.370,サーバー(直接取得)
cam50,2026-09-21T22:10:02.249Z,2026-09-22 07:09:00,,13.504,0.180,サーバー(直接取得)
cam51,2026-09-21T22:10:02.279Z,2026-09-22 07:08:18,,13.605,0.090,サーバー(直接取得)
cam52,2026-09-21T22:10:02.288Z,2026-09-22 07:00:20,,12.282,0.330,サーバー(直接取得)
cam53,2026-09-21T22:10:02.503Z,2026-09-22 07:00:39,,12.467,0.140,サーバー(直接取得)
cam54,2026-09-21T22:10:02.517Z,2026-09-22 07:00:21,,12.264,0.070,サーバー(直接取得)
cam55,2026-09-21T22:10:02.533Z,2026-09-22 07:00:21,,12.814,0.720,サーバー(直接取得)
kw01,2026-09-21T22:10:02.543Z,2026/09/22 07:00,,,0.610,サーバー(国交省 川の防災情報)
kw02,2026-09-21T22:10:02.831Z,2026/09/22 07:00,,,0.370,サーバー(国交省 川の防災情報)
kw03,2026-09-21T22:10:02.836Z,2026/09/22 07:00,,,1.220,サーバー(国交省 川の防災情報)
kw04,2026-09-21T22:10:02.857Z,2026/09/22 07:00,,,0.800,サーバー(国交省 川の防災情報)
kw05,2026-09-21T22:10:03.387Z,2026/09/21 09:00,,,-1.260,サーバー(国交省 川の防災情報)
kw06,2026-09-21T22:10:03.444Z,2026/09/21 09:00,,,-2.350,サーバー(国交省 川の防災情報)
kw07,2026-09-21T22:10:03.464Z,2026/09/21 09:00,,,-4.190,サーバー(国交省 川の防災情報)
kw08,2026-09-21T22:10:03.666Z,2026/09/22 07:00,,,1.030,サーバー(国交省 川の防災情報)
kw09,2026-09-21T22:10:03.931Z,2026/09/21 10:00,,,-4.040,サーバー(国交省 川の防災情報)
kw10,2026-09-21T22:10:03.937Z,2026/09/22 07:00,,,0.280,サーバー(国交省 川の防災情報)
kw11,2026-09-21T22:10:03.993Z,2026/09/22 07:00,,,1.810,サーバー(国交省 川の防災情報)
kw01,2026-09-21T22:20:00.812Z,2026/09/22 07:10,,,0.610,サーバー(国交省 川の防災情報)
kw02,2026-09-21T22:20:00.853Z,2026/09/22 07:10,,,0.370,サーバー(国交省 川の防災情報)
kw03,2026-09-21T22:20:00.854Z,2026/09/22 07:10,,,1.220,サーバー(国交省 川の防災情報)
kw04,2026-09-21T22:20:00.855Z,2026/09/22 07:10,,,0.800,サーバー(国交省 川の防災情報)
kw05,2026-09-21T22:20:00.856Z,2026/09/21 09:00,,,-1.260,サーバー(国交省 川の防災情報)
kw06,2026-09-21T22:20:01.656Z,2026/09/21 09:00,,,-2.350,サーバー(国交省 川の防災情報)
kw07,2026-09-21T22:20:01.665Z,2026/09/21 09:00,,,-4.190,サーバー(国交省 川の防災情報)
kw08,2026-09-21T22:20:01.987Z,2026/09/22 07:10,,,0.000,サーバー(国交省 川の防災情報)
kw09,2026-09-21T22:20:02.024Z,2026/09/21 10:00,,,-4.040,サーバー(国交省 川の防災情報)
kw10,2026-09-21T22:20:02.122Z,2026/09/22 07:10,,,0.280,サーバー(国交省 川の防災情報)
kw11,2026-09-21T22:20:02.135Z,2026/09/22 07:10,,,1.780,サーバー(国交省 川の防災情報)
kw01,2026-09-21T22:30:00.178Z,2026/09/22 07:20,,,0.590,サーバー(国交省 川の防災情報)
kw02,2026-09-21T22:30:00.223Z,2026/09/22 07:20,,,0.370,サーバー(国交省 川の防災情報)
kw03,2026-09-21T22:30:00.224Z,2026/09/22 07:20,,,1.220,サーバー(国交省 川の防災情報)
kw04,2026-09-21T22:30:00.225Z,2026/09/22 07:20,,,0.800,サーバー(国交省 川の防災情報)
kw05,2026-09-21T22:30:00.225Z,2026/09/21 09:00,,,-1.260,サーバー(国交省 川の防災情報)
kw06,2026-09-21T22:30:00.996Z,2026/09/21 09:00,,,-2.350,サーバー(国交省 川の防災情報)
kw07,2026-09-21T22:30:01.009Z,2026/09/21 09:00,,,-4.190,サーバー(国交省 川の防災情報)
kw08,2026-09-21T22:30:01.062Z,2026/09/22 07:20,,,0.990,サーバー(国交省 川の防災情報)
kw09,2026-09-21T22:30:01.074Z,2026/09/21 10:00,,,-4.040,サーバー(国交省 川の防災情報)
kw10,2026-09-21T22:30:01.416Z,2026/09/22 07:20,,,0.280,サーバー(国交省 川の防災情報)
kw11,2026-09-21T22:30:01.419Z,2026/09/22 07:20,,,1.780,サーバー(国交省 川の防災情報)
cam02,2026-09-21T22:40:00.721Z,2026-09-22 07:30:07,,12.559,1.820,サーバー(直接取得)
cam03,2026-09-21T22:40:00.722Z,2026-09-22 07:30:12,,11.803,-3.970,サーバー(直接取得)
cam04,2026-09-21T22:40:00.723Z,2026-09-22 07:30:07,,12.897,1.390,サーバー(直接取得)
cam08,2026-09-21T22:40:00.724Z,2026-09-22 07:20:21,,12.308,0.090,サーバー(直接取得)
cam09,2026-09-21T22:40:01.462Z,2026-09-22 07:30:21,,12.625,0.250,サーバー(直接取得)
cam11,2026-09-21T22:40:01.743Z,2026-09-22 07:30:06,,12.902,0.486,サーバー(直接取得)
cam12,2026-09-21T22:40:01.840Z,2026-09-22 07:30:07,,12.730,-0.092,サーバー(直接取得)
cam13,2026-09-21T22:40:01.849Z,2026-09-22 07:30:07,,12.884,0.015,サーバー(直接取得)
cam14,2026-09-21T22:40:01.882Z,2026-09-22 07:30:19,,11.939,0.047,サーバー(直接取得)
cam36,2026-09-21T22:40:02.009Z,2026-09-22 07:30:06,,13.020,0.008,サーバー(直接取得)
cam39,2026-09-21T22:40:02.087Z,2026-09-22 07:38:06,,13.372,0.039,サーバー(直接取得)
cam40,2026-09-21T22:40:02.154Z,2026-09-22 07:30:07,,13.003,0.399,サーバー(直接取得)
cam41,2026-09-21T22:40:02.176Z,2026-09-22 07:30:03,,12.387,0.148,サーバー(直接取得)
cam42,2026-09-21T22:40:02.180Z,2026-09-22 07:30:17,,12.532,0.440,サーバー(直接取得)
cam43,2026-09-21T22:40:02.304Z,2026-09-22 07:30:16,,11.754,0.500,サーバー(直接取得)
cam44,2026-09-21T22:40:02.354Z,2026-09-22 07:30:03,,12.616,0.170,サーバー(直接取得)
cam45,2026-09-21T22:40:02.426Z,2026-09-22 07:30:03,,12.067,0.370,サーバー(直接取得)
cam46,2026-09-21T22:40:02.463Z,2026-09-22 07:30:19,,13.051,0.620,サーバー(直接取得)
cam47,2026-09-21T22:40:02.555Z,2026-09-22 07:30:07,,12.744,0.481,サーバー(直接取得)
cam48,2026-09-21T22:40:02.604Z,2026-09-22 07:30:04,,13.755,-15.330,サーバー(直接取得)
cam50,2026-09-21T22:40:02.677Z,2026-09-22 07:39:00,,13.508,0.170,サーバー(直接取得)
cam51,2026-09-21T22:40:02.709Z,2026-09-22 07:38:20,,13.601,0.070,サーバー(直接取得)
cam52,2026-09-21T22:40:02.904Z,2026-09-22 07:30:20,,12.511,0.320,サーバー(直接取得)
cam53,2026-09-21T22:40:02.921Z,2026-09-22 07:30:22,,12.801,0.130,サーバー(直接取得)
cam54,2026-09-21T22:40:02.927Z,2026-09-22 07:30:21,,12.264,0.070,サーバー(直接取得)
cam55,2026-09-21T22:40:02.961Z,2026-09-22 07:30:21,,13.135,0.720,サーバー(直接取得)
kw01,2026-09-21T22:40:03.157Z,2026/09/22 07:30,,,0.590,サーバー(国交省 川の防災情報)
kw02,2026-09-21T22:40:03.161Z,2026/09/22 07:30,,,0.370,サーバー(国交省 川の防災情報)
kw03,2026-09-21T22:40:03.162Z,2026/09/22 07:30,,,1.220,サーバー(国交省 川の防災情報)
kw04,2026-09-21T22:40:03.182Z,2026/09/22 07:30,,,0.800,サーバー(国交省 川の防災情報)
kw05,2026-09-21T22:40:03.202Z,2026/09/21 09:00,,,-1.260,サーバー(国交省 川の防災情報)
kw06,2026-09-21T22:40:04.188Z,2026/09/21 09:00,,,-2.350,サーバー(国交省 川の防災情報)
kw07,2026-09-21T22:40:04.217Z,2026/09/21 09:00,,,-4.190,サーバー(国交省 川の防災情報)
kw08,2026-09-21T22:40:04.416Z,2026/09/22 07:30,,,0.980,サーバー(国交省 川の防災情報)
kw09,2026-09-21T22:40:04.478Z,2026/09/21 10:00,,,-4.040,サーバー(国交省 川の防災情報)
kw10,2026-09-21T22:40:04.671Z,2026/09/22 07:30,,,0.280,サーバー(国交省 川の防災情報)
kw11,2026-09-21T22:40:04.857Z,2026/09/22 07:30,,,1.760,サーバー(国交省 川の防災情報)
kw01,2026-09-21T22:50:00.586Z,2026/09/22 07:40,,,0.590,サーバー(国交省 川の防災情報)
kw02,2026-09-21T22:50:00.630Z,2026/09/22 07:40,,,0.370,サーバー(国交省 川の防災情報)
kw03,2026-09-21T22:50:00.631Z,2026/09/22 07:40,,,1.220,サーバー(国交省 川の防災情報)
kw04,2026-09-21T22:50:00.632Z,2026/09/22 07:40,,,0.800,サーバー(国交省 川の防災情報)
kw05,2026-09-21T22:50:00.633Z,2026/09/21 09:00,,,-1.260,サーバー(国交省 川の防災情報)
kw06,2026-09-21T22:50:01.681Z,2026/09/21 09:00,,,-2.350,サーバー(国交省 川の防災情報)
kw07,2026-09-21T22:50:01.726Z,2026/09/21 09:00,,,-4.190,サーバー(国交省 川の防災情報)
kw08,2026-09-21T22:50:01.833Z,2026/09/22 07:40,,,0.960,サーバー(国交省 川の防災情報)
kw09,2026-09-21T22:50:01.906Z,2026/09/21 10:00,,,-4.040,サーバー(国交省 川の防災情報)
kw10,2026-09-21T22:50:01.993Z,2026/09/22 07:40,,,0.280,サーバー(国交省 川の防災情報)
kw11,2026-09-21T22:50:02.086Z,2026/09/22 07:40,,,1.750,サーバー(国交省 川の防災情報)
kw01,2026-09-21T23:00:00.495Z,2026/09/22 07:50,,,0.590,サーバー(国交省 川の防災情報)
kw02,2026-09-21T23:00:00.540Z,2026/09/22 07:50,,,0.360,サーバー(国交省 川の防災情報)
kw03,2026-09-21T23:00:00.541Z,2026/09/22 07:50,,,1.210,サーバー(国交省 川の防災情報)
kw04,2026-09-21T23:00:00.542Z,2026/09/22 07:50,,,0.810,サーバー(国交省 川の防災情報)
kw05,2026-09-21T23:00:00.543Z,2026/09/21 09:00,,,-1.260,サーバー(国交省 川の防災情報)
kw06,2026-09-21T23:00:01.327Z,2026/09/21 09:00,,,-2.350,サーバー(国交省 川の防災情報)
kw07,2026-09-21T23:00:01.499Z,2026/09/21 09:00,,,-4.190,サーバー(国交省 川の防災情報)
kw08,2026-09-21T23:00:01.557Z,2026/09/22 07:50,,,0.950,サーバー(国交省 川の防災情報)
kw09,2026-09-21T23:00:01.665Z,2026/09/21 10:00,,,-4.040,サーバー(国交省 川の防災情報)
kw10,2026-09-21T23:00:01.676Z,2026/09/22 07:50,,,0.270,サーバー(国交省 川の防災情報)
kw11,2026-09-21T23:00:01.738Z,2026/09/22 07:50,,,1.730,サーバー(国交省 川の防災情報)
cam02,2026-09-21T23:10:00.672Z,2026-09-22 08:00:07,,12.594,1.750,サーバー(直接取得)
cam03,2026-09-21T23:10:00.673Z,2026-09-22 08:00:11,,11.790,-3.850,サーバー(直接取得)
cam04,2026-09-21T23:10:00.674Z,2026-09-22 08:00:07,,12.981,1.310,サーバー(直接取得)
cam08,2026-09-21T23:10:00.675Z,2026-09-22 08:00:21,,12.638,0.110,サーバー(直接取得)
cam09,2026-09-21T23:10:01.399Z,2026-09-22 08:00:22,,12.792,0.250,サーバー(直接取得)
cam11,2026-09-21T23:10:01.402Z,2026-09-22 08:00:07,,13.016,0.484,サーバー(直接取得)
cam12,2026-09-21T23:10:01.564Z,2026-09-22 08:00:07,,12.853,-0.101,サーバー(直接取得)
cam13,2026-09-21T23:10:01.565Z,2026-09-22 08:00:06,,13.016,-5.703,サーバー(直接取得)
cam14,2026-09-21T23:10:01.648Z,2026-09-22 08:00:20,,12.343,0.057,サーバー(直接取得)
cam36,2026-09-21T23:10:01.658Z,2026-09-22 08:00:07,,13.012,0.005,サーバー(直接取得)
cam39,2026-09-21T23:10:01.781Z,2026-09-22 08:08:06,,13.372,0.032,サーバー(直接取得)
cam40,2026-09-21T23:10:01.843Z,2026-09-22 08:00:07,,13.086,0.395,サーバー(直接取得)
cam41,2026-09-21T23:10:01.869Z,2026-09-22 08:00:03,,12.409,0.147,サーバー(直接取得)
cam42,2026-09-21T23:10:02.062Z,2026-09-22 08:00:20,,12.915,0.440,サーバー(直接取得)
cam43,2026-09-21T23:10:02.123Z,2026-09-22 08:00:19,,11.987,0.510,サーバー(直接取得)
cam44,2026-09-21T23:10:02.382Z,2026-09-22 08:00:03,,12.730,0.170,サーバー(直接取得)
cam45,2026-09-21T23:10:02.384Z,2026-09-22 08:00:03,,12.730,0.370,サーバー(直接取得)
cam46,2026-09-21T23:10:02.385Z,2026-09-22 08:00:19,,13.100,0.600,サーバー(直接取得)
cam47,2026-09-21T23:10:02.421Z,2026-09-22 08:00:07,,12.722,0.469,サーバー(直接取得)
cam48,2026-09-21T23:10:02.545Z,2026-09-22 08:00:03,,13.768,-15.400,サーバー(直接取得)
cam50,2026-09-21T23:10:02.627Z,2026-09-22 08:09:00,,13.508,0.160,サーバー(直接取得)
cam51,2026-09-21T23:10:02.689Z,2026-09-22 08:08:18,,13.601,0.070,サーバー(直接取得)
cam52,2026-09-21T23:10:02.702Z,2026-09-22 08:00:27,,12.594,0.320,サーバー(直接取得)
cam53,2026-09-21T23:10:02.706Z,2026-09-22 08:00:22,,12.963,0.120,サーバー(直接取得)
cam54,2026-09-21T23:10:02.788Z,2026-09-22 08:00:21,,12.278,0.070,サーバー(直接取得)
cam55,2026-09-21T23:10:02.890Z,2026-09-22 08:00:21,,12.889,0.670,サーバー(直接取得)
kw01,2026-09-21T23:10:02.945Z,2026/09/22 08:00,,,0.590,サーバー(国交省 川の防災情報)
kw02,2026-09-21T23:10:02.956Z,2026/09/22 08:00,,,0.360,サーバー(国交省 川の防災情報)
kw03,2026-09-21T23:10:02.972Z,2026/09/22 08:00,,,1.210,サーバー(国交省 川の防災情報)
kw04,2026-09-21T23:10:03.044Z,2026/09/22 08:00,,,0.800,サーバー(国交省 川の防災情報)
kw05,2026-09-21T23:10:03.122Z,2026/09/21 09:00,,,-1.260,サーバー(国交省 川の防災情報)
kw06,2026-09-21T23:10:03.832Z,2026/09/21 09:00,,,-2.350,サーバー(国交省 川の防災情報)
kw07,2026-09-21T23:10:03.843Z,2026/09/21 09:00,,,-4.190,サーバー(国交省 川の防災情報)
kw08,2026-09-21T23:10:03.854Z,2026/09/22 08:00,,,0.930,サーバー(国交省 川の防災情報)
kw09,2026-09-21T23:10:03.924Z,2026/09/21 10:00,,,-4.040,サーバー(国交省 川の防災情報)
kw10,2026-09-21T23:10:04.144Z,2026/09/22 08:00,,,0.270,サーバー(国交省 川の防災情報)
kw11,2026-09-21T23:10:04.254Z,2026/09/22 08:00,,,1.710,サーバー(国交省 川の防災情報)
kw01,2026-09-21T23:20:00.281Z,2026/09/22 08:10,,,0.590,サーバー(国交省 川の防災情報)
kw02,2026-09-21T23:20:00.325Z,2026/09/22 08:10,,,0.360,サーバー(国交省 川の防災情報)
kw03,2026-09-21T23:20:00.326Z,2026/09/22 08:10,,,1.210,サーバー(国交省 川の防災情報)
kw04,2026-09-21T23:20:00.327Z,2026/09/22 08:10,,,0.800,サーバー(国交省 川の防災情報)
kw05,2026-09-21T23:20:00.327Z,2026/09/21 09:00,,,-1.260,サーバー(国交省 川の防災情報)
kw06,2026-09-21T23:20:00.992Z,2026/09/21 09:00,,,-2.350,サーバー(国交省 川の防災情報)
kw07,2026-09-21T23:20:01.011Z,2026/09/21 09:00,,,-4.190,サーバー(国交省 川の防災情報)
kw08,2026-09-21T23:20:01.065Z,2026/09/22 08:10,,,0.920,サーバー(国交省 川の防災情報)
kw09,2026-09-21T23:20:01.093Z,2026/09/21 10:00,,,-4.040,サーバー(国交省 川の防災情報)
kw10,2026-09-21T23:20:01.166Z,2026/09/22 08:10,,,0.270,サーバー(国交省 川の防災情報)
kw11,2026-09-21T23:20:01.489Z,2026/09/22 08:10,,,1.700,サーバー(国交省 川の防災情報)
kw01,2026-09-21T23:30:00.415Z,2026/09/22 08:20,,,0.590,サーバー(国交省 川の防災情報)
kw02,2026-09-21T23:30:00.456Z,2026/09/22 08:20,,,0.350,サーバー(国交省 川の防災情報)
kw03,2026-09-21T23:30:00.457Z,2026/09/22 08:20,,,1.220,サーバー(国交省 川の防災情報)
kw04,2026-09-21T23:30:00.458Z,2026/09/22 08:20,,,0.850,サーバー(国交省 川の防災情報)
kw05,2026-09-21T23:30:00.459Z,2026/09/21 09:00,,,-1.260,サーバー(国交省 川の防災情報)
kw06,2026-09-21T23:30:01.250Z,2026/09/21 09:00,,,-2.350,サーバー(国交省 川の防災情報)
kw07,2026-09-21T23:30:01.598Z,2026/09/21 09:00,,,-4.190,サーバー(国交省 川の防災情報)
kw08,2026-09-21T23:30:01.616Z,2026/09/22 08:20,,,0.910,サーバー(国交省 川の防災情報)
kw09,2026-09-21T23:30:01.646Z,2026/09/21 10:00,,,-4.040,サーバー(国交省 川の防災情報)
kw10,2026-09-21T23:30:01.655Z,2026/09/22 08:20,,,0.270,サーバー(国交省 川の防災情報)
kw11,2026-09-21T23:30:01.666Z,2026/09/22 08:20,,,1.670,サーバー(国交省 川の防災情報)
cam02,2026-09-21T23:40:00.961Z,2026-09-22 08:30:07,,12.722,1.690,サーバー(直接取得)
cam03,2026-09-21T23:40:00.962Z,2026-09-22 08:30:12,,11.816,-3.710,サーバー(直接取得)
cam04,2026-09-21T23:40:00.963Z,2026-09-22 08:30:07,,13.012,1.240,サーバー(直接取得)
cam08,2026-09-21T23:40:00.964Z,2026-09-22 08:30:21,,12.717,0.120,サーバー(直接取得)
cam09,2026-09-21T23:40:01.887Z,2026-09-22 08:30:22,,12.836,0.270,サーバー(直接取得)
cam11,2026-09-21T23:40:01.895Z,2026-09-22 08:30:07,,13.091,0.476,サーバー(直接取得)
cam12,2026-09-21T23:40:02.111Z,2026-09-22 08:30:07,,12.906,-0.114,サーバー(直接取得)
cam13,2026-09-21T23:40:02.115Z,2026-09-22 08:30:06,,13.104,-5.703,サーバー(直接取得)
cam14,2026-09-21T23:40:02.137Z,2026-09-22 08:30:19,,12.651,0.047,サーバー(直接取得)
cam36,2026-09-21T23:40:02.163Z,2026-09-22 08:30:07,,13.174,0.011,サーバー(直接取得)
cam39,2026-09-21T23:40:02.193Z,2026-09-22 08:38:06,,13.372,0.015,サーバー(直接取得)
cam40,2026-09-21T23:40:02.374Z,2026-09-22 08:30:07,,13.139,0.397,サーバー(直接取得)
cam41,2026-09-21T23:40:02.392Z,2026-09-22 08:30:03,,12.418,0.145,サーバー(直接取得)
cam42,2026-09-21T23:40:02.417Z,2026-09-22 08:30:19,,13.056,0.440,サーバー(直接取得)
cam43,2026-09-21T23:40:02.449Z,2026-09-22 08:30:16,,12.031,0.520,サーバー(直接取得)
cam44,2026-09-21T23:40:02.620Z,2026-09-22 08:30:03,,12.818,0.180,サーバー(直接取得)
cam45,2026-09-21T23:40:02.649Z,2026-09-22 08:30:03,,12.814,0.370,サーバー(直接取得)
cam46,2026-09-21T23:40:02.669Z,2026-09-22 08:30:22,,13.139,0.620,サーバー(直接取得)
cam47,2026-09-21T23:40:02.845Z,2026-09-22 08:30:07,,12.814,0.466,サーバー(直接取得)
cam48,2026-09-21T23:40:02.872Z,2026-09-22 08:30:03,,13.750,-15.430,サーバー(直接取得)
cam50,2026-09-21T23:40:02.882Z,2026-09-22 08:39:00,,13.508,0.170,サーバー(直接取得)
cam51,2026-09-21T23:40:02.919Z,2026-09-22 08:38:20,,13.601,0.060,サーバー(直接取得)
cam52,2026-09-21T23:40:03.072Z,2026-09-22 08:30:28,,12.682,0.310,サーバー(直接取得)
cam53,2026-09-21T23:40:03.093Z,2026-09-22 08:30:26,,13.025,0.110,サーバー(直接取得)
cam54,2026-09-21T23:40:03.120Z,2026-09-22 08:30:21,,12.273,0.110,サーバー(直接取得)
cam55,2026-09-21T23:40:03.140Z,2026-09-22 08:30:22,,13.245,0.670,サーバー(直接取得)
kw01,2026-09-21T23:40:03.171Z,2026/09/22 08:30,,,0.580,サーバー(国交省 川の防災情報)
kw02,2026-09-21T23:40:03.315Z,2026/09/22 08:30,,,0.350,サーバー(国交省 川の防災情報)
kw03,2026-09-21T23:40:03.345Z,2026/09/22 08:30,,,1.210,サーバー(国交省 川の防災情報)
kw04,2026-09-21T23:40:03.371Z,2026/09/22 08:30,,,0.810,サーバー(国交省 川の防災情報)
kw05,2026-09-21T23:40:03.388Z,2026/09/21 09:00,,,-1.260,サーバー(国交省 川の防災情報)
kw06,2026-09-21T23:40:04.153Z,2026/09/21 09:00,,,-2.350,サーバー(国交省 川の防災情報)
kw07,2026-09-21T23:40:04.418Z,2026/09/21 09:00,,,-4.190,サーバー(国交省 川の防災情報)
kw08,2026-09-21T23:40:04.519Z,2026/09/22 08:30,,,0.890,サーバー(国交省 川の防災情報)
kw09,2026-09-21T23:40:04.586Z,2026/09/21 10:00,,,-4.040,サーバー(国交省 川の防災情報)
kw10,2026-09-21T23:40:04.713Z,2026/09/22 08:30,,,0.270,サーバー(国交省 川の防災情報)
kw11,2026-09-21T23:40:04.897Z,2026/09/22 08:30,,,1.670,サーバー(国交省 川の防災情報)
kw01,2026-09-21T23:50:00.758Z,2026/09/22 08:40,,,0.580,サーバー(国交省 川の防災情報)
kw02,2026-09-21T23:50:00.803Z,2026/09/22 08:40,,,0.340,サーバー(国交省 川の防災情報)
kw03,2026-09-21T23:50:00.804Z,2026/09/22 08:40,,,1.210,サーバー(国交省 川の防災情報)
kw04,2026-09-21T23:50:00.805Z,2026/09/22 08:40,,,0.810,サーバー(国交省 川の防災情報)
kw05,2026-09-21T23:50:00.806Z,2026/09/21 09:00,,,-1.260,サーバー(国交省 川の防災情報)
kw06,2026-09-21T23:50:01.537Z,2026/09/21 09:00,,,-2.350,サーバー(国交省 川の防災情報)
kw07,2026-09-21T23:50:01.566Z,2026/09/21 09:00,,,-4.190,サーバー(国交省 川の防災情報)
kw08,2026-09-21T23:50:01.581Z,2026/09/22 08:40,,,0.880,サーバー(国交省 川の防災情報)
kw09,2026-09-21T23:50:01.617Z,2026/09/21 10:00,,,-4.040,サーバー(国交省 川の防災情報)
kw10,2026-09-21T23:50:01.639Z,2026/09/22 08:40,,,0.260,サーバー(国交省 川の防災情報)
kw11,2026-09-21T23:50:01.998Z,2026/09/22 08:40,,,1.660,サーバー(国交省 川の防災情報)
kw01,2026-09-22T00:00:00.160Z,2026/09/22 08:50,,,0.610,サーバー(国交省 川の防災情報)
kw02,2026-09-22T00:00:00.204Z,2026/09/22 08:50,,,0.350,サーバー(国交省 川の防災情報)
kw03,2026-09-22T00:00:00.205Z,2026/09/22 08:50,,,1.220,サーバー(国交省 川の防災情報)
kw04,2026-09-22T00:00:00.205Z,2026/09/22 08:50,,,0.810,サーバー(国交省 川の防災情報)
kw05,2026-09-22T00:00:00.206Z,2026/09/21 09:00,,,-1.260,サーバー(国交省 川の防災情報)
kw06,2026-09-22T00:00:01.070Z,2026/09/21 09:00,,,-2.350,サーバー(国交省 川の防災情報)
kw07,2026-09-22T00:00:01.117Z,2026/09/21 09:00,,,-4.190,サーバー(国交省 川の防災情報)
kw08,2026-09-22T00:00:01.353Z,2026/09/22 08:50,,,0.880,サーバー(国交省 川の防災情報)
kw09,2026-09-22T00:00:01.395Z,2026/09/21 10:00,,,-4.040,サーバー(国交省 川の防災情報)
kw10,2026-09-22T00:00:01.495Z,2026/09/22 08:50,,,0.260,サーバー(国交省 川の防災情報)
kw11,2026-09-22T00:00:01.599Z,2026/09/22 08:50,,,1.640,サーバー(国交省 川の防災情報)
cam02,2026-09-22T00:10:00.157Z,2026-09-22 09:00:08,,12.765,1.630,サーバー(直接取得)
cam03,2026-09-22T00:10:00.158Z,2026-09-22 09:00:13,,11.829,-4.580,サーバー(直接取得)
cam04,2026-09-22T00:10:00.159Z,2026-09-22 09:00:07,,12.550,1.170,サーバー(直接取得)
cam08,2026-09-22T00:10:00.159Z,2026-09-22 09:00:21,,12.889,0.110,サーバー(直接取得)
cam09,2026-09-22T00:10:00.897Z,2026-09-22 09:00:22,,12.889,0.250,サーバー(直接取得)
cam11,2026-09-22T00:10:00.900Z,2026-09-22 09:00:07,,13.113,0.520,サーバー(直接取得)
cam12,2026-09-22T00:10:01.087Z,2026-09-22 09:00:07,,12.937,-0.112,サーバー(直接取得)
cam13,2026-09-22T00:10:01.094Z,2026-09-22 09:00:06,,13.113,-5.703,サーバー(直接取得)
cam14,2026-09-22T00:10:01.143Z,2026-09-22 09:02:42,,12.664,0.047,サーバー(直接取得)
cam36,2026-09-22T00:10:01.196Z,2026-09-22 09:00:07,,13.214,0.010,サーバー(直接取得)
cam39,2026-09-22T00:10:01.369Z,2026-09-22 09:08:06,,13.368,0.015,サーバー(直接取得)
cam40,2026-09-22T00:10:01.415Z,2026-09-22 09:00:07,,13.144,0.393,サーバー(直接取得)
cam41,2026-09-22T00:10:01.425Z,2026-09-22 09:00:03,,12.431,0.147,サーバー(直接取得)
cam42,2026-09-22T00:10:01.628Z,2026-09-22 09:00:29,,13.104,0.440,サーバー(直接取得)
cam43,2026-09-22T00:10:01.688Z,2026-09-22 09:00:16,,12.053,0.510,サーバー(直接取得)
cam44,2026-09-22T00:10:01.716Z,2026-09-22 09:00:03,,12.893,0.180,サーバー(直接取得)
cam45,2026-09-22T00:10:01.888Z,2026-09-22 09:00:03,,12.871,0.360,サーバー(直接取得)
cam46,2026-09-22T00:10:01.946Z,2026-09-22 09:00:20,,13.170,0.680,サーバー(直接取得)
cam47,2026-09-22T00:10:02.042Z,2026-09-22 09:00:07,,12.862,0.463,サーバー(直接取得)
cam48,2026-09-22T00:10:02.139Z,2026-09-22 09:00:03,,13.746,-15.450,サーバー(直接取得)
cam50,2026-09-22T00:10:02.151Z,2026-09-22 09:09:00,,13.508,0.160,サーバー(直接取得)
cam51,2026-09-22T00:10:02.217Z,2026-09-22 09:06:21,,13.596,0.060,サーバー(直接取得)
cam52,2026-09-22T00:10:02.267Z,2026-09-22 09:00:30,,12.770,0.300,サーバー(直接取得)
cam53,2026-09-22T00:10:02.374Z,2026-09-22 09:00:23,,13.117,0.100,サーバー(直接取得)
cam54,2026-09-22T00:10:02.457Z,2026-09-22 09:00:21,,13.104,0.130,サーバー(直接取得)
cam55,2026-09-22T00:10:02.503Z,2026-09-22 09:00:22,,13.517,0.670,サーバー(直接取得)
kw01,2026-09-22T00:10:02.545Z,2026/09/22 09:00,,,0.590,サーバー(国交省 川の防災情報)
kw02,2026-09-22T00:10:02.559Z,2026/09/22 09:00,,,0.330,サーバー(国交省 川の防災情報)
kw03,2026-09-22T00:10:02.699Z,2026/09/22 09:00,,,1.210,サーバー(国交省 川の防災情報)
kw04,2026-09-22T00:10:02.755Z,2026/09/22 09:00,,,0.790,サーバー(国交省 川の防災情報)
kw05,2026-09-22T00:10:02.787Z,2026/09/22 09:00,,,-1.270,サーバー(国交省 川の防災情報)
kw06,2026-09-22T00:10:03.699Z,2026/09/22 09:00,,,-2.390,サーバー(国交省 川の防災情報)
kw07,2026-09-22T00:10:04.021Z,2026/09/22 09:00,,,-4.180,サーバー(国交省 川の防災情報)
kw08,2026-09-22T00:10:04.048Z,2026/09/22 09:00,,,0.870,サーバー(国交省 川の防災情報)
kw09,2026-09-22T00:10:04.094Z,2026/09/21 10:00,,,-4.040,サーバー(国交省 川の防災情報)
kw10,2026-09-22T00:10:04.221Z,2026/09/22 09:00,,,0.260,サーバー(国交省 川の防災情報)
kw11,2026-09-22T00:10:04.260Z,2026/09/22 09:00,,,1.620,サーバー(国交省 川の防災情報)
kw01,2026-09-22T00:20:01.066Z,2026/09/22 09:10,,,0.590,サーバー(国交省 川の防災情報)
kw02,2026-09-22T00:20:01.111Z,2026/09/22 09:10,,,0.360,サーバー(国交省 川の防災情報)
kw03,2026-09-22T00:20:01.112Z,2026/09/22 09:10,,,1.220,サーバー(国交省 川の防災情報)
kw04,2026-09-22T00:20:01.113Z,2026/09/22 09:10,,,0.790,サーバー(国交省 川の防災情報)
kw05,2026-09-22T00:20:01.114Z,2026/09/22 09:00,,,-1.270,サーバー(国交省 川の防災情報)
kw06,2026-09-22T00:20:01.942Z,2026/09/22 09:00,,,-2.390,サーバー(国交省 川の防災情報)
kw07,2026-09-22T00:20:02.251Z,2026/09/22 09:00,,,-4.180,サーバー(国交省 川の防災情報)
kw08,2026-09-22T00:20:02.269Z,2026/09/22 09:10,,,0.850,サーバー(国交省 川の防災情報)
kw09,2026-09-22T00:20:02.298Z,2026/09/21 10:00,,,-4.040,サーバー(国交省 川の防災情報)
kw10,2026-09-22T00:20:02.384Z,2026/09/22 09:10,,,0.260,サーバー(国交省 川の防災情報)
kw11,2026-09-22T00:20:02.388Z,2026/09/22 09:10,,,1.610,サーバー(国交省 川の防災情報)
kw01,2026-09-22T00:30:00.880Z,2026/09/22 09:20,,,0.580,サーバー(国交省 川の防災情報)
kw02,2026-09-22T00:30:00.926Z,2026/09/22 09:20,,,0.360,サーバー(国交省 川の防災情報)
kw03,2026-09-22T00:30:00.927Z,2026/09/22 09:20,,,1.220,サーバー(国交省 川の防災情報)
kw04,2026-09-22T00:30:00.928Z,2026/09/22 09:20,,,0.810,サーバー(国交省 川の防災情報)
kw05,2026-09-22T00:30:00.928Z,2026/09/22 09:00,,,-1.270,サーバー(国交省 川の防災情報)
kw06,2026-09-22T00:30:01.685Z,2026/09/22 09:00,,,-2.390,サーバー(国交省 川の防災情報)
kw07,2026-09-22T00:30:01.693Z,2026/09/22 09:00,,,-4.180,サーバー(国交省 川の防災情報)
kw08,2026-09-22T00:30:01.970Z,2026/09/22 09:20,,,0.850,サーバー(国交省 川の防災情報)
kw09,2026-09-22T00:30:02.044Z,2026/09/21 10:00,,,-4.040,サーバー(国交省 川の防災情報)
kw10,2026-09-22T00:30:02.093Z,2026/09/22 09:20,,,0.270,サーバー(国交省 川の防災情報)
kw11,2026-09-22T00:30:02.133Z,2026/09/22 09:20,,,1.580,サーバー(国交省 川の防災情報)
cam02,2026-09-22T00:40:00.341Z,2026-09-22 09:30:08,,12.752,1.590,サーバー(直接取得)
cam03,2026-09-22T00:40:00.342Z,2026-09-22 09:30:12,,11.856,-4.580,サーバー(直接取得)
cam04,2026-09-22T00:40:00.343Z,2026-09-22 09:30:07,,12.458,1.090,サーバー(直接取得)
cam08,2026-09-22T00:40:00.343Z,2026-09-22 09:10:21,,12.884,0.100,サーバー(直接取得)
cam09,2026-09-22T00:40:01.082Z,2026-09-22 09:30:25,,13.201,0.270,サーバー(直接取得)
cam11,2026-09-22T00:40:01.083Z,2026-09-22 09:30:07,,13.139,0.526,サーバー(直接取得)
cam12,2026-09-22T00:40:01.261Z,2026-09-22 09:30:07,,12.976,-0.113,サーバー(直接取得)
cam13,2026-09-22T00:40:01.266Z,2026-09-22 09:30:06,,13.144,-0.555,サーバー(直接取得)
cam14,2026-09-22T00:40:01.331Z,2026-09-22 09:30:18,,12.695,0.047,サーバー(直接取得)
cam36,2026-09-22T00:40:01.334Z,2026-09-22 09:30:07,,13.245,0.016,サーバー(直接取得)
cam39,2026-09-22T00:40:01.440Z,2026-09-22 09:38:06,,13.372,0.034,サーバー(直接取得)
cam40,2026-09-22T00:40:01.505Z,2026-09-22 09:30:07,,13.183,0.402,サーバー(直接取得)
cam41,2026-09-22T00:40:01.513Z,2026-09-22 09:30:03,,12.445,0.149,サーバー(直接取得)
cam42,2026-09-22T00:40:01.581Z,2026-09-22 09:30:19,,13.144,0.440,サーバー(直接取得)
cam43,2026-09-22T00:40:01.584Z,2026-09-22 09:30:16,,12.075,0.520,サーバー(直接取得)
cam44,2026-09-22T00:40:01.702Z,2026-09-22 09:30:03,,12.911,0.180,サーバー(直接取得)
cam45,2026-09-22T00:40:01.805Z,2026-09-22 09:30:03,,12.937,0.370,サーバー(直接取得)
cam46,2026-09-22T00:40:01.890Z,2026-09-22 09:30:22,,13.179,0.760,サーバー(直接取得)
cam47,2026-09-22T00:40:01.893Z,2026-09-22 09:30:07,,12.783,0.459,サーバー(直接取得)
cam48,2026-09-22T00:40:02.028Z,2026-09-22 09:30:03,,13.755,-15.460,サーバー(直接取得)
cam50,2026-09-22T00:40:02.375Z,2026-09-22 09:35:00,,13.508,0.180,サーバー(直接取得)
cam51,2026-09-22T00:40:02.397Z,2026-09-22 09:32:27,,13.605,0.050,サーバー(直接取得)
cam52,2026-09-22T00:40:02.431Z,2026-09-22 09:30:27,,12.814,0.310,サーバー(直接取得)
cam53,2026-09-22T00:40:02.445Z,2026-09-22 09:20:23,,13.166,0.100,サーバー(直接取得)
cam54,2026-09-22T00:40:02.450Z,2026-09-22 09:30:21,,13.258,0.110,サーバー(直接取得)
cam55,2026-09-22T00:40:02.671Z,2026-09-22 09:30:22,,13.570,0.670,サーバー(直接取得)
kw01,2026-09-22T00:40:02.717Z,2026/09/22 09:30,,,0.580,サーバー(国交省 川の防災情報)
kw02,2026-09-22T00:40:02.720Z,2026/09/22 09:30,,,0.350,サーバー(国交省 川の防災情報)
kw03,2026-09-22T00:40:02.759Z,2026/09/22 09:30,,,1.220,サーバー(国交省 川の防災情報)
kw04,2026-09-22T00:40:02.820Z,2026/09/22 09:30,,,0.800,サーバー(国交省 川の防災情報)
kw05,2026-09-22T00:40:02.959Z,2026/09/22 09:00,,,-1.270,サーバー(国交省 川の防災情報)
kw06,2026-09-22T00:40:03.523Z,2026/09/22 09:00,,,-2.390,サーバー(国交省 川の防災情報)
kw07,2026-09-22T00:40:03.550Z,2026/09/22 09:00,,,-4.180,サーバー(国交省 川の防災情報)
kw08,2026-09-22T00:40:03.605Z,2026/09/22 09:30,,,0.840,サーバー(国交省 川の防災情報)
kw09,2026-09-22T00:40:03.792Z,2026/09/21 10:00,,,-4.040,サーバー(国交省 川の防災情報)
kw10,2026-09-22T00:40:03.949Z,2026/09/22 09:30,,,0.270,サーバー(国交省 川の防災情報)
kw11,2026-09-22T00:40:03.967Z,2026/09/22 09:30,,,1.600,サーバー(国交省 川の防災情報)
kw01,2026-09-22T00:50:00.314Z,2026/09/22 09:40,,,0.590,サーバー(国交省 川の防災情報)
kw02,2026-09-22T00:50:00.357Z,2026/09/22 09:40,,,0.340,サーバー(国交省 川の防災情報)
kw03,2026-09-22T00:50:00.358Z,2026/09/22 09:40,,,1.210,サーバー(国交省 川の防災情報)
kw04,2026-09-22T00:50:00.359Z,2026/09/22 09:40,,,0.800,サーバー(国交省 川の防災情報)
kw05,2026-09-22T00:50:00.359Z,2026/09/22 09:00,,,-1.270,サーバー(国交省 川の防災情報)
kw06,2026-09-22T00:50:01.215Z,2026/09/22 09:00,,,-2.390,サーバー(国交省 川の防災情報)
kw07,2026-09-22T00:50:01.216Z,2026/09/22 09:00,,,-4.180,サーバー(国交省 川の防災情報)
kw08,2026-09-22T00:50:01.218Z,2026/09/22 09:40,,,0.830,サーバー(国交省 川の防災情報)
kw09,2026-09-22T00:50:01.287Z,2026/09/21 10:00,,,-4.040,サーバー(国交省 川の防災情報)
kw10,2026-09-22T00:50:01.619Z,2026/09/22 09:40,,,0.260,サーバー(国交省 川の防災情報)
kw11,2026-09-22T00:50:01.620Z,2026/09/22 09:40,,,1.580,サーバー(国交省 川の防災情報)
kw01,2026-09-22T01:00:00.926Z,2026/09/22 09:50,,,0.580,サーバー(国交省 川の防災情報)
kw02,2026-09-22T01:00:00.971Z,2026/09/22 09:50,,,0.330,サーバー(国交省 川の防災情報)
kw03,2026-09-22T01:00:00.972Z,2026/09/22 09:50,,,1.210,サーバー(国交省 川の防災情報)
kw04,2026-09-22T01:00:00.972Z,2026/09/22 09:50,,,0.800,サーバー(国交省 川の防災情報)
kw05,2026-09-22T01:00:00.973Z,2026/09/22 09:00,,,-1.270,サーバー(国交省 川の防災情報)
kw06,2026-09-22T01:00:01.843Z,2026/09/22 09:00,,,-2.390,サーバー(国交省 川の防災情報)
kw07,2026-09-22T01:00:01.894Z,2026/09/22 09:00,,,-4.180,サーバー(国交省 川の防災情報)
kw08,2026-09-22T01:00:01.932Z,2026/09/22 09:50,,,0.820,サーバー(国交省 川の防災情報)
kw09,2026-09-22T01:00:02.140Z,2026/09/21 10:00,,,-4.040,サーバー(国交省 川の防災情報)
kw10,2026-09-22T01:00:02.152Z,2026/09/22 09:50,,,0.260,サーバー(国交省 川の防災情報)
kw11,2026-09-22T01:00:02.318Z,2026/09/22 09:50,,,1.550,サーバー(国交省 川の防災情報)
cam02,2026-09-22T01:10:00.162Z,2026-09-22 10:00:07,,12.805,1.530,サーバー(直接取得)
cam03,2026-09-22T01:10:00.164Z,2026-09-22 10:00:11,,11.904,-4.580,サーバー(直接取得)
cam04,2026-09-22T01:10:00.165Z,2026-09-22 10:00:06,,13.020,1.060,サーバー(直接取得)
cam08,2026-09-22T01:10:00.165Z,2026-09-22 10:00:21,,12.981,0.120,サーバー(直接取得)
cam09,2026-09-22T01:10:00.883Z,2026-09-22 10:00:19,,13.179,0.270,サーバー(直接取得)
cam11,2026-09-22T01:10:00.884Z,2026-09-22 10:00:07,,13.174,0.500,サーバー(直接取得)
cam12,2026-09-22T01:10:01.136Z,2026-09-22 10:00:07,,12.880,-0.086,サーバー(直接取得)
cam13,2026-09-22T01:10:01.137Z,2026-09-22 10:00:07,,13.179,0.021,サーバー(直接取得)
cam14,2026-09-22T01:10:01.414Z,2026-09-22 10:00:17,,12.700,0.047,サーバー(直接取得)
cam36,2026-09-22T01:10:01.414Z,2026-09-22 10:00:07,,13.289,0.017,サーバー(直接取得)
cam39,2026-09-22T01:10:01.429Z,2026-09-22 10:08:06,,13.368,0.031,サーバー(直接取得)
cam40,2026-09-22T01:10:01.435Z,2026-09-22 10:00:07,,13.227,0.396,サーバー(直接取得)
cam41,2026-09-22T01:10:01.674Z,2026-09-22 10:00:03,,12.748,0.142,サーバー(直接取得)
cam42,2026-09-22T01:10:01.699Z,2026-09-22 10:00:18,,13.196,0.440,サーバー(直接取得)
cam43,2026-09-22T01:10:01.700Z,2026-09-22 10:00:16,,12.093,0.520,サーバー(直接取得)
cam44,2026-09-22T01:10:01.717Z,2026-09-22 10:00:03,,12.502,0.180,サーバー(直接取得)
cam45,2026-09-22T01:10:01.830Z,2026-09-22 10:00:03,,12.994,0.360,サーバー(直接取得)
cam46,2026-09-22T01:10:01.950Z,2026-09-22 10:00:20,,13.262,0.790,サーバー(直接取得)
cam47,2026-09-22T01:10:01.958Z,2026-09-22 10:00:06,,12.928,0.479,サーバー(直接取得)
cam48,2026-09-22T01:10:01.970Z,2026-09-22 10:00:03,,13.746,-15.460,サーバー(直接取得)
cam50,2026-09-22T01:10:01.995Z,2026-09-22 10:06:00,,13.508,0.180,サーバー(直接取得)
cam51,2026-09-22T01:10:02.170Z,2026-09-22 10:08:19,,13.601,0.080,サーバー(直接取得)
cam52,2026-09-22T01:10:02.542Z,2026-09-22 10:00:25,,12.831,0.310,サーバー(直接取得)
cam53,2026-09-22T01:10:02.591Z,2026-09-22 10:00:22,,13.201,0.100,サーバー(直接取得)
cam54,2026-09-22T01:10:02.593Z,2026-09-22 10:00:20,,13.333,0.110,サーバー(直接取得)
cam55,2026-09-22T01:10:02.607Z,2026-09-22 10:00:22,,13.574,0.670,サーバー(直接取得)
kw01,2026-09-22T01:10:02.738Z,2026/09/22 10:00,,,0.590,サーバー(国交省 川の防災情報)
kw02,2026-09-22T01:10:02.825Z,2026/09/22 10:00,,,0.340,サーバー(国交省 川の防災情報)
kw03,2026-09-22T01:10:02.915Z,2026/09/22 10:00,,,1.190,サーバー(国交省 川の防災情報)
kw04,2026-09-22T01:10:02.938Z,2026/09/22 10:00,,,0.810,サーバー(国交省 川の防災情報)
kw05,2026-09-22T01:10:02.961Z,2026/09/22 09:00,,,-1.270,サーバー(国交省 川の防災情報)
kw06,2026-09-22T01:10:03.628Z,2026/09/22 09:00,,,-2.390,サーバー(国交省 川の防災情報)
kw07,2026-09-22T01:10:03.674Z,2026/09/22 09:00,,,-4.180,サーバー(国交省 川の防災情報)
kw08,2026-09-22T01:10:03.828Z,2026/09/22 10:00,,,0.810,サーバー(国交省 川の防災情報)
kw09,2026-09-22T01:10:03.994Z,2026/09/22 10:00,,,-4.040,サーバー(国交省 川の防災情報)
kw10,2026-09-22T01:10:04.052Z,2026/09/22 10:00,,,0.260,サーバー(国交省 川の防災情報)
kw11,2026-09-22T01:10:04.242Z,2026/09/22 10:00,,,1.530,サーバー(国交省 川の防災情報)
kw01,2026-09-22T01:20:00.488Z,2026/09/22 10:10,,,0.590,サーバー(国交省 川の防災情報)
kw02,2026-09-22T01:20:00.531Z,2026/09/22 10:10,,,0.340,サーバー(国交省 川の防災情報)
kw03,2026-09-22T01:20:00.532Z,2026/09/22 10:10,,,1.170,サーバー(国交省 川の防災情報)
kw04,2026-09-22T01:20:00.533Z,2026/09/22 10:10,,,0.810,サーバー(国交省 川の防災情報)
kw05,2026-09-22T01:20:00.534Z,2026/09/22 09:00,,,-1.270,サーバー(国交省 川の防災情報)
kw06,2026-09-22T01:20:01.392Z,2026/09/22 09:00,,,-2.390,サーバー(国交省 川の防災情報)
kw07,2026-09-22T01:20:01.394Z,2026/09/22 09:00,,,-4.180,サーバー(国交省 川の防災情報)
kw08,2026-09-22T01:20:01.421Z,2026/09/22 10:10,,,0.800,サーバー(国交省 川の防災情報)
kw09,2026-09-22T01:20:01.442Z,2026/09/22 10:00,,,-4.040,サーバー(国交省 川の防災情報)
kw10,2026-09-22T01:20:01.778Z,2026/09/22 10:10,,,0.260,サーバー(国交省 川の防災情報)
kw11,2026-09-22T01:20:01.854Z,2026/09/22 10:10,,,1.500,サーバー(国交省 川の防災情報)
kw01,2026-09-22T01:30:00.252Z,2026/09/22 10:20,,,0.580,サーバー(国交省 川の防災情報)
kw02,2026-09-22T01:30:00.293Z,2026/09/22 10:20,,,0.330,サーバー(国交省 川の防災情報)
kw03,2026-09-22T01:30:00.295Z,2026/09/22 10:20,,,1.150,サーバー(国交省 川の防災情報)
kw04,2026-09-22T01:30:00.296Z,2026/09/22 10:20,,,0.800,サーバー(国交省 川の防災情報)
kw05,2026-09-22T01:30:00.296Z,2026/09/22 09:00,,,-1.270,サーバー(国交省 川の防災情報)
kw06,2026-09-22T01:30:01.040Z,2026/09/22 09:00,,,-2.390,サーバー(国交省 川の防災情報)
kw07,2026-09-22T01:30:01.104Z,2026/09/22 09:00,,,-4.180,サーバー(国交省 川の防災情報)
kw08,2026-09-22T01:30:01.114Z,2026/09/22 10:20,,,0.800,サーバー(国交省 川の防災情報)
kw09,2026-09-22T01:30:01.377Z,2026/09/22 10:00,,,-4.040,サーバー(国交省 川の防災情報)
kw10,2026-09-22T01:30:01.543Z,2026/09/22 10:20,,,0.260,サーバー(国交省 川の防災情報)
kw11,2026-09-22T01:30:01.548Z,2026/09/22 10:20,,,1.480,サーバー(国交省 川の防災情報)
cam02,2026-09-22T01:40:00.898Z,2026-09-22 10:30:07,,12.836,1.470,サーバー(直接取得)
cam03,2026-09-22T01:40:00.899Z,2026-09-22 10:30:17,,12.097,-4.580,サーバー(直接取得)
cam04,2026-09-22T01:40:00.900Z,2026-09-22 10:30:07,,13.069,1.000,サーバー(直接取得)
cam08,2026-09-22T01:40:00.901Z,2026-09-22 10:30:22,,12.691,0.110,サーバー(直接取得)
cam09,2026-09-22T01:40:01.634Z,2026-09-22 10:30:20,,12.695,0.270,サーバー(直接取得)
cam11,2026-09-22T01:40:01.644Z,2026-09-22 10:30:07,,13.095,0.462,サーバー(直接取得)
cam12,2026-09-22T01:40:01.880Z,2026-09-22 10:30:07,,12.933,-0.095,サーバー(直接取得)
cam13,2026-09-22T01:40:01.886Z,2026-09-22 10:30:07,,12.968,0.022,サーバー(直接取得)
cam14,2026-09-22T01:40:02.037Z,2026-09-22 10:30:19,,12.484,0.037,サーバー(直接取得)
cam36,2026-09-22T01:40:02.051Z,2026-09-22 10:30:07,,13.082,0.014,サーバー(直接取得)
cam39,2026-09-22T01:40:02.162Z,2026-09-22 10:38:06,,13.372,0.036,サーバー(直接取得)
cam40,2026-09-22T01:40:02.355Z,2026-09-22 10:30:07,,13.267,0.351,サーバー(直接取得)
cam41,2026-09-22T01:40:02.422Z,2026-09-22 10:30:03,,13.192,0.138,サーバー(直接取得)
cam42,2026-09-22T01:40:02.679Z,2026-09-22 10:30:17,,13.240,0.440,サーバー(直接取得)
cam43,2026-09-22T01:40:02.696Z,2026-09-22 10:30:19,,12.132,0.520,サーバー(直接取得)
cam44,2026-09-22T01:40:02.713Z,2026-09-22 10:30:03,,12.823,0.180,サーバー(直接取得)
cam45,2026-09-22T01:40:02.714Z,2026-09-22 10:30:03,,13.214,0.350,サーバー(直接取得)
cam46,2026-09-22T01:40:02.947Z,2026-09-22 10:30:21,,13.319,0.790,サーバー(直接取得)
cam47,2026-09-22T01:40:02.965Z,2026-09-22 10:30:08,,12.950,0.483,サーバー(直接取得)
cam48,2026-09-22T01:40:02.977Z,2026-09-22 10:30:03,,13.741,-15.540,サーバー(直接取得)
cam50,2026-09-22T01:40:02.979Z,2026-09-22 10:39:00,,13.508,0.180,サーバー(直接取得)
cam51,2026-09-22T01:40:03.036Z,2026-09-22 10:38:21,,13.592,0.080,サーバー(直接取得)
cam52,2026-09-22T01:40:03.206Z,2026-09-22 10:30:28,,12.722,0.310,サーバー(直接取得)
cam53,2026-09-22T01:40:03.224Z,2026-09-22 10:20:27,,13.179,0.100,サーバー(直接取得)
cam54,2026-09-22T01:40:03.238Z,2026-09-22 10:30:21,,12.928,0.100,サーバー(直接取得)
cam55,2026-09-22T01:40:03.249Z,2026-09-22 10:30:21,,13.570,0.670,サーバー(直接取得)
kw01,2026-09-22T01:40:03.295Z,2026/09/22 10:30,,,0.580,サーバー(国交省 川の防災情報)
kw02,2026-09-22T01:40:03.452Z,2026/09/22 10:30,,,0.330,サーバー(国交省 川の防災情報)
kw03,2026-09-22T01:40:03.471Z,2026/09/22 10:30,,,1.150,サーバー(国交省 川の防災情報)
kw04,2026-09-22T01:40:03.507Z,2026/09/22 10:30,,,0.800,サーバー(国交省 川の防災情報)
kw05,2026-09-22T01:40:03.533Z,2026/09/22 09:00,,,-1.270,サーバー(国交省 川の防災情報)
kw06,2026-09-22T01:40:04.166Z,2026/09/22 09:00,,,-2.390,サーバー(国交省 川の防災情報)
kw07,2026-09-22T01:40:04.266Z,2026/09/22 09:00,,,-4.180,サーバー(国交省 川の防災情報)
kw08,2026-09-22T01:40:04.515Z,2026/09/22 10:30,,,0.790,サーバー(国交省 川の防災情報)
kw09,2026-09-22T01:40:04.638Z,2026/09/22 10:00,,,-4.040,サーバー(国交省 川の防災情報)
kw10,2026-09-22T01:40:04.672Z,2026/09/22 10:30,,,0.260,サーバー(国交省 川の防災情報)
kw11,2026-09-22T01:40:04.784Z,2026/09/22 10:30,,,1.470,サーバー(国交省 川の防災情報)
kw01,2026-09-22T01:50:00.751Z,2026/09/22 10:40,,,0.590,サーバー(国交省 川の防災情報)
kw02,2026-09-22T01:50:00.795Z,2026/09/22 10:40,,,0.330,サーバー(国交省 川の防災情報)
kw03,2026-09-22T01:50:00.797Z,2026/09/22 10:40,,,1.140,サーバー(国交省 川の防災情報)
kw04,2026-09-22T01:50:00.798Z,2026/09/22 10:40,,,0.800,サーバー(国交省 川の防災情報)
kw05,2026-09-22T01:50:00.798Z,2026/09/22 09:00,,,-1.270,サーバー(国交省 川の防災情報)
kw06,2026-09-22T01:50:01.631Z,2026/09/22 09:00,,,-2.390,サーバー(国交省 川の防災情報)
kw07,2026-09-22T01:50:01.687Z,2026/09/22 09:00,,,-4.180,サーバー(国交省 川の防災情報)
kw08,2026-09-22T01:50:01.706Z,2026/09/22 10:40,,,0.780,サーバー(国交省 川の防災情報)
kw09,2026-09-22T01:50:01.731Z,2026/09/22 10:00,,,-4.040,サーバー(国交省 川の防災情報)
kw10,2026-09-22T01:50:02.007Z,2026/09/22 10:40,,,0.260,サーバー(国交省 川の防災情報)
kw11,2026-09-22T01:50:02.035Z,2026/09/22 10:40,,,1.440,サーバー(国交省 川の防災情報)
kw01,2026-09-22T02:00:00.483Z,2026/09/22 10:50,,,0.590,サーバー(国交省 川の防災情報)
kw02,2026-09-22T02:00:00.526Z,2026/09/22 10:50,,,0.330,サーバー(国交省 川の防災情報)
kw03,2026-09-22T02:00:00.527Z,2026/09/22 10:50,,,1.150,サーバー(国交省 川の防災情報)
kw04,2026-09-22T02:00:00.528Z,2026/09/22 10:50,,,0.810,サーバー(国交省 川の防災情報)
kw05,2026-09-22T02:00:00.529Z,2026/09/22 09:00,,,-1.270,サーバー(国交省 川の防災情報)
kw06,2026-09-22T02:00:01.295Z,2026/09/22 09:00,,,-2.390,サーバー(国交省 川の防災情報)
kw07,2026-09-22T02:00:01.358Z,2026/09/22 09:00,,,-4.180,サーバー(国交省 川の防災情報)
kw08,2026-09-22T02:00:01.403Z,2026/09/22 10:50,,,0.780,サーバー(国交省 川の防災情報)
kw09,2026-09-22T02:00:01.640Z,2026/09/22 10:00,,,-4.040,サーバー(国交省 川の防災情報)
kw10,2026-09-22T02:00:01.751Z,2026/09/22 10:50,,,0.250,サーバー(国交省 川の防災情報)
kw11,2026-09-22T02:00:01.755Z,2026/09/22 10:50,,,1.430,サーバー(国交省 川の防災情報)
cam02,2026-09-22T02:10:00.411Z,2026-09-22 11:00:07,,12.823,1.420,サーバー(直接取得)
cam03,2026-09-22T02:10:00.412Z,2026-09-22 11:00:15,,12.396,-4.580,サーバー(直接取得)
cam04,2026-09-22T02:10:00.413Z,2026-09-22 11:00:07,,13.130,1.010,サーバー(直接取得)
cam08,2026-09-22T02:10:00.414Z,2026-09-22 11:00:21,,13.003,0.100,サーバー(直接取得)
cam09,2026-09-22T02:10:01.157Z,2026-09-22 11:00:21,,13.025,0.270,サーバー(直接取得)
cam11,2026-09-22T02:10:01.161Z,2026-09-22 11:00:07,,13.095,0.522,サーバー(直接取得)
cam12,2026-09-22T02:10:01.380Z,2026-09-22 11:00:07,,12.959,-0.083,サーバー(直接取得)
cam13,2026-09-22T02:10:01.414Z,2026-09-22 11:00:07,,13.245,0.032,サーバー(直接取得)
cam14,2026-09-22T02:10:01.486Z,2026-09-22 11:00:19,,12.744,0.047,サーバー(直接取得)
cam36,2026-09-22T02:10:01.553Z,2026-09-22 11:00:07,,13.341,0.017,サーバー(直接取得)
cam39,2026-09-22T02:10:01.573Z,2026-09-22 11:08:06,,13.372,0.037,サーバー(直接取得)
cam40,2026-09-22T02:10:01.801Z,2026-09-22 11:00:07,,13.196,0.333,サーバー(直接取得)
cam41,2026-09-22T02:10:01.934Z,2026-09-22 11:00:03,,13.073,0.137,サーバー(直接取得)
cam42,2026-09-22T02:10:01.990Z,2026-09-22 11:00:20,,13.249,0.440,サーバー(直接取得)
cam43,2026-09-22T02:10:02.000Z,2026-09-22 11:00:19,,12.124,0.520,サーバー(直接取得)
cam44,2026-09-22T02:10:02.208Z,2026-09-22 11:00:03,,12.845,0.180,サーバー(直接取得)
cam45,2026-09-22T02:10:02.223Z,2026-09-22 11:00:03,,13.267,0.350,サーバー(直接取得)
cam46,2026-09-22T02:10:02.341Z,2026-09-22 11:00:21,,13.403,0.800,サーバー(直接取得)
cam47,2026-09-22T02:10:02.369Z,2026-09-22 11:00:07,,12.950,0.481,サーバー(直接取得)
cam48,2026-09-22T02:10:02.476Z,2026-09-22 11:00:03,,13.741,-15.550,サーバー(直接取得)
cam50,2026-09-22T02:10:02.539Z,2026-09-22 11:09:00,,13.508,0.180,サーバー(直接取得)
cam51,2026-09-22T02:10:02.592Z,2026-09-22 11:08:26,,13.596,0.090,サーバー(直接取得)
cam52,2026-09-22T02:10:02.660Z,2026-09-22 11:00:30,,12.765,0.310,サーバー(直接取得)
cam53,2026-09-22T02:10:02.753Z,2026-09-22 11:00:26,,13.144,0.100,サーバー(直接取得)
cam54,2026-09-22T02:10:02.778Z,2026-09-22 11:00:21,,13.179,0.100,サーバー(直接取得)
cam55,2026-09-22T02:10:02.809Z,2026-09-22 11:00:22,,13.579,0.670,サーバー(直接取得)
kw01,2026-09-22T02:10:02.875Z,2026/09/22 11:00,,,0.590,サーバー(国交省 川の防災情報)
kw02,2026-09-22T02:10:02.919Z,2026/09/22 11:00,,,0.330,サーバー(国交省 川の防災情報)
kw03,2026-09-22T02:10:03.031Z,2026/09/22 11:00,,,1.140,サーバー(国交省 川の防災情報)
kw04,2026-09-22T02:10:03.051Z,2026/09/22 11:00,,,0.810,サーバー(国交省 川の防災情報)
kw05,2026-09-22T02:10:03.079Z,2026/09/22 09:00,,,-1.270,サーバー(国交省 川の防災情報)
kw06,2026-09-22T02:10:03.623Z,2026/09/22 09:00,,,-2.390,サーバー(国交省 川の防災情報)
kw07,2026-09-22T02:10:03.661Z,2026/09/22 09:00,,,-4.180,サーバー(国交省 川の防災情報)
kw08,2026-09-22T02:10:03.687Z,2026/09/22 11:00,,,0.770,サーバー(国交省 川の防災情報)
kw09,2026-09-22T02:10:03.696Z,2026/09/22 10:00,,,-4.040,サーバー(国交省 川の防災情報)
kw10,2026-09-22T02:10:03.709Z,2026/09/22 11:00,,,0.250,サーバー(国交省 川の防災情報)
kw11,2026-09-22T02:10:03.969Z,2026/09/22 11:00,,,1.410,サーバー(国交省 川の防災情報)
kw01,2026-09-22T02:20:00.108Z,2026/09/22 11:10,,,0.580,サーバー(国交省 川の防災情報)
kw02,2026-09-22T02:20:00.152Z,2026/09/22 11:10,,,0.330,サーバー(国交省 川の防災情報)
kw03,2026-09-22T02:20:00.153Z,2026/09/22 11:10,,,1.140,サーバー(国交省 川の防災情報)
kw04,2026-09-22T02:20:00.154Z,2026/09/22 11:10,,,0.810,サーバー(国交省 川の防災情報)
kw05,2026-09-22T02:20:00.155Z,2026/09/22 09:00,,,-1.270,サーバー(国交省 川の防災情報)
kw06,2026-09-22T02:20:00.799Z,2026/09/22 09:00,,,-2.390,サーバー(国交省 川の防災情報)
kw07,2026-09-22T02:20:00.871Z,2026/09/22 09:00,,,-4.180,サーバー(国交省 川の防災情報)
kw08,2026-09-22T02:20:00.899Z,2026/09/22 11:10,,,0.770,サーバー(国交省 川の防災情報)
kw09,2026-09-22T02:20:01.181Z,2026/09/22 10:00,,,-4.040,サーバー(国交省 川の防災情報)
kw10,2026-09-22T02:20:01.194Z,2026/09/22 11:10,,,0.250,サーバー(国交省 川の防災情報)
kw11,2026-09-22T02:20:01.217Z,2026/09/22 11:10,,,1.390,サーバー(国交省 川の防災情報)
kw01,2026-09-22T02:30:00.194Z,2026/09/22 11:20,,,0.580,サーバー(国交省 川の防災情報)
kw02,2026-09-22T02:30:00.248Z,2026/09/22 11:20,,,0.330,サーバー(国交省 川の防災情報)
kw03,2026-09-22T02:30:00.250Z,2026/09/22 11:20,,,1.140,サーバー(国交省 川の防災情報)
kw04,2026-09-22T02:30:00.251Z,2026/09/22 11:20,,,0.810,サーバー(国交省 川の防災情報)
kw05,2026-09-22T02:30:00.252Z,2026/09/22 09:00,,,-1.270,サーバー(国交省 川の防災情報)
kw06,2026-09-22T02:30:00.881Z,2026/09/22 09:00,,,-2.390,サーバー(国交省 川の防災情報)
kw07,2026-09-22T02:30:00.890Z,2026/09/22 09:00,,,-4.180,サーバー(国交省 川の防災情報)
kw08,2026-09-22T02:30:00.949Z,2026/09/22 11:20,,,0.760,サーバー(国交省 川の防災情報)
kw09,2026-09-22T02:30:00.960Z,2026/09/22 10:00,,,-4.040,サーバー(国交省 川の防災情報)
kw10,2026-09-22T02:30:01.032Z,2026/09/22 11:20,,,0.250,サーバー(国交省 川の防災情報)
kw11,2026-09-22T02:30:01.376Z,2026/09/22 11:20,,,1.380,サーバー(国交省 川の防災情報)
kw01,2026-09-22T02:40:00.924Z,2026/09/22 11:30,,,0.590,サーバー(国交省 川の防災情報)
kw02,2026-09-22T02:40:00.979Z,2026/09/22 11:30,,,0.330,サーバー(国交省 川の防災情報)
kw03,2026-09-22T02:40:00.980Z,2026/09/22 11:30,,,1.140,サーバー(国交省 川の防災情報)
kw04,2026-09-22T02:40:00.981Z,2026/09/22 11:30,,,0.810,サーバー(国交省 川の防災情報)
kw05,2026-09-22T02:40:00.982Z,2026/09/22 09:00,,,-1.270,サーバー(国交省 川の防災情報)
kw06,2026-09-22T02:40:01.740Z,2026/09/22 09:00,,,-2.390,サーバー(国交省 川の防災情報)
kw07,2026-09-22T02:40:01.774Z,2026/09/22 09:00,,,-4.180,サーバー(国交省 川の防災情報)
kw08,2026-09-22T02:40:01.795Z,2026/09/22 11:30,,,0.750,サーバー(国交省 川の防災情報)
kw09,2026-09-22T02:40:01.801Z,2026/09/22 10:00,,,-4.040,サーバー(国交省 川の防災情報)
kw10,2026-09-22T02:40:01.809Z,2026/09/22 11:30,,,0.250,サーバー(国交省 川の防災情報)
kw11,2026-09-22T02:40:02.145Z,2026/09/22 11:30,,,1.370,サーバー(国交省 川の防災情報)
kw01,2026-09-22T02:50:52.921Z,2026/09/22 11:40,,,0.590,サーバー(国交省 川の防災情報)
kw02,2026-09-22T02:50:52.922Z,2026/09/22 11:40,,,0.330,サーバー(国交省 川の防災情報)
kw03,2026-09-22T02:50:52.923Z,2026/09/22 11:40,,,1.150,サーバー(国交省 川の防災情報)
kw04,2026-09-22T02:50:53.703Z,2026/09/22 11:40,,,0.800,サーバー(国交省 川の防災情報)
kw05,2026-09-22T02:50:54.020Z,2026/09/22 09:00,,,-1.270,サーバー(国交省 川の防災情報)
kw06,2026-09-22T02:50:54.131Z,2026/09/22 09:00,,,-2.390,サーバー(国交省 川の防災情報)
kw07,2026-09-22T02:50:54.145Z,2026/09/22 09:00,,,-4.180,サーバー(国交省 川の防災情報)
kw08,2026-09-22T02:50:54.486Z,2026/09/22 11:40,,,0.750,サーバー(国交省 川の防災情報)
kw09,2026-09-22T02:50:54.567Z,2026/09/22 10:00,,,-4.040,サーバー(国交省 川の防災情報)
kw10,2026-09-22T02:50:54.662Z,2026/09/22 11:40,,,0.250,サーバー(国交省 川の防災情報)
kw11,2026-09-22T02:50:54.949Z,2026/09/22 11:40,,,1.350,サーバー(国交省 川の防災情報)
kw01,2026-09-22T03:00:00.481Z,2026/09/22 11:50,,,0.590,サーバー(国交省 川の防災情報)
kw02,2026-09-22T03:00:00.536Z,2026/09/22 11:50,,,0.320,サーバー(国交省 川の防災情報)
kw03,2026-09-22T03:00:00.538Z,2026/09/22 11:50,,,1.150,サーバー(国交省 川の防災情報)
kw04,2026-09-22T03:00:00.539Z,2026/09/22 11:50,,,0.810,サーバー(国交省 川の防災情報)
kw05,2026-09-22T03:00:00.540Z,2026/09/22 09:00,,,-1.270,サーバー(国交省 川の防災情報)
kw06,2026-09-22T03:00:01.355Z,2026/09/22 09:00,,,-2.390,サーバー(国交省 川の防災情報)
kw07,2026-09-22T03:00:01.362Z,2026/09/22 09:00,,,-4.180,サーバー(国交省 川の防災情報)
kw08,2026-09-22T03:00:01.365Z,2026/09/22 11:50,,,0.740,サーバー(国交省 川の防災情報)
kw09,2026-09-22T03:00:01.366Z,2026/09/22 10:00,,,-4.040,サーバー(国交省 川の防災情報)
kw10,2026-09-22T03:00:01.492Z,2026/09/22 11:50,,,0.250,サーバー(国交省 川の防災情報)
kw11,2026-09-22T03:00:01.787Z,2026/09/22 11:50,,,1.320,サーバー(国交省 川の防災情報)
kw01,2026-09-22T03:10:01.049Z,2026/09/22 12:00,,,0.580,サーバー(国交省 川の防災情報)
kw02,2026-09-22T03:10:01.104Z,2026/09/22 12:00,,,0.320,サーバー(国交省 川の防災情報)
kw03,2026-09-22T03:10:01.105Z,2026/09/22 12:00,,,1.140,サーバー(国交省 川の防災情報)
kw04,2026-09-22T03:10:01.106Z,2026/09/22 12:00,,,0.810,サーバー(国交省 川の防災情報)
kw05,2026-09-22T03:10:01.107Z,2026/09/22 09:00,,,-1.270,サーバー(国交省 川の防災情報)
kw06,2026-09-22T03:10:01.736Z,2026/09/22 09:00,,,-2.390,サーバー(国交省 川の防災情報)
kw07,2026-09-22T03:10:01.745Z,2026/09/22 09:00,,,-4.180,サーバー(国交省 川の防災情報)
kw08,2026-09-22T03:10:01.896Z,2026/09/22 12:00,,,0.740,サーバー(国交省 川の防災情報)
kw09,2026-09-22T03:10:01.917Z,2026/09/22 10:00,,,-4.040,サーバー(国交省 川の防災情報)
kw10,2026-09-22T03:10:01.950Z,2026/09/22 12:00,,,0.250,サーバー(国交省 川の防災情報)
kw11,2026-09-22T03:10:02.171Z,2026/09/22 12:00,,,1.340,サーバー(国交省 川の防災情報)
kw01,2026-09-22T03:20:53.049Z,2026/09/22 12:10,,,0.580,サーバー(国交省 川の防災情報)
kw02,2026-09-22T03:20:53.050Z,2026/09/22 12:10,,,0.330,サーバー(国交省 川の防災情報)
kw03,2026-09-22T03:20:53.051Z,2026/09/22 12:10,,,1.140,サーバー(国交省 川の防災情報)
kw04,2026-09-22T03:20:53.741Z,2026/09/22 12:10,,,0.800,サーバー(国交省 川の防災情報)
kw05,2026-09-22T03:20:53.806Z,2026/09/22 09:00,,,-1.270,サーバー(国交省 川の防災情報)
kw06,2026-09-22T03:20:53.865Z,2026/09/22 09:00,,,-2.390,サーバー(国交省 川の防災情報)
kw07,2026-09-22T03:20:54.175Z,2026/09/22 09:00,,,-4.180,サーバー(国交省 川の防災情報)
kw08,2026-09-22T03:20:54.238Z,2026/09/22 12:10,,,0.730,サーバー(国交省 川の防災情報)
kw09,2026-09-22T03:20:54.384Z,2026/09/22 10:00,,,-4.040,サーバー(国交省 川の防災情報)
kw10,2026-09-22T03:20:54.637Z,2026/09/22 12:10,,,0.250,サーバー(国交省 川の防災情報)
kw11,2026-09-22T03:20:54.911Z,2026/09/22 12:10,,,1.330,サーバー(国交省 川の防災情報)
kw01,2026-09-22T03:30:00.661Z,2026/09/22 12:20,,,0.580,サーバー(国交省 川の防災情報)
kw02,2026-09-22T03:30:00.716Z,2026/09/22 12:20,,,0.320,サーバー(国交省 川の防災情報)
kw03,2026-09-22T03:30:00.718Z,2026/09/22 12:20,,,1.140,サーバー(国交省 川の防災情報)
kw04,2026-09-22T03:30:00.719Z,2026/09/22 12:20,,,0.800,サーバー(国交省 川の防災情報)
kw05,2026-09-22T03:30:00.720Z,2026/09/22 09:00,,,-1.270,サーバー(国交省 川の防災情報)
kw06,2026-09-22T03:30:01.458Z,2026/09/22 09:00,,,-2.390,サーバー(国交省 川の防災情報)
kw07,2026-09-22T03:30:01.476Z,2026/09/22 09:00,,,-4.180,サーバー(国交省 川の防災情報)
kw08,2026-09-22T03:30:01.481Z,2026/09/22 12:20,,,0.730,サーバー(国交省 川の防災情報)
kw09,2026-09-22T03:30:01.508Z,2026/09/22 10:00,,,-4.040,サーバー(国交省 川の防災情報)
kw10,2026-09-22T03:30:01.514Z,2026/09/22 12:20,,,0.250,サーバー(国交省 川の防災情報)
kw11,2026-09-22T03:30:01.914Z,2026/09/22 12:20,,,1.320,サーバー(国交省 川の防災情報)
kw01,2026-09-22T03:40:00.400Z,2026/09/22 12:30,,,0.580,サーバー(国交省 川の防災情報)
kw02,2026-09-22T03:40:00.455Z,2026/09/22 12:30,,,0.320,サーバー(国交省 川の防災情報)
kw03,2026-09-22T03:40:00.457Z,2026/09/22 12:30,,,1.140,サーバー(国交省 川の防災情報)
kw04,2026-09-22T03:40:00.458Z,2026/09/22 12:30,,,0.800,サーバー(国交省 川の防災情報)
kw05,2026-09-22T03:40:00.459Z,2026/09/22 09:00,,,-1.270,サーバー(国交省 川の防災情報)
kw06,2026-09-22T03:40:01.178Z,2026/09/22 09:00,,,-2.390,サーバー(国交省 川の防災情報)
kw07,2026-09-22T03:40:01.179Z,2026/09/22 09:00,,,-4.180,サーバー(国交省 川の防災情報)
kw08,2026-09-22T03:40:01.182Z,2026/09/22 12:30,,,0.720,サーバー(国交省 川の防災情報)
kw09,2026-09-22T03:40:01.184Z,2026/09/22 10:00,,,-4.040,サーバー(国交省 川の防災情報)
kw10,2026-09-22T03:40:01.369Z,2026/09/22 12:30,,,0.240,サーバー(国交省 川の防災情報)
kw11,2026-09-22T03:40:01.627Z,2026/09/22 12:30,,,1.290,サーバー(国交省 川の防災情報)
kw01,2026-09-22T03:50:53.601Z,2026/09/22 12:40,,,0.590,サーバー(国交省 川の防災情報)
kw02,2026-09-22T03:50:53.602Z,2026/09/22 12:40,,,0.320,サーバー(国交省 川の防災情報)
kw03,2026-09-22T03:50:53.603Z,2026/09/22 12:40,,,1.140,サーバー(国交省 川の防災情報)
kw04,2026-09-22T03:50:54.714Z,2026/09/22 12:40,,,0.800,サーバー(国交省 川の防災情報)
kw05,2026-09-22T03:50:54.764Z,2026/09/22 09:00,,,-1.270,サーバー(国交省 川の防災情報)
kw06,2026-09-22T03:50:54.814Z,2026/09/22 09:00,,,-2.390,サーバー(国交省 川の防災情報)
kw07,2026-09-22T03:50:55.108Z,2026/09/22 09:00,,,-4.180,サーバー(国交省 川の防災情報)
kw08,2026-09-22T03:50:55.214Z,2026/09/22 12:40,,,0.720,サーバー(国交省 川の防災情報)
kw09,2026-09-22T03:50:55.351Z,2026/09/22 10:00,,,-4.040,サーバー(国交省 川の防災情報)
kw10,2026-09-22T03:50:55.539Z,2026/09/22 12:40,,,0.250,サーバー(国交省 川の防災情報)
kw11,2026-09-22T03:50:55.636Z,2026/09/22 12:40,,,1.300,サーバー(国交省 川の防災情報)
kw01,2026-09-22T04:00:00.992Z,2026/09/22 12:50,,,0.580,サーバー(国交省 川の防災情報)
kw02,2026-09-22T04:00:01.048Z,2026/09/22 12:50,,,0.320,サーバー(国交省 川の防災情報)
kw03,2026-09-22T04:00:01.049Z,2026/09/22 12:50,,,1.140,サーバー(国交省 川の防災情報)
kw04,2026-09-22T04:00:01.050Z,2026/09/22 12:50,,,0.800,サーバー(国交省 川の防災情報)
kw05,2026-09-22T04:00:01.051Z,2026/09/22 09:00,,,-1.270,サーバー(国交省 川の防災情報)
kw06,2026-09-22T04:00:01.827Z,2026/09/22 09:00,,,-2.390,サーバー(国交省 川の防災情報)
kw07,2026-09-22T04:00:01.856Z,2026/09/22 09:00,,,-4.180,サーバー(国交省 川の防災情報)
kw08,2026-09-22T04:00:01.859Z,2026/09/22 12:50,,,0.710,サーバー(国交省 川の防災情報)
kw09,2026-09-22T04:00:01.867Z,2026/09/22 10:00,,,-4.040,サーバー(国交省 川の防災情報)
kw10,2026-09-22T04:00:01.880Z,2026/09/22 12:50,,,0.240,サーバー(国交省 川の防災情報)
kw11,2026-09-22T04:00:02.234Z,2026/09/22 12:50,,,1.290,サーバー(国交省 川の防災情報)
kw01,2026-09-22T04:10:00.644Z,2026/09/22 13:00,,,0.580,サーバー(国交省 川の防災情報)
kw02,2026-09-22T04:10:00.698Z,2026/09/22 13:00,,,0.320,サーバー(国交省 川の防災情報)
kw03,2026-09-22T04:10:00.700Z,2026/09/22 13:00,,,1.140,サーバー(国交省 川の防災情報)
kw04,2026-09-22T04:10:00.701Z,2026/09/22 13:00,,,0.800,サーバー(国交省 川の防災情報)
kw05,2026-09-22T04:10:00.702Z,2026/09/22 09:00,,,-1.270,サーバー(国交省 川の防災情報)
kw06,2026-09-22T04:10:01.507Z,2026/09/22 09:00,,,-2.390,サーバー(国交省 川の防災情報)
kw07,2026-09-22T04:10:01.534Z,2026/09/22 09:00,,,-4.180,サーバー(国交省 川の防災情報)
kw08,2026-09-22T04:10:01.540Z,2026/09/22 13:00,,,0.710,サーバー(国交省 川の防災情報)
kw09,2026-09-22T04:10:01.571Z,2026/09/22 10:00,,,-4.040,サーバー(国交省 川の防災情報)
kw10,2026-09-22T04:10:01.613Z,2026/09/22 13:00,,,0.230,サーバー(国交省 川の防災情報)
kw11,2026-09-22T04:10:02.003Z,2026/09/22 13:00,,,1.250,サーバー(国交省 川の防災情報)
kw01,2026-09-22T04:20:53.349Z,2026/09/22 13:10,,,0.580,サーバー(国交省 川の防災情報)
kw02,2026-09-22T04:20:53.350Z,2026/09/22 13:10,,,0.320,サーバー(国交省 川の防災情報)
kw03,2026-09-22T04:20:53.351Z,2026/09/22 13:10,,,1.140,サーバー(国交省 川の防災情報)
kw04,2026-09-22T04:20:54.389Z,2026/09/22 13:10,,,0.800,サーバー(国交省 川の防災情報)
kw05,2026-09-22T04:20:54.763Z,2026/09/22 09:00,,,-1.270,サーバー(国交省 川の防災情報)
kw06,2026-09-22T04:20:54.781Z,2026/09/22 09:00,,,-2.390,サーバー(国交省 川の防災情報)
kw07,2026-09-22T04:20:54.898Z,2026/09/22 09:00,,,-4.180,サーバー(国交省 川の防災情報)
kw08,2026-09-22T04:20:55.233Z,2026/09/22 13:10,,,0.710,サーバー(国交省 川の防災情報)
kw09,2026-09-22T04:20:55.250Z,2026/09/22 10:00,,,-4.040,サーバー(国交省 川の防災情報)
kw10,2026-09-22T04:20:55.449Z,2026/09/22 13:10,,,0.230,サーバー(国交省 川の防災情報)
kw11,2026-09-22T04:20:55.647Z,2026/09/22 13:10,,,1.260,サーバー(国交省 川の防災情報)
kw01,2026-09-22T04:30:00.523Z,2026/09/22 13:20,,,0.580,サーバー(国交省 川の防災情報)
kw02,2026-09-22T04:30:00.578Z,2026/09/22 13:20,,,0.310,サーバー(国交省 川の防災情報)
kw03,2026-09-22T04:30:00.579Z,2026/09/22 13:20,,,1.140,サーバー(国交省 川の防災情報)
kw04,2026-09-22T04:30:00.580Z,2026/09/22 13:20,,,0.890,サーバー(国交省 川の防災情報)
kw05,2026-09-22T04:30:00.581Z,2026/09/22 09:00,,,-1.270,サーバー(国交省 川の防災情報)
kw06,2026-09-22T04:30:01.115Z,2026/09/22 09:00,,,-2.390,サーバー(国交省 川の防災情報)
kw07,2026-09-22T04:30:01.197Z,2026/09/22 09:00,,,-4.180,サーバー(国交省 川の防災情報)
kw08,2026-09-22T04:30:01.213Z,2026/09/22 13:20,,,0.710,サーバー(国交省 川の防災情報)
kw09,2026-09-22T04:30:01.224Z,2026/09/22 10:00,,,-4.040,サーバー(国交省 川の防災情報)
kw10,2026-09-22T04:30:01.289Z,2026/09/22 13:20,,,0.230,サーバー(国交省 川の防災情報)
kw11,2026-09-22T04:30:01.585Z,2026/09/22 13:20,,,1.250,サーバー(国交省 川の防災情報)
kw01,2026-09-22T04:40:00.197Z,2026/09/22 13:30,,,0.580,サーバー(国交省 川の防災情報)
kw02,2026-09-22T04:40:00.252Z,2026/09/22 13:30,,,0.310,サーバー(国交省 川の防災情報)
kw03,2026-09-22T04:40:00.253Z,2026/09/22 13:30,,,1.140,サーバー(国交省 川の防災情報)
kw04,2026-09-22T04:40:00.254Z,2026/09/22 13:30,,,0.890,サーバー(国交省 川の防災情報)
kw05,2026-09-22T04:40:00.255Z,2026/09/22 09:00,,,-1.270,サーバー(国交省 川の防災情報)
kw06,2026-09-22T04:40:01.021Z,2026/09/22 09:00,,,-2.390,サーバー(国交省 川の防災情報)
kw07,2026-09-22T04:40:01.034Z,2026/09/22 09:00,,,-4.180,サーバー(国交省 川の防災情報)
kw08,2026-09-22T04:40:01.120Z,2026/09/22 13:30,,,0.710,サーバー(国交省 川の防災情報)
kw09,2026-09-22T04:40:01.167Z,2026/09/22 10:00,,,-4.040,サーバー(国交省 川の防災情報)
kw10,2026-09-22T04:40:01.187Z,2026/09/22 13:30,,,0.240,サーバー(国交省 川の防災情報)
kw11,2026-09-22T04:40:01.453Z,2026/09/22 13:30,,,1.240,サーバー(国交省 川の防災情報)
kw01,2026-09-22T04:50:53.256Z,2026/09/22 13:40,,,0.580,サーバー(国交省 川の防災情報)
kw02,2026-09-22T04:50:53.258Z,2026/09/22 13:40,,,0.310,サーバー(国交省 川の防災情報)
kw03,2026-09-22T04:50:53.258Z,2026/09/22 13:40,,,1.140,サーバー(国交省 川の防災情報)
kw04,2026-09-22T04:50:54.264Z,2026/09/22 13:40,,,0.890,サーバー(国交省 川の防災情報)
kw05,2026-09-22T04:50:54.285Z,2026/09/22 09:00,,,-1.270,サーバー(国交省 川の防災情報)
kw06,2026-09-22T04:50:54.375Z,2026/09/22 09:00,,,-2.390,サーバー(国交省 川の防災情報)
kw07,2026-09-22T04:50:54.712Z,2026/09/22 09:00,,,-4.180,サーバー(国交省 川の防災情報)
kw08,2026-09-22T04:50:54.734Z,2026/09/22 13:40,,,0.710,サーバー(国交省 川の防災情報)
kw09,2026-09-22T04:50:54.767Z,2026/09/22 10:00,,,-4.040,サーバー(国交省 川の防災情報)
kw10,2026-09-22T04:50:55.171Z,2026/09/22 13:40,,,0.240,サーバー(国交省 川の防災情報)
kw11,2026-09-22T04:50:55.205Z,2026/09/22 13:40,,,1.220,サーバー(国交省 川の防災情報)
kw01,2026-09-22T05:00:00.210Z,2026/09/22 13:50,,,0.630,サーバー(国交省 川の防災情報)
kw02,2026-09-22T05:00:00.265Z,2026/09/22 13:50,,,0.310,サーバー(国交省 川の防災情報)
kw03,2026-09-22T05:00:00.266Z,2026/09/22 13:50,,,1.130,サーバー(国交省 川の防災情報)
kw04,2026-09-22T05:00:00.267Z,2026/09/22 13:50,,,0.880,サーバー(国交省 川の防災情報)
kw05,2026-09-22T05:00:00.268Z,2026/09/22 09:00,,,-1.270,サーバー(国交省 川の防災情報)
kw06,2026-09-22T05:00:00.967Z,2026/09/22 09:00,,,-2.390,サーバー(国交省 川の防災情報)
kw07,2026-09-22T05:00:00.977Z,2026/09/22 09:00,,,-4.180,サーバー(国交省 川の防災情報)
kw08,2026-09-22T05:00:00.981Z,2026/09/22 13:50,,,0.700,サーバー(国交省 川の防災情報)
kw09,2026-09-22T05:00:00.993Z,2026/09/22 10:00,,,-4.040,サーバー(国交省 川の防災情報)
kw10,2026-09-22T05:00:01.049Z,2026/09/22 13:50,,,0.250,サーバー(国交省 川の防災情報)
kw11,2026-09-22T05:00:01.411Z,2026/09/22 13:50,,,1.200,サーバー(国交省 川の防災情報)
kw01,2026-09-22T05:10:00.195Z,2026/09/22 14:00,,,0.630,サーバー(国交省 川の防災情報)
kw02,2026-09-22T05:10:00.249Z,2026/09/22 14:00,,,0.310,サーバー(国交省 川の防災情報)
kw03,2026-09-22T05:10:00.251Z,2026/09/22 14:00,,,1.130,サーバー(国交省 川の防災情報)
kw04,2026-09-22T05:10:00.252Z,2026/09/22 14:00,,,0.890,サーバー(国交省 川の防災情報)
kw05,2026-09-22T05:10:00.253Z,2026/09/22 09:00,,,-1.270,サーバー(国交省 川の防災情報)
kw06,2026-09-22T05:10:00.924Z,2026/09/22 09:00,,,-2.390,サーバー(国交省 川の防災情報)
kw07,2026-09-22T05:10:00.942Z,2026/09/22 09:00,,,-4.180,サーバー(国交省 川の防災情報)
kw08,2026-09-22T05:10:00.966Z,2026/09/22 14:00,,,0.700,サーバー(国交省 川の防災情報)
kw09,2026-09-22T05:10:00.986Z,2026/09/22 10:00,,,-4.040,サーバー(国交省 川の防災情報)
kw10,2026-09-22T05:10:01.015Z,2026/09/22 14:00,,,0.250,サーバー(国交省 川の防災情報)
kw11,2026-09-22T05:10:01.424Z,2026/09/22 14:00,,,1.190,サーバー(国交省 川の防災情報)
kw01,2026-09-22T05:20:53.594Z,2026/09/22 14:10,,,0.630,サーバー(国交省 川の防災情報)
kw02,2026-09-22T05:20:53.595Z,2026/09/22 14:10,,,0.340,サーバー(国交省 川の防災情報)
kw03,2026-09-22T05:20:53.596Z,2026/09/22 14:10,,,1.130,サーバー(国交省 川の防災情報)
kw04,2026-09-22T05:20:54.487Z,2026/09/22 14:10,,,0.890,サーバー(国交省 川の防災情報)
kw05,2026-09-22T05:20:54.488Z,2026/09/22 09:00,,,-1.270,サーバー(国交省 川の防災情報)
kw06,2026-09-22T05:20:54.508Z,2026/09/22 09:00,,,-2.390,サーバー(国交省 川の防災情報)
kw07,2026-09-22T05:20:54.894Z,2026/09/22 09:00,,,-4.180,サーバー(国交省 川の防災情報)
kw08,2026-09-22T05:20:54.906Z,2026/09/22 14:10,,,0.700,サーバー(国交省 川の防災情報)
kw09,2026-09-22T05:20:54.919Z,2026/09/22 10:00,,,-4.040,サーバー(国交省 川の防災情報)
kw10,2026-09-22T05:20:55.303Z,2026/09/22 14:10,,,0.270,サーバー(国交省 川の防災情報)
kw11,2026-09-22T05:20:55.313Z,2026/09/22 14:10,,,1.180,サーバー(国交省 川の防災情報)
kw01,2026-09-22T05:30:00.686Z,2026/09/22 14:20,,,0.630,サーバー(国交省 川の防災情報)
kw02,2026-09-22T05:30:00.741Z,2026/09/22 14:20,,,0.360,サーバー(国交省 川の防災情報)
kw03,2026-09-22T05:30:00.743Z,2026/09/22 14:20,,,1.140,サーバー(国交省 川の防災情報)
kw04,2026-09-22T05:30:00.744Z,2026/09/22 14:20,,,0.880,サーバー(国交省 川の防災情報)
kw05,2026-09-22T05:30:00.745Z,2026/09/22 09:00,,,-1.270,サーバー(国交省 川の防災情報)
kw06,2026-09-22T05:30:01.548Z,2026/09/22 09:00,,,-2.390,サーバー(国交省 川の防災情報)
kw07,2026-09-22T05:30:01.560Z,2026/09/22 09:00,,,-4.180,サーバー(国交省 川の防災情報)
kw08,2026-09-22T05:30:01.580Z,2026/09/22 14:20,,,0.000,サーバー(国交省 川の防災情報)
kw09,2026-09-22T05:30:01.586Z,2026/09/22 10:00,,,-4.040,サーバー(国交省 川の防災情報)
kw10,2026-09-22T05:30:01.604Z,2026/09/22 14:20,,,0.290,サーバー(国交省 川の防災情報)
kw11,2026-09-22T05:30:01.989Z,2026/09/22 14:20,,,1.170,サーバー(国交省 川の防災情報)
kw01,2026-09-22T05:40:00.407Z,2026/09/22 14:30,,,0.630,サーバー(国交省 川の防災情報)
kw02,2026-09-22T05:40:00.462Z,2026/09/22 14:30,,,0.370,サーバー(国交省 川の防災情報)
kw03,2026-09-22T05:40:00.463Z,2026/09/22 14:30,,,1.140,サーバー(国交省 川の防災情報)
kw04,2026-09-22T05:40:00.464Z,2026/09/22 14:30,,,0.880,サーバー(国交省 川の防災情報)
kw05,2026-09-22T05:40:00.465Z,2026/09/22 09:00,,,-1.270,サーバー(国交省 川の防災情報)
kw06,2026-09-22T05:40:01.151Z,2026/09/22 09:00,,,-2.390,サーバー(国交省 川の防災情報)
kw07,2026-09-22T05:40:01.159Z,2026/09/22 09:00,,,-4.180,サーバー(国交省 川の防災情報)
kw08,2026-09-22T05:40:01.174Z,2026/09/22 14:30,,,0.730,サーバー(国交省 川の防災情報)
kw09,2026-09-22T05:40:01.198Z,2026/09/22 10:00,,,-4.040,サーバー(国交省 川の防災情報)
kw10,2026-09-22T05:40:01.201Z,2026/09/22 14:30,,,0.320,サーバー(国交省 川の防災情報)
kw11,2026-09-22T05:40:01.567Z,2026/09/22 14:30,,,1.170,サーバー(国交省 川の防災情報)
kw01,2026-09-22T05:50:52.803Z,2026/09/22 14:40,,,0.630,サーバー(国交省 川の防災情報)
kw02,2026-09-22T05:50:52.805Z,2026/09/22 14:40,,,0.370,サーバー(国交省 川の防災情報)
kw03,2026-09-22T05:50:52.806Z,2026/09/22 14:40,,,1.140,サーバー(国交省 川の防災情報)
kw04,2026-09-22T05:50:53.450Z,2026/09/22 14:40,,,0.880,サーバー(国交省 川の防災情報)
kw05,2026-09-22T05:50:53.554Z,2026/09/22 09:00,,,-1.270,サーバー(国交省 川の防災情報)
kw06,2026-09-22T05:50:53.816Z,2026/09/22 09:00,,,-2.390,サーバー(国交省 川の防災情報)
kw07,2026-09-22T05:50:54.024Z,2026/09/22 09:00,,,-4.180,サーバー(国交省 川の防災情報)
kw08,2026-09-22T05:50:54.298Z,2026/09/22 14:40,,,0.750,サーバー(国交省 川の防災情報)
kw09,2026-09-22T05:50:54.379Z,2026/09/22 10:00,,,-4.040,サーバー(国交省 川の防災情報)
kw10,2026-09-22T05:50:54.449Z,2026/09/22 14:40,,,0.350,サーバー(国交省 川の防災情報)
kw11,2026-09-22T05:50:54.764Z,2026/09/22 14:40,,,1.150,サーバー(国交省 川の防災情報)
kw01,2026-09-22T06:00:00.689Z,2026/09/22 14:50,,,0.630,サーバー(国交省 川の防災情報)
kw02,2026-09-22T06:00:00.745Z,2026/09/22 14:50,,,0.370,サーバー(国交省 川の防災情報)
kw03,2026-09-22T06:00:00.746Z,2026/09/22 14:50,,,1.140,サーバー(国交省 川の防災情報)
kw04,2026-09-22T06:00:00.747Z,2026/09/22 14:50,,,0.880,サーバー(国交省 川の防災情報)
kw05,2026-09-22T06:00:00.748Z,2026/09/22 09:00,,,-1.270,サーバー(国交省 川の防災情報)
kw06,2026-09-22T06:00:01.556Z,2026/09/22 09:00,,,-2.390,サーバー(国交省 川の防災情報)
kw07,2026-09-22T06:00:01.565Z,2026/09/22 09:00,,,-4.180,サーバー(国交省 川の防災情報)
kw08,2026-09-22T06:00:01.577Z,2026/09/22 14:50,,,0.750,サーバー(国交省 川の防災情報)
kw09,2026-09-22T06:00:01.589Z,2026/09/22 10:00,,,-4.040,サーバー(国交省 川の防災情報)
kw10,2026-09-22T06:00:01.706Z,2026/09/22 14:50,,,0.370,サーバー(国交省 川の防災情報)
kw11,2026-09-22T06:00:02.028Z,2026/09/22 14:50,,,1.140,サーバー(国交省 川の防災情報)
kw01,2026-09-22T06:10:00.113Z,2026/09/22 15:00,,,0.630,サーバー(国交省 川の防災情報)
kw02,2026-09-22T06:10:00.168Z,2026/09/22 15:00,,,0.370,サーバー(国交省 川の防災情報)
kw03,2026-09-22T06:10:00.169Z,2026/09/22 15:00,,,1.140,サーバー(国交省 川の防災情報)
kw04,2026-09-22T06:10:00.170Z,2026/09/22 15:00,,,0.880,サーバー(国交省 川の防災情報)
kw05,2026-09-22T06:10:00.171Z,2026/09/22 09:00,,,-1.270,サーバー(国交省 川の防災情報)
kw06,2026-09-22T06:10:00.915Z,2026/09/22 09:00,,,-2.390,サーバー(国交省 川の防災情報)
kw07,2026-09-22T06:10:00.917Z,2026/09/22 09:00,,,-4.180,サーバー(国交省 川の防災情報)
kw08,2026-09-22T06:10:00.929Z,2026/09/22 15:00,,,0.760,サーバー(国交省 川の防災情報)
kw09,2026-09-22T06:10:00.942Z,2026/09/22 10:00,,,-4.040,サーバー(国交省 川の防災情報)
kw10,2026-09-22T06:10:01.008Z,2026/09/22 15:00,,,0.400,サーバー(国交省 川の防災情報)
kw11,2026-09-22T06:10:01.342Z,2026/09/22 15:00,,,1.130,サーバー(国交省 川の防災情報)
kw01,2026-09-22T06:20:53.523Z,2026/09/22 15:10,,,0.630,サーバー(国交省 川の防災情報)
kw02,2026-09-22T06:20:53.525Z,2026/09/22 15:10,,,0.370,サーバー(国交省 川の防災情報)
kw03,2026-09-22T06:20:53.526Z,2026/09/22 15:10,,,1.140,サーバー(国交省 川の防災情報)
kw04,2026-09-22T06:20:54.464Z,2026/09/22 15:10,,,0.880,サーバー(国交省 川の防災情報)
kw05,2026-09-22T06:20:54.486Z,2026/09/22 09:00,,,-1.270,サーバー(国交省 川の防災情報)
kw06,2026-09-22T06:20:54.565Z,2026/09/22 09:00,,,-2.390,サーバー(国交省 川の防災情報)
kw07,2026-09-22T06:20:54.941Z,2026/09/22 09:00,,,-4.180,サーバー(国交省 川の防災情報)
kw08,2026-09-22T06:20:55.020Z,2026/09/22 15:10,,,0.760,サーバー(国交省 川の防災情報)
kw09,2026-09-22T06:20:55.032Z,2026/09/22 10:00,,,-4.040,サーバー(国交省 川の防災情報)
kw10,2026-09-22T06:20:55.394Z,2026/09/22 15:10,,,0.430,サーバー(国交省 川の防災情報)
kw11,2026-09-22T06:20:55.422Z,2026/09/22 15:10,,,1.130,サーバー(国交省 川の防災情報)
kw01,2026-09-22T06:30:00.803Z,2026/09/22 15:20,,,0.640,サーバー(国交省 川の防災情報)
kw02,2026-09-22T06:30:00.858Z,2026/09/22 15:20,,,0.370,サーバー(国交省 川の防災情報)
kw03,2026-09-22T06:30:00.859Z,2026/09/22 15:20,,,1.140,サーバー(国交省 川の防災情報)
kw04,2026-09-22T06:30:00.860Z,2026/09/22 15:20,,,0.870,サーバー(国交省 川の防災情報)
kw05,2026-09-22T06:30:00.861Z,2026/09/22 09:00,,,-1.270,サーバー(国交省 川の防災情報)
kw06,2026-09-22T06:30:01.698Z,2026/09/22 09:00,,,-2.390,サーバー(国交省 川の防災情報)
kw07,2026-09-22T06:30:01.714Z,2026/09/22 09:00,,,-4.180,サーバー(国交省 川の防災情報)
kw08,2026-09-22T06:30:01.717Z,2026/09/22 15:20,,,0.750,サーバー(国交省 川の防災情報)
kw09,2026-09-22T06:30:01.734Z,2026/09/22 10:00,,,-4.040,サーバー(国交省 川の防災情報)
kw10,2026-09-22T06:30:02.077Z,2026/09/22 15:20,,,0.460,サーバー(国交省 川の防災情報)
kw11,2026-09-22T06:30:02.178Z,2026/09/22 15:20,,,1.120,サーバー(国交省 川の防災情報)
kw01,2026-09-22T06:40:00.290Z,2026/09/22 15:30,,,0.630,サーバー(国交省 川の防災情報)
kw02,2026-09-22T06:40:00.345Z,2026/09/22 15:30,,,0.370,サーバー(国交省 川の防災情報)
kw03,2026-09-22T06:40:00.346Z,2026/09/22 15:30,,,1.140,サーバー(国交省 川の防災情報)
kw04,2026-09-22T06:40:00.348Z,2026/09/22 15:30,,,0.880,サーバー(国交省 川の防災情報)
kw05,2026-09-22T06:40:00.349Z,2026/09/22 09:00,,,-1.270,サーバー(国交省 川の防災情報)
kw06,2026-09-22T06:40:01.286Z,2026/09/22 09:00,,,-2.390,サーバー(国交省 川の防災情報)
kw07,2026-09-22T06:40:01.290Z,2026/09/22 09:00,,,-4.180,サーバー(国交省 川の防災情報)
kw08,2026-09-22T06:40:01.293Z,2026/09/22 15:30,,,0.750,サーバー(国交省 川の防災情報)
kw09,2026-09-22T06:40:01.307Z,2026/09/22 10:00,,,-4.040,サーバー(国交省 川の防災情報)
kw10,2026-09-22T06:40:01.314Z,2026/09/22 15:30,,,0.490,サーバー(国交省 川の防災情報)
kw11,2026-09-22T06:40:01.757Z,2026/09/22 15:30,,,1.120,サーバー(国交省 川の防災情報)
kw01,2026-09-22T06:50:52.841Z,2026/09/22 15:40,,,0.630,サーバー(国交省 川の防災情報)
kw02,2026-09-22T06:50:52.842Z,2026/09/22 15:40,,,0.370,サーバー(国交省 川の防災情報)
kw03,2026-09-22T06:50:52.843Z,2026/09/22 15:40,,,1.140,サーバー(国交省 川の防災情報)
kw04,2026-09-22T06:50:53.904Z,2026/09/22 15:40,,,0.880,サーバー(国交省 川の防災情報)
kw05,2026-09-22T06:50:53.974Z,2026/09/22 09:00,,,-1.270,サーバー(国交省 川の防災情報)
kw06,2026-09-22T06:50:54.174Z,2026/09/22 09:00,,,-2.390,サーバー(国交省 川の防災情報)
kw07,2026-09-22T06:50:54.387Z,2026/09/22 09:00,,,-4.180,サーバー(国交省 川の防災情報)
kw08,2026-09-22T06:50:54.448Z,2026/09/22 15:40,,,0.750,サーバー(国交省 川の防災情報)
kw09,2026-09-22T06:50:54.931Z,2026/09/22 10:00,,,-4.040,サーバー(国交省 川の防災情報)
kw10,2026-09-22T06:50:54.945Z,2026/09/22 15:40,,,0.520,サーバー(国交省 川の防災情報)
kw11,2026-09-22T06:50:54.973Z,2026/09/22 15:40,,,1.110,サーバー(国交省 川の防災情報)
kw01,2026-09-22T07:00:00.820Z,2026/09/22 15:50,,,0.630,サーバー(国交省 川の防災情報)
kw02,2026-09-22T07:00:00.875Z,2026/09/22 15:50,,,0.370,サーバー(国交省 川の防災情報)
kw03,2026-09-22T07:00:00.876Z,2026/09/22 15:50,,,1.130,サーバー(国交省 川の防災情報)
kw04,2026-09-22T07:00:00.877Z,2026/09/22 15:50,,,0.880,サーバー(国交省 川の防災情報)
kw05,2026-09-22T07:00:00.878Z,2026/09/22 09:00,,,-1.270,サーバー(国交省 川の防災情報)
kw06,2026-09-22T07:00:01.518Z,2026/09/22 09:00,,,-2.390,サーバー(国交省 川の防災情報)
kw07,2026-09-22T07:00:01.565Z,2026/09/22 09:00,,,-4.180,サーバー(国交省 川の防災情報)
kw08,2026-09-22T07:00:01.587Z,2026/09/22 15:50,,,0.750,サーバー(国交省 川の防災情報)
kw09,2026-09-22T07:00:01.593Z,2026/09/22 10:00,,,-4.040,サーバー(国交省 川の防災情報)
kw10,2026-09-22T07:00:01.616Z,2026/09/22 15:50,,,0.550,サーバー(国交省 川の防災情報)
kw11,2026-09-22T07:00:01.921Z,2026/09/22 15:50,,,1.100,サーバー(国交省 川の防災情報)
kw01,2026-09-22T07:10:00.582Z,2026/09/22 16:00,,,0.630,サーバー(国交省 川の防災情報)
kw02,2026-09-22T07:10:00.638Z,2026/09/22 16:00,,,0.370,サーバー(国交省 川の防災情報)
kw03,2026-09-22T07:10:00.639Z,2026/09/22 16:00,,,1.140,サーバー(国交省 川の防災情報)
kw04,2026-09-22T07:10:00.640Z,2026/09/22 16:00,,,0.880,サーバー(国交省 川の防災情報)
kw05,2026-09-22T07:10:00.641Z,2026/09/22 09:00,,,-1.270,サーバー(国交省 川の防災情報)
kw06,2026-09-22T07:10:01.534Z,2026/09/22 09:00,,,-2.390,サーバー(国交省 川の防災情報)
kw07,2026-09-22T07:10:01.536Z,2026/09/22 09:00,,,-4.180,サーバー(国交省 川の防災情報)
kw08,2026-09-22T07:10:01.547Z,2026/09/22 16:00,,,0.750,サーバー(国交省 川の防災情報)
kw09,2026-09-22T07:10:01.566Z,2026/09/22 10:00,,,-4.040,サーバー(国交省 川の防災情報)
kw10,2026-09-22T07:10:01.569Z,2026/09/22 16:00,,,0.580,サーバー(国交省 川の防災情報)
kw11,2026-09-22T07:10:01.971Z,2026/09/22 16:00,,,1.100,サーバー(国交省 川の防災情報)
kw01,2026-09-22T07:20:53.251Z,2026/09/22 16:10,,,0.630,サーバー(国交省 川の防災情報)
kw02,2026-09-22T07:20:53.252Z,2026/09/22 16:10,,,0.370,サーバー(国交省 川の防災情報)
kw03,2026-09-22T07:20:53.253Z,2026/09/22 16:10,,,1.140,サーバー(国交省 川の防災情報)
kw04,2026-09-22T07:20:54.249Z,2026/09/22 16:10,,,0.890,サーバー(国交省 川の防災情報)
kw05,2026-09-22T07:20:54.271Z,2026/09/22 09:00,,,-1.270,サーバー(国交省 川の防災情報)
kw06,2026-09-22T07:20:54.411Z,2026/09/22 09:00,,,-2.390,サーバー(国交省 川の防災情報)
kw07,2026-09-22T07:20:54.704Z,2026/09/22 09:00,,,-4.180,サーバー(国交省 川の防災情報)
kw08,2026-09-22T07:20:54.796Z,2026/09/22 16:10,,,0.750,サーバー(国交省 川の防災情報)
kw09,2026-09-22T07:20:54.829Z,2026/09/22 10:00,,,-4.040,サーバー(国交省 川の防災情報)
kw10,2026-09-22T07:20:55.157Z,2026/09/22 16:10,,,0.600,サーバー(国交省 川の防災情報)
kw11,2026-09-22T07:20:55.296Z,2026/09/22 16:10,,,1.090,サーバー(国交省 川の防災情報)
kw01,2026-09-22T07:30:00.414Z,2026/09/22 16:20,,,0.630,サーバー(国交省 川の防災情報)
kw02,2026-09-22T07:30:00.469Z,2026/09/22 16:20,,,0.370,サーバー(国交省 川の防災情報)
kw03,2026-09-22T07:30:00.470Z,2026/09/22 16:20,,,1.140,サーバー(国交省 川の防災情報)
kw04,2026-09-22T07:30:00.471Z,2026/09/22 16:20,,,0.890,サーバー(国交省 川の防災情報)
kw05,2026-09-22T07:30:00.472Z,2026/09/22 09:00,,,-1.270,サーバー(国交省 川の防災情報)
kw06,2026-09-22T07:30:01.305Z,2026/09/22 09:00,,,-2.390,サーバー(国交省 川の防災情報)
kw07,2026-09-22T07:30:01.368Z,2026/09/22 09:00,,,-4.180,サーバー(国交省 川の防災情報)
kw08,2026-09-22T07:30:01.444Z,2026/09/22 16:20,,,0.750,サーバー(国交省 川の防災情報)
kw09,2026-09-22T07:30:01.450Z,2026/09/22 10:00,,,-4.040,サーバー(国交省 川の防災情報)
kw10,2026-09-22T07:30:01.451Z,2026/09/22 16:20,,,0.630,サーバー(国交省 川の防災情報)
kw11,2026-09-22T07:30:01.686Z,2026/09/22 16:20,,,1.080,サーバー(国交省 川の防災情報)
kw01,2026-09-22T07:40:00.306Z,2026/09/22 16:30,,,0.630,サーバー(国交省 川の防災情報)
kw02,2026-09-22T07:40:00.362Z,2026/09/22 16:30,,,0.360,サーバー(国交省 川の防災情報)
kw03,2026-09-22T07:40:00.363Z,2026/09/22 16:30,,,1.130,サーバー(国交省 川の防災情報)
kw04,2026-09-22T07:40:00.364Z,2026/09/22 16:30,,,0.880,サーバー(国交省 川の防災情報)
kw05,2026-09-22T07:40:00.366Z,2026/09/22 09:00,,,-1.270,サーバー(国交省 川の防災情報)
kw06,2026-09-22T07:40:01.050Z,2026/09/22 09:00,,,-2.390,サーバー(国交省 川の防災情報)
kw07,2026-09-22T07:40:01.068Z,2026/09/22 09:00,,,-4.180,サーバー(国交省 川の防災情報)
kw08,2026-09-22T07:40:01.095Z,2026/09/22 16:30,,,0.740,サーバー(国交省 川の防災情報)
kw09,2026-09-22T07:40:01.102Z,2026/09/22 10:00,,,-4.040,サーバー(国交省 川の防災情報)
kw10,2026-09-22T07:40:01.131Z,2026/09/22 16:30,,,0.650,サーバー(国交省 川の防災情報)
kw11,2026-09-22T07:40:01.500Z,2026/09/22 16:30,,,1.070,サーバー(国交省 川の防災情報)
kw01,2026-09-22T07:50:52.948Z,2026/09/22 16:40,,,0.630,サーバー(国交省 川の防災情報)
kw02,2026-09-22T07:50:52.949Z,2026/09/22 16:40,,,0.360,サーバー(国交省 川の防災情報)
kw03,2026-09-22T07:50:52.950Z,2026/09/22 16:40,,,1.140,サーバー(国交省 川の防災情報)
kw04,2026-09-22T07:50:53.698Z,2026/09/22 16:40,,,0.870,サーバー(国交省 川の防災情報)
kw05,2026-09-22T07:50:53.916Z,2026/09/22 09:00,,,-1.270,サーバー(国交省 川の防災情報)
kw06,2026-09-22T07:50:53.962Z,2026/09/22 09:00,,,-2.390,サーバー(国交省 川の防災情報)
kw07,2026-09-22T07:50:54.090Z,2026/09/22 09:00,,,-4.180,サーバー(国交省 川の防災情報)
kw08,2026-09-22T07:50:54.387Z,2026/09/22 16:40,,,0.740,サーバー(国交省 川の防災情報)
kw09,2026-09-22T07:50:54.543Z,2026/09/22 10:00,,,-4.040,サーバー(国交省 川の防災情報)
kw10,2026-09-22T07:50:54.844Z,2026/09/22 16:40,,,0.680,サーバー(国交省 川の防災情報)
kw11,2026-09-22T07:50:54.899Z,2026/09/22 16:40,,,1.060,サーバー(国交省 川の防災情報)
kw01,2026-09-22T08:00:00.951Z,2026/09/22 16:50,,,0.630,サーバー(国交省 川の防災情報)
kw02,2026-09-22T08:00:00.998Z,2026/09/22 16:50,,,0.370,サーバー(国交省 川の防災情報)
kw03,2026-09-22T08:00:00.999Z,2026/09/22 16:50,,,1.140,サーバー(国交省 川の防災情報)
kw04,2026-09-22T08:00:01.000Z,2026/09/22 16:50,,,0.870,サーバー(国交省 川の防災情報)
kw05,2026-09-22T08:00:01.002Z,2026/09/22 09:00,,,-1.270,サーバー(国交省 川の防災情報)
kw06,2026-09-22T08:00:01.883Z,2026/09/22 09:00,,,-2.390,サーバー(国交省 川の防災情報)
kw07,2026-09-22T08:00:01.901Z,2026/09/22 09:00,,,-4.180,サーバー(国交省 川の防災情報)
kw08,2026-09-22T08:00:01.929Z,2026/09/22 16:50,,,0.740,サーバー(国交省 川の防災情報)
kw09,2026-09-22T08:00:02.004Z,2026/09/22 10:00,,,-4.040,サーバー(国交省 川の防災情報)
kw10,2026-09-22T08:00:02.029Z,2026/09/22 16:50,,,0.700,サーバー(国交省 川の防災情報)
kw11,2026-09-22T08:00:02.332Z,2026/09/22 16:50,,,1.050,サーバー(国交省 川の防災情報)
kw01,2026-09-22T08:10:00.628Z,2026/09/22 17:00,,,0.630,サーバー(国交省 川の防災情報)
kw02,2026-09-22T08:10:00.673Z,2026/09/22 17:00,,,0.360,サーバー(国交省 川の防災情報)
kw03,2026-09-22T08:10:00.674Z,2026/09/22 17:00,,,1.140,サーバー(国交省 川の防災情報)
kw04,2026-09-22T08:10:00.676Z,2026/09/22 17:00,,,0.870,サーバー(国交省 川の防災情報)
kw05,2026-09-22T08:10:00.676Z,2026/09/22 09:00,,,-1.270,サーバー(国交省 川の防災情報)
kw06,2026-09-22T08:10:01.665Z,2026/09/22 09:00,,,-2.390,サーバー(国交省 川の防災情報)
kw07,2026-09-22T08:10:01.767Z,2026/09/22 09:00,,,-4.180,サーバー(国交省 川の防災情報)
kw08,2026-09-22T08:10:01.932Z,2026/09/22 17:00,,,0.740,サーバー(国交省 川の防災情報)
kw09,2026-09-22T08:10:02.048Z,2026/09/22 10:00,,,-4.040,サーバー(国交省 川の防災情報)
kw10,2026-09-22T08:10:02.122Z,2026/09/22 17:00,,,0.730,サーバー(国交省 川の防災情報)
kw11,2026-09-22T08:10:02.196Z,2026/09/22 17:00,,,1.040,サーバー(国交省 川の防災情報)
cam02,2026-09-22T08:20:00.973Z,2026-09-22 17:10:08,,12.480,0.990,サーバー(直接取得)
cam03,2026-09-22T08:20:00.974Z,2026-09-22 17:10:15,,12.190,-3.970,サーバー(直接取得)
cam04,2026-09-22T08:20:00.975Z,2026-09-22 17:10:07,,12.590,1.020,サーバー(直接取得)
cam08,2026-09-22T08:20:00.976Z,2026-09-22 17:00:22,,12.524,0.110,サーバー(直接取得)
cam09,2026-09-22T08:20:01.696Z,2026-09-22 17:10:18,,12.365,0.270,サーバー(直接取得)
cam11,2026-09-22T08:20:01.697Z,2026-09-22 17:10:07,,12.686,0.503,サーバー(直接取得)
cam12,2026-09-22T08:20:01.966Z,2026-09-22 17:10:07,,12.427,-0.064,サーバー(直接取得)
cam13,2026-09-22T08:20:01.975Z,2026-09-22 17:10:07,,12.787,0.039,サーバー(直接取得)
cam14,2026-09-22T08:20:02.267Z,2026-09-22 17:10:16,,12.379,0.057,サーバー(直接取得)
cam36,2026-09-22T08:20:02.353Z,2026-09-22 17:10:07,,12.814,0.023,サーバー(直接取得)
cam39,2026-09-22T08:20:02.544Z,2026-09-22 17:18:05,,13.372,0.053,サーバー(直接取得)
cam40,2026-09-22T08:20:02.769Z,2026-09-22 17:10:06,,12.752,0.331,サーバー(直接取得)
cam41,2026-09-22T08:20:03.014Z,2026-09-22 17:10:03,,12.748,0.138,サーバー(直接取得)
cam42,2026-09-22T08:20:03.257Z,2026-09-22 17:10:18,,12.625,0.440,サーバー(直接取得)
cam43,2026-09-22T08:20:03.495Z,2026-09-22 17:10:17,,11.798,0.510,サーバー(直接取得)
cam44,2026-09-22T08:20:03.738Z,2026-09-22 17:10:03,,12.436,0.180,サーバー(直接取得)
cam45,2026-09-22T08:20:03.974Z,2026-09-22 17:10:03,,12.607,0.360,サーバー(直接取得)
cam46,2026-09-22T08:20:04.084Z,2026-09-22 16:40:23,,12.572,0.730,サーバー(直接取得)
cam47,2026-09-22T08:20:04.105Z,2026-09-22 17:10:07,,12.475,0.430,サーバー(直接取得)
cam48,2026-09-22T08:20:04.216Z,2026-09-22 17:10:03,,13.755,-15.460,サーバー(直接取得)
cam50,2026-09-22T08:20:04.330Z,2026-09-22 17:19:00,,13.500,0.180,サーバー(直接取得)
cam51,2026-09-22T08:20:04.356Z,2026-09-22 17:18:19,,13.601,0.090,サーバー(直接取得)
cam52,2026-09-22T08:20:04.420Z,2026-09-22 17:10:25,,12.484,0.290,サーバー(直接取得)
cam53,2026-09-22T08:20:04.433Z,2026-09-22 16:40:28,,12.823,0.100,サーバー(直接取得)
cam54,2026-09-22T08:20:04.461Z,2026-09-22 17:10:21,,12.506,0.110,サーバー(直接取得)
cam55,2026-09-22T08:20:04.566Z,2026-09-22 17:10:22,,12.722,0.670,サーバー(直接取得)
kw01,2026-09-22T08:20:04.615Z,2026/09/22 17:10,,,0.630,サーバー(国交省 川の防災情報)
kw02,2026-09-22T08:20:04.651Z,2026/09/22 17:10,,,0.370,サーバー(国交省 川の防災情報)
kw03,2026-09-22T08:20:04.685Z,2026/09/22 17:10,,,1.140,サーバー(国交省 川の防災情報)
kw04,2026-09-22T08:20:04.705Z,2026/09/22 17:10,,,0.890,サーバー(国交省 川の防災情報)
kw05,2026-09-22T08:20:04.822Z,2026/09/22 09:00,,,-1.270,サーバー(国交省 川の防災情報)
kw06,2026-09-22T08:20:05.422Z,2026/09/22 09:00,,,-2.390,サーバー(国交省 川の防災情報)
kw07,2026-09-22T08:20:05.429Z,2026/09/22 09:00,,,-4.180,サーバー(国交省 川の防災情報)
kw08,2026-09-22T08:20:05.440Z,2026/09/22 17:10,,,0.740,サーバー(国交省 川の防災情報)
kw09,2026-09-22T08:20:05.792Z,2026/09/22 10:00,,,-4.040,サーバー(国交省 川の防災情報)
kw10,2026-09-22T08:20:05.795Z,2026/09/22 17:10,,,0.750,サーバー(国交省 川の防災情報)
kw11,2026-09-22T08:20:05.859Z,2026/09/22 17:10,,,1.040,サーバー(国交省 川の防災情報)
kw01,2026-09-22T08:30:00.590Z,2026/09/22 17:20,,,0.640,サーバー(国交省 川の防災情報)
kw02,2026-09-22T08:30:00.638Z,2026/09/22 17:20,,,0.370,サーバー(国交省 川の防災情報)
kw03,2026-09-22T08:30:00.640Z,2026/09/22 17:20,,,1.140,サーバー(国交省 川の防災情報)
kw04,2026-09-22T08:30:00.641Z,2026/09/22 17:20,,,0.870,サーバー(国交省 川の防災情報)
kw05,2026-09-22T08:30:00.642Z,2026/09/22 09:00,,,-1.270,サーバー(国交省 川の防災情報)
kw06,2026-09-22T08:30:01.217Z,2026/09/22 09:00,,,-2.390,サーバー(国交省 川の防災情報)
kw07,2026-09-22T08:30:01.382Z,2026/09/22 09:00,,,-4.180,サーバー(国交省 川の防災情報)
kw08,2026-09-22T08:30:01.391Z,2026/09/22 17:20,,,0.740,サーバー(国交省 川の防災情報)
kw09,2026-09-22T08:30:01.620Z,2026/09/22 10:00,,,-4.040,サーバー(国交省 川の防災情報)
kw10,2026-09-22T08:30:01.741Z,2026/09/22 17:20,,,0.780,サーバー(国交省 川の防災情報)
kw11,2026-09-22T08:30:01.742Z,2026/09/22 17:20,,,1.030,サーバー(国交省 川の防災情報)
kw01,2026-09-22T08:40:00.249Z,2026/09/22 17:30,,,0.630,サーバー(国交省 川の防災情報)
kw02,2026-09-22T08:40:00.297Z,2026/09/22 17:30,,,0.370,サーバー(国交省 川の防災情報)
kw03,2026-09-22T08:40:00.298Z,2026/09/22 17:30,,,1.140,サーバー(国交省 川の防災情報)
kw04,2026-09-22T08:40:00.299Z,2026/09/22 17:30,,,0.810,サーバー(国交省 川の防災情報)
kw05,2026-09-22T08:40:00.300Z,2026/09/22 09:00,,,-1.270,サーバー(国交省 川の防災情報)
kw06,2026-09-22T08:40:01.315Z,2026/09/22 09:00,,,-2.390,サーバー(国交省 川の防災情報)
kw07,2026-09-22T08:40:01.348Z,2026/09/22 09:00,,,-4.180,サーバー(国交省 川の防災情報)
kw08,2026-09-22T08:40:01.438Z,2026/09/22 17:30,,,0.730,サーバー(国交省 川の防災情報)
kw09,2026-09-22T08:40:01.575Z,2026/09/22 10:00,,,-4.040,サーバー(国交省 川の防災情報)
kw10,2026-09-22T08:40:01.756Z,2026/09/22 17:30,,,0.800,サーバー(国交省 川の防災情報)
kw11,2026-09-22T08:40:01.777Z,2026/09/22 17:30,,,1.020,サーバー(国交省 川の防災情報)
cam02,2026-09-22T08:50:00.962Z,2026-09-22 17:40:07,,12.436,0.970,サーバー(直接取得)
cam03,2026-09-22T08:50:00.964Z,2026-09-22 17:40:14,,12.128,-3.870,サーバー(直接取得)
cam04,2026-09-22T08:50:00.965Z,2026-09-22 17:40:07,,12.541,1.050,サーバー(直接取得)
cam08,2026-09-22T08:50:00.965Z,2026-09-22 17:40:21,,12.467,0.140,サーバー(直接取得)
cam09,2026-09-22T08:50:01.693Z,2026-09-22 17:40:17,,12.330,0.280,サーバー(直接取得)
cam11,2026-09-22T08:50:01.721Z,2026-09-22 17:40:07,,12.629,0.540,サーバー(直接取得)
cam12,2026-09-22T08:50:01.935Z,2026-09-22 17:40:07,,12.405,-0.059,サーバー(直接取得)
cam13,2026-09-22T08:50:01.991Z,2026-09-22 17:40:06,,12.708,0.043,サーバー(直接取得)
cam14,2026-09-22T08:50:02.080Z,2026-09-22 17:40:15,,12.313,0.057,サーバー(直接取得)
cam36,2026-09-22T08:50:02.114Z,2026-09-22 17:40:07,,12.748,0.027,サーバー(直接取得)
cam39,2026-09-22T08:50:02.215Z,2026-09-22 17:48:05,,13.377,0.056,サーバー(直接取得)
cam40,2026-09-22T08:50:02.281Z,2026-09-22 17:40:07,,12.713,0.328,サーバー(直接取得)
cam41,2026-09-22T08:50:02.350Z,2026-09-22 17:40:03,,12.704,0.142,サーバー(直接取得)
cam42,2026-09-22T08:50:02.374Z,2026-09-22 17:40:16,,12.581,0.440,サーバー(直接取得)
cam43,2026-09-22T08:50:02.542Z,2026-09-22 17:40:21,,11.750,0.510,サーバー(直接取得)
cam44,2026-09-22T08:50:02.586Z,2026-09-22 17:40:04,,12.396,0.180,サーバー(直接取得)
cam45,2026-09-22T08:50:02.607Z,2026-09-22 17:40:03,,12.568,0.360,サーバー(直接取得)
cam46,2026-09-22T08:50:02.625Z,2026-09-22 17:40:17,,12.502,0.800,サーバー(直接取得)
cam47,2026-09-22T08:50:02.800Z,2026-09-22 17:40:06,,12.418,0.433,サーバー(直接取得)
cam48,2026-09-22T08:50:02.827Z,2026-09-22 17:40:03,,13.741,-15.480,サーバー(直接取得)
cam50,2026-09-22T08:50:02.864Z,2026-09-22 17:49:00,,13.500,0.190,サーバー(直接取得)
cam51,2026-09-22T08:50:02.877Z,2026-09-22 17:48:18,,13.601,0.100,サーバー(直接取得)
cam52,2026-09-22T08:50:02.962Z,2026-09-22 17:40:27,,12.414,0.290,サーバー(直接取得)
cam53,2026-09-22T08:50:03.047Z,2026-09-22 17:40:27,,12.563,0.110,サーバー(直接取得)
cam54,2026-09-22T08:50:03.069Z,2026-09-22 17:40:21,,12.445,0.110,サーバー(直接取得)
cam55,2026-09-22T08:50:03.105Z,2026-09-22 17:40:21,,12.682,0.670,サーバー(直接取得)
kw01,2026-09-22T08:50:03.115Z,2026/09/22 17:40,,,0.640,サーバー(国交省 川の防災情報)
kw02,2026-09-22T08:50:03.207Z,2026/09/22 17:40,,,0.370,サーバー(国交省 川の防災情報)
kw03,2026-09-22T08:50:03.302Z,2026/09/22 17:40,,,1.130,サーバー(国交省 川の防災情報)
kw04,2026-09-22T08:50:03.313Z,2026/09/22 17:40,,,0.800,サーバー(国交省 川の防災情報)
kw05,2026-09-22T08:50:03.351Z,2026/09/22 09:00,,,-1.270,サーバー(国交省 川の防災情報)
kw06,2026-09-22T08:50:04.027Z,2026/09/22 09:00,,,-2.390,サーバー(国交省 川の防災情報)
kw07,2026-09-22T08:50:04.091Z,2026/09/22 09:00,,,-4.180,サーバー(国交省 川の防災情報)
kw08,2026-09-22T08:50:04.144Z,2026/09/22 17:40,,,0.730,サーバー(国交省 川の防災情報)
kw09,2026-09-22T08:50:04.167Z,2026/09/22 10:00,,,-4.040,サーバー(国交省 川の防災情報)
kw10,2026-09-22T08:50:04.438Z,2026/09/22 17:40,,,0.820,サーバー(国交省 川の防災情報)
kw11,2026-09-22T08:50:04.590Z,2026/09/22 17:40,,,1.030,サーバー(国交省 川の防災情報)
kw01,2026-09-22T09:00:00.747Z,2026/09/22 17:50,,,0.620,サーバー(国交省 川の防災情報)
kw02,2026-09-22T09:00:00.793Z,2026/09/22 17:50,,,0.360,サーバー(国交省 川の防災情報)
kw03,2026-09-22T09:00:00.794Z,2026/09/22 17:50,,,1.130,サーバー(国交省 川の防災情報)
kw04,2026-09-22T09:00:00.795Z,2026/09/22 17:50,,,0.800,サーバー(国交省 川の防災情報)
kw05,2026-09-22T09:00:00.796Z,2026/09/22 09:00,,,-1.270,サーバー(国交省 川の防災情報)
kw06,2026-09-22T09:00:01.515Z,2026/09/22 09:00,,,-2.390,サーバー(国交省 川の防災情報)
kw07,2026-09-22T09:00:01.636Z,2026/09/22 09:00,,,-4.180,サーバー(国交省 川の防災情報)
kw08,2026-09-22T09:00:01.851Z,2026/09/22 17:50,,,0.730,サーバー(国交省 川の防災情報)
kw09,2026-09-22T09:00:01.913Z,2026/09/22 10:00,,,-4.040,サーバー(国交省 川の防災情報)
kw10,2026-09-22T09:00:01.915Z,2026/09/22 17:50,,,0.840,サーバー(国交省 川の防災情報)
kw11,2026-09-22T09:00:01.982Z,2026/09/22 17:50,,,1.010,サーバー(国交省 川の防災情報)
kw01,2026-09-22T09:10:00.336Z,2026/09/22 18:00,,,0.590,サーバー(国交省 川の防災情報)
kw02,2026-09-22T09:10:00.383Z,2026/09/22 18:00,,,0.360,サーバー(国交省 川の防災情報)
kw03,2026-09-22T09:10:00.384Z,2026/09/22 18:00,,,1.130,サーバー(国交省 川の防災情報)
kw04,2026-09-22T09:10:00.386Z,2026/09/22 18:00,,,0.800,サーバー(国交省 川の防災情報)
kw05,2026-09-22T09:10:00.387Z,2026/09/22 09:00,,,-1.270,サーバー(国交省 川の防災情報)
kw06,2026-09-22T09:10:01.099Z,2026/09/22 09:00,,,-2.390,サーバー(国交省 川の防災情報)
kw07,2026-09-22T09:10:01.305Z,2026/09/22 09:00,,,-4.180,サーバー(国交省 川の防災情報)
kw08,2026-09-22T09:10:01.449Z,2026/09/22 18:00,,,0.730,サーバー(国交省 川の防災情報)
kw09,2026-09-22T09:10:01.450Z,2026/09/22 10:00,,,-4.040,サーバー(国交省 川の防災情報)
kw10,2026-09-22T09:10:01.485Z,2026/09/22 18:00,,,0.860,サーバー(国交省 川の防災情報)
kw11,2026-09-22T09:10:01.499Z,2026/09/22 18:00,,,1.010,サーバー(国交省 川の防災情報)
cam02,2026-09-22T09:20:00.372Z,2026-09-22 18:10:07,,12.405,0.960,サーバー(直接取得)
cam03,2026-09-22T09:20:00.373Z,2026-09-22 18:10:14,,12.097,-3.780,サーバー(直接取得)
cam04,2026-09-22T09:20:00.374Z,2026-09-22 18:10:06,,12.436,1.030,サーバー(直接取得)
cam08,2026-09-22T09:20:00.375Z,2026-09-22 18:10:21,,12.436,0.100,サーバー(直接取得)
cam09,2026-09-22T09:20:01.337Z,2026-09-22 18:10:13,,12.220,0.290,サーバー(直接取得)
cam11,2026-09-22T09:20:01.340Z,2026-09-22 18:10:07,,12.515,0.459,サーバー(直接取得)
cam12,2026-09-22T09:20:01.579Z,2026-09-22 18:10:07,,12.365,-0.057,サーバー(直接取得)
cam13,2026-09-22T09:20:01.596Z,2026-09-22 18:10:06,,12.669,0.047,サーバー(直接取得)
cam14,2026-09-22T09:20:01.830Z,2026-09-22 18:10:15,,12.212,0.057,サーバー(直接取得)
cam36,2026-09-22T09:20:01.845Z,2026-09-22 18:10:07,,12.739,0.031,サーバー(直接取得)
cam39,2026-09-22T09:20:01.871Z,2026-09-22 18:18:06,,13.381,0.056,サーバー(直接取得)
cam40,2026-09-22T09:20:01.891Z,2026-09-22 18:10:07,,12.603,0.322,サーバー(直接取得)
cam41,2026-09-22T09:20:02.019Z,2026-09-22 18:10:03,,12.686,0.143,サーバー(直接取得)
cam42,2026-09-22T09:20:02.105Z,2026-09-22 18:10:14,,12.559,0.430,サーバー(直接取得)
cam43,2026-09-22T09:20:02.117Z,2026-09-22 18:10:12,,11.697,0.520,サーバー(直接取得)
cam44,2026-09-22T09:20:02.178Z,2026-09-22 18:10:03,,12.387,0.180,サーバー(直接取得)
cam45,2026-09-22T09:20:02.192Z,2026-09-22 18:10:03,,12.550,0.360,サーバー(直接取得)
cam46,2026-09-22T09:20:02.424Z,2026-09-22 18:10:11,,12.480,0.720,サーバー(直接取得)
cam47,2026-09-22T09:20:02.489Z,2026-09-22 18:10:06,,12.317,0.433,サーバー(直接取得)
cam48,2026-09-22T09:20:02.554Z,2026-09-22 18:10:03,,13.755,-15.480,サーバー(直接取得)
cam50,2026-09-22T09:20:02.681Z,2026-09-22 18:19:00,,13.500,0.190,サーバー(直接取得)
cam51,2026-09-22T09:20:02.764Z,2026-09-22 18:18:15,,13.614,0.100,サーバー(直接取得)
cam52,2026-09-22T09:20:02.820Z,2026-09-22 18:10:19,,12.304,0.300,サーバー(直接取得)
cam53,2026-09-22T09:20:02.827Z,2026-09-22 18:10:13,,12.519,0.110,サーバー(直接取得)
cam54,2026-09-22T09:20:02.832Z,2026-09-22 18:10:20,,12.431,0.110,サーバー(直接取得)
cam55,2026-09-22T09:20:02.944Z,2026-09-22 18:10:21,,12.682,0.670,サーバー(直接取得)
kw01,2026-09-22T09:20:03.051Z,2026/09/22 18:10,,,0.570,サーバー(国交省 川の防災情報)
kw02,2026-09-22T09:20:03.072Z,2026/09/22 18:10,,,0.360,サーバー(国交省 川の防災情報)
kw03,2026-09-22T09:20:03.076Z,2026/09/22 18:10,,,1.130,サーバー(国交省 川の防災情報)
kw04,2026-09-22T09:20:03.092Z,2026/09/22 18:10,,,0.800,サーバー(国交省 川の防災情報)
kw05,2026-09-22T09:20:03.194Z,2026/09/22 09:00,,,-1.270,サーバー(国交省 川の防災情報)
kw06,2026-09-22T09:20:03.841Z,2026/09/22 09:00,,,-2.390,サーバー(国交省 川の防災情報)
kw07,2026-09-22T09:20:03.979Z,2026/09/22 09:00,,,-4.180,サーバー(国交省 川の防災情報)
kw08,2026-09-22T09:20:04.206Z,2026/09/22 18:10,,,0.730,サーバー(国交省 川の防災情報)
kw09,2026-09-22T09:20:04.214Z,2026/09/22 10:00,,,-4.040,サーバー(国交省 川の防災情報)
kw10,2026-09-22T09:20:04.236Z,2026/09/22 18:10,,,0.880,サーバー(国交省 川の防災情報)
kw11,2026-09-22T09:20:04.410Z,2026/09/22 18:10,,,1.010,サーバー(国交省 川の防災情報)
kw01,2026-09-22T09:30:00.948Z,2026/09/22 18:20,,,0.570,サーバー(国交省 川の防災情報)
kw02,2026-09-22T09:30:00.994Z,2026/09/22 18:20,,,0.340,サーバー(国交省 川の防災情報)
kw03,2026-09-22T09:30:00.995Z,2026/09/22 18:20,,,1.120,サーバー(国交省 川の防災情報)
kw04,2026-09-22T09:30:00.996Z,2026/09/22 18:20,,,0.800,サーバー(国交省 川の防災情報)
kw05,2026-09-22T09:30:00.997Z,2026/09/22 09:00,,,-1.270,サーバー(国交省 川の防災情報)
kw06,2026-09-22T09:30:01.905Z,2026/09/22 09:00,,,-2.390,サーバー(国交省 川の防災情報)
kw07,2026-09-22T09:30:02.238Z,2026/09/22 09:00,,,-4.180,サーバー(国交省 川の防災情報)
kw08,2026-09-22T09:30:02.255Z,2026/09/22 18:20,,,0.730,サーバー(国交省 川の防災情報)
kw09,2026-09-22T09:30:02.293Z,2026/09/22 10:00,,,-4.040,サーバー(国交省 川の防災情報)
kw10,2026-09-22T09:30:02.308Z,2026/09/22 18:20,,,0.900,サーバー(国交省 川の防災情報)
kw11,2026-09-22T09:30:02.384Z,2026/09/22 18:20,,,1.010,サーバー(国交省 川の防災情報)
kw01,2026-09-22T09:40:00.803Z,2026/09/22 18:30,,,0.570,サーバー(国交省 川の防災情報)
kw02,2026-09-22T09:40:00.849Z,2026/09/22 18:30,,,0.320,サーバー(国交省 川の防災情報)
kw03,2026-09-22T09:40:00.851Z,2026/09/22 18:30,,,1.120,サーバー(国交省 川の防災情報)
kw04,2026-09-22T09:40:00.852Z,2026/09/22 18:30,,,0.800,サーバー(国交省 川の防災情報)
kw05,2026-09-22T09:40:00.853Z,2026/09/22 09:00,,,-1.270,サーバー(国交省 川の防災情報)
kw06,2026-09-22T09:40:01.842Z,2026/09/22 09:00,,,-2.390,サーバー(国交省 川の防災情報)
kw07,2026-09-22T09:40:02.152Z,2026/09/22 09:00,,,-4.180,サーバー(国交省 川の防災情報)
kw08,2026-09-22T09:40:02.226Z,2026/09/22 18:30,,,0.710,サーバー(国交省 川の防災情報)
kw09,2026-09-22T09:40:02.238Z,2026/09/22 10:00,,,-4.040,サーバー(国交省 川の防災情報)
kw10,2026-09-22T09:40:02.288Z,2026/09/22 18:30,,,0.920,サーバー(国交省 川の防災情報)
kw11,2026-09-22T09:40:02.289Z,2026/09/22 18:30,,,0.990,サーバー(国交省 川の防災情報)
cam02,2026-09-22T09:50:01.067Z,2026-09-22 18:40:07,,12.317,0.930,サーバー(直接取得)
cam03,2026-09-22T09:50:01.068Z,2026-09-22 18:40:14,,12.084,-3.690,サーバー(直接取得)
cam04,2026-09-22T09:50:01.069Z,2026-09-22 18:40:06,,12.427,1.030,サーバー(直接取得)
cam08,2026-09-22T09:50:01.070Z,2026-09-22 18:40:21,,12.343,0.140,サーバー(直接取得)
cam09,2026-09-22T09:50:01.948Z,2026-09-22 18:40:18,,12.198,0.300,サーバー(直接取得)
cam11,2026-09-22T09:50:01.968Z,2026-09-22 18:40:06,,12.506,0.496,サーバー(直接取得)
cam12,2026-09-22T09:50:02.294Z,2026-09-22 18:40:07,,12.357,-0.066,サーバー(直接取得)
cam13,2026-09-22T09:50:02.359Z,2026-09-22 18:40:06,,12.656,0.046,サーバー(直接取得)
cam14,2026-09-22T09:50:02.375Z,2026-09-22 18:40:12,,12.198,0.057,サーバー(直接取得)
cam36,2026-09-22T09:50:02.547Z,2026-09-22 18:40:07,,12.642,0.029,サーバー(直接取得)
cam39,2026-09-22T09:50:02.600Z,2026-09-22 18:48:06,,13.377,0.049,サーバー(直接取得)
cam40,2026-09-22T09:50:02.601Z,2026-09-22 18:40:07,,12.594,0.315,サーバー(直接取得)
cam41,2026-09-22T09:50:02.620Z,2026-09-22 18:40:03,,12.682,0.144,サーバー(直接取得)
cam42,2026-09-22T09:50:02.637Z,2026-09-22 18:40:11,,12.541,0.430,サーバー(直接取得)
cam43,2026-09-22T09:50:02.794Z,2026-09-22 18:30:16,,11.645,0.510,サーバー(直接取得)
cam44,2026-09-22T09:50:02.856Z,2026-09-22 18:40:03,,12.383,0.180,サーバー(直接取得)
cam45,2026-09-22T09:50:02.859Z,2026-09-22 18:40:03,,12.537,0.350,サーバー(直接取得)
cam46,2026-09-22T09:50:02.865Z,2026-09-22 18:40:14,,12.405,0.740,サーバー(直接取得)
cam47,2026-09-22T09:50:02.894Z,2026-09-22 18:40:06,,12.317,0.435,サーバー(直接取得)
cam48,2026-09-22T09:50:03.057Z,2026-09-22 18:40:03,,13.755,-15.460,サーバー(直接取得)
cam50,2026-09-22T09:50:03.113Z,2026-09-22 18:49:00,,13.500,0.190,サーバー(直接取得)
cam51,2026-09-22T09:50:03.119Z,2026-09-22 18:48:16,,13.614,0.090,サーバー(直接取得)
cam52,2026-09-22T09:50:03.127Z,2026-09-22 18:40:11,,12.282,0.310,サーバー(直接取得)
cam53,2026-09-22T09:50:03.148Z,2026-09-22 18:40:14,,12.484,0.100,サーバー(直接取得)
cam54,2026-09-22T09:50:03.304Z,2026-09-22 18:40:20,,12.423,0.110,サーバー(直接取得)
cam55,2026-09-22T09:50:03.357Z,2026-09-22 18:40:21,,12.695,0.690,サーバー(直接取得)
kw01,2026-09-22T09:50:03.361Z,2026/09/22 18:40,,,0.570,サーバー(国交省 川の防災情報)
kw02,2026-09-22T09:50:03.383Z,2026/09/22 18:40,,,0.300,サーバー(国交省 川の防災情報)
kw03,2026-09-22T09:50:03.396Z,2026/09/22 18:40,,,1.120,サーバー(国交省 川の防災情報)
kw04,2026-09-22T09:50:03.546Z,2026/09/22 18:40,,,0.800,サーバー(国交省 川の防災情報)
kw05,2026-09-22T09:50:03.600Z,2026/09/22 09:00,,,-1.270,サーバー(国交省 川の防災情報)
kw06,2026-09-22T09:50:04.382Z,2026/09/22 09:00,,,-2.390,サーバー(国交省 川の防災情報)
kw07,2026-09-22T09:50:04.570Z,2026/09/22 09:00,,,-4.180,サーバー(国交省 川の防災情報)
kw08,2026-09-22T09:50:04.573Z,2026/09/22 18:40,,,0.690,サーバー(国交省 川の防災情報)
kw09,2026-09-22T09:50:04.575Z,2026/09/22 10:00,,,-4.040,サーバー(国交省 川の防災情報)
kw10,2026-09-22T09:50:04.613Z,2026/09/22 18:40,,,0.940,サーバー(国交省 川の防災情報)
kw11,2026-09-22T09:50:04.877Z,2026/09/22 18:40,,,0.980,サーバー(国交省 川の防災情報)
kw01,2026-09-22T10:00:00.361Z,2026/09/22 18:50,,,0.570,サーバー(国交省 川の防災情報)
kw02,2026-09-22T10:00:00.407Z,2026/09/22 18:50,,,0.300,サーバー(国交省 川の防災情報)
kw03,2026-09-22T10:00:00.408Z,2026/09/22 18:50,,,1.130,サーバー(国交省 川の防災情報)
kw04,2026-09-22T10:00:00.409Z,2026/09/22 18:50,,,0.790,サーバー(国交省 川の防災情報)
kw05,2026-09-22T10:00:00.410Z,2026/09/22 09:00,,,-1.270,サーバー(国交省 川の防災情報)
kw06,2026-09-22T10:00:01.530Z,2026/09/22 09:00,,,-2.390,サーバー(国交省 川の防災情報)
kw07,2026-09-22T10:00:01.624Z,2026/09/22 09:00,,,-4.180,サーバー(国交省 川の防災情報)
kw08,2026-09-22T10:00:01.636Z,2026/09/22 18:50,,,0.680,サーバー(国交省 川の防災情報)
kw09,2026-09-22T10:00:01.718Z,2026/09/22 10:00,,,-4.040,サーバー(国交省 川の防災情報)
kw10,2026-09-22T10:00:01.767Z,2026/09/22 18:50,,,0.960,サーバー(国交省 川の防災情報)
kw11,2026-09-22T10:00:01.982Z,2026/09/22 18:50,,,0.980,サーバー(国交省 川の防災情報)
kw01,2026-09-22T10:10:00.194Z,2026/09/22 19:00,,,0.570,サーバー(国交省 川の防災情報)
kw02,2026-09-22T10:10:00.240Z,2026/09/22 19:00,,,0.290,サーバー(国交省 川の防災情報)
kw03,2026-09-22T10:10:00.241Z,2026/09/22 19:00,,,1.130,サーバー(国交省 川の防災情報)
kw04,2026-09-22T10:10:00.242Z,2026/09/22 19:00,,,0.790,サーバー(国交省 川の防災情報)
kw05,2026-09-22T10:10:00.243Z,2026/09/22 09:00,,,-1.270,サーバー(国交省 川の防災情報)
kw06,2026-09-22T10:10:01.027Z,2026/09/22 09:00,,,-2.390,サーバー(国交省 川の防災情報)
kw07,2026-09-22T10:10:01.047Z,2026/09/22 09:00,,,-4.180,サーバー(国交省 川の防災情報)
kw08,2026-09-22T10:10:01.115Z,2026/09/22 19:00,,,0.660,サーバー(国交省 川の防災情報)
kw09,2026-09-22T10:10:01.120Z,2026/09/22 10:00,,,-4.040,サーバー(国交省 川の防災情報)
kw10,2026-09-22T10:10:01.399Z,2026/09/22 19:00,,,0.980,サーバー(国交省 川の防災情報)
kw11,2026-09-22T10:10:01.425Z,2026/09/22 19:00,,,0.970,サーバー(国交省 川の防災情報)
cam02,2026-09-22T10:20:00.678Z,2026-09-22 19:10:07,,12.304,0.900,サーバー(直接取得)
cam03,2026-09-22T10:20:00.679Z,2026-09-22 19:10:13,,12.067,-4.580,サーバー(直接取得)
cam04,2026-09-22T10:20:00.680Z,2026-09-22 19:10:06,,12.423,1.070,サーバー(直接取得)
cam08,2026-09-22T10:20:00.681Z,2026-09-22 18:50:21,,12.330,0.160,サーバー(直接取得)
cam09,2026-09-22T10:20:01.428Z,2026-09-22 19:10:19,,12.185,0.320,サーバー(直接取得)
cam11,2026-09-22T10:20:01.439Z,2026-09-22 19:10:06,,12.497,0.447,サーバー(直接取得)
cam12,2026-09-22T10:20:01.663Z,2026-09-22 19:10:06,,12.339,-0.061,サーバー(直接取得)
cam13,2026-09-22T10:20:01.677Z,2026-09-22 19:10:07,,12.651,0.051,サーバー(直接取得)
cam14,2026-09-22T10:20:01.820Z,2026-09-22 19:10:16,,12.194,0.057,サーバー(直接取得)
cam36,2026-09-22T10:20:01.829Z,2026-09-22 19:10:06,,12.629,0.029,サーバー(直接取得)
cam39,2026-09-22T10:20:01.911Z,2026-09-22 19:18:06,,13.385,0.058,サーバー(直接取得)
cam40,2026-09-22T10:20:01.965Z,2026-09-22 19:10:06,,12.585,0.317,サーバー(直接取得)
cam41,2026-09-22T10:20:02.440Z,2026-09-22 19:10:04,,12.673,0.145,サーバー(直接取得)
cam42,2026-09-22T10:20:02.526Z,2026-09-22 19:10:11,,12.541,0.430,サーバー(直接取得)
cam43,2026-09-22T10:20:02.540Z,2026-09-22 19:10:14,,11.627,0.520,サーバー(直接取得)
cam44,2026-09-22T10:20:02.542Z,2026-09-22 19:10:03,,12.374,0.180,サーバー(直接取得)
cam45,2026-09-22T10:20:02.785Z,2026-09-22 19:10:03,,12.537,0.360,サーバー(直接取得)
cam46,2026-09-22T10:20:02.810Z,2026-09-22 19:10:10,,12.392,0.740,サーバー(直接取得)
cam47,2026-09-22T10:20:02.811Z,2026-09-22 19:10:07,,12.308,0.432,サーバー(直接取得)
cam48,2026-09-22T10:20:02.852Z,2026-09-22 19:10:03,,13.746,-15.380,サーバー(直接取得)
cam50,2026-09-22T10:20:02.961Z,2026-09-22 19:19:00,,13.500,0.190,サーバー(直接取得)
cam51,2026-09-22T10:20:03.040Z,2026-09-22 19:18:14,,13.614,0.100,サーバー(直接取得)
cam52,2026-09-22T10:20:03.068Z,2026-09-22 19:10:15,,12.269,0.310,サーバー(直接取得)
cam53,2026-09-22T10:20:03.069Z,2026-09-22 19:10:13,,12.458,0.110,サーバー(直接取得)
cam54,2026-09-22T10:20:03.109Z,2026-09-22 19:10:21,,12.396,0.110,サーバー(直接取得)
cam55,2026-09-22T10:20:03.212Z,2026-09-22 19:10:21,,12.673,0.690,サーバー(直接取得)
kw01,2026-09-22T10:20:03.293Z,2026/09/22 19:10,,,0.560,サーバー(国交省 川の防災情報)
kw02,2026-09-22T10:20:03.324Z,2026/09/22 19:10,,,0.300,サーバー(国交省 川の防災情報)
kw03,2026-09-22T10:20:03.357Z,2026/09/22 19:10,,,1.120,サーバー(国交省 川の防災情報)
kw04,2026-09-22T10:20:03.360Z,2026/09/22 19:10,,,0.800,サーバー(国交省 川の防災情報)
kw05,2026-09-22T10:20:03.495Z,2026/09/22 09:00,,,-1.270,サーバー(国交省 川の防災情報)
kw06,2026-09-22T10:20:04.001Z,2026/09/22 09:00,,,-2.390,サーバー(国交省 川の防災情報)
kw07,2026-09-22T10:20:04.296Z,2026/09/22 09:00,,,-4.180,サーバー(国交省 川の防災情報)
kw08,2026-09-22T10:20:04.386Z,2026/09/22 19:10,,,0.650,サーバー(国交省 川の防災情報)
kw09,2026-09-22T10:20:04.453Z,2026/09/22 10:00,,,-4.040,サーバー(国交省 川の防災情報)
kw10,2026-09-22T10:20:04.649Z,2026/09/22 19:10,,,1.000,サーバー(国交省 川の防災情報)
kw11,2026-09-22T10:20:04.700Z,2026/09/22 19:10,,,0.980,サーバー(国交省 川の防災情報)
kw01,2026-09-22T10:30:00.494Z,2026/09/22 19:20,,,0.570,サーバー(国交省 川の防災情報)
kw02,2026-09-22T10:30:00.540Z,2026/09/22 19:20,,,0.300,サーバー(国交省 川の防災情報)
kw03,2026-09-22T10:30:00.541Z,2026/09/22 19:20,,,1.120,サーバー(国交省 川の防災情報)
kw04,2026-09-22T10:30:00.542Z,2026/09/22 19:20,,,0.810,サーバー(国交省 川の防災情報)
kw05,2026-09-22T10:30:00.543Z,2026/09/22 09:00,,,-1.270,サーバー(国交省 川の防災情報)
kw06,2026-09-22T10:30:01.326Z,2026/09/22 09:00,,,-2.390,サーバー(国交省 川の防災情報)
kw07,2026-09-22T10:30:01.340Z,2026/09/22 09:00,,,-4.180,サーバー(国交省 川の防災情報)
kw08,2026-09-22T10:30:01.382Z,2026/09/22 19:20,,,0.650,サーバー(国交省 川の防災情報)
kw09,2026-09-22T10:30:01.440Z,2026/09/22 10:00,,,-4.040,サーバー(国交省 川の防災情報)
kw10,2026-09-22T10:30:01.449Z,2026/09/22 19:20,,,1.020,サーバー(国交省 川の防災情報)
kw11,2026-09-22T10:30:01.823Z,2026/09/22 19:20,,,0.950,サーバー(国交省 川の防災情報)
kw01,2026-09-22T10:40:00.510Z,2026/09/22 19:30,,,0.560,サーバー(国交省 川の防災情報)
kw02,2026-09-22T10:40:00.555Z,2026/09/22 19:30,,,0.290,サーバー(国交省 川の防災情報)
kw03,2026-09-22T10:40:00.557Z,2026/09/22 19:30,,,1.120,サーバー(国交省 川の防災情報)
kw04,2026-09-22T10:40:00.557Z,2026/09/22 19:30,,,0.830,サーバー(国交省 川の防災情報)
kw05,2026-09-22T10:40:00.558Z,2026/09/22 09:00,,,-1.270,サーバー(国交省 川の防災情報)
kw06,2026-09-22T10:40:01.327Z,2026/09/22 09:00,,,-2.390,サーバー(国交省 川の防災情報)
kw07,2026-09-22T10:40:01.347Z,2026/09/22 09:00,,,-4.180,サーバー(国交省 川の防災情報)
kw08,2026-09-22T10:40:01.375Z,2026/09/22 19:30,,,0.650,サーバー(国交省 川の防災情報)
kw09,2026-09-22T10:40:01.412Z,2026/09/22 10:00,,,-4.040,サーバー(国交省 川の防災情報)
kw10,2026-09-22T10:40:01.418Z,2026/09/22 19:30,,,1.040,サーバー(国交省 川の防災情報)
kw11,2026-09-22T10:40:01.875Z,2026/09/22 19:30,,,0.940,サーバー(国交省 川の防災情報)
cam02,2026-09-22T10:50:00.810Z,2026-09-22 19:40:06,,12.295,0.880,サーバー(直接取得)
cam03,2026-09-22T10:50:00.811Z,2026-09-22 19:30:12,,12.071,-4.580,サーバー(直接取得)
cam04,2026-09-22T10:50:00.812Z,2026-09-22 19:40:06,,12.409,1.030,サーバー(直接取得)
cam08,2026-09-22T10:50:00.813Z,2026-09-22 19:40:20,,12.330,0.180,サーバー(直接取得)
cam09,2026-09-22T10:50:01.540Z,2026-09-22 19:40:16,,12.176,0.300,サーバー(直接取得)
cam11,2026-09-22T10:50:01.547Z,2026-09-22 19:40:06,,12.480,0.518,サーバー(直接取得)
cam12,2026-09-22T10:50:01.804Z,2026-09-22 19:40:06,,12.330,-0.064,サーバー(直接取得)
cam13,2026-09-22T10:50:01.824Z,2026-09-22 19:40:07,,12.651,0.048,サーバー(直接取得)
cam14,2026-09-22T10:50:02.264Z,2026-09-22 19:40:15,,12.181,0.057,サーバー(直接取得)
cam36,2026-09-22T10:50:02.265Z,2026-09-22 19:40:06,,12.616,0.028,サーバー(直接取得)
cam39,2026-09-22T10:50:02.345Z,2026-09-22 19:48:06,,13.377,0.058,サーバー(直接取得)
cam40,2026-09-22T10:50:02.397Z,2026-09-22 19:40:06,,12.576,0.317,サーバー(直接取得)
cam41,2026-09-22T10:50:02.482Z,2026-09-22 19:40:03,,12.664,0.141,サーバー(直接取得)
cam42,2026-09-22T10:50:02.525Z,2026-09-22 19:40:11,,12.528,0.430,サーバー(直接取得)
cam43,2026-09-22T10:50:02.556Z,2026-09-22 19:40:14,,11.671,0.510,サーバー(直接取得)
cam44,2026-09-22T10:50:02.657Z,2026-09-22 19:40:03,,12.383,0.180,サーバー(直接取得)
cam45,2026-09-22T10:50:02.757Z,2026-09-22 19:40:03,,12.515,0.360,サーバー(直接取得)
cam46,2026-09-22T10:50:02.787Z,2026-09-22 19:40:14,,12.379,0.750,サーバー(直接取得)
cam47,2026-09-22T10:50:02.804Z,2026-09-22 19:40:07,,12.295,0.444,サーバー(直接取得)
cam48,2026-09-22T10:50:02.901Z,2026-09-22 19:40:03,,13.755,-15.480,サーバー(直接取得)
cam50,2026-09-22T10:50:03.098Z,2026-09-22 19:48:00,,13.500,0.200,サーバー(直接取得)
cam51,2026-09-22T10:50:03.099Z,2026-09-22 19:48:17,,13.614,0.100,サーバー(直接取得)
cam52,2026-09-22T10:50:03.106Z,2026-09-22 19:40:13,,12.256,0.310,サーバー(直接取得)
cam53,2026-09-22T10:50:03.135Z,2026-09-22 19:40:12,,12.453,0.100,サーバー(直接取得)
cam54,2026-09-22T10:50:03.235Z,2026-09-22 19:40:20,,12.387,0.110,サーバー(直接取得)
cam55,2026-09-22T10:50:03.342Z,2026-09-22 19:40:21,,12.673,0.690,サーバー(直接取得)
kw01,2026-09-22T10:50:03.356Z,2026/09/22 19:40,,,0.560,サーバー(国交省 川の防災情報)
kw02,2026-09-22T10:50:03.373Z,2026/09/22 19:40,,,0.290,サーバー(国交省 川の防災情報)
kw03,2026-09-22T10:50:03.375Z,2026/09/22 19:40,,,1.130,サーバー(国交省 川の防災情報)
kw04,2026-09-22T10:50:03.481Z,2026/09/22 19:40,,,0.820,サーバー(国交省 川の防災情報)
kw05,2026-09-22T10:50:03.586Z,2026/09/22 09:00,,,-1.270,サーバー(国交省 川の防災情報)
kw06,2026-09-22T10:50:04.125Z,2026/09/22 09:00,,,-2.390,サーバー(国交省 川の防災情報)
kw07,2026-09-22T10:50:04.218Z,2026/09/22 09:00,,,-4.180,サーバー(国交省 川の防災情報)
kw08,2026-09-22T10:50:04.430Z,2026/09/22 19:40,,,0.650,サーバー(国交省 川の防災情報)
kw09,2026-09-22T10:50:04.457Z,2026/09/22 10:00,,,-4.040,サーバー(国交省 川の防災情報)
kw10,2026-09-22T10:50:04.485Z,2026/09/22 19:40,,,1.050,サーバー(国交省 川の防災情報)
kw11,2026-09-22T10:50:04.593Z,2026/09/22 19:40,,,0.960,サーバー(国交省 川の防災情報)
kw01,2026-09-22T11:00:00.852Z,2026/09/22 19:50,,,0.580,サーバー(国交省 川の防災情報)
kw02,2026-09-22T11:00:00.897Z,2026/09/22 19:50,,,0.300,サーバー(国交省 川の防災情報)
kw03,2026-09-22T11:00:00.899Z,2026/09/22 19:50,,,1.130,サーバー(国交省 川の防災情報)
kw04,2026-09-22T11:00:00.900Z,2026/09/22 19:50,,,0.830,サーバー(国交省 川の防災情報)
kw05,2026-09-22T11:00:00.900Z,2026/09/22 09:00,,,-1.270,サーバー(国交省 川の防災情報)
kw06,2026-09-22T11:00:01.806Z,2026/09/22 09:00,,,-2.390,サーバー(国交省 川の防災情報)
kw07,2026-09-22T11:00:01.809Z,2026/09/22 09:00,,,-4.180,サーバー(国交省 川の防災情報)
kw08,2026-09-22T11:00:02.019Z,2026/09/22 19:50,,,0.650,サーバー(国交省 川の防災情報)
kw09,2026-09-22T11:00:02.142Z,2026/09/22 10:00,,,-4.040,サーバー(国交省 川の防災情報)
kw10,2026-09-22T11:00:02.155Z,2026/09/22 19:50,,,1.070,サーバー(国交省 川の防災情報)
kw11,2026-09-22T11:00:02.161Z,2026/09/22 19:50,,,0.950,サーバー(国交省 川の防災情報)
kw01,2026-09-22T11:10:01.048Z,2026/09/22 20:00,,,0.590,サーバー(国交省 川の防災情報)
kw02,2026-09-22T11:10:01.095Z,2026/09/22 20:00,,,0.300,サーバー(国交省 川の防災情報)
kw03,2026-09-22T11:10:01.096Z,2026/09/22 20:00,,,1.120,サーバー(国交省 川の防災情報)
kw04,2026-09-22T11:10:01.097Z,2026/09/22 20:00,,,0.820,サーバー(国交省 川の防災情報)
kw05,2026-09-22T11:10:01.098Z,2026/09/22 09:00,,,-1.270,サーバー(国交省 川の防災情報)
kw06,2026-09-22T11:10:01.856Z,2026/09/22 09:00,,,-2.390,サーバー(国交省 川の防災情報)
kw07,2026-09-22T11:10:02.165Z,2026/09/22 09:00,,,-4.180,サーバー(国交省 川の防災情報)
kw08,2026-09-22T11:10:02.184Z,2026/09/22 20:00,,,0.650,サーバー(国交省 川の防災情報)
kw09,2026-09-22T11:10:02.195Z,2026/09/22 10:00,,,-4.040,サーバー(国交省 川の防災情報)
kw10,2026-09-22T11:10:02.243Z,2026/09/22 20:00,,,1.090,サーバー(国交省 川の防災情報)
kw11,2026-09-22T11:10:02.244Z,2026/09/22 20:00,,,0.940,サーバー(国交省 川の防災情報)
cam02,2026-09-22T11:20:00.372Z,2026-09-22 20:10:07,,12.278,0.860,サーバー(直接取得)
cam03,2026-09-22T11:20:00.373Z,2026-09-22 20:10:14,,12.049,-4.580,サーバー(直接取得)
cam04,2026-09-22T11:20:00.374Z,2026-09-22 20:10:07,,12.396,1.040,サーバー(直接取得)
cam08,2026-09-22T11:20:00.374Z,2026-09-22 20:10:21,,12.317,0.150,サーバー(直接取得)
cam09,2026-09-22T11:20:01.700Z,2026-09-22 20:10:18,,12.176,0.310,サーバー(直接取得)
cam11,2026-09-22T11:20:01.714Z,2026-09-22 20:10:06,,12.480,0.486,サーバー(直接取得)
cam12,2026-09-22T11:20:01.865Z,2026-09-22 20:10:06,,12.326,-0.064,サーバー(直接取得)
cam13,2026-09-22T11:20:01.883Z,2026-09-22 20:10:07,,12.634,0.044,サーバー(直接取得)
cam14,2026-09-22T11:20:01.973Z,2026-09-22 20:10:12,,12.172,0.057,サーバー(直接取得)
cam36,2026-09-22T11:20:02.236Z,2026-09-22 20:10:06,,12.603,0.027,サーバー(直接取得)
cam39,2026-09-22T11:20:02.386Z,2026-09-22 20:18:06,,13.381,0.048,サーバー(直接取得)
cam40,2026-09-22T11:20:02.412Z,2026-09-22 20:10:06,,12.559,0.317,サーバー(直接取得)
cam41,2026-09-22T11:20:02.425Z,2026-09-22 20:10:03,,12.660,0.142,サーバー(直接取得)
cam42,2026-09-22T11:20:02.504Z,2026-09-22 20:10:11,,12.519,0.430,サーバー(直接取得)
cam43,2026-09-22T11:20:02.551Z,2026-09-22 20:10:11,,11.592,0.510,サーバー(直接取得)
cam44,2026-09-22T11:20:02.797Z,2026-09-22 20:10:03,,12.374,0.180,サーバー(直接取得)
cam45,2026-09-22T11:20:02.812Z,2026-09-22 20:10:03,,12.506,0.360,サーバー(直接取得)
cam46,2026-09-22T11:20:02.831Z,2026-09-22 20:10:11,,12.352,0.760,サーバー(直接取得)
cam47,2026-09-22T11:20:02.835Z,2026-09-22 20:10:06,,12.286,0.464,サーバー(直接取得)
cam48,2026-09-22T11:20:02.862Z,2026-09-22 20:10:03,,13.755,-15.500,サーバー(直接取得)
cam50,2026-09-22T11:20:03.064Z,2026-09-22 20:19:00,,13.500,0.250,サーバー(直接取得)
cam51,2026-09-22T11:20:03.085Z,2026-09-22 20:18:14,,13.614,0.090,サーバー(直接取得)
cam52,2026-09-22T11:20:03.086Z,2026-09-22 20:10:13,,12.238,0.340,サーバー(直接取得)
cam53,2026-09-22T11:20:03.121Z,2026-09-22 20:10:13,,12.427,0.100,サーバー(直接取得)
cam54,2026-09-22T11:20:03.247Z,2026-09-22 20:10:20,,12.401,0.110,サーバー(直接取得)
cam55,2026-09-22T11:20:03.350Z,2026-09-22 20:10:21,,12.673,0.700,サーバー(直接取得)
kw01,2026-09-22T11:20:03.376Z,2026/09/22 20:10,,,0.580,サーバー(国交省 川の防災情報)
kw02,2026-09-22T11:20:03.380Z,2026/09/22 20:10,,,0.290,サーバー(国交省 川の防災情報)
kw03,2026-09-22T11:20:03.389Z,2026/09/22 20:10,,,1.120,サーバー(国交省 川の防災情報)
kw04,2026-09-22T11:20:03.653Z,2026/09/22 20:10,,,0.880,サーバー(国交省 川の防災情報)
kw05,2026-09-22T11:20:03.685Z,2026/09/22 09:00,,,-1.270,サーバー(国交省 川の防災情報)
kw06,2026-09-22T11:20:04.127Z,2026/09/22 09:00,,,-2.390,サーバー(国交省 川の防災情報)
kw07,2026-09-22T11:20:04.160Z,2026/09/22 09:00,,,-4.180,サーバー(国交省 川の防災情報)
kw08,2026-09-22T11:20:04.525Z,2026/09/22 20:10,,,0.650,サーバー(国交省 川の防災情報)
kw09,2026-09-22T11:20:04.538Z,2026/09/22 10:00,,,-4.040,サーバー(国交省 川の防災情報)
kw10,2026-09-22T11:20:04.548Z,2026/09/22 20:10,,,1.110,サーバー(国交省 川の防災情報)
kw11,2026-09-22T11:20:04.569Z,2026/09/22 20:10,,,0.940,サーバー(国交省 川の防災情報)
kw01,2026-09-22T11:30:00.485Z,2026/09/22 20:20,,,0.580,サーバー(国交省 川の防災情報)
kw02,2026-09-22T11:30:00.531Z,2026/09/22 20:20,,,0.310,サーバー(国交省 川の防災情報)
kw03,2026-09-22T11:30:00.532Z,2026/09/22 20:20,,,1.120,サーバー(国交省 川の防災情報)
kw04,2026-09-22T11:30:00.533Z,2026/09/22 20:20,,,0.890,サーバー(国交省 川の防災情報)
kw05,2026-09-22T11:30:00.534Z,2026/09/22 09:00,,,-1.270,サーバー(国交省 川の防災情報)
kw06,2026-09-22T11:30:02.024Z,2026/09/22 09:00,,,-2.390,サーバー(国交省 川の防災情報)
kw07,2026-09-22T11:30:02.027Z,2026/09/22 09:00,,,-4.180,サーバー(国交省 川の防災情報)
kw08,2026-09-22T11:30:02.037Z,2026/09/22 20:20,,,0.000,サーバー(国交省 川の防災情報)
kw09,2026-09-22T11:30:02.418Z,2026/09/22 10:00,,,-4.040,サーバー(国交省 川の防災情報)
kw10,2026-09-22T11:30:02.428Z,2026/09/22 20:20,,,1.120,サーバー(国交省 川の防災情報)
kw11,2026-09-22T11:30:02.440Z,2026/09/22 20:20,,,0.000,サーバー(国交省 川の防災情報)
kw01,2026-09-22T11:40:00.880Z,2026/09/22 20:30,,,0.600,サーバー(国交省 川の防災情報)
kw02,2026-09-22T11:40:00.926Z,2026/09/22 20:30,,,0.310,サーバー(国交省 川の防災情報)
kw03,2026-09-22T11:40:00.927Z,2026/09/22 20:30,,,1.120,サーバー(国交省 川の防災情報)
kw04,2026-09-22T11:40:00.928Z,2026/09/22 20:30,,,0.870,サーバー(国交省 川の防災情報)
kw05,2026-09-22T11:40:00.929Z,2026/09/22 09:00,,,-1.270,サーバー(国交省 川の防災情報)
kw06,2026-09-22T11:40:01.589Z,2026/09/22 09:00,,,-2.390,サーバー(国交省 川の防災情報)
kw07,2026-09-22T11:40:01.617Z,2026/09/22 09:00,,,-4.180,サーバー(国交省 川の防災情報)
kw08,2026-09-22T11:40:01.621Z,2026/09/22 20:30,,,0.650,サーバー(国交省 川の防災情報)
kw09,2026-09-22T11:40:01.640Z,2026/09/22 10:00,,,-4.040,サーバー(国交省 川の防災情報)
kw10,2026-09-22T11:40:01.986Z,2026/09/22 20:30,,,1.140,サーバー(国交省 川の防災情報)
kw11,2026-09-22T11:40:02.031Z,2026/09/22 20:30,,,0.930,サーバー(国交省 川の防災情報)
cam02,2026-09-22T11:50:00.545Z,2026-09-22 20:40:07,,12.269,0.840,サーバー(直接取得)
cam03,2026-09-22T11:50:00.546Z,2026-09-22 20:40:10,,12.031,-4.580,サーバー(直接取得)
cam04,2026-09-22T11:50:00.547Z,2026-09-22 20:40:07,,12.387,1.060,サーバー(直接取得)
cam08,2026-09-22T11:50:00.548Z,2026-09-22 20:40:21,,12.313,0.130,サーバー(直接取得)
cam09,2026-09-22T11:50:01.300Z,2026-09-22 20:40:15,,12.163,0.310,サーバー(直接取得)
cam11,2026-09-22T11:50:01.302Z,2026-09-22 20:40:06,,12.467,0.505,サーバー(直接取得)
cam12,2026-09-22T11:50:01.479Z,2026-09-22 20:40:06,,12.313,-0.066,サーバー(直接取得)
cam13,2026-09-22T11:50:01.482Z,2026-09-22 20:40:06,,12.625,0.048,サーバー(直接取得)
cam14,2026-09-22T11:50:01.549Z,2026-09-22 20:40:12,,12.150,0.057,サーバー(直接取得)
cam36,2026-09-22T11:50:01.554Z,2026-09-22 20:40:06,,12.590,0.027,サーバー(直接取得)
cam39,2026-09-22T11:50:01.632Z,2026-09-22 20:48:06,,13.377,0.057,サーバー(直接取得)
cam40,2026-09-22T11:50:01.761Z,2026-09-22 20:40:06,,12.554,0.316,サーバー(直接取得)
cam41,2026-09-22T11:50:01.767Z,2026-09-22 20:40:03,,12.651,0.142,サーバー(直接取得)
cam42,2026-09-22T11:50:01.825Z,2026-09-22 20:40:13,,12.502,0.430,サーバー(直接取得)
cam43,2026-09-22T11:50:01.860Z,2026-09-22 20:40:12,,11.587,0.510,サーバー(直接取得)
cam44,2026-09-22T11:50:01.941Z,2026-09-22 20:40:03,,12.365,0.180,サーバー(直接取得)
cam45,2026-09-22T11:50:02.124Z,2026-09-22 20:40:03,,12.493,0.360,サーバー(直接取得)
cam46,2026-09-22T11:50:02.244Z,2026-09-22 20:40:09,,12.365,0.750,サーバー(直接取得)
cam47,2026-09-22T11:50:02.314Z,2026-09-22 20:40:06,,12.291,0.460,サーバー(直接取得)
cam48,2026-09-22T11:50:02.382Z,2026-09-22 20:40:03,,13.750,-15.510,サーバー(直接取得)
cam50,2026-09-22T11:50:02.419Z,2026-09-22 20:49:00,,13.500,0.220,サーバー(直接取得)
cam51,2026-09-22T11:50:02.716Z,2026-09-22 20:48:16,,13.614,0.090,サーバー(直接取得)
cam52,2026-09-22T11:50:02.732Z,2026-09-22 20:40:13,,12.225,0.350,サーバー(直接取得)
cam53,2026-09-22T11:50:02.821Z,2026-09-22 20:40:13,,12.409,0.100,サーバー(直接取得)
cam54,2026-09-22T11:50:02.837Z,2026-09-22 20:40:20,,12.379,0.110,サーバー(直接取得)
cam55,2026-09-22T11:50:02.854Z,2026-09-22 20:40:21,,12.664,0.700,サーバー(直接取得)
kw01,2026-09-22T11:50:02.979Z,2026/09/22 20:40,,,0.620,サーバー(国交省 川の防災情報)
kw02,2026-09-22T11:50:02.981Z,2026/09/22 20:40,,,0.300,サーバー(国交省 川の防災情報)
kw03,2026-09-22T11:50:03.065Z,2026/09/22 20:40,,,1.130,サーバー(国交省 川の防災情報)
kw04,2026-09-22T11:50:03.081Z,2026/09/22 20:40,,,0.880,サーバー(国交省 川の防災情報)
kw05,2026-09-22T11:50:03.095Z,2026/09/22 09:00,,,-1.270,サーバー(国交省 川の防災情報)
kw06,2026-09-22T11:50:03.725Z,2026/09/22 09:00,,,-2.390,サーバー(国交省 川の防災情報)
kw07,2026-09-22T11:50:03.751Z,2026/09/22 09:00,,,-4.180,サーバー(国交省 川の防災情報)
kw08,2026-09-22T11:50:03.756Z,2026/09/22 20:40,,,0.660,サーバー(国交省 川の防災情報)
kw09,2026-09-22T11:50:03.826Z,2026/09/22 10:00,,,-4.040,サーバー(国交省 川の防災情報)
kw10,2026-09-22T11:50:04.104Z,2026/09/22 20:40,,,1.160,サーバー(国交省 川の防災情報)
kw11,2026-09-22T11:50:04.135Z,2026/09/22 20:40,,,0.920,サーバー(国交省 川の防災情報)
kw01,2026-09-22T12:00:00.423Z,2026/09/22 20:50,,,0.640,サーバー(国交省 川の防災情報)
kw02,2026-09-22T12:00:00.469Z,2026/09/22 20:50,,,0.310,サーバー(国交省 川の防災情報)
kw03,2026-09-22T12:00:00.470Z,2026/09/22 20:50,,,1.120,サーバー(国交省 川の防災情報)
kw04,2026-09-22T12:00:00.471Z,2026/09/22 20:50,,,0.890,サーバー(国交省 川の防災情報)
kw05,2026-09-22T12:00:00.473Z,2026/09/22 09:00,,,-1.270,サーバー(国交省 川の防災情報)
kw06,2026-09-22T12:00:01.232Z,2026/09/22 09:00,,,-2.390,サーバー(国交省 川の防災情報)
kw07,2026-09-22T12:00:01.252Z,2026/09/22 09:00,,,-4.180,サーバー(国交省 川の防災情報)
kw08,2026-09-22T12:00:01.493Z,2026/09/22 20:50,,,0.660,サーバー(国交省 川の防災情報)
kw09,2026-09-22T12:00:01.506Z,2026/09/22 10:00,,,-4.040,サーバー(国交省 川の防災情報)
kw10,2026-09-22T12:00:01.601Z,2026/09/22 20:50,,,1.170,サーバー(国交省 川の防災情報)
kw11,2026-09-22T12:00:01.608Z,2026/09/22 20:50,,,0.920,サーバー(国交省 川の防災情報)
kw01,2026-09-22T12:10:00.095Z,2026/09/22 21:00,,,0.630,サーバー(国交省 川の防災情報)
kw02,2026-09-22T12:10:00.141Z,2026/09/22 21:00,,,0.340,サーバー(国交省 川の防災情報)
kw03,2026-09-22T12:10:00.142Z,2026/09/22 21:00,,,1.120,サーバー(国交省 川の防災情報)
kw04,2026-09-22T12:10:00.143Z,2026/09/22 21:00,,,0.880,サーバー(国交省 川の防災情報)
kw05,2026-09-22T12:10:00.144Z,2026/09/22 09:00,,,-1.270,サーバー(国交省 川の防災情報)
kw06,2026-09-22T12:10:00.912Z,2026/09/22 09:00,,,-2.390,サーバー(国交省 川の防災情報)
kw07,2026-09-22T12:10:01.057Z,2026/09/22 09:00,,,-4.180,サーバー(国交省 川の防災情報)
kw08,2026-09-22T12:10:01.187Z,2026/09/22 21:00,,,0.660,サーバー(国交省 川の防災情報)
kw09,2026-09-22T12:10:01.285Z,2026/09/22 10:00,,,-4.040,サーバー(国交省 川の防災情報)
kw10,2026-09-22T12:10:01.344Z,2026/09/22 21:00,,,1.190,サーバー(国交省 川の防災情報)
kw11,2026-09-22T12:10:01.486Z,2026/09/22 21:00,,,0.910,サーバー(国交省 川の防災情報)
cam02,2026-09-22T12:20:00.995Z,2026-09-22 21:10:07,,12.260,0.820,サーバー(直接取得)
cam03,2026-09-22T12:20:00.996Z,2026-09-22 21:10:12,,12.014,-4.580,サーバー(直接取得)
cam04,2026-09-22T12:20:00.997Z,2026-09-22 21:10:07,,12.374,1.080,サーバー(直接取得)
cam08,2026-09-22T12:20:00.997Z,2026-09-22 20:40:21,,12.313,0.130,サーバー(直接取得)
cam09,2026-09-22T12:20:01.783Z,2026-09-22 21:10:17,,12.150,0.290,サーバー(直接取得)
cam11,2026-09-22T12:20:01.834Z,2026-09-22 21:10:07,,12.462,0.548,サーバー(直接取得)
cam12,2026-09-22T12:20:01.836Z,2026-09-22 21:10:07,,12.308,-0.063,サーバー(直接取得)
cam13,2026-09-22T12:20:01.848Z,2026-09-22 21:10:06,,12.616,0.046,サーバー(直接取得)
cam14,2026-09-22T12:20:01.954Z,2026-09-22 21:10:14,,12.150,0.057,サーバー(直接取得)
cam36,2026-09-22T12:20:02.187Z,2026-09-22 21:10:06,,12.581,0.028,サーバー(直接取得)
cam39,2026-09-22T12:20:02.284Z,2026-09-22 21:18:05,,13.377,0.058,サーバー(直接取得)
cam40,2026-09-22T12:20:02.288Z,2026-09-22 21:10:07,,12.546,0.312,サーバー(直接取得)
cam41,2026-09-22T12:20:02.332Z,2026-09-22 21:10:03,,12.647,0.143,サーバー(直接取得)
cam42,2026-09-22T12:20:02.446Z,2026-09-22 21:10:11,,12.489,0.430,サーバー(直接取得)
cam43,2026-09-22T12:20:02.509Z,2026-09-22 21:10:13,,11.561,0.510,サーバー(直接取得)
cam44,2026-09-22T12:20:02.538Z,2026-09-22 21:10:03,,12.348,0.170,サーバー(直接取得)
cam45,2026-09-22T12:20:02.556Z,2026-09-22 21:10:03,,12.489,0.360,サーバー(直接取得)
cam46,2026-09-22T12:20:02.576Z,2026-09-22 21:10:12,,12.335,0.770,サーバー(直接取得)
cam47,2026-09-22T12:20:02.693Z,2026-09-22 21:10:06,,12.264,0.455,サーバー(直接取得)
cam48,2026-09-22T12:20:02.750Z,2026-09-22 21:10:03,,13.755,-15.520,サーバー(直接取得)
cam50,2026-09-22T12:20:02.784Z,2026-09-22 21:19:00,,13.500,0.200,サーバー(直接取得)
cam51,2026-09-22T12:20:02.805Z,2026-09-22 21:18:17,,13.614,0.090,サーバー(直接取得)
cam52,2026-09-22T12:20:02.833Z,2026-09-22 21:10:13,,12.225,0.340,サーバー(直接取得)
cam53,2026-09-22T12:20:02.937Z,2026-09-22 20:50:12,,12.405,0.100,サーバー(直接取得)
cam54,2026-09-22T12:20:02.985Z,2026-09-22 21:10:20,,12.357,0.110,サーバー(直接取得)
cam55,2026-09-22T12:20:03.029Z,2026-09-22 21:10:21,,12.642,0.700,サーバー(直接取得)
kw01,2026-09-22T12:20:03.052Z,2026/09/22 21:10,,,0.630,サーバー(国交省 川の防災情報)
kw02,2026-09-22T12:20:03.076Z,2026/09/22 21:10,,,0.350,サーバー(国交省 川の防災情報)
kw03,2026-09-22T12:20:03.191Z,2026/09/22 21:10,,,1.120,サーバー(国交省 川の防災情報)
kw04,2026-09-22T12:20:03.221Z,2026/09/22 21:10,,,0.870,サーバー(国交省 川の防災情報)
kw05,2026-09-22T12:20:03.270Z,2026/09/22 09:00,,,-1.270,サーバー(国交省 川の防災情報)
kw06,2026-09-22T12:20:04.225Z,2026/09/22 09:00,,,-2.390,サーバー(国交省 川の防災情報)
kw07,2026-09-22T12:20:04.342Z,2026/09/22 09:00,,,-4.180,サーバー(国交省 川の防災情報)
kw08,2026-09-22T12:20:04.544Z,2026/09/22 21:10,,,0.680,サーバー(国交省 川の防災情報)
kw09,2026-09-22T12:20:04.559Z,2026/09/22 10:00,,,-4.040,サーバー(国交省 川の防災情報)
kw10,2026-09-22T12:20:04.652Z,2026/09/22 21:10,,,1.200,サーバー(国交省 川の防災情報)
kw11,2026-09-22T12:20:04.733Z,2026/09/22 21:10,,,0.900,サーバー(国交省 川の防災情報)
kw01,2026-09-22T12:30:00.448Z,2026/09/22 21:20,,,0.630,サーバー(国交省 川の防災情報)
kw02,2026-09-22T12:30:00.494Z,2026/09/22 21:20,,,0.360,サーバー(国交省 川の防災情報)
kw03,2026-09-22T12:30:00.495Z,2026/09/22 21:20,,,1.120,サーバー(国交省 川の防災情報)
kw04,2026-09-22T12:30:00.496Z,2026/09/22 21:20,,,0.870,サーバー(国交省 川の防災情報)
kw05,2026-09-22T12:30:00.497Z,2026/09/22 09:00,,,-1.270,サーバー(国交省 川の防災情報)
kw06,2026-09-22T12:30:01.413Z,2026/09/22 09:00,,,-2.390,サーバー(国交省 川の防災情報)
kw07,2026-09-22T12:30:01.505Z,2026/09/22 09:00,,,-4.180,サーバー(国交省 川の防災情報)
kw08,2026-09-22T12:30:01.680Z,2026/09/22 21:20,,,0.690,サーバー(国交省 川の防災情報)
kw09,2026-09-22T12:30:01.721Z,2026/09/22 10:00,,,-4.040,サーバー(国交省 川の防災情報)
kw10,2026-09-22T12:30:01.746Z,2026/09/22 21:20,,,1.220,サーバー(国交省 川の防災情報)
kw11,2026-09-22T12:30:01.900Z,2026/09/22 21:20,,,0.890,サーバー(国交省 川の防災情報)
kw01,2026-09-22T12:40:00.853Z,2026/09/22 21:30,,,0.630,サーバー(国交省 川の防災情報)
kw02,2026-09-22T12:40:00.900Z,2026/09/22 21:30,,,0.360,サーバー(国交省 川の防災情報)
kw03,2026-09-22T12:40:00.901Z,2026/09/22 21:30,,,1.130,サーバー(国交省 川の防災情報)
kw04,2026-09-22T12:40:00.902Z,2026/09/22 21:30,,,0.860,サーバー(国交省 川の防災情報)
kw05,2026-09-22T12:40:00.903Z,2026/09/22 09:00,,,-1.270,サーバー(国交省 川の防災情報)
kw06,2026-09-22T12:40:01.552Z,2026/09/22 09:00,,,-2.390,サーバー(国交省 川の防災情報)
kw07,2026-09-22T12:40:01.612Z,2026/09/22 09:00,,,-4.180,サーバー(国交省 川の防災情報)
kw08,2026-09-22T12:40:01.815Z,2026/09/22 21:30,,,0.710,サーバー(国交省 川の防災情報)
kw09,2026-09-22T12:40:01.913Z,2026/09/22 10:00,,,-4.040,サーバー(国交省 川の防災情報)
kw10,2026-09-22T12:40:01.975Z,2026/09/22 21:30,,,1.230,サーバー(国交省 川の防災情報)
kw11,2026-09-22T12:40:01.977Z,2026/09/22 21:30,,,0.890,サーバー(国交省 川の防災情報)
cam02,2026-09-22T12:50:00.814Z,2026-09-22 21:40:07,,12.260,0.810,サーバー(直接取得)
cam03,2026-09-22T12:50:00.815Z,2026-09-22 21:40:14,,12.014,-4.580,サーバー(直接取得)
cam04,2026-09-22T12:50:00.816Z,2026-09-22 21:40:07,,12.374,1.030,サーバー(直接取得)
cam08,2026-09-22T12:50:00.817Z,2026-09-22 21:40:21,,12.291,0.120,サーバー(直接取得)
cam09,2026-09-22T12:50:01.565Z,2026-09-22 21:40:12,,12.150,0.310,サーバー(直接取得)
cam11,2026-09-22T12:50:01.578Z,2026-09-22 21:40:07,,12.445,0.502,サーバー(直接取得)
cam12,2026-09-22T12:50:01.694Z,2026-09-22 21:40:07,,12.300,-0.062,サーバー(直接取得)
cam13,2026-09-22T12:50:01.702Z,2026-09-22 21:40:06,,12.612,0.047,サーバー(直接取得)
cam14,2026-09-22T12:50:01.796Z,2026-09-22 21:40:15,,12.137,0.057,サーバー(直接取得)
cam36,2026-09-22T12:50:01.817Z,2026-09-22 21:40:07,,12.563,0.027,サーバー(直接取得)
cam39,2026-09-22T12:50:01.951Z,2026-09-22 21:48:05,,13.381,0.053,サーバー(直接取得)
cam40,2026-09-22T12:50:01.988Z,2026-09-22 21:40:07,,12.532,0.320,サーバー(直接取得)
cam41,2026-09-22T12:50:02.140Z,2026-09-22 21:40:04,,12.642,0.143,サーバー(直接取得)
cam42,2026-09-22T12:50:02.245Z,2026-09-22 21:40:13,,12.480,0.430,サーバー(直接取得)
cam43,2026-09-22T12:50:02.417Z,2026-09-22 21:40:14,,11.561,0.510,サーバー(直接取得)
cam44,2026-09-22T12:50:02.420Z,2026-09-22 21:40:03,,12.352,0.170,サーバー(直接取得)
cam45,2026-09-22T12:50:02.649Z,2026-09-22 21:40:03,,12.475,0.360,サーバー(直接取得)
cam46,2026-09-22T12:50:02.654Z,2026-09-22 21:40:14,,12.343,0.750,サーバー(直接取得)
cam47,2026-09-22T12:50:02.763Z,2026-09-22 21:40:06,,12.269,0.452,サーバー(直接取得)
cam48,2026-09-22T12:50:02.773Z,2026-09-22 21:40:03,,13.741,-15.520,サーバー(直接取得)
cam50,2026-09-22T12:50:02.824Z,2026-09-22 21:49:00,,13.500,0.200,サーバー(直接取得)
cam51,2026-09-22T12:50:02.908Z,2026-09-22 21:48:16,,13.618,0.100,サーバー(直接取得)
cam52,2026-09-22T12:50:02.917Z,2026-09-22 21:40:17,,12.198,0.350,サーバー(直接取得)
cam53,2026-09-22T12:50:03.008Z,2026-09-22 21:40:15,,12.361,0.100,サーバー(直接取得)
cam54,2026-09-22T12:50:03.027Z,2026-09-22 21:40:20,,12.348,0.110,サーバー(直接取得)
cam55,2026-09-22T12:50:03.059Z,2026-09-22 21:40:21,,12.647,0.700,サーバー(直接取得)
kw01,2026-09-22T12:50:03.161Z,2026/09/22 21:40,,,0.620,サーバー(国交省 川の防災情報)
kw02,2026-09-22T12:50:03.253Z,2026/09/22 21:40,,,0.350,サーバー(国交省 川の防災情報)
kw03,2026-09-22T12:50:03.268Z,2026/09/22 21:40,,,1.130,サーバー(国交省 川の防災情報)
kw04,2026-09-22T12:50:03.276Z,2026/09/22 21:40,,,0.860,サーバー(国交省 川の防災情報)
kw05,2026-09-22T12:50:03.307Z,2026/09/22 09:00,,,-1.270,サーバー(国交省 川の防災情報)
kw06,2026-09-22T12:50:03.988Z,2026/09/22 09:00,,,-2.390,サーバー(国交省 川の防災情報)
kw07,2026-09-22T12:50:03.989Z,2026/09/22 09:00,,,-4.180,サーバー(国交省 川の防災情報)
kw08,2026-09-22T12:50:03.995Z,2026/09/22 21:40,,,0.710,サーバー(国交省 川の防災情報)
kw09,2026-09-22T12:50:04.013Z,2026/09/22 10:00,,,-4.040,サーバー(国交省 川の防災情報)
kw10,2026-09-22T12:50:04.204Z,2026/09/22 21:40,,,1.250,サーバー(国交省 川の防災情報)
kw11,2026-09-22T12:50:04.373Z,2026/09/22 21:40,,,0.890,サーバー(国交省 川の防災情報)
kw01,2026-09-22T13:00:00.595Z,2026/09/22 21:50,,,0.620,サーバー(国交省 川の防災情報)
kw02,2026-09-22T13:00:00.641Z,2026/09/22 21:50,,,0.350,サーバー(国交省 川の防災情報)
kw03,2026-09-22T13:00:00.642Z,2026/09/22 21:50,,,1.120,サーバー(国交省 川の防災情報)
kw04,2026-09-22T13:00:00.643Z,2026/09/22 21:50,,,0.850,サーバー(国交省 川の防災情報)
kw05,2026-09-22T13:00:00.644Z,2026/09/22 09:00,,,-1.270,サーバー(国交省 川の防災情報)
kw06,2026-09-22T13:00:01.358Z,2026/09/22 09:00,,,-2.390,サーバー(国交省 川の防災情報)
kw07,2026-09-22T13:00:01.421Z,2026/09/22 09:00,,,-4.180,サーバー(国交省 川の防災情報)
kw08,2026-09-22T13:00:01.711Z,2026/09/22 21:50,,,0.710,サーバー(国交省 川の防災情報)
kw09,2026-09-22T13:00:01.754Z,2026/09/22 10:00,,,-4.040,サーバー(国交省 川の防災情報)
kw10,2026-09-22T13:00:01.793Z,2026/09/22 21:50,,,1.270,サーバー(国交省 川の防災情報)
kw11,2026-09-22T13:00:01.969Z,2026/09/22 21:50,,,0.880,サーバー(国交省 川の防災情報)
kw01,2026-09-22T13:10:00.084Z,2026/09/22 22:00,,,0.620,サーバー(国交省 川の防災情報)
kw02,2026-09-22T13:10:00.131Z,2026/09/22 22:00,,,0.350,サーバー(国交省 川の防災情報)
kw03,2026-09-22T13:10:00.132Z,2026/09/22 22:00,,,1.120,サーバー(国交省 川の防災情報)
kw04,2026-09-22T13:10:00.133Z,2026/09/22 22:00,,,0.850,サーバー(国交省 川の防災情報)
kw05,2026-09-22T13:10:00.134Z,2026/09/22 09:00,,,-1.270,サーバー(国交省 川の防災情報)
kw06,2026-09-22T13:10:00.770Z,2026/09/22 09:00,,,-2.390,サーバー(国交省 川の防災情報)
kw07,2026-09-22T13:10:00.837Z,2026/09/22 09:00,,,-4.180,サーバー(国交省 川の防災情報)
kw08,2026-09-22T13:10:01.128Z,2026/09/22 22:00,,,0.710,サーバー(国交省 川の防災情報)
kw09,2026-09-22T13:10:01.175Z,2026/09/22 10:00,,,-4.040,サーバー(国交省 川の防災情報)
kw10,2026-09-22T13:10:01.176Z,2026/09/22 22:00,,,1.280,サーバー(国交省 川の防災情報)
kw11,2026-09-22T13:10:01.208Z,2026/09/22 22:00,,,0.880,サーバー(国交省 川の防災情報)
cam02,2026-09-22T13:20:00.309Z,2026-09-22 22:10:07,,12.234,0.790,サーバー(直接取得)
cam03,2026-09-22T13:20:00.310Z,2026-09-22 22:10:14,,11.996,-4.580,サーバー(直接取得)
cam04,2026-09-22T13:20:00.311Z,2026-09-22 22:10:06,,12.357,1.070,サーバー(直接取得)
cam08,2026-09-22T13:20:00.311Z,2026-09-22 22:10:21,,12.286,0.090,サーバー(直接取得)
cam09,2026-09-22T13:20:01.049Z,2026-09-22 22:10:17,,12.128,0.300,サーバー(直接取得)
cam11,2026-09-22T13:20:01.051Z,2026-09-22 22:10:06,,12.436,0.556,サーバー(直接取得)
cam12,2026-09-22T13:20:01.207Z,2026-09-22 22:10:07,,12.286,-0.063,サーバー(直接取得)
cam13,2026-09-22T13:20:01.238Z,2026-09-22 22:10:06,,12.598,0.046,サーバー(直接取得)
cam14,2026-09-22T13:20:01.300Z,2026-09-22 22:10:13,,12.119,0.057,サーバー(直接取得)
cam36,2026-09-22T13:20:01.313Z,2026-09-22 22:10:07,,12.550,0.027,サーバー(直接取得)
cam39,2026-09-22T13:20:01.501Z,2026-09-22 22:18:05,,13.377,0.055,サーバー(直接取得)
cam40,2026-09-22T13:20:01.577Z,2026-09-22 22:10:07,,12.528,0.317,サーバー(直接取得)
cam41,2026-09-22T13:20:01.594Z,2026-09-22 22:10:03,,12.634,0.142,サーバー(直接取得)
cam42,2026-09-22T13:20:01.687Z,2026-09-22 22:10:13,,12.462,0.430,サーバー(直接取得)
cam43,2026-09-22T13:20:01.688Z,2026-09-22 22:10:14,,11.543,0.510,サーバー(直接取得)
cam44,2026-09-22T13:20:01.748Z,2026-09-22 22:10:03,,12.335,0.170,サーバー(直接取得)
cam45,2026-09-22T13:20:01.857Z,2026-09-22 22:10:03,,12.480,0.360,サーバー(直接取得)
cam46,2026-09-22T13:20:01.872Z,2026-09-22 22:10:12,,12.335,0.740,サーバー(直接取得)
cam47,2026-09-22T13:20:01.974Z,2026-09-22 22:10:06,,12.247,0.454,サーバー(直接取得)
cam48,2026-09-22T13:20:02.000Z,2026-09-22 22:10:03,,13.741,-15.580,サーバー(直接取得)
cam50,2026-09-22T13:20:02.013Z,2026-09-22 22:19:00,,13.500,0.190,サーバー(直接取得)
cam51,2026-09-22T13:20:02.150Z,2026-09-22 22:18:16,,13.618,0.100,サーバー(直接取得)
cam52,2026-09-22T13:20:02.212Z,2026-09-22 22:10:12,,12.203,0.360,サーバー(直接取得)
cam53,2026-09-22T13:20:02.284Z,2026-09-22 22:10:13,,12.330,0.100,サーバー(直接取得)
cam54,2026-09-22T13:20:02.314Z,2026-09-22 22:10:21,,12.343,0.110,サーバー(直接取得)
cam55,2026-09-22T13:20:02.420Z,2026-09-22 22:10:21,,12.638,0.700,サーバー(直接取得)
kw01,2026-09-22T13:20:02.457Z,2026/09/22 22:10,,,0.610,サーバー(国交省 川の防災情報)
kw02,2026-09-22T13:20:02.543Z,2026/09/22 22:10,,,0.340,サーバー(国交省 川の防災情報)
kw03,2026-09-22T13:20:02.550Z,2026/09/22 22:10,,,1.120,サーバー(国交省 川の防災情報)
kw04,2026-09-22T13:20:02.689Z,2026/09/22 22:10,,,0.840,サーバー(国交省 川の防災情報)
kw05,2026-09-22T13:20:02.698Z,2026/09/22 09:00,,,-1.270,サーバー(国交省 川の防災情報)
kw06,2026-09-22T13:20:03.204Z,2026/09/22 09:00,,,-2.390,サーバー(国交省 川の防災情報)
kw07,2026-09-22T13:20:03.298Z,2026/09/22 09:00,,,-4.180,サーバー(国交省 川の防災情報)
kw08,2026-09-22T13:20:03.307Z,2026/09/22 22:10,,,0.710,サーバー(国交省 川の防災情報)
kw09,2026-09-22T13:20:03.619Z,2026/09/22 10:00,,,-4.040,サーバー(国交省 川の防災情報)
kw10,2026-09-22T13:20:03.661Z,2026/09/22 22:10,,,1.290,サーバー(国交省 川の防災情報)
kw11,2026-09-22T13:20:03.694Z,2026/09/22 22:10,,,0.870,サーバー(国交省 川の防災情報)
kw01,2026-09-22T13:30:00.316Z,2026/09/22 22:20,,,0.600,サーバー(国交省 川の防災情報)
kw02,2026-09-22T13:30:00.363Z,2026/09/22 22:20,,,0.340,サーバー(国交省 川の防災情報)
kw03,2026-09-22T13:30:00.364Z,2026/09/22 22:20,,,1.120,サーバー(国交省 川の防災情報)
kw04,2026-09-22T13:30:00.365Z,2026/09/22 22:20,,,0.840,サーバー(国交省 川の防災情報)
kw05,2026-09-22T13:30:00.366Z,2026/09/22 09:00,,,-1.270,サーバー(国交省 川の防災情報)
kw06,2026-09-22T13:30:01.218Z,2026/09/22 09:00,,,-2.390,サーバー(国交省 川の防災情報)
kw07,2026-09-22T13:30:01.243Z,2026/09/22 09:00,,,-4.180,サーバー(国交省 川の防災情報)
kw08,2026-09-22T13:30:01.264Z,2026/09/22 22:20,,,0.710,サーバー(国交省 川の防災情報)
kw09,2026-09-22T13:30:01.281Z,2026/09/22 10:00,,,-4.040,サーバー(国交省 川の防災情報)
kw10,2026-09-22T13:30:01.380Z,2026/09/22 22:20,,,1.310,サーバー(国交省 川の防災情報)
kw11,2026-09-22T13:30:01.645Z,2026/09/22 22:20,,,0.870,サーバー(国交省 川の防災情報)
kw01,2026-09-22T13:40:00.232Z,2026/09/22 22:30,,,0.600,サーバー(国交省 川の防災情報)
kw02,2026-09-22T13:40:00.275Z,2026/09/22 22:30,,,0.340,サーバー(国交省 川の防災情報)
kw03,2026-09-22T13:40:00.277Z,2026/09/22 22:30,,,1.120,サーバー(国交省 川の防災情報)
kw04,2026-09-22T13:40:00.277Z,2026/09/22 22:30,,,0.840,サーバー(国交省 川の防災情報)
kw05,2026-09-22T13:40:00.278Z,2026/09/22 09:00,,,-1.270,サーバー(国交省 川の防災情報)
kw06,2026-09-22T13:40:01.198Z,2026/09/22 09:00,,,-2.390,サーバー(国交省 川の防災情報)
kw07,2026-09-22T13:40:01.436Z,2026/09/22 09:00,,,-4.180,サーバー(国交省 川の防災情報)
kw08,2026-09-22T13:40:01.460Z,2026/09/22 22:30,,,0.710,サーバー(国交省 川の防災情報)
kw09,2026-09-22T13:40:01.497Z,2026/09/22 10:00,,,-4.040,サーバー(国交省 川の防災情報)
kw10,2026-09-22T13:40:01.587Z,2026/09/22 22:30,,,1.320,サーバー(国交省 川の防災情報)
kw11,2026-09-22T13:40:01.725Z,2026/09/22 22:30,,,0.860,サーバー(国交省 川の防災情報)
kw01,2026-09-22T13:50:00.447Z,2026/09/22 22:40,,,0.600,サーバー(国交省 川の防災情報)
kw02,2026-09-22T13:50:00.491Z,2026/09/22 22:40,,,0.340,サーバー(国交省 川の防災情報)
kw03,2026-09-22T13:50:00.493Z,2026/09/22 22:40,,,1.120,サーバー(国交省 川の防災情報)
kw04,2026-09-22T13:50:00.494Z,2026/09/22 22:40,,,0.840,サーバー(国交省 川の防災情報)
kw05,2026-09-22T13:50:00.494Z,2026/09/22 09:00,,,-1.270,サーバー(国交省 川の防災情報)
kw06,2026-09-22T13:50:01.275Z,2026/09/22 09:00,,,-2.390,サーバー(国交省 川の防災情報)
kw07,2026-09-22T13:50:01.334Z,2026/09/22 09:00,,,-4.180,サーバー(国交省 川の防災情報)
kw08,2026-09-22T13:50:01.588Z,2026/09/22 22:40,,,0.710,サーバー(国交省 川の防災情報)
kw09,2026-09-22T13:50:01.651Z,2026/09/22 10:00,,,-4.040,サーバー(国交省 川の防災情報)
kw10,2026-09-22T13:50:01.663Z,2026/09/22 22:40,,,1.330,サーバー(国交省 川の防災情報)
kw11,2026-09-22T13:50:01.882Z,2026/09/22 22:40,,,0.860,サーバー(国交省 川の防災情報)
cam02,2026-09-22T14:00:00.632Z,2026-09-22 22:50:06,,12.229,0.770,サーバー(直接取得)
cam03,2026-09-22T14:00:00.633Z,2026-09-22 22:50:13,,11.992,-4.580,サーバー(直接取得)
cam04,2026-09-22T14:00:00.634Z,2026-09-22 22:50:06,,12.343,1.010,サーバー(直接取得)
cam08,2026-09-22T14:00:00.635Z,2026-09-22 22:30:20,,12.282,0.120,サーバー(直接取得)
cam09,2026-09-22T14:00:01.223Z,2026-09-22 22:50:17,,12.115,0.310,サーバー(直接取得)
cam11,2026-09-22T14:00:01.233Z,2026-09-22 22:50:06,,12.427,0.512,サーバー(直接取得)
cam12,2026-09-22T14:00:01.333Z,2026-09-22 22:50:07,,12.273,-0.066,サーバー(直接取得)
cam13,2026-09-22T14:00:01.346Z,2026-09-22 22:50:07,,12.576,0.044,サーバー(直接取得)
cam14,2026-09-22T14:00:01.349Z,2026-09-22 22:50:14,,12.102,0.057,サーバー(直接取得)
cam36,2026-09-22T14:00:01.444Z,2026-09-22 22:50:07,,12.537,0.028,サーバー(直接取得)
cam39,2026-09-22T14:00:01.452Z,2026-09-22 22:58:06,,13.381,0.056,サーバー(直接取得)
cam40,2026-09-22T14:00:01.547Z,2026-09-22 22:50:06,,12.511,0.313,サーバー(直接取得)
cam41,2026-09-22T14:00:01.554Z,2026-09-22 22:50:03,,12.629,0.141,サーバー(直接取得)
cam42,2026-09-22T14:00:01.565Z,2026-09-22 22:50:17,,12.453,0.430,サーバー(直接取得)
cam43,2026-09-22T14:00:01.685Z,2026-09-22 22:50:12,,11.526,0.510,サーバー(直接取得)
cam44,2026-09-22T14:00:01.687Z,2026-09-22 22:50:03,,12.339,0.170,サーバー(直接取得)
cam45,2026-09-22T14:00:01.778Z,2026-09-22 22:50:03,,12.471,0.360,サーバー(直接取得)
cam46,2026-09-22T14:00:01.794Z,2026-09-22 22:50:12,,12.308,0.740,サーバー(直接取得)
cam47,2026-09-22T14:00:01.846Z,2026-09-22 22:50:07,,12.242,0.448,サーバー(直接取得)
cam48,2026-09-22T14:00:01.916Z,2026-09-22 22:50:03,,13.750,-15.610,サーバー(直接取得)
cam50,2026-09-22T14:00:01.922Z,2026-09-22 22:58:00,,13.500,0.190,サーバー(直接取得)
cam51,2026-09-22T14:00:02.079Z,2026-09-22 22:58:13,,13.614,0.100,サーバー(直接取得)
cam52,2026-09-22T14:00:02.108Z,2026-09-22 22:50:18,,12.181,0.350,サーバー(直接取得)
cam53,2026-09-22T14:00:02.114Z,2026-09-22 22:50:15,,12.300,0.100,サーバー(直接取得)
cam54,2026-09-22T14:00:02.214Z,2026-09-22 22:50:20,,12.335,0.110,サーバー(直接取得)
cam55,2026-09-22T14:00:02.215Z,2026-09-22 22:50:21,,12.625,0.700,サーバー(直接取得)
kw01,2026-09-22T14:00:02.670Z,2026/09/22 22:50,,,0.600,サーバー(国交省 川の防災情報)
kw02,2026-09-22T14:00:02.676Z,2026/09/22 22:50,,,0.330,サーバー(国交省 川の防災情報)
kw03,2026-09-22T14:00:02.683Z,2026/09/22 22:50,,,1.120,サーバー(国交省 川の防災情報)
kw04,2026-09-22T14:00:02.708Z,2026/09/22 22:50,,,0.840,サーバー(国交省 川の防災情報)
kw05,2026-09-22T14:00:02.769Z,2026/09/22 09:00,,,-1.270,サーバー(国交省 川の防災情報)
kw06,2026-09-22T14:00:03.715Z,2026/09/22 09:00,,,-2.390,サーバー(国交省 川の防災情報)
kw07,2026-09-22T14:00:03.738Z,2026/09/22 09:00,,,-4.180,サーバー(国交省 川の防災情報)
kw08,2026-09-22T14:00:03.753Z,2026/09/22 22:50,,,0.700,サーバー(国交省 川の防災情報)
kw09,2026-09-22T14:00:04.089Z,2026/09/22 10:00,,,-4.040,サーバー(国交省 川の防災情報)
kw10,2026-09-22T14:00:04.217Z,2026/09/22 22:50,,,1.350,サーバー(国交省 川の防災情報)
kw11,2026-09-22T14:00:04.258Z,2026/09/22 22:50,,,0.840,サーバー(国交省 川の防災情報)
kw01,2026-09-22T14:10:00.530Z,2026/09/22 23:00,,,0.600,サーバー(国交省 川の防災情報)
kw02,2026-09-22T14:10:00.574Z,2026/09/22 23:00,,,0.330,サーバー(国交省 川の防災情報)
kw03,2026-09-22T14:10:00.575Z,2026/09/22 23:00,,,1.120,サーバー(国交省 川の防災情報)
kw04,2026-09-22T14:10:00.576Z,2026/09/22 23:00,,,0.840,サーバー(国交省 川の防災情報)
kw05,2026-09-22T14:10:00.577Z,2026/09/22 09:00,,,-1.270,サーバー(国交省 川の防災情報)
kw06,2026-09-22T14:10:01.580Z,2026/09/22 09:00,,,-2.390,サーバー(国交省 川の防災情報)
kw07,2026-09-22T14:10:01.757Z,2026/09/22 09:00,,,-4.180,サーバー(国交省 川の防災情報)
kw08,2026-09-22T14:10:01.771Z,2026/09/22 23:00,,,0.700,サーバー(国交省 川の防災情報)
kw09,2026-09-22T14:10:01.897Z,2026/09/22 10:00,,,-4.040,サーバー(国交省 川の防災情報)
kw10,2026-09-22T14:10:02.080Z,2026/09/22 23:00,,,1.360,サーバー(国交省 川の防災情報)
kw11,2026-09-22T14:10:02.101Z,2026/09/22 23:00,,,0.850,サーバー(国交省 川の防災情報)
kw01,2026-09-22T14:20:00.862Z,2026/09/22 23:10,,,0.600,サーバー(国交省 川の防災情報)
kw02,2026-09-22T14:20:00.913Z,2026/09/22 23:10,,,0.340,サーバー(国交省 川の防災情報)
kw03,2026-09-22T14:20:00.915Z,2026/09/22 23:10,,,1.120,サーバー(国交省 川の防災情報)
kw04,2026-09-22T14:20:00.916Z,2026/09/22 23:10,,,0.840,サーバー(国交省 川の防災情報)
kw05,2026-09-22T14:20:00.917Z,2026/09/22 09:00,,,-1.270,サーバー(国交省 川の防災情報)
kw06,2026-09-22T14:20:02.257Z,2026/09/22 09:00,,,-2.390,サーバー(国交省 川の防災情報)
kw07,2026-09-22T14:20:02.301Z,2026/09/22 09:00,,,-4.180,サーバー(国交省 川の防災情報)
kw08,2026-09-22T14:20:02.361Z,2026/09/22 23:10,,,0.690,サーバー(国交省 川の防災情報)
kw09,2026-09-22T14:20:02.506Z,2026/09/22 10:00,,,-4.040,サーバー(国交省 川の防災情報)
kw10,2026-09-22T14:20:02.524Z,2026/09/22 23:10,,,1.380,サーバー(国交省 川の防災情報)
kw11,2026-09-22T14:20:02.694Z,2026/09/22 23:10,,,0.840,サーバー(国交省 川の防災情報)
cam02,2026-09-22T14:30:00.357Z,2026-09-22 23:20:06,,12.216,0.760,サーバー(直接取得)
cam03,2026-09-22T14:30:00.359Z,2026-09-22 23:20:14,,11.979,-4.580,サーバー(直接取得)
cam04,2026-09-22T14:30:00.359Z,2026-09-22 23:20:06,,12.343,1.070,サーバー(直接取得)
cam08,2026-09-22T14:30:00.360Z,2026-09-22 23:20:21,,12.273,0.100,サーバー(直接取得)
cam09,2026-09-22T14:30:01.107Z,2026-09-22 23:20:14,,12.106,0.300,サーバー(直接取得)
cam11,2026-09-22T14:30:01.109Z,2026-09-22 23:20:06,,12.418,0.488,サーバー(直接取得)
cam12,2026-09-22T14:30:01.226Z,2026-09-22 23:20:06,,12.264,-0.064,サーバー(直接取得)
cam13,2026-09-22T14:30:01.237Z,2026-09-22 23:20:07,,12.581,0.049,サーバー(直接取得)
cam14,2026-09-22T14:30:01.358Z,2026-09-22 23:20:17,,12.102,0.057,サーバー(直接取得)
cam36,2026-09-22T14:30:01.374Z,2026-09-22 23:20:06,,12.528,0.029,サーバー(直接取得)
cam39,2026-09-22T14:30:01.463Z,2026-09-22 23:28:06,,13.403,0.058,サーバー(直接取得)
cam40,2026-09-22T14:30:01.471Z,2026-09-22 23:20:06,,12.506,0.316,サーバー(直接取得)
cam41,2026-09-22T14:30:01.604Z,2026-09-22 23:20:03,,12.620,0.142,サーバー(直接取得)
cam42,2026-09-22T14:30:01.872Z,2026-09-22 23:20:12,,12.445,0.430,サーバー(直接取得)
cam43,2026-09-22T14:30:01.982Z,2026-09-22 23:20:13,,11.579,0.510,サーバー(直接取得)
cam44,2026-09-22T14:30:01.993Z,2026-09-22 23:20:03,,12.330,0.170,サーバー(直接取得)
cam45,2026-09-22T14:30:02.236Z,2026-09-22 23:20:03,,12.445,0.360,サーバー(直接取得)
cam46,2026-09-22T14:30:02.496Z,2026-09-22 23:20:11,,12.295,0.730,サーバー(直接取得)
cam47,2026-09-22T14:30:02.562Z,2026-09-22 23:20:06,,12.225,0.446,サーバー(直接取得)
cam48,2026-09-22T14:30:02.592Z,2026-09-22 23:20:03,,13.737,-15.560,サーバー(直接取得)
cam50,2026-09-22T14:30:02.712Z,2026-09-22 23:29:00,,13.500,0.190,サーバー(直接取得)
cam51,2026-09-22T14:30:02.803Z,2026-09-22 23:28:15,,13.618,0.100,サーバー(直接取得)
cam52,2026-09-22T14:30:02.817Z,2026-09-22 23:20:13,,12.168,0.340,サーバー(直接取得)
cam53,2026-09-22T14:30:02.955Z,2026-09-22 23:20:13,,12.286,0.100,サーバー(直接取得)
cam54,2026-09-22T14:30:03.027Z,2026-09-22 23:20:21,,12.313,0.110,サーバー(直接取得)
cam55,2026-09-22T14:30:03.052Z,2026-09-22 23:20:21,,12.629,0.700,サーバー(直接取得)
kw01,2026-09-22T14:30:03.173Z,2026/09/22 23:20,,,0.600,サーバー(国交省 川の防災情報)
kw02,2026-09-22T14:30:03.257Z,2026/09/22 23:20,,,0.360,サーバー(国交省 川の防災情報)
kw03,2026-09-22T14:30:03.286Z,2026/09/22 23:20,,,1.130,サーバー(国交省 川の防災情報)
kw04,2026-09-22T14:30:03.751Z,2026/09/22 23:20,,,0.840,サーバー(国交省 川の防災情報)
kw05,2026-09-22T14:30:03.792Z,2026/09/22 09:00,,,-1.270,サーバー(国交省 川の防災情報)
kw06,2026-09-22T14:30:05.224Z,2026/09/22 09:00,,,-2.390,サーバー(国交省 川の防災情報)
kw07,2026-09-22T14:30:05.246Z,2026/09/22 09:00,,,-4.180,サーバー(国交省 川の防災情報)
kw08,2026-09-22T14:30:05.257Z,2026/09/22 23:20,,,0.690,サーバー(国交省 川の防災情報)
kw09,2026-09-22T14:30:05.638Z,2026/09/22 10:00,,,-4.040,サーバー(国交省 川の防災情報)
kw10,2026-09-22T14:30:05.645Z,2026/09/22 23:20,,,1.390,サーバー(国交省 川の防災情報)
kw11,2026-09-22T14:30:05.689Z,2026/09/22 23:20,,,0.840,サーバー(国交省 川の防災情報)
kw01,2026-09-22T14:40:00.166Z,2026/09/22 23:30,,,0.600,サーバー(国交省 川の防災情報)
kw02,2026-09-22T14:40:00.210Z,2026/09/22 23:30,,,0.360,サーバー(国交省 川の防災情報)
kw03,2026-09-22T14:40:00.211Z,2026/09/22 23:30,,,1.120,サーバー(国交省 川の防災情報)
kw04,2026-09-22T14:40:00.212Z,2026/09/22 23:30,,,0.830,サーバー(国交省 川の防災情報)
kw05,2026-09-22T14:40:00.213Z,2026/09/22 09:00,,,-1.270,サーバー(国交省 川の防災情報)
kw06,2026-09-22T14:40:01.094Z,2026/09/22 09:00,,,-2.390,サーバー(国交省 川の防災情報)
kw07,2026-09-22T14:40:01.111Z,2026/09/22 09:00,,,-4.180,サーバー(国交省 川の防災情報)
kw08,2026-09-22T14:40:01.139Z,2026/09/22 23:30,,,0.700,サーバー(国交省 川の防災情報)
kw09,2026-09-22T14:40:01.172Z,2026/09/22 10:00,,,-4.040,サーバー(国交省 川の防災情報)
kw10,2026-09-22T14:40:01.467Z,2026/09/22 23:30,,,1.400,サーバー(国交省 川の防災情報)
kw11,2026-09-22T14:40:01.516Z,2026/09/22 23:30,,,0.840,サーバー(国交省 川の防災情報)
kw01,2026-09-22T14:50:00.964Z,2026/09/22 23:40,,,0.600,サーバー(国交省 川の防災情報)
kw02,2026-09-22T14:50:01.008Z,2026/09/22 23:40,,,0.360,サーバー(国交省 川の防災情報)
kw03,2026-09-22T14:50:01.009Z,2026/09/22 23:40,,,1.120,サーバー(国交省 川の防災情報)
kw04,2026-09-22T14:50:01.010Z,2026/09/22 23:40,,,0.830,サーバー(国交省 川の防災情報)
kw05,2026-09-22T14:50:01.010Z,2026/09/22 09:00,,,-1.270,サーバー(国交省 川の防災情報)
kw06,2026-09-22T14:50:01.913Z,2026/09/22 09:00,,,-2.390,サーバー(国交省 川の防災情報)
kw07,2026-09-22T14:50:01.924Z,2026/09/22 09:00,,,-4.180,サーバー(国交省 川の防災情報)
kw08,2026-09-22T14:50:02.167Z,2026/09/22 23:40,,,0.710,サーバー(国交省 川の防災情報)
kw09,2026-09-22T14:50:02.182Z,2026/09/22 10:00,,,-4.040,サーバー(国交省 川の防災情報)
kw10,2026-09-22T14:50:02.366Z,2026/09/22 23:40,,,1.420,サーバー(国交省 川の防災情報)
kw11,2026-09-22T14:50:02.407Z,2026/09/22 23:40,,,0.830,サーバー(国交省 川の防災情報)
cam02,2026-09-22T15:00:00.413Z,2026-09-22 23:50:07,,12.203,0.750,サーバー(直接取得)
cam03,2026-09-22T15:00:00.414Z,2026-09-22 23:50:11,,11.961,-4.580,サーバー(直接取得)
cam04,2026-09-22T15:00:00.415Z,2026-09-22 23:50:06,,12.317,1.050,サーバー(直接取得)
cam08,2026-09-22T15:00:00.416Z,2026-09-22 23:50:20,,12.264,0.090,サーバー(直接取得)
cam09,2026-09-22T15:00:01.032Z,2026-09-22 23:50:13,,12.097,0.310,サーバー(直接取得)
cam11,2026-09-22T15:00:01.046Z,2026-09-22 23:50:06,,12.409,0.532,サーバー(直接取得)
cam12,2026-09-22T15:00:01.129Z,2026-09-22 23:50:06,,12.264,-0.064,サーバー(直接取得)
cam13,2026-09-22T15:00:01.154Z,2026-09-22 23:50:07,,12.563,0.048,サーバー(直接取得)
cam14,2026-09-22T15:00:01.286Z,2026-09-22 23:50:16,,12.084,0.057,サーバー(直接取得)
cam36,2026-09-22T15:00:01.368Z,2026-09-22 23:50:06,,12.519,0.028,サーバー(直接取得)
cam39,2026-09-22T15:00:01.434Z,2026-09-22 23:58:06,,13.403,0.061,サーバー(直接取得)
cam40,2026-09-22T15:00:01.519Z,2026-09-22 23:50:06,,12.497,0.314,サーバー(直接取得)
cam41,2026-09-22T15:00:01.661Z,2026-09-22 23:50:03,,12.616,0.144,サーバー(直接取得)
cam42,2026-09-22T15:00:01.912Z,2026-09-22 23:50:11,,12.436,0.430,サーバー(直接取得)
cam43,2026-09-22T15:00:01.938Z,2026-09-22 23:50:16,,11.491,0.510,サーバー(直接取得)
cam44,2026-09-22T15:00:02.044Z,2026-09-22 23:50:03,,12.326,0.170,サーバー(直接取得)
cam45,2026-09-22T15:00:02.188Z,2026-09-22 23:50:03,,12.436,0.360,サーバー(直接取得)
cam46,2026-09-22T15:00:02.290Z,2026-09-22 23:50:14,,12.291,0.810,サーバー(直接取得)
cam47,2026-09-22T15:00:02.409Z,2026-09-22 23:50:06,,12.225,0.382,サーバー(直接取得)
cam48,2026-09-22T15:00:02.426Z,2026-09-22 23:50:03,,13.741,-15.550,サーバー(直接取得)
cam50,2026-09-22T15:00:02.461Z,2026-09-22 23:59:00,,13.500,0.190,サーバー(直接取得)
cam51,2026-09-22T15:00:02.545Z,2026-09-22 23:58:14,,13.618,0.100,サーバー(直接取得)
cam52,2026-09-22T15:00:02.587Z,2026-09-22 23:50:13,,12.168,0.330,サーバー(直接取得)
cam53,2026-09-22T15:00:02.716Z,2026-09-22 23:50:15,,12.264,0.110,サーバー(直接取得)
cam54,2026-09-22T15:00:02.914Z,2026-09-22 23:50:20,,12.304,0.110,サーバー(直接取得)
cam55,2026-09-22T15:00:02.958Z,2026-09-22 23:50:21,,12.616,0.700,サーバー(直接取得)
kw01,2026-09-22T15:00:03.010Z,2026/09/22 23:50,,,0.600,サーバー(国交省 川の防災情報)
kw02,2026-09-22T15:00:03.334Z,2026/09/22 23:50,,,0.350,サーバー(国交省 川の防災情報)
kw03,2026-09-22T15:00:03.344Z,2026/09/22 23:50,,,1.120,サーバー(国交省 川の防災情報)
kw04,2026-09-22T15:00:03.656Z,2026/09/22 23:50,,,0.820,サーバー(国交省 川の防災情報)
kw05,2026-09-22T15:00:03.657Z,2026/09/22 09:00,,,-1.270,サーバー(国交省 川の防災情報)
kw06,2026-09-22T15:00:04.028Z,2026/09/22 09:00,,,-2.390,サーバー(国交省 川の防災情報)
kw07,2026-09-22T15:00:04.220Z,2026/09/22 09:00,,,-4.180,サーバー(国交省 川の防災情報)
kw08,2026-09-22T15:00:04.365Z,2026/09/22 23:50,,,0.710,サーバー(国交省 川の防災情報)
kw09,2026-09-22T15:00:04.370Z,2026/09/22 10:00,,,-4.040,サーバー(国交省 川の防災情報)
kw10,2026-09-22T15:00:04.481Z,2026/09/22 23:50,,,1.430,サーバー(国交省 川の防災情報)
kw11,2026-09-22T15:00:04.579Z,2026/09/22 23:50,,,0.820,サーバー(国交省 川の防災情報)
kw01,2026-09-22T15:10:00.100Z,2026/09/23 00:00,,,0.600,サーバー(国交省 川の防災情報)
kw02,2026-09-22T15:10:00.144Z,2026/09/23 00:00,,,0.360,サーバー(国交省 川の防災情報)
kw03,2026-09-22T15:10:00.146Z,2026/09/23 00:00,,,1.130,サーバー(国交省 川の防災情報)
kw04,2026-09-22T15:10:00.147Z,2026/09/23 00:00,,,0.840,サーバー(国交省 川の防災情報)
kw05,2026-09-22T15:10:00.147Z,2026/09/22 09:00,,,-1.270,サーバー(国交省 川の防災情報)
kw06,2026-09-22T15:10:00.783Z,2026/09/22 09:00,,,-2.390,サーバー(国交省 川の防災情報)
kw07,2026-09-22T15:10:00.835Z,2026/09/22 09:00,,,-4.180,サーバー(国交省 川の防災情報)
kw08,2026-09-22T15:10:00.841Z,2026/09/23 00:00,,,0.710,サーバー(国交省 川の防災情報)
kw09,2026-09-22T15:10:01.155Z,2026/09/22 10:00,,,-4.040,サーバー(国交省 川の防災情報)
kw10,2026-09-22T15:10:01.202Z,2026/09/23 00:00,,,1.450,サーバー(国交省 川の防災情報)
kw11,2026-09-22T15:10:01.203Z,2026/09/23 00:00,,,0.820,サーバー(国交省 川の防災情報)
kw01,2026-09-22T15:20:00.218Z,2026/09/23 00:10,,,0.610,サーバー(国交省 川の防災情報)
kw02,2026-09-22T15:20:00.262Z,2026/09/23 00:10,,,0.370,サーバー(国交省 川の防災情報)
kw03,2026-09-22T15:20:00.263Z,2026/09/23 00:10,,,1.150,サーバー(国交省 川の防災情報)
kw04,2026-09-22T15:20:00.264Z,2026/09/23 00:10,,,0.880,サーバー(国交省 川の防災情報)
kw05,2026-09-22T15:20:00.265Z,2026/09/22 09:00,,,-1.270,サーバー(国交省 川の防災情報)
kw06,2026-09-22T15:20:01.177Z,2026/09/22 09:00,,,-2.390,サーバー(国交省 川の防災情報)
kw07,2026-09-22T15:20:01.209Z,2026/09/22 09:00,,,-4.180,サーバー(国交省 川の防災情報)
kw08,2026-09-22T15:20:01.549Z,2026/09/23 00:10,,,0.720,サーバー(国交省 川の防災情報)
kw09,2026-09-22T15:20:01.564Z,2026/09/22 10:00,,,-4.040,サーバー(国交省 川の防災情報)
kw10,2026-09-22T15:20:01.575Z,2026/09/23 00:10,,,1.470,サーバー(国交省 川の防災情報)
kw11,2026-09-22T15:20:01.605Z,2026/09/23 00:10,,,0.810,サーバー(国交省 川の防災情報)
cam02,2026-09-22T15:30:00.401Z,2026-09-23 00:20:07,,12.190,0.740,サーバー(直接取得)
cam03,2026-09-22T15:30:00.402Z,2026-09-22 23:50:11,,11.961,-4.580,サーバー(直接取得)
cam04,2026-09-22T15:30:00.403Z,2026-09-23 00:20:07,,12.313,1.030,サーバー(直接取得)
cam08,2026-09-22T15:30:00.404Z,2026-09-23 00:20:21,,12.256,0.130,サーバー(直接取得)
cam09,2026-09-22T15:30:01.219Z,2026-09-23 00:20:17,,12.097,0.290,サーバー(直接取得)
cam11,2026-09-22T15:30:01.237Z,2026-09-23 00:20:06,,12.401,0.478,サーバー(直接取得)
cam12,2026-09-22T15:30:01.459Z,2026-09-23 00:20:06,,12.251,-0.052,サーバー(直接取得)
cam13,2026-09-22T15:30:01.465Z,2026-09-23 00:20:06,,12.559,0.072,サーバー(直接取得)
cam14,2026-09-22T15:30:01.800Z,2026-09-23 00:20:12,,12.084,0.067,サーバー(直接取得)
cam36,2026-09-22T15:30:01.804Z,2026-09-23 00:20:06,,12.511,0.031,サーバー(直接取得)
cam39,2026-09-22T15:30:01.822Z,2026-09-23 00:28:06,,13.407,0.063,サーバー(直接取得)
cam40,2026-09-22T15:30:01.853Z,2026-09-23 00:20:06,,12.493,0.364,サーバー(直接取得)
cam41,2026-09-22T15:30:01.867Z,2026-09-23 00:20:03,,12.607,0.163,サーバー(直接取得)
cam42,2026-09-22T15:30:02.079Z,2026-09-23 00:20:13,,12.418,0.460,サーバー(直接取得)
cam43,2026-09-22T15:30:02.174Z,2026-09-23 00:20:11,,11.482,0.510,サーバー(直接取得)
cam44,2026-09-22T15:30:02.214Z,2026-09-23 00:20:03,,12.308,0.180,サーバー(直接取得)
cam45,2026-09-22T15:30:02.263Z,2026-09-23 00:20:03,,12.440,0.360,サーバー(直接取得)
cam46,2026-09-22T15:30:02.439Z,2026-09-23 00:20:11,,12.286,0.820,サーバー(直接取得)
cam47,2026-09-22T15:30:02.465Z,2026-09-23 00:20:06,,12.207,0.385,サーバー(直接取得)
cam48,2026-09-22T15:30:02.519Z,2026-09-23 00:20:03,,13.741,-15.480,サーバー(直接取得)
cam50,2026-09-22T15:30:02.554Z,2026-09-23 00:29:00,,13.500,0.280,サーバー(直接取得)
cam51,2026-09-22T15:30:02.738Z,2026-09-23 00:28:16,,13.618,0.210,サーバー(直接取得)
cam52,2026-09-22T15:30:02.806Z,2026-09-23 00:20:12,,12.159,0.320,サーバー(直接取得)
cam53,2026-09-22T15:30:02.811Z,2026-09-23 00:20:14,,12.247,0.160,サーバー(直接取得)
cam54,2026-09-22T15:30:02.839Z,2026-09-23 00:20:21,,12.321,0.120,サーバー(直接取得)
cam55,2026-09-22T15:30:02.878Z,2026-09-23 00:20:21,,12.612,0.700,サーバー(直接取得)
kw01,2026-09-22T15:30:02.988Z,2026/09/23 00:20,,,0.620,サーバー(国交省 川の防災情報)
kw02,2026-09-22T15:30:03.038Z,2026/09/23 00:20,,,0.370,サーバー(国交省 川の防災情報)
kw03,2026-09-22T15:30:03.044Z,2026/09/23 00:20,,,1.150,サーバー(国交省 川の防災情報)
kw04,2026-09-22T15:30:03.081Z,2026/09/23 00:20,,,0.910,サーバー(国交省 川の防災情報)
kw05,2026-09-22T15:30:03.125Z,2026/09/22 09:00,,,-1.270,サーバー(国交省 川の防災情報)
kw06,2026-09-22T15:30:03.626Z,2026/09/22 09:00,,,-2.390,サーバー(国交省 川の防災情報)
kw07,2026-09-22T15:30:03.669Z,2026/09/22 09:00,,,-4.180,サーバー(国交省 川の防災情報)
kw08,2026-09-22T15:30:03.929Z,2026/09/23 00:20,,,0.720,サーバー(国交省 川の防災情報)
kw09,2026-09-22T15:30:04.016Z,2026/09/22 10:00,,,-4.040,サーバー(国交省 川の防災情報)
kw10,2026-09-22T15:30:04.028Z,2026/09/23 00:20,,,1.490,サーバー(国交省 川の防災情報)
kw11,2026-09-22T15:30:04.109Z,2026/09/23 00:20,,,0.820,サーバー(国交省 川の防災情報)
kw01,2026-09-22T15:40:00.587Z,2026/09/23 00:30,,,0.640,サーバー(国交省 川の防災情報)
kw02,2026-09-22T15:40:00.630Z,2026/09/23 00:30,,,0.380,サーバー(国交省 川の防災情報)
kw03,2026-09-22T15:40:00.631Z,2026/09/23 00:30,,,1.160,サーバー(国交省 川の防災情報)
kw04,2026-09-22T15:40:00.632Z,2026/09/23 00:30,,,0.870,サーバー(国交省 川の防災情報)
kw05,2026-09-22T15:40:00.633Z,2026/09/22 09:00,,,-1.270,サーバー(国交省 川の防災情報)
kw06,2026-09-22T15:40:01.435Z,2026/09/22 09:00,,,-2.390,サーバー(国交省 川の防災情報)
kw07,2026-09-22T15:40:01.461Z,2026/09/22 09:00,,,-4.180,サーバー(国交省 川の防災情報)
kw08,2026-09-22T15:40:01.464Z,2026/09/23 00:30,,,0.720,サーバー(国交省 川の防災情報)
kw09,2026-09-22T15:40:01.473Z,2026/09/22 10:00,,,-4.040,サーバー(国交省 川の防災情報)
kw10,2026-09-22T15:40:01.803Z,2026/09/23 00:30,,,1.510,サーバー(国交省 川の防災情報)
kw11,2026-09-22T15:40:01.890Z,2026/09/23 00:30,,,0.820,サーバー(国交省 川の防災情報)
kw01,2026-09-22T15:50:00.382Z,2026/09/23 00:40,,,0.640,サーバー(国交省 川の防災情報)
kw02,2026-09-22T15:50:00.425Z,2026/09/23 00:40,,,0.390,サーバー(国交省 川の防災情報)
kw03,2026-09-22T15:50:00.426Z,2026/09/23 00:40,,,1.160,サーバー(国交省 川の防災情報)
kw04,2026-09-22T15:50:00.427Z,2026/09/23 00:40,,,0.860,サーバー(国交省 川の防災情報)
kw05,2026-09-22T15:50:00.428Z,2026/09/22 09:00,,,-1.270,サーバー(国交省 川の防災情報)
kw06,2026-09-22T15:50:01.240Z,2026/09/22 09:00,,,-2.390,サーバー(国交省 川の防災情報)
kw07,2026-09-22T15:50:01.257Z,2026/09/22 09:00,,,-4.180,サーバー(国交省 川の防災情報)
kw08,2026-09-22T15:50:01.262Z,2026/09/23 00:40,,,0.730,サーバー(国交省 川の防災情報)
kw09,2026-09-22T15:50:01.266Z,2026/09/22 10:00,,,-4.040,サーバー(国交省 川の防災情報)
kw10,2026-09-22T15:50:01.655Z,2026/09/23 00:40,,,1.520,サーバー(国交省 川の防災情報)
kw11,2026-09-22T15:50:01.660Z,2026/09/23 00:40,,,0.820,サーバー(国交省 川の防災情報)
cam02,2026-09-22T16:00:01.023Z,2026-09-23 00:50:07,,12.181,0.730,サーバー(直接取得)
cam03,2026-09-22T16:00:01.024Z,2026-09-23 00:50:13,,11.935,-3.840,サーバー(直接取得)
cam04,2026-09-22T16:00:01.024Z,2026-09-23 00:50:07,,12.313,1.070,サーバー(直接取得)
cam08,2026-09-22T16:00:01.025Z,2026-09-23 00:20:21,,12.256,0.130,サーバー(直接取得)
cam09,2026-09-22T16:00:02.037Z,2026-09-23 00:50:18,,12.075,0.280,サーバー(直接取得)
cam11,2026-09-22T16:00:02.039Z,2026-09-23 00:50:07,,12.383,0.534,サーバー(直接取得)
cam12,2026-09-22T16:00:02.043Z,2026-09-23 00:50:06,,12.251,-0.058,サーバー(直接取得)
cam13,2026-09-22T16:00:02.055Z,2026-09-23 00:50:06,,12.546,0.057,サーバー(直接取得)
cam14,2026-09-22T16:00:02.057Z,2026-09-23 00:50:16,,12.067,0.067,サーバー(直接取得)
cam36,2026-09-22T16:00:02.344Z,2026-09-23 00:50:06,,12.502,0.031,サーバー(直接取得)
cam39,2026-09-22T16:00:02.484Z,2026-09-23 00:58:06,,13.403,0.062,サーバー(直接取得)
cam40,2026-09-22T16:00:02.525Z,2026-09-23 00:50:07,,12.480,0.354,サーバー(直接取得)
cam41,2026-09-22T16:00:02.582Z,2026-09-23 00:50:04,,12.598,0.150,サーバー(直接取得)
cam42,2026-09-22T16:00:02.804Z,2026-09-23 00:50:16,,12.414,0.440,サーバー(直接取得)
cam43,2026-09-22T16:00:02.814Z,2026-09-23 00:50:13,,11.469,0.510,サーバー(直接取得)
cam44,2026-09-22T16:00:02.836Z,2026-09-23 00:50:03,,12.304,0.180,サーバー(直接取得)
cam45,2026-09-22T16:00:02.882Z,2026-09-23 00:50:03,,12.431,0.360,サーバー(直接取得)
cam46,2026-09-22T16:00:02.908Z,2026-09-23 00:50:10,,12.264,0.810,サーバー(直接取得)
cam47,2026-09-22T16:00:03.166Z,2026-09-23 00:50:06,,12.207,0.389,サーバー(直接取得)
cam48,2026-09-22T16:00:03.169Z,2026-09-23 00:50:03,,13.750,-15.440,サーバー(直接取得)
cam50,2026-09-22T16:00:03.180Z,2026-09-23 00:59:00,,13.500,0.240,サーバー(直接取得)
cam51,2026-09-22T16:00:03.202Z,2026-09-23 00:58:15,,13.618,0.130,サーバー(直接取得)
cam52,2026-09-22T16:00:03.213Z,2026-09-23 00:50:13,,12.154,0.320,サーバー(直接取得)
cam53,2026-09-22T16:00:03.401Z,2026-09-23 00:50:15,,12.220,0.120,サーバー(直接取得)
cam54,2026-09-22T16:00:03.431Z,2026-09-23 00:50:20,,12.300,0.120,サーバー(直接取得)
cam55,2026-09-22T16:00:03.431Z,2026-09-23 00:50:21,,12.612,0.700,サーバー(直接取得)
kw01,2026-09-22T16:00:03.464Z,2026/09/23 00:50,,,0.640,サーバー(国交省 川の防災情報)
kw02,2026-09-22T16:00:03.467Z,2026/09/23 00:50,,,0.390,サーバー(国交省 川の防災情報)
kw03,2026-09-22T16:00:03.654Z,2026/09/23 00:50,,,1.160,サーバー(国交省 川の防災情報)
kw04,2026-09-22T16:00:03.675Z,2026/09/23 00:50,,,0.840,サーバー(国交省 川の防災情報)
kw05,2026-09-22T16:00:03.971Z,2026/09/22 09:00,,,-1.270,サーバー(国交省 川の防災情報)
kw06,2026-09-22T16:00:04.195Z,2026/09/22 09:00,,,-2.390,サーバー(国交省 川の防災情報)
kw07,2026-09-22T16:00:04.196Z,2026/09/22 09:00,,,-4.180,サーバー(国交省 川の防災情報)
kw08,2026-09-22T16:00:04.493Z,2026/09/23 00:50,,,0.730,サーバー(国交省 川の防災情報)
kw09,2026-09-22T16:00:04.685Z,2026/09/22 10:00,,,-4.040,サーバー(国交省 川の防災情報)
kw10,2026-09-22T16:00:04.689Z,2026/09/23 00:50,,,1.540,サーバー(国交省 川の防災情報)
kw11,2026-09-22T16:00:04.707Z,2026/09/23 00:50,,,0.820,サーバー(国交省 川の防災情報)
kw01,2026-09-22T16:10:00.976Z,2026/09/23 01:00,,,0.640,サーバー(国交省 川の防災情報)
kw02,2026-09-22T16:10:01.020Z,2026/09/23 01:00,,,0.400,サーバー(国交省 川の防災情報)
kw03,2026-09-22T16:10:01.021Z,2026/09/23 01:00,,,1.160,サーバー(国交省 川の防災情報)
kw04,2026-09-22T16:10:01.022Z,2026/09/23 01:00,,,0.830,サーバー(国交省 川の防災情報)
kw05,2026-09-22T16:10:01.023Z,2026/09/22 09:00,,,-1.270,サーバー(国交省 川の防災情報)
kw06,2026-09-22T16:10:01.802Z,2026/09/22 09:00,,,-2.390,サーバー(国交省 川の防災情報)
kw07,2026-09-22T16:10:01.991Z,2026/09/22 09:00,,,-4.180,サーバー(国交省 川の防災情報)
kw08,2026-09-22T16:10:02.074Z,2026/09/23 01:00,,,0.740,サーバー(国交省 川の防災情報)
kw09,2026-09-22T16:10:02.095Z,2026/09/22 10:00,,,-4.040,サーバー(国交省 川の防災情報)
kw10,2026-09-22T16:10:02.104Z,2026/09/23 01:00,,,1.560,サーバー(国交省 川の防災情報)
kw11,2026-09-22T16:10:02.225Z,2026/09/23 01:00,,,0.820,サーバー(国交省 川の防災情報)
kw01,2026-09-22T16:20:00.661Z,2026/09/23 01:10,,,0.620,サーバー(国交省 川の防災情報)
kw02,2026-09-22T16:20:00.705Z,2026/09/23 01:10,,,0.400,サーバー(国交省 川の防災情報)
kw03,2026-09-22T16:20:00.706Z,2026/09/23 01:10,,,1.160,サーバー(国交省 川の防災情報)
kw04,2026-09-22T16:20:00.707Z,2026/09/23 01:10,,,0.820,サーバー(国交省 川の防災情報)
kw05,2026-09-22T16:20:00.707Z,2026/09/22 09:00,,,-1.270,サーバー(国交省 川の防災情報)
kw06,2026-09-22T16:20:01.445Z,2026/09/22 09:00,,,-2.390,サーバー(国交省 川の防災情報)
kw07,2026-09-22T16:20:01.708Z,2026/09/22 09:00,,,-4.180,サーバー(国交省 川の防災情報)
kw08,2026-09-22T16:20:01.811Z,2026/09/23 01:10,,,0.750,サーバー(国交省 川の防災情報)
kw09,2026-09-22T16:20:01.840Z,2026/09/22 10:00,,,-4.040,サーバー(国交省 川の防災情報)
kw10,2026-09-22T16:20:01.847Z,2026/09/23 01:10,,,1.570,サーバー(国交省 川の防災情報)
kw11,2026-09-22T16:20:01.878Z,2026/09/23 01:10,,,0.820,サーバー(国交省 川の防災情報)
cam02,2026-09-22T16:30:01.009Z,2026-09-23 01:20:07,,12.168,0.720,サーバー(直接取得)
cam03,2026-09-22T16:30:01.010Z,2026-09-23 01:20:13,,11.926,-3.750,サーバー(直接取得)
cam04,2026-09-22T16:30:01.011Z,2026-09-23 01:20:07,,12.304,1.080,サーバー(直接取得)
cam08,2026-09-22T16:30:01.012Z,2026-09-23 01:20:21,,12.238,0.120,サーバー(直接取得)
cam09,2026-09-22T16:30:01.598Z,2026-09-23 01:20:14,,12.075,0.300,サーバー(直接取得)
cam11,2026-09-22T16:30:01.600Z,2026-09-23 01:20:07,,12.383,0.490,サーバー(直接取得)
cam12,2026-09-22T16:30:01.701Z,2026-09-23 01:20:07,,12.234,-0.062,サーバー(直接取得)
cam13,2026-09-22T16:30:01.707Z,2026-09-23 01:20:06,,12.528,0.051,サーバー(直接取得)
cam14,2026-09-22T16:30:01.862Z,2026-09-23 01:20:17,,12.045,0.057,サーバー(直接取得)
cam36,2026-09-22T16:30:01.887Z,2026-09-23 01:20:06,,12.480,0.030,サーバー(直接取得)
cam39,2026-09-22T16:30:01.893Z,2026-09-23 01:28:06,,13.407,0.060,サーバー(直接取得)
cam40,2026-09-22T16:30:02.016Z,2026-09-23 01:20:07,,12.467,0.350,サーバー(直接取得)
cam41,2026-09-22T16:30:02.019Z,2026-09-23 01:20:03,,12.594,0.144,サーバー(直接取得)
cam42,2026-09-22T16:30:02.241Z,2026-09-23 01:20:11,,12.405,0.440,サーバー(直接取得)
cam43,2026-09-22T16:30:02.317Z,2026-09-23 01:20:17,,11.451,0.520,サーバー(直接取得)
cam44,2026-09-22T16:30:02.377Z,2026-09-23 01:20:03,,12.295,0.180,サーバー(直接取得)
cam45,2026-09-22T16:30:02.409Z,2026-09-23 01:20:03,,12.418,0.360,サーバー(直接取得)
cam46,2026-09-22T16:30:02.502Z,2026-09-23 01:20:12,,12.238,0.820,サーバー(直接取得)
cam47,2026-09-22T16:30:02.547Z,2026-09-23 01:20:06,,12.185,0.387,サーバー(直接取得)
cam48,2026-09-22T16:30:02.567Z,2026-09-23 01:20:03,,13.777,-15.510,サーバー(直接取得)
cam50,2026-09-22T16:30:02.655Z,2026-09-23 01:27:00,,13.500,0.210,サーバー(直接取得)
cam51,2026-09-22T16:30:02.674Z,2026-09-23 01:28:15,,13.618,0.120,サーバー(直接取得)
cam52,2026-09-22T16:30:02.742Z,2026-09-23 01:20:11,,12.128,0.320,サーバー(直接取得)
cam53,2026-09-22T16:30:02.789Z,2026-09-23 01:20:16,,12.203,0.110,サーバー(直接取得)
cam54,2026-09-22T16:30:02.798Z,2026-09-23 01:20:20,,12.278,0.120,サーバー(直接取得)
cam55,2026-09-22T16:30:02.894Z,2026-09-23 01:20:21,,12.594,0.700,サーバー(直接取得)
kw01,2026-09-22T16:30:02.898Z,2026/09/23 01:20,,,0.620,サーバー(国交省 川の防災情報)
kw02,2026-09-22T16:30:03.011Z,2026/09/23 01:20,,,0.390,サーバー(国交省 川の防災情報)
kw03,2026-09-22T16:30:03.012Z,2026/09/23 01:20,,,1.150,サーバー(国交省 川の防災情報)
kw04,2026-09-22T16:30:03.042Z,2026/09/23 01:20,,,0.810,サーバー(国交省 川の防災情報)
kw05,2026-09-22T16:30:03.123Z,2026/09/22 09:00,,,-1.270,サーバー(国交省 川の防災情報)
kw06,2026-09-22T16:30:03.963Z,2026/09/22 09:00,,,-2.390,サーバー(国交省 川の防災情報)
kw07,2026-09-22T16:30:03.994Z,2026/09/22 09:00,,,-4.180,サーバー(国交省 川の防災情報)
kw08,2026-09-22T16:30:03.999Z,2026/09/23 01:20,,,0.750,サーバー(国交省 川の防災情報)
kw09,2026-09-22T16:30:04.002Z,2026/09/22 10:00,,,-4.040,サーバー(国交省 川の防災情報)
kw10,2026-09-22T16:30:04.399Z,2026/09/23 01:20,,,1.590,サーバー(国交省 川の防災情報)
kw11,2026-09-22T16:30:04.441Z,2026/09/23 01:20,,,0.810,サーバー(国交省 川の防災情報)
kw01,2026-09-22T16:40:00.186Z,2026/09/23 01:30,,,0.610,サーバー(国交省 川の防災情報)
kw02,2026-09-22T16:40:00.230Z,2026/09/23 01:30,,,0.380,サーバー(国交省 川の防災情報)
kw03,2026-09-22T16:40:00.231Z,2026/09/23 01:30,,,1.140,サーバー(国交省 川の防災情報)
kw04,2026-09-22T16:40:00.232Z,2026/09/23 01:30,,,0.810,サーバー(国交省 川の防災情報)
kw05,2026-09-22T16:40:00.232Z,2026/09/22 09:00,,,-1.270,サーバー(国交省 川の防災情報)
kw06,2026-09-22T16:40:00.918Z,2026/09/22 09:00,,,-2.390,サーバー(国交省 川の防災情報)
kw07,2026-09-22T16:40:00.932Z,2026/09/22 09:00,,,-4.180,サーバー(国交省 川の防災情報)
kw08,2026-09-22T16:40:00.996Z,2026/09/23 01:30,,,0.750,サーバー(国交省 川の防災情報)
kw09,2026-09-22T16:40:01.219Z,2026/09/22 10:00,,,-4.040,サーバー(国交省 川の防災情報)
kw10,2026-09-22T16:40:01.236Z,2026/09/23 01:30,,,1.600,サーバー(国交省 川の防災情報)
kw11,2026-09-22T16:40:01.322Z,2026/09/23 01:30,,,0.800,サーバー(国交省 川の防災情報)
kw01,2026-09-22T16:50:00.314Z,2026/09/23 01:40,,,0.600,サーバー(国交省 川の防災情報)
kw02,2026-09-22T16:50:00.358Z,2026/09/23 01:40,,,0.370,サーバー(国交省 川の防災情報)
kw03,2026-09-22T16:50:00.359Z,2026/09/23 01:40,,,1.140,サーバー(国交省 川の防災情報)
kw04,2026-09-22T16:50:00.360Z,2026/09/23 01:40,,,0.810,サーバー(国交省 川の防災情報)
kw05,2026-09-22T16:50:00.360Z,2026/09/22 09:00,,,-1.270,サーバー(国交省 川の防災情報)
kw06,2026-09-22T16:50:01.072Z,2026/09/22 09:00,,,-2.390,サーバー(国交省 川の防災情報)
kw07,2026-09-22T16:50:01.094Z,2026/09/22 09:00,,,-4.180,サーバー(国交省 川の防災情報)
kw08,2026-09-22T16:50:01.096Z,2026/09/23 01:40,,,0.750,サーバー(国交省 川の防災情報)
kw09,2026-09-22T16:50:01.401Z,2026/09/22 10:00,,,-4.040,サーバー(国交省 川の防災情報)
kw10,2026-09-22T16:50:01.437Z,2026/09/23 01:40,,,1.610,サーバー(国交省 川の防災情報)
kw11,2026-09-22T16:50:01.465Z,2026/09/23 01:40,,,0.790,サーバー(国交省 川の防災情報)
cam02,2026-09-22T17:00:00.999Z,2026-09-23 01:50:07,,12.159,0.710,サーバー(直接取得)
cam03,2026-09-22T17:00:00.999Z,2026-09-23 01:50:13,,11.895,-3.660,サーバー(直接取得)
cam04,2026-09-22T17:00:01.000Z,2026-09-23 01:50:07,,12.282,1.060,サーバー(直接取得)
cam08,2026-09-22T17:00:01.001Z,2026-09-23 01:50:21,,12.234,0.120,サーバー(直接取得)
cam09,2026-09-22T17:00:01.738Z,2026-09-23 01:50:17,,12.049,0.300,サーバー(直接取得)
cam11,2026-09-22T17:00:01.777Z,2026-09-23 01:50:06,,12.374,0.510,サーバー(直接取得)
cam12,2026-09-22T17:00:01.785Z,2026-09-23 01:50:07,,12.220,-0.059,サーバー(直接取得)
cam13,2026-09-22T17:00:01.830Z,2026-09-23 01:50:06,,12.537,0.051,サーバー(直接取得)
cam14,2026-09-22T17:00:01.865Z,2026-09-23 01:50:16,,12.045,0.067,サーバー(直接取得)
cam36,2026-09-22T17:00:02.106Z,2026-09-23 01:50:07,,12.475,0.027,サーバー(直接取得)
cam39,2026-09-22T17:00:02.156Z,2026-09-23 01:58:05,,13.403,0.060,サーバー(直接取得)
cam40,2026-09-22T17:00:02.220Z,2026-09-23 01:50:07,,12.458,0.328,サーバー(直接取得)
cam41,2026-09-22T17:00:02.284Z,2026-09-23 01:50:03,,12.585,0.147,サーバー(直接取得)
cam42,2026-09-22T17:00:02.430Z,2026-09-23 01:50:12,,12.387,0.440,サーバー(直接取得)
cam43,2026-09-22T17:00:02.544Z,2026-09-23 01:50:15,,11.442,0.510,サーバー(直接取得)
cam44,2026-09-22T17:00:02.576Z,2026-09-23 01:50:03,,12.300,0.180,サーバー(直接取得)
cam45,2026-09-22T17:00:02.610Z,2026-09-23 01:50:03,,12.401,0.360,サーバー(直接取得)
cam46,2026-09-22T17:00:02.612Z,2026-09-23 01:50:13,,12.251,0.810,サーバー(直接取得)
cam47,2026-09-22T17:00:02.700Z,2026-09-23 01:50:06,,12.176,0.390,サーバー(直接取得)
cam48,2026-09-22T17:00:02.841Z,2026-09-23 01:50:03,,13.755,-15.540,サーバー(直接取得)
cam50,2026-09-22T17:00:02.870Z,2026-09-23 01:59:00,,13.500,0.200,サーバー(直接取得)
cam51,2026-09-22T17:00:02.874Z,2026-09-23 01:58:17,,13.618,0.100,サーバー(直接取得)
cam52,2026-09-22T17:00:02.909Z,2026-09-23 01:50:16,,12.132,0.320,サーバー(直接取得)
cam53,2026-09-22T17:00:02.955Z,2026-09-23 01:50:15,,12.194,0.110,サーバー(直接取得)
cam54,2026-09-22T17:00:03.088Z,2026-09-23 01:50:20,,12.291,0.110,サーバー(直接取得)
cam55,2026-09-22T17:00:03.132Z,2026-09-23 01:50:20,,12.598,0.700,サーバー(直接取得)
kw01,2026-09-22T17:00:03.155Z,2026/09/23 01:50,,,0.580,サーバー(国交省 川の防災情報)
kw02,2026-09-22T17:00:03.171Z,2026/09/23 01:50,,,0.350,サーバー(国交省 川の防災情報)
kw03,2026-09-22T17:00:03.215Z,2026/09/23 01:50,,,1.140,サーバー(国交省 川の防災情報)
kw04,2026-09-22T17:00:03.314Z,2026/09/23 01:50,,,0.800,サーバー(国交省 川の防災情報)
kw05,2026-09-22T17:00:03.358Z,2026/09/22 09:00,,,-1.270,サーバー(国交省 川の防災情報)
kw06,2026-09-22T17:00:03.866Z,2026/09/22 09:00,,,-2.390,サーバー(国交省 川の防災情報)
kw07,2026-09-22T17:00:03.907Z,2026/09/22 09:00,,,-4.180,サーバー(国交省 川の防災情報)
kw08,2026-09-22T17:00:03.983Z,2026/09/23 01:50,,,0.740,サーバー(国交省 川の防災情報)
kw09,2026-09-22T17:00:04.273Z,2026/09/22 10:00,,,-4.040,サーバー(国交省 川の防災情報)
kw10,2026-09-22T17:00:04.328Z,2026/09/23 01:50,,,1.630,サーバー(国交省 川の防災情報)
kw11,2026-09-22T17:00:04.331Z,2026/09/23 01:50,,,0.800,サーバー(国交省 川の防災情報)
kw01,2026-09-22T17:10:00.908Z,2026/09/23 02:00,,,0.580,サーバー(国交省 川の防災情報)
kw02,2026-09-22T17:10:00.952Z,2026/09/23 02:00,,,0.340,サーバー(国交省 川の防災情報)
kw03,2026-09-22T17:10:00.954Z,2026/09/23 02:00,,,1.130,サーバー(国交省 川の防災情報)
kw04,2026-09-22T17:10:00.954Z,2026/09/23 02:00,,,0.810,サーバー(国交省 川の防災情報)
kw05,2026-09-22T17:10:00.955Z,2026/09/22 09:00,,,-1.270,サーバー(国交省 川の防災情報)
kw06,2026-09-22T17:10:01.649Z,2026/09/22 09:00,,,-2.390,サーバー(国交省 川の防災情報)
kw07,2026-09-22T17:10:01.717Z,2026/09/22 09:00,,,-4.180,サーバー(国交省 川の防災情報)
kw08,2026-09-22T17:10:01.953Z,2026/09/23 02:00,,,0.720,サーバー(国交省 川の防災情報)
kw09,2026-09-22T17:10:01.965Z,2026/09/22 10:00,,,-4.040,サーバー(国交省 川の防災情報)
kw10,2026-09-22T17:10:02.079Z,2026/09/23 02:00,,,1.640,サーバー(国交省 川の防災情報)
kw11,2026-09-22T17:10:02.108Z,2026/09/23 02:00,,,0.800,サーバー(国交省 川の防災情報)
kw01,2026-09-22T17:20:00.691Z,2026/09/23 02:10,,,0.570,サーバー(国交省 川の防災情報)
kw02,2026-09-22T17:20:00.734Z,2026/09/23 02:10,,,0.320,サーバー(国交省 川の防災情報)
kw03,2026-09-22T17:20:00.735Z,2026/09/23 02:10,,,1.130,サーバー(国交省 川の防災情報)
kw04,2026-09-22T17:20:00.735Z,2026/09/23 02:10,,,0.810,サーバー(国交省 川の防災情報)
kw05,2026-09-22T17:20:00.736Z,2026/09/22 09:00,,,-1.270,サーバー(国交省 川の防災情報)
kw06,2026-09-22T17:20:01.586Z,2026/09/22 09:00,,,-2.390,サーバー(国交省 川の防災情報)
kw07,2026-09-22T17:20:01.606Z,2026/09/22 09:00,,,-4.180,サーバー(国交省 川の防災情報)
kw08,2026-09-22T17:20:01.621Z,2026/09/23 02:10,,,0.710,サーバー(国交省 川の防災情報)
kw09,2026-09-22T17:20:01.625Z,2026/09/22 10:00,,,-4.040,サーバー(国交省 川の防災情報)
kw10,2026-09-22T17:20:01.945Z,2026/09/23 02:10,,,1.650,サーバー(国交省 川の防災情報)
kw11,2026-09-22T17:20:01.988Z,2026/09/23 02:10,,,0.800,サーバー(国交省 川の防災情報)
cam02,2026-09-22T17:30:00.460Z,2026-09-23 02:20:06,,12.141,0.690,サーバー(直接取得)
cam03,2026-09-22T17:30:00.462Z,2026-09-23 02:20:10,,11.891,-4.580,サーバー(直接取得)
cam04,2026-09-22T17:30:00.463Z,2026-09-23 02:20:06,,12.282,1.090,サーバー(直接取得)
cam08,2026-09-22T17:30:00.463Z,2026-09-23 02:10:21,,12.225,0.130,サーバー(直接取得)
cam09,2026-09-22T17:30:01.336Z,2026-09-23 02:20:13,,12.053,0.310,サーバー(直接取得)
cam11,2026-09-22T17:30:01.370Z,2026-09-23 02:20:06,,12.370,0.494,サーバー(直接取得)
cam12,2026-09-22T17:30:01.474Z,2026-09-23 02:20:07,,12.220,-0.057,サーバー(直接取得)
cam13,2026-09-22T17:30:01.503Z,2026-09-23 02:20:06,,12.524,0.052,サーバー(直接取得)
cam14,2026-09-22T17:30:01.618Z,2026-09-23 02:20:12,,12.027,0.067,サーバー(直接取得)
cam36,2026-09-22T17:30:01.732Z,2026-09-23 02:20:07,,12.462,0.031,サーバー(直接取得)
cam39,2026-09-22T17:30:01.806Z,2026-09-23 02:28:05,,13.403,0.062,サーバー(直接取得)
cam40,2026-09-22T17:30:01.874Z,2026-09-23 02:20:06,,12.453,0.320,サーバー(直接取得)
cam41,2026-09-22T17:30:01.894Z,2026-09-23 02:20:03,,12.581,0.146,サーバー(直接取得)
cam42,2026-09-22T17:30:01.919Z,2026-09-23 02:20:12,,12.387,0.430,サーバー(直接取得)
cam43,2026-09-22T17:30:01.959Z,2026-09-23 02:20:12,,11.394,0.520,サーバー(直接取得)
cam44,2026-09-22T17:30:02.031Z,2026-09-23 02:20:03,,12.291,0.180,サーバー(直接取得)
cam45,2026-09-22T17:30:02.110Z,2026-09-23 02:20:04,,12.405,0.370,サーバー(直接取得)
cam46,2026-09-22T17:30:02.137Z,2026-09-23 02:20:13,,12.229,0.820,サーバー(直接取得)
cam47,2026-09-22T17:30:02.205Z,2026-09-23 02:20:07,,12.168,0.395,サーバー(直接取得)
cam48,2026-09-22T17:30:02.251Z,2026-09-23 02:20:03,,13.755,-15.480,サーバー(直接取得)
cam50,2026-09-22T17:30:02.276Z,2026-09-23 02:28:00,,13.500,0.200,サーバー(直接取得)
cam51,2026-09-22T17:30:02.451Z,2026-09-23 02:28:17,,13.618,0.100,サーバー(直接取得)
cam52,2026-09-22T17:30:02.476Z,2026-09-23 02:20:16,,12.115,0.310,サーバー(直接取得)
cam53,2026-09-22T17:30:02.604Z,2026-09-23 02:20:12,,12.150,0.100,サーバー(直接取得)
cam54,2026-09-22T17:30:02.626Z,2026-09-23 02:20:20,,12.260,0.110,サーバー(直接取得)
cam55,2026-09-22T17:30:02.643Z,2026-09-23 02:20:21,,12.598,0.700,サーバー(直接取得)
kw01,2026-09-22T17:30:02.809Z,2026/09/23 02:20,,,0.580,サーバー(国交省 川の防災情報)
kw02,2026-09-22T17:30:02.810Z,2026/09/23 02:20,,,0.320,サーバー(国交省 川の防災情報)
kw03,2026-09-22T17:30:02.896Z,2026/09/23 02:20,,,1.120,サーバー(国交省 川の防災情報)
kw04,2026-09-22T17:30:02.900Z,2026/09/23 02:20,,,0.810,サーバー(国交省 川の防災情報)
kw05,2026-09-22T17:30:02.939Z,2026/09/22 09:00,,,-1.270,サーバー(国交省 川の防災情報)
kw06,2026-09-22T17:30:03.591Z,2026/09/22 09:00,,,-2.390,サーバー(国交省 川の防災情報)
kw07,2026-09-22T17:30:03.593Z,2026/09/22 09:00,,,-4.180,サーバー(国交省 川の防災情報)
kw08,2026-09-22T17:30:03.679Z,2026/09/23 02:20,,,0.700,サーバー(国交省 川の防災情報)
kw09,2026-09-22T17:30:03.734Z,2026/09/22 10:00,,,-4.040,サーバー(国交省 川の防災情報)
kw10,2026-09-22T17:30:03.952Z,2026/09/23 02:20,,,1.660,サーバー(国交省 川の防災情報)
kw11,2026-09-22T17:30:03.959Z,2026/09/23 02:20,,,0.790,サーバー(国交省 川の防災情報)
kw01,2026-09-22T17:40:00.291Z,2026/09/23 02:30,,,0.580,サーバー(国交省 川の防災情報)
kw02,2026-09-22T17:40:00.335Z,2026/09/23 02:30,,,0.320,サーバー(国交省 川の防災情報)
kw03,2026-09-22T17:40:00.336Z,2026/09/23 02:30,,,1.120,サーバー(国交省 川の防災情報)
kw04,2026-09-22T17:40:00.337Z,2026/09/23 02:30,,,0.800,サーバー(国交省 川の防災情報)
kw05,2026-09-22T17:40:00.338Z,2026/09/22 09:00,,,-1.270,サーバー(国交省 川の防災情報)
kw06,2026-09-22T17:40:00.994Z,2026/09/22 09:00,,,-2.390,サーバー(国交省 川の防災情報)
kw07,2026-09-22T17:40:01.022Z,2026/09/22 09:00,,,-4.180,サーバー(国交省 川の防災情報)
kw08,2026-09-22T17:40:01.032Z,2026/09/23 02:30,,,0.690,サーバー(国交省 川の防災情報)
kw09,2026-09-22T17:40:01.033Z,2026/09/22 10:00,,,-4.040,サーバー(国交省 川の防災情報)
kw10,2026-09-22T17:40:01.374Z,2026/09/23 02:30,,,1.670,サーバー(国交省 川の防災情報)
kw11,2026-09-22T17:40:01.388Z,2026/09/23 02:30,,,0.780,サーバー(国交省 川の防災情報)
kw01,2026-09-22T17:50:00.589Z,2026/09/23 02:40,,,0.580,サーバー(国交省 川の防災情報)
kw02,2026-09-22T17:50:00.634Z,2026/09/23 02:40,,,0.320,サーバー(国交省 川の防災情報)
kw03,2026-09-22T17:50:00.635Z,2026/09/23 02:40,,,1.120,サーバー(国交省 川の防災情報)
kw04,2026-09-22T17:50:00.636Z,2026/09/23 02:40,,,0.800,サーバー(国交省 川の防災情報)
kw05,2026-09-22T17:50:00.637Z,2026/09/22 09:00,,,-1.270,サーバー(国交省 川の防災情報)
kw06,2026-09-22T17:50:01.281Z,2026/09/22 09:00,,,-2.390,サーバー(国交省 川の防災情報)
kw07,2026-09-22T17:50:01.293Z,2026/09/22 09:00,,,-4.180,サーバー(国交省 川の防災情報)
kw08,2026-09-22T17:50:01.659Z,2026/09/23 02:40,,,0.680,サーバー(国交省 川の防災情報)
kw09,2026-09-22T17:50:01.665Z,2026/09/22 10:00,,,-4.040,サーバー(国交省 川の防災情報)
kw10,2026-09-22T17:50:01.679Z,2026/09/23 02:40,,,1.680,サーバー(国交省 川の防災情報)
kw11,2026-09-22T17:50:01.681Z,2026/09/23 02:40,,,0.790,サーバー(国交省 川の防災情報)
cam02,2026-09-22T18:00:00.548Z,2026-09-23 02:50:06,,12.132,0.680,サーバー(直接取得)
cam03,2026-09-22T18:00:00.549Z,2026-09-23 02:50:14,,11.882,-4.580,サーバー(直接取得)
cam04,2026-09-22T18:00:00.550Z,2026-09-23 02:50:06,,12.282,1.090,サーバー(直接取得)
cam08,2026-09-22T18:00:00.551Z,2026-09-23 02:50:21,,12.216,0.120,サーバー(直接取得)
cam09,2026-09-22T18:00:01.140Z,2026-09-23 02:50:18,,12.031,0.320,サーバー(直接取得)
cam11,2026-09-22T18:00:01.142Z,2026-09-23 02:50:06,,12.361,0.472,サーバー(直接取得)
cam12,2026-09-22T18:00:01.259Z,2026-09-23 02:50:07,,12.203,-0.058,サーバー(直接取得)
cam13,2026-09-22T18:00:01.260Z,2026-09-23 02:50:06,,12.515,0.050,サーバー(直接取得)
cam14,2026-09-22T18:00:01.274Z,2026-09-23 02:50:14,,12.014,0.067,サーバー(直接取得)
cam36,2026-09-22T18:00:01.361Z,2026-09-23 02:50:07,,12.458,0.030,サーバー(直接取得)
cam39,2026-09-22T18:00:01.388Z,2026-09-23 02:58:06,,13.403,0.060,サーバー(直接取得)
cam40,2026-09-22T18:00:01.498Z,2026-09-23 02:50:06,,12.445,0.319,サーバー(直接取得)
cam41,2026-09-22T18:00:01.505Z,2026-09-23 02:50:03,,12.576,0.147,サーバー(直接取得)
cam42,2026-09-22T18:00:01.509Z,2026-09-23 02:50:15,,12.383,0.430,サーバー(直接取得)
cam43,2026-09-22T18:00:01.631Z,2026-09-23 02:50:14,,11.412,0.510,サーバー(直接取得)
cam44,2026-09-22T18:00:01.693Z,2026-09-23 02:50:03,,12.286,0.180,サーバー(直接取得)
cam45,2026-09-22T18:00:01.875Z,2026-09-23 02:50:03,,12.387,0.370,サーバー(直接取得)
cam46,2026-09-22T18:00:01.892Z,2026-09-23 02:50:11,,12.216,0.810,サーバー(直接取得)
cam47,2026-09-22T18:00:02.066Z,2026-09-23 02:50:07,,12.172,0.401,サーバー(直接取得)
cam48,2026-09-22T18:00:02.079Z,2026-09-23 02:50:03,,13.741,-15.390,サーバー(直接取得)
cam50,2026-09-22T18:00:02.256Z,2026-09-23 02:59:00,,13.504,0.190,サーバー(直接取得)
cam51,2026-09-22T18:00:02.365Z,2026-09-23 02:58:16,,13.618,0.100,サーバー(直接取得)
cam52,2026-09-22T18:00:02.368Z,2026-09-23 02:50:12,,12.110,0.310,サーバー(直接取得)
cam53,2026-09-22T18:00:02.429Z,2026-09-23 02:50:13,,12.159,0.100,サーバー(直接取得)
cam54,2026-09-22T18:00:02.469Z,2026-09-23 02:50:21,,12.260,0.110,サーバー(直接取得)
cam55,2026-09-22T18:00:02.589Z,2026-09-23 02:50:21,,12.585,0.710,サーバー(直接取得)
kw01,2026-09-22T18:00:02.657Z,2026/09/23 02:50,,,0.570,サーバー(国交省 川の防災情報)
kw02,2026-09-22T18:00:02.730Z,2026/09/23 02:50,,,0.310,サーバー(国交省 川の防災情報)
kw03,2026-09-22T18:00:02.748Z,2026/09/23 02:50,,,1.130,サーバー(国交省 川の防災情報)
kw04,2026-09-22T18:00:02.784Z,2026/09/23 02:50,,,0.800,サーバー(国交省 川の防災情報)
kw05,2026-09-22T18:00:02.863Z,2026/09/22 09:00,,,-1.270,サーバー(国交省 川の防災情報)
kw06,2026-09-22T18:00:03.534Z,2026/09/22 09:00,,,-2.390,サーバー(国交省 川の防災情報)
kw07,2026-09-22T18:00:03.860Z,2026/09/22 09:00,,,-4.180,サーバー(国交省 川の防災情報)
kw08,2026-09-22T18:00:03.865Z,2026/09/23 02:50,,,0.670,サーバー(国交省 川の防災情報)
kw09,2026-09-22T18:00:04.019Z,2026/09/22 10:00,,,-4.040,サーバー(国交省 川の防災情報)
kw10,2026-09-22T18:00:04.118Z,2026/09/23 02:50,,,1.690,サーバー(国交省 川の防災情報)
kw11,2026-09-22T18:00:04.235Z,2026/09/23 02:50,,,0.770,サーバー(国交省 川の防災情報)
kw01,2026-09-22T18:10:00.368Z,2026/09/23 03:00,,,0.570,サーバー(国交省 川の防災情報)
kw02,2026-09-22T18:10:00.412Z,2026/09/23 03:00,,,0.310,サーバー(国交省 川の防災情報)
kw03,2026-09-22T18:10:00.413Z,2026/09/23 03:00,,,1.130,サーバー(国交省 川の防災情報)
kw04,2026-09-22T18:10:00.414Z,2026/09/23 03:00,,,0.800,サーバー(国交省 川の防災情報)
kw05,2026-09-22T18:10:00.415Z,2026/09/22 09:00,,,-1.270,サーバー(国交省 川の防災情報)
kw06,2026-09-22T18:10:01.222Z,2026/09/22 09:00,,,-2.390,サーバー(国交省 川の防災情報)
kw07,2026-09-22T18:10:01.279Z,2026/09/22 09:00,,,-4.180,サーバー(国交省 川の防災情報)
kw08,2026-09-22T18:10:01.296Z,2026/09/23 03:00,,,0.670,サーバー(国交省 川の防災情報)
kw09,2026-09-22T18:10:01.297Z,2026/09/22 10:00,,,-4.040,サーバー(国交省 川の防災情報)
kw10,2026-09-22T18:10:01.375Z,2026/09/23 03:00,,,1.690,サーバー(国交省 川の防災情報)
kw11,2026-09-22T18:10:01.656Z,2026/09/23 03:00,,,0.780,サーバー(国交省 川の防災情報)
kw01,2026-09-22T18:20:00.117Z,2026/09/23 03:10,,,0.570,サーバー(国交省 川の防災情報)
kw02,2026-09-22T18:20:00.160Z,2026/09/23 03:10,,,0.310,サーバー(国交省 川の防災情報)
kw03,2026-09-22T18:20:00.161Z,2026/09/23 03:10,,,1.120,サーバー(国交省 川の防災情報)
kw04,2026-09-22T18:20:00.162Z,2026/09/23 03:10,,,0.800,サーバー(国交省 川の防災情報)
kw05,2026-09-22T18:20:00.163Z,2026/09/22 09:00,,,-1.270,サーバー(国交省 川の防災情報)
kw06,2026-09-22T18:20:01.038Z,2026/09/22 09:00,,,-2.390,サーバー(国交省 川の防災情報)
kw07,2026-09-22T18:20:01.084Z,2026/09/22 09:00,,,-4.180,サーバー(国交省 川の防災情報)
kw08,2026-09-22T18:20:01.111Z,2026/09/23 03:10,,,0.660,サーバー(国交省 川の防災情報)
kw09,2026-09-22T18:20:01.357Z,2026/09/22 10:00,,,-4.040,サーバー(国交省 川の防災情報)
kw10,2026-09-22T18:20:01.438Z,2026/09/23 03:10,,,1.700,サーバー(国交省 川の防災情報)
kw11,2026-09-22T18:20:01.493Z,2026/09/23 03:10,,,0.770,サーバー(国交省 川の防災情報)
cam02,2026-09-22T18:30:00.801Z,2026-09-23 03:20:07,,12.119,0.660,サーバー(直接取得)
cam03,2026-09-22T18:30:00.802Z,2026-09-23 03:20:11,,11.869,-4.580,サーバー(直接取得)
cam04,2026-09-22T18:30:00.803Z,2026-09-23 03:20:06,,12.260,1.080,サーバー(直接取得)
cam08,2026-09-22T18:30:00.804Z,2026-09-23 03:20:21,,12.212,0.130,サーバー(直接取得)
cam09,2026-09-22T18:30:01.784Z,2026-09-23 03:20:17,,12.036,0.310,サーバー(直接取得)
cam11,2026-09-22T18:30:01.797Z,2026-09-23 03:20:06,,12.357,0.471,サーバー(直接取得)
cam12,2026-09-22T18:30:01.802Z,2026-09-23 03:20:06,,12.198,-0.060,サーバー(直接取得)
cam13,2026-09-22T18:30:01.804Z,2026-09-23 03:20:07,,12.511,0.050,サーバー(直接取得)
cam14,2026-09-22T18:30:01.843Z,2026-09-23 03:20:14,,12.005,0.057,サーバー(直接取得)
cam36,2026-09-22T18:30:02.073Z,2026-09-23 03:20:07,,12.449,0.031,サーバー(直接取得)
cam39,2026-09-22T18:30:02.086Z,2026-09-23 03:28:06,,13.407,0.061,サーバー(直接取得)
cam40,2026-09-22T18:30:02.373Z,2026-09-23 03:20:06,,12.445,0.318,サーバー(直接取得)
cam41,2026-09-22T18:30:02.652Z,2026-09-23 03:20:03,,12.572,0.141,サーバー(直接取得)
cam42,2026-09-22T18:30:02.726Z,2026-09-23 03:20:12,,12.370,0.440,サーバー(直接取得)
cam43,2026-09-22T18:30:02.733Z,2026-09-23 03:20:14,,11.385,0.510,サーバー(直接取得)
cam44,2026-09-22T18:30:02.735Z,2026-09-23 03:20:03,,12.278,0.180,サーバー(直接取得)
cam45,2026-09-22T18:30:02.744Z,2026-09-23 03:20:03,,12.387,0.360,サーバー(直接取得)
cam46,2026-09-22T18:30:02.890Z,2026-09-23 03:20:12,,12.207,0.710,サーバー(直接取得)
cam47,2026-09-22T18:30:02.954Z,2026-09-23 03:20:06,,12.154,0.406,サーバー(直接取得)
cam48,2026-09-22T18:30:02.977Z,2026-09-23 03:20:04,,13.737,-15.370,サーバー(直接取得)
cam50,2026-09-22T18:30:02.988Z,2026-09-23 03:29:00,,13.500,0.200,サーバー(直接取得)
cam51,2026-09-22T18:30:03.012Z,2026-09-23 03:22:19,,13.618,0.100,サーバー(直接取得)
cam52,2026-09-22T18:30:03.115Z,2026-09-23 03:20:12,,12.110,0.310,サーバー(直接取得)
cam53,2026-09-22T18:30:03.180Z,2026-09-23 03:20:16,,12.124,0.100,サーバー(直接取得)
cam54,2026-09-22T18:30:03.198Z,2026-09-23 03:20:21,,12.264,0.110,サーバー(直接取得)
cam55,2026-09-22T18:30:03.210Z,2026-09-23 03:20:21,,12.590,0.690,サーバー(直接取得)
kw01,2026-09-22T18:30:03.240Z,2026/09/23 03:20,,,0.570,サーバー(国交省 川の防災情報)
kw02,2026-09-22T18:30:03.345Z,2026/09/23 03:20,,,0.310,サーバー(国交省 川の防災情報)
kw03,2026-09-22T18:30:03.431Z,2026/09/23 03:20,,,1.120,サーバー(国交省 川の防災情報)
kw04,2026-09-22T18:30:03.459Z,2026/09/23 03:20,,,0.820,サーバー(国交省 川の防災情報)
kw05,2026-09-22T18:30:03.477Z,2026/09/22 09:00,,,-1.270,サーバー(国交省 川の防災情報)
kw06,2026-09-22T18:30:04.261Z,2026/09/22 09:00,,,-2.390,サーバー(国交省 川の防災情報)
kw07,2026-09-22T18:30:04.274Z,2026/09/22 09:00,,,-4.180,サーバー(国交省 川の防災情報)
kw08,2026-09-22T18:30:04.278Z,2026/09/23 03:20,,,0.660,サーバー(国交省 川の防災情報)
kw09,2026-09-22T18:30:04.300Z,2026/09/22 10:00,,,-4.040,サーバー(国交省 川の防災情報)
kw10,2026-09-22T18:30:04.595Z,2026/09/23 03:20,,,1.710,サーバー(国交省 川の防災情報)
kw11,2026-09-22T18:30:04.648Z,2026/09/23 03:20,,,0.770,サーバー(国交省 川の防災情報)
kw01,2026-09-22T18:40:00.077Z,2026/09/23 03:30,,,0.580,サーバー(国交省 川の防災情報)
kw02,2026-09-22T18:40:00.121Z,2026/09/23 03:30,,,0.300,サーバー(国交省 川の防災情報)
kw03,2026-09-22T18:40:00.123Z,2026/09/23 03:30,,,1.120,サーバー(国交省 川の防災情報)
kw04,2026-09-22T18:40:00.124Z,2026/09/23 03:30,,,0.800,サーバー(国交省 川の防災情報)
kw05,2026-09-22T18:40:00.125Z,2026/09/22 09:00,,,-1.270,サーバー(国交省 川の防災情報)
kw06,2026-09-22T18:40:00.985Z,2026/09/22 09:00,,,-2.390,サーバー(国交省 川の防災情報)
kw07,2026-09-22T18:40:01.279Z,2026/09/22 09:00,,,-4.180,サーバー(国交省 川の防災情報)
kw08,2026-09-22T18:40:01.283Z,2026/09/23 03:30,,,0.650,サーバー(国交省 川の防災情報)
kw09,2026-09-22T18:40:01.308Z,2026/09/22 10:00,,,-4.040,サーバー(国交省 川の防災情報)
kw10,2026-09-22T18:40:01.367Z,2026/09/23 03:30,,,1.720,サーバー(国交省 川の防災情報)
kw11,2026-09-22T18:40:01.438Z,2026/09/23 03:30,,,0.770,サーバー(国交省 川の防災情報)
kw01,2026-09-22T18:50:00.693Z,2026/09/23 03:40,,,0.570,サーバー(国交省 川の防災情報)
kw02,2026-09-22T18:50:00.735Z,2026/09/23 03:40,,,0.300,サーバー(国交省 川の防災情報)
kw03,2026-09-22T18:50:00.736Z,2026/09/23 03:40,,,1.130,サーバー(国交省 川の防災情報)
kw04,2026-09-22T18:50:00.737Z,2026/09/23 03:40,,,0.800,サーバー(国交省 川の防災情報)
kw05,2026-09-22T18:50:00.738Z,2026/09/22 09:00,,,-1.270,サーバー(国交省 川の防災情報)
kw06,2026-09-22T18:50:01.356Z,2026/09/22 09:00,,,-2.390,サーバー(国交省 川の防災情報)
kw07,2026-09-22T18:50:01.390Z,2026/09/22 09:00,,,-4.180,サーバー(国交省 川の防災情報)
kw08,2026-09-22T18:50:01.696Z,2026/09/23 03:40,,,0.650,サーバー(国交省 川の防災情報)
kw09,2026-09-22T18:50:01.735Z,2026/09/22 10:00,,,-4.040,サーバー(国交省 川の防災情報)
kw10,2026-09-22T18:50:01.745Z,2026/09/23 03:40,,,1.730,サーバー(国交省 川の防災情報)
kw11,2026-09-22T18:50:01.757Z,2026/09/23 03:40,,,0.770,サーバー(国交省 川の防災情報)
cam02,2026-09-22T19:00:00.848Z,2026-09-23 03:50:07,,12.102,0.650,サーバー(直接取得)
cam03,2026-09-22T19:00:00.849Z,2026-09-23 03:50:12,,11.877,-4.580,サーバー(直接取得)
cam04,2026-09-22T19:00:00.849Z,2026-09-23 03:50:06,,12.256,1.060,サーバー(直接取得)
cam08,2026-09-22T19:00:00.850Z,2026-09-23 03:50:21,,12.203,0.110,サーバー(直接取得)
cam09,2026-09-22T19:00:01.936Z,2026-09-23 03:50:19,,12.014,0.320,サーバー(直接取得)
cam11,2026-09-22T19:00:01.945Z,2026-09-23 03:50:06,,12.352,0.476,サーバー(直接取得)
cam12,2026-09-22T19:00:02.285Z,2026-09-23 03:50:06,,12.194,-0.059,サーバー(直接取得)
cam13,2026-09-22T19:00:02.490Z,2026-09-23 03:50:07,,12.506,0.049,サーバー(直接取得)
cam14,2026-09-22T19:00:02.553Z,2026-09-23 03:50:15,,11.996,0.057,サーバー(直接取得)
cam36,2026-09-22T19:00:02.554Z,2026-09-23 03:50:07,,12.449,0.029,サーバー(直接取得)
cam39,2026-09-22T19:00:02.595Z,2026-09-23 03:58:06,,13.403,0.059,サーバー(直接取得)
cam40,2026-09-22T19:00:02.677Z,2026-09-23 03:50:06,,12.436,0.319,サーバー(直接取得)
cam41,2026-09-22T19:00:02.773Z,2026-09-23 03:50:03,,12.568,0.144,サーバー(直接取得)
cam42,2026-09-22T19:00:02.842Z,2026-09-23 03:50:12,,12.352,0.430,サーバー(直接取得)
cam43,2026-09-22T19:00:02.850Z,2026-09-23 03:50:14,,11.381,0.510,サーバー(直接取得)
cam44,2026-09-22T19:00:02.954Z,2026-09-23 03:50:03,,12.273,0.180,サーバー(直接取得)
cam45,2026-09-22T19:00:02.992Z,2026-09-23 03:50:03,,12.383,0.360,サーバー(直接取得)
cam46,2026-09-22T19:00:03.029Z,2026-09-23 03:50:11,,12.207,0.820,サーバー(直接取得)
cam47,2026-09-22T19:00:03.077Z,2026-09-23 03:50:06,,12.146,0.409,サーバー(直接取得)
cam48,2026-09-22T19:00:03.098Z,2026-09-23 03:50:03,,13.741,-15.390,サーバー(直接取得)
cam50,2026-09-22T19:00:03.179Z,2026-09-23 03:59:00,,13.500,0.200,サーバー(直接取得)
cam51,2026-09-22T19:00:03.222Z,2026-09-23 03:58:16,,13.618,0.100,サーバー(直接取得)
cam52,2026-09-22T19:00:03.290Z,2026-09-23 03:50:15,,12.093,0.310,サーバー(直接取得)
cam53,2026-09-22T19:00:03.314Z,2026-09-23 03:50:15,,12.110,0.100,サーバー(直接取得)
cam54,2026-09-22T19:00:03.352Z,2026-09-23 03:50:21,,12.260,0.110,サーバー(直接取得)
cam55,2026-09-22T19:00:03.416Z,2026-09-23 03:50:21,,12.563,0.690,サーバー(直接取得)
kw01,2026-09-22T19:00:03.477Z,2026/09/23 03:50,,,0.570,サーバー(国交省 川の防災情報)
kw02,2026-09-22T19:00:03.536Z,2026/09/23 03:50,,,0.300,サーバー(国交省 川の防災情報)
kw03,2026-09-22T19:00:03.539Z,2026/09/23 03:50,,,1.130,サーバー(国交省 川の防災情報)
kw04,2026-09-22T19:00:03.582Z,2026/09/23 03:50,,,0.800,サーバー(国交省 川の防災情報)
kw05,2026-09-22T19:00:03.641Z,2026/09/22 09:00,,,-1.270,サーバー(国交省 川の防災情報)
kw06,2026-09-22T19:00:04.510Z,2026/09/22 09:00,,,-2.390,サーバー(国交省 川の防災情報)
kw07,2026-09-22T19:00:04.518Z,2026/09/22 09:00,,,-4.180,サーバー(国交省 川の防災情報)
kw08,2026-09-22T19:00:04.817Z,2026/09/23 03:50,,,0.650,サーバー(国交省 川の防災情報)
kw09,2026-09-22T19:00:04.839Z,2026/09/22 10:00,,,-4.040,サーバー(国交省 川の防災情報)
kw10,2026-09-22T19:00:04.905Z,2026/09/23 03:50,,,1.740,サーバー(国交省 川の防災情報)
kw11,2026-09-22T19:00:04.955Z,2026/09/23 03:50,,,0.760,サーバー(国交省 川の防災情報)
kw01,2026-09-22T19:10:00.640Z,2026/09/23 04:00,,,0.570,サーバー(国交省 川の防災情報)
kw02,2026-09-22T19:10:00.685Z,2026/09/23 04:00,,,0.290,サーバー(国交省 川の防災情報)
kw03,2026-09-22T19:10:00.686Z,2026/09/23 04:00,,,1.130,サーバー(国交省 川の防災情報)
kw04,2026-09-22T19:10:00.687Z,2026/09/23 04:00,,,0.800,サーバー(国交省 川の防災情報)
kw05,2026-09-22T19:10:00.687Z,2026/09/22 09:00,,,-1.270,サーバー(国交省 川の防災情報)
kw06,2026-09-22T19:10:01.506Z,2026/09/22 09:00,,,-2.390,サーバー(国交省 川の防災情報)
kw07,2026-09-22T19:10:01.570Z,2026/09/22 09:00,,,-4.180,サーバー(国交省 川の防災情報)
kw08,2026-09-22T19:10:01.582Z,2026/09/23 04:00,,,0.650,サーバー(国交省 川の防災情報)
kw09,2026-09-22T19:10:01.854Z,2026/09/22 10:00,,,-4.040,サーバー(国交省 川の防災情報)
kw10,2026-09-22T19:10:01.938Z,2026/09/23 04:00,,,1.750,サーバー(国交省 川の防災情報)
kw11,2026-09-22T19:10:01.979Z,2026/09/23 04:00,,,0.760,サーバー(国交省 川の防災情報)
kw01,2026-09-22T19:20:01.005Z,2026/09/23 04:10,,,0.570,サーバー(国交省 川の防災情報)
kw02,2026-09-22T19:20:01.039Z,2026/09/23 04:10,,,0.290,サーバー(国交省 川の防災情報)
kw03,2026-09-22T19:20:01.040Z,2026/09/23 04:10,,,1.130,サーバー(国交省 川の防災情報)
kw04,2026-09-22T19:20:01.041Z,2026/09/23 04:10,,,0.800,サーバー(国交省 川の防災情報)
kw05,2026-09-22T19:20:01.041Z,2026/09/22 09:00,,,-1.270,サーバー(国交省 川の防災情報)
kw06,2026-09-22T19:20:01.777Z,2026/09/22 09:00,,,-2.390,サーバー(国交省 川の防災情報)
kw07,2026-09-22T19:20:01.778Z,2026/09/22 09:00,,,-4.180,サーバー(国交省 川の防災情報)
kw08,2026-09-22T19:20:01.790Z,2026/09/23 04:10,,,0.650,サーバー(国交省 川の防災情報)
kw09,2026-09-22T19:20:01.846Z,2026/09/22 10:00,,,-4.040,サーバー(国交省 川の防災情報)
kw10,2026-09-22T19:20:01.950Z,2026/09/23 04:10,,,1.760,サーバー(国交省 川の防災情報)
kw11,2026-09-22T19:20:02.122Z,2026/09/23 04:10,,,0.760,サーバー(国交省 川の防災情報)
kw01,2026-09-22T19:30:00.559Z,2026/09/23 04:20,,,0.570,サーバー(国交省 川の防災情報)
kw02,2026-09-22T19:30:00.591Z,2026/09/23 04:20,,,0.310,サーバー(国交省 川の防災情報)
kw03,2026-09-22T19:30:00.592Z,2026/09/23 04:20,,,1.120,サーバー(国交省 川の防災情報)
kw04,2026-09-22T19:30:00.592Z,2026/09/23 04:20,,,0.800,サーバー(国交省 川の防災情報)
kw05,2026-09-22T19:30:00.593Z,2026/09/22 09:00,,,-1.270,サーバー(国交省 川の防災情報)
kw06,2026-09-22T19:30:01.328Z,2026/09/22 09:00,,,-2.390,サーバー(国交省 川の防災情報)
kw07,2026-09-22T19:30:01.357Z,2026/09/22 09:00,,,-4.180,サーバー(国交省 川の防災情報)
kw08,2026-09-22T19:30:01.382Z,2026/09/23 04:20,,,0.650,サーバー(国交省 川の防災情報)
kw09,2026-09-22T19:30:01.392Z,2026/09/22 10:00,,,-4.040,サーバー(国交省 川の防災情報)
kw10,2026-09-22T19:30:01.423Z,2026/09/23 04:20,,,1.770,サーバー(国交省 川の防災情報)
kw11,2026-09-22T19:30:01.699Z,2026/09/23 04:20,,,0.740,サーバー(国交省 川の防災情報)
cam02,2026-09-22T19:40:00.937Z,2026-09-23 04:30:07,,12.097,0.610,サーバー(直接取得)
cam03,2026-09-22T19:40:00.937Z,2026-09-23 04:30:12,,11.860,-4.580,サーバー(直接取得)
cam04,2026-09-22T19:40:00.938Z,2026-09-23 04:30:06,,12.238,1.060,サーバー(直接取得)
cam08,2026-09-22T19:40:00.938Z,2026-09-23 04:00:21,,12.203,0.120,サーバー(直接取得)
cam09,2026-09-22T19:40:01.701Z,2026-09-23 04:30:20,,12.014,0.300,サーバー(直接取得)
cam11,2026-09-22T19:40:01.716Z,2026-09-23 04:30:07,,12.335,0.487,サーバー(直接取得)
cam12,2026-09-22T19:40:01.931Z,2026-09-23 04:30:06,,12.168,-0.064,サーバー(直接取得)
cam13,2026-09-22T19:40:01.958Z,2026-09-23 04:30:06,,12.484,0.046,サーバー(直接取得)
cam14,2026-09-22T19:40:02.046Z,2026-09-23 04:30:13,,11.987,0.057,サーバー(直接取得)
cam36,2026-09-22T19:40:02.105Z,2026-09-23 04:30:06,,12.440,0.029,サーバー(直接取得)
cam39,2026-09-22T19:40:02.159Z,2026-09-23 04:38:06,,13.403,0.056,サーバー(直接取得)
cam40,2026-09-22T19:40:02.376Z,2026-09-23 04:30:07,,12.423,0.318,サーバー(直接取得)
cam41,2026-09-22T19:40:02.443Z,2026-09-23 04:30:03,,12.559,0.141,サーバー(直接取得)
cam42,2026-09-22T19:40:02.447Z,2026-09-23 04:30:15,,12.352,0.440,サーバー(直接取得)
cam43,2026-09-22T19:40:02.467Z,2026-09-23 04:30:10,,11.363,0.510,サーバー(直接取得)
cam44,2026-09-22T19:40:02.693Z,2026-09-23 04:30:03,,12.256,0.180,サーバー(直接取得)
cam45,2026-09-22T19:40:02.747Z,2026-09-23 04:30:03,,12.374,0.360,サーバー(直接取得)
cam46,2026-09-22T19:40:02.749Z,2026-09-23 04:30:10,,12.194,0.630,サーバー(直接取得)
cam47,2026-09-22T19:40:02.752Z,2026-09-23 04:30:06,,12.137,0.415,サーバー(直接取得)
cam48,2026-09-22T19:40:02.769Z,2026-09-23 04:30:03,,13.741,-15.390,サーバー(直接取得)
cam50,2026-09-22T19:40:02.941Z,2026-09-23 04:36:00,,13.500,0.190,サーバー(直接取得)
cam51,2026-09-22T19:40:03.002Z,2026-09-23 04:38:15,,13.618,0.100,サーバー(直接取得)
cam52,2026-09-22T19:40:03.002Z,2026-09-23 04:30:15,,12.080,0.300,サーバー(直接取得)
cam53,2026-09-22T19:40:03.019Z,2026-09-23 04:30:15,,12.097,0.110,サーバー(直接取得)
cam54,2026-09-22T19:40:03.024Z,2026-09-23 04:30:20,,12.229,0.110,サーバー(直接取得)
cam55,2026-09-22T19:40:03.230Z,2026-09-23 04:30:20,,12.585,0.680,サーバー(直接取得)
kw01,2026-09-22T19:40:03.248Z,2026/09/23 04:30,,,0.560,サーバー(国交省 川の防災情報)
kw02,2026-09-22T19:40:03.261Z,2026/09/23 04:30,,,0.300,サーバー(国交省 川の防災情報)
kw03,2026-09-22T19:40:03.263Z,2026/09/23 04:30,,,1.130,サーバー(国交省 川の防災情報)
kw04,2026-09-22T19:40:03.296Z,2026/09/23 04:30,,,0.800,サーバー(国交省 川の防災情報)
kw05,2026-09-22T19:40:03.475Z,2026/09/22 09:00,,,-1.270,サーバー(国交省 川の防災情報)
kw06,2026-09-22T19:40:03.994Z,2026/09/22 09:00,,,-2.390,サーバー(国交省 川の防災情報)
kw07,2026-09-22T19:40:04.000Z,2026/09/22 09:00,,,-4.180,サーバー(国交省 川の防災情報)
kw08,2026-09-22T19:40:04.001Z,2026/09/23 04:30,,,0.640,サーバー(国交省 川の防災情報)
kw09,2026-09-22T19:40:04.003Z,2026/09/22 10:00,,,-4.040,サーバー(国交省 川の防災情報)
kw10,2026-09-22T19:40:04.034Z,2026/09/23 04:30,,,1.770,サーバー(国交省 川の防災情報)
kw11,2026-09-22T19:40:04.390Z,2026/09/23 04:30,,,0.740,サーバー(国交省 川の防災情報)
kw01,2026-09-22T19:50:00.644Z,2026/09/23 04:40,,,0.570,サーバー(国交省 川の防災情報)
kw02,2026-09-22T19:50:00.677Z,2026/09/23 04:40,,,0.300,サーバー(国交省 川の防災情報)
kw03,2026-09-22T19:50:00.678Z,2026/09/23 04:40,,,1.130,サーバー(国交省 川の防災情報)
kw04,2026-09-22T19:50:00.679Z,2026/09/23 04:40,,,0.800,サーバー(国交省 川の防災情報)
kw05,2026-09-22T19:50:00.679Z,2026/09/22 09:00,,,-1.270,サーバー(国交省 川の防災情報)
kw06,2026-09-22T19:50:01.413Z,2026/09/22 09:00,,,-2.390,サーバー(国交省 川の防災情報)
kw07,2026-09-22T19:50:01.414Z,2026/09/22 09:00,,,-4.180,サーバー(国交省 川の防災情報)
kw08,2026-09-22T19:50:01.426Z,2026/09/23 04:40,,,0.640,サーバー(国交省 川の防災情報)
kw09,2026-09-22T19:50:01.734Z,2026/09/22 10:00,,,-4.040,サーバー(国交省 川の防災情報)
kw10,2026-09-22T19:50:01.791Z,2026/09/23 04:40,,,1.780,サーバー(国交省 川の防災情報)
kw11,2026-09-22T19:50:01.795Z,2026/09/23 04:40,,,0.730,サーバー(国交省 川の防災情報)
kw01,2026-09-22T20:00:00.610Z,2026/09/23 04:50,,,0.570,サーバー(国交省 川の防災情報)
kw02,2026-09-22T20:00:00.644Z,2026/09/23 04:50,,,0.290,サーバー(国交省 川の防災情報)
kw03,2026-09-22T20:00:00.645Z,2026/09/23 04:50,,,1.130,サーバー(国交省 川の防災情報)
kw04,2026-09-22T20:00:00.646Z,2026/09/23 04:50,,,0.800,サーバー(国交省 川の防災情報)
kw05,2026-09-22T20:00:00.646Z,2026/09/22 09:00,,,-1.270,サーバー(国交省 川の防災情報)
kw06,2026-09-22T20:00:01.484Z,2026/09/22 09:00,,,-2.390,サーバー(国交省 川の防災情報)
kw07,2026-09-22T20:00:01.737Z,2026/09/22 09:00,,,-4.180,サーバー(国交省 川の防災情報)
kw08,2026-09-22T20:00:01.835Z,2026/09/23 04:50,,,0.640,サーバー(国交省 川の防災情報)
kw09,2026-09-22T20:00:01.911Z,2026/09/22 10:00,,,-4.040,サーバー(国交省 川の防災情報)
kw10,2026-09-22T20:00:01.925Z,2026/09/23 04:50,,,1.780,サーバー(国交省 川の防災情報)
kw11,2026-09-22T20:00:01.945Z,2026/09/23 04:50,,,0.730,サーバー(国交省 川の防災情報)
cam02,2026-09-22T20:10:00.376Z,2026-09-23 05:00:07,,12.075,0.600,サーバー(直接取得)
cam03,2026-09-22T20:10:00.377Z,2026-09-23 05:00:12,,11.847,-4.580,サーバー(直接取得)
cam04,2026-09-22T20:10:00.377Z,2026-09-23 05:00:07,,12.234,1.050,サーバー(直接取得)
cam08,2026-09-22T20:10:00.378Z,2026-09-23 05:00:21,,12.190,0.120,サーバー(直接取得)
cam09,2026-09-22T20:10:01.103Z,2026-09-23 05:00:16,,12.001,0.280,サーバー(直接取得)
cam11,2026-09-22T20:10:01.112Z,2026-09-23 05:00:07,,12.330,0.471,サーバー(直接取得)
cam12,2026-09-22T20:10:01.288Z,2026-09-23 05:00:07,,12.159,-0.059,サーバー(直接取得)
cam13,2026-09-22T20:10:01.314Z,2026-09-23 05:00:06,,12.480,0.051,サーバー(直接取得)
cam14,2026-09-22T20:10:01.351Z,2026-09-23 05:00:13,,11.970,0.057,サーバー(直接取得)
cam36,2026-09-22T20:10:01.351Z,2026-09-23 05:00:06,,12.431,0.031,サーバー(直接取得)
cam39,2026-09-22T20:10:01.483Z,2026-09-23 05:08:06,,13.407,0.059,サーバー(直接取得)
cam40,2026-09-22T20:10:01.527Z,2026-09-23 05:00:07,,12.418,0.318,サーバー(直接取得)
cam41,2026-09-22T20:10:01.552Z,2026-09-23 05:00:03,,12.554,0.142,サーバー(直接取得)
cam42,2026-09-22T20:10:01.595Z,2026-09-23 05:00:16,,12.330,0.440,サーバー(直接取得)
cam43,2026-09-22T20:10:01.603Z,2026-09-23 05:00:15,,11.346,0.510,サーバー(直接取得)
cam44,2026-09-22T20:10:01.740Z,2026-09-23 05:00:03,,12.247,0.170,サーバー(直接取得)
cam45,2026-09-22T20:10:01.803Z,2026-09-23 05:00:03,,12.365,0.360,サーバー(直接取得)
cam46,2026-09-22T20:10:01.808Z,2026-09-23 05:00:11,,12.172,0.630,サーバー(直接取得)
cam47,2026-09-22T20:10:01.867Z,2026-09-23 05:00:06,,12.128,0.415,サーバー(直接取得)
cam48,2026-09-22T20:10:01.880Z,2026-09-23 05:00:03,,13.741,-15.360,サーバー(直接取得)
cam50,2026-09-22T20:10:02.077Z,2026-09-23 05:09:00,,13.500,0.190,サーバー(直接取得)
cam51,2026-09-22T20:10:02.183Z,2026-09-23 05:02:17,,13.618,0.100,サーバー(直接取得)
cam52,2026-09-22T20:10:02.217Z,2026-09-23 05:00:16,,12.080,0.310,サーバー(直接取得)
cam53,2026-09-22T20:10:02.279Z,2026-09-23 05:00:13,,12.080,0.110,サーバー(直接取得)
cam54,2026-09-22T20:10:02.284Z,2026-09-23 05:00:20,,12.229,0.110,サーバー(直接取得)
cam55,2026-09-22T20:10:02.475Z,2026-09-23 05:00:21,,12.576,0.680,サーバー(直接取得)
kw01,2026-09-22T20:10:02.532Z,2026/09/23 05:00,,,0.560,サーバー(国交省 川の防災情報)
kw02,2026-09-22T20:10:02.534Z,2026/09/23 05:00,,,0.300,サーバー(国交省 川の防災情報)
kw03,2026-09-22T20:10:02.573Z,2026/09/23 05:00,,,1.120,サーバー(国交省 川の防災情報)
kw04,2026-09-22T20:10:02.727Z,2026/09/23 05:00,,,0.800,サーバー(国交省 川の防災情報)
kw05,2026-09-22T20:10:03.019Z,2026/09/22 09:00,,,-1.270,サーバー(国交省 川の防災情報)
kw06,2026-09-22T20:10:03.425Z,2026/09/22 09:00,,,-2.390,サーバー(国交省 川の防災情報)
kw07,2026-09-22T20:10:03.460Z,2026/09/22 09:00,,,-4.180,サーバー(国交省 川の防災情報)
kw08,2026-09-22T20:10:03.474Z,2026/09/23 05:00,,,0.640,サーバー(国交省 川の防災情報)
kw09,2026-09-22T20:10:03.519Z,2026/09/22 10:00,,,-4.040,サーバー(国交省 川の防災情報)
kw10,2026-09-22T20:10:03.567Z,2026/09/23 05:00,,,1.790,サーバー(国交省 川の防災情報)
kw11,2026-09-22T20:10:03.890Z,2026/09/23 05:00,,,0.730,サーバー(国交省 川の防災情報)
kw01,2026-09-22T20:20:00.192Z,2026/09/23 05:10,,,0.560,サーバー(国交省 川の防災情報)
kw02,2026-09-22T20:20:00.224Z,2026/09/23 05:10,,,0.290,サーバー(国交省 川の防災情報)
kw03,2026-09-22T20:20:00.225Z,2026/09/23 05:10,,,1.120,サーバー(国交省 川の防災情報)
kw04,2026-09-22T20:20:00.226Z,2026/09/23 05:10,,,0.790,サーバー(国交省 川の防災情報)
kw05,2026-09-22T20:20:00.227Z,2026/09/22 09:00,,,-1.270,サーバー(国交省 川の防災情報)
kw06,2026-09-22T20:20:00.973Z,2026/09/22 09:00,,,-2.390,サーバー(国交省 川の防災情報)
kw07,2026-09-22T20:20:01.002Z,2026/09/22 09:00,,,-4.180,サーバー(国交省 川の防災情報)
kw08,2026-09-22T20:20:01.011Z,2026/09/23 05:10,,,0.640,サーバー(国交省 川の防災情報)
kw09,2026-09-22T20:20:01.255Z,2026/09/22 10:00,,,-4.040,サーバー(国交省 川の防災情報)
kw10,2026-09-22T20:20:01.338Z,2026/09/23 05:10,,,1.800,サーバー(国交省 川の防災情報)
kw11,2026-09-22T20:20:01.357Z,2026/09/23 05:10,,,0.730,サーバー(国交省 川の防災情報)
kw01,2026-09-22T20:30:00.315Z,2026/09/23 05:20,,,0.560,サーバー(国交省 川の防災情報)
kw02,2026-09-22T20:30:00.348Z,2026/09/23 05:20,,,0.290,サーバー(国交省 川の防災情報)
kw03,2026-09-22T20:30:00.349Z,2026/09/23 05:20,,,1.130,サーバー(国交省 川の防災情報)
kw04,2026-09-22T20:30:00.349Z,2026/09/23 05:20,,,0.800,サーバー(国交省 川の防災情報)
kw05,2026-09-22T20:30:00.350Z,2026/09/22 09:00,,,-1.270,サーバー(国交省 川の防災情報)
kw06,2026-09-22T20:30:01.372Z,2026/09/22 09:00,,,-2.390,サーバー(国交省 川の防災情報)
kw07,2026-09-22T20:30:01.417Z,2026/09/22 09:00,,,-4.180,サーバー(国交省 川の防災情報)
kw08,2026-09-22T20:30:01.568Z,2026/09/23 05:20,,,0.640,サーバー(国交省 川の防災情報)
kw09,2026-09-22T20:30:01.604Z,2026/09/22 10:00,,,-4.040,サーバー(国交省 川の防災情報)
kw10,2026-09-22T20:30:01.792Z,2026/09/23 05:20,,,1.810,サーバー(国交省 川の防災情報)
kw11,2026-09-22T20:30:01.794Z,2026/09/23 05:20,,,0.720,サーバー(国交省 川の防災情報)
cam02,2026-09-22T20:40:00.120Z,2026-09-23 05:30:07,,12.150,0.590,サーバー(直接取得)
cam03,2026-09-22T20:40:00.121Z,2026-09-23 05:30:12,,11.829,-4.580,サーバー(直接取得)
cam04,2026-09-22T20:40:00.122Z,2026-09-23 05:30:07,,12.308,1.070,サーバー(直接取得)
cam08,2026-09-22T20:40:00.122Z,2026-09-23 05:30:21,,12.282,0.120,サーバー(直接取得)
cam09,2026-09-22T20:40:00.852Z,2026-09-23 05:30:17,,12.093,0.300,サーバー(直接取得)
cam11,2026-09-22T20:40:00.876Z,2026-09-23 05:30:07,,12.431,0.447,サーバー(直接取得)
cam12,2026-09-22T20:40:01.102Z,2026-09-23 05:30:07,,12.176,-0.057,サーバー(直接取得)
cam13,2026-09-22T20:40:01.143Z,2026-09-23 05:30:06,,12.484,0.050,サーバー(直接取得)
cam14,2026-09-22T20:40:01.153Z,2026-09-23 05:30:16,,12.058,0.057,サーバー(直接取得)
cam36,2026-09-22T20:40:01.165Z,2026-09-23 05:30:06,,12.515,0.030,サーバー(直接取得)
cam39,2026-09-22T20:40:01.367Z,2026-09-23 05:38:06,,13.390,0.058,サーバー(直接取得)
cam40,2026-09-22T20:40:01.390Z,2026-09-23 05:30:07,,12.497,0.319,サーバー(直接取得)
cam41,2026-09-22T20:40:01.403Z,2026-09-23 05:30:03,,12.550,0.143,サーバー(直接取得)
cam42,2026-09-22T20:40:01.431Z,2026-09-23 05:30:16,,12.335,0.430,サーバー(直接取得)
cam43,2026-09-22T20:40:01.442Z,2026-09-23 05:30:15,,11.416,0.510,サーバー(直接取得)
cam44,2026-09-22T20:40:01.650Z,2026-09-23 05:30:03,,12.251,0.170,サーバー(直接取得)
cam45,2026-09-22T20:40:01.736Z,2026-09-23 05:30:03,,12.357,0.360,サーバー(直接取得)
cam46,2026-09-22T20:40:01.837Z,2026-09-23 05:30:15,,12.256,0.660,サーバー(直接取得)
cam47,2026-09-22T20:40:01.855Z,2026-09-23 05:30:06,,12.207,0.423,サーバー(直接取得)
cam48,2026-09-22T20:40:01.914Z,2026-09-23 05:30:03,,13.737,-15.350,サーバー(直接取得)
cam50,2026-09-22T20:40:01.977Z,2026-09-23 05:39:00,,13.500,0.190,サーバー(直接取得)
cam51,2026-09-22T20:40:02.019Z,2026-09-23 05:38:19,,13.601,0.090,サーバー(直接取得)
cam52,2026-09-22T20:40:02.096Z,2026-09-23 05:30:24,,12.159,0.300,サーバー(直接取得)
cam53,2026-09-22T20:40:02.126Z,2026-09-23 05:30:25,,12.084,0.100,サーバー(直接取得)
cam54,2026-09-22T20:40:02.190Z,2026-09-23 05:30:21,,12.238,0.110,サーバー(直接取得)
cam55,2026-09-22T20:40:02.227Z,2026-09-23 05:30:21,,12.532,0.680,サーバー(直接取得)
kw01,2026-09-22T20:40:02.268Z,2026/09/23 05:30,,,0.560,サーバー(国交省 川の防災情報)
kw02,2026-09-22T20:40:02.334Z,2026/09/23 05:30,,,0.290,サーバー(国交省 川の防災情報)
kw03,2026-09-22T20:40:02.381Z,2026/09/23 05:30,,,1.130,サーバー(国交省 川の防災情報)
kw04,2026-09-22T20:40:02.434Z,2026/09/23 05:30,,,0.790,サーバー(国交省 川の防災情報)
kw05,2026-09-22T20:40:02.464Z,2026/09/22 09:00,,,-1.270,サーバー(国交省 川の防災情報)
kw06,2026-09-22T20:40:03.078Z,2026/09/22 09:00,,,-2.390,サーバー(国交省 川の防災情報)
kw07,2026-09-22T20:40:03.316Z,2026/09/22 09:00,,,-4.180,サーバー(国交省 川の防災情報)
kw08,2026-09-22T20:40:03.341Z,2026/09/23 05:30,,,0.640,サーバー(国交省 川の防災情報)
kw09,2026-09-22T20:40:03.386Z,2026/09/22 10:00,,,-4.040,サーバー(国交省 川の防災情報)
kw10,2026-09-22T20:40:03.422Z,2026/09/23 05:30,,,1.810,サーバー(国交省 川の防災情報)
kw11,2026-09-22T20:40:03.489Z,2026/09/23 05:30,,,0.730,サーバー(国交省 川の防災情報)
kw01,2026-09-22T20:50:00.121Z,2026/09/23 05:40,,,0.560,サーバー(国交省 川の防災情報)
kw02,2026-09-22T20:50:00.153Z,2026/09/23 05:40,,,0.290,サーバー(国交省 川の防災情報)
kw03,2026-09-22T20:50:00.153Z,2026/09/23 05:40,,,1.120,サーバー(国交省 川の防災情報)
kw04,2026-09-22T20:50:00.154Z,2026/09/23 05:40,,,0.790,サーバー(国交省 川の防災情報)
kw05,2026-09-22T20:50:00.155Z,2026/09/22 09:00,,,-1.270,サーバー(国交省 川の防災情報)
kw06,2026-09-22T20:50:01.172Z,2026/09/22 09:00,,,-2.390,サーバー(国交省 川の防災情報)
kw07,2026-09-22T20:50:01.258Z,2026/09/22 09:00,,,-4.180,サーバー(国交省 川の防災情報)
kw08,2026-09-22T20:50:01.442Z,2026/09/23 05:40,,,0.630,サーバー(国交省 川の防災情報)
kw09,2026-09-22T20:50:01.548Z,2026/09/22 10:00,,,-4.040,サーバー(国交省 川の防災情報)
kw10,2026-09-22T20:50:01.568Z,2026/09/23 05:40,,,1.810,サーバー(国交省 川の防災情報)
kw11,2026-09-22T20:50:01.674Z,2026/09/23 05:40,,,0.730,サーバー(国交省 川の防災情報)
kw01,2026-09-22T21:00:01.054Z,2026/09/23 05:50,,,0.560,サーバー(国交省 川の防災情報)
kw02,2026-09-22T21:00:01.094Z,2026/09/23 05:50,,,0.290,サーバー(国交省 川の防災情報)
kw03,2026-09-22T21:00:01.095Z,2026/09/23 05:50,,,1.120,サーバー(国交省 川の防災情報)
kw04,2026-09-22T21:00:01.096Z,2026/09/23 05:50,,,0.790,サーバー(国交省 川の防災情報)
kw05,2026-09-22T21:00:01.096Z,2026/09/22 09:00,,,-1.270,サーバー(国交省 川の防災情報)
kw06,2026-09-22T21:00:02.021Z,2026/09/22 09:00,,,-2.390,サーバー(国交省 川の防災情報)
kw07,2026-09-22T21:00:02.031Z,2026/09/22 09:00,,,-4.180,サーバー(国交省 川の防災情報)
kw08,2026-09-22T21:00:02.103Z,2026/09/23 05:50,,,0.630,サーバー(国交省 川の防災情報)
kw09,2026-09-22T21:00:02.285Z,2026/09/22 10:00,,,-4.040,サーバー(国交省 川の防災情報)
kw10,2026-09-22T21:00:02.482Z,2026/09/23 05:50,,,1.820,サーバー(国交省 川の防災情報)
kw11,2026-09-22T21:00:02.501Z,2026/09/23 05:50,,,0.710,サーバー(国交省 川の防災情報)
cam02,2026-09-22T21:10:00.924Z,2026-09-23 06:00:07,,12.154,0.580,サーバー(直接取得)
cam03,2026-09-22T21:10:00.925Z,2026-09-23 06:00:16,,11.829,-4.580,サーバー(直接取得)
cam04,2026-09-22T21:10:00.925Z,2026-09-23 06:00:07,,12.304,1.070,サーバー(直接取得)
cam08,2026-09-22T21:10:00.926Z,2026-09-23 05:50:21,,12.286,0.110,サーバー(直接取得)
cam09,2026-09-22T21:10:01.836Z,2026-09-23 06:00:21,,12.089,0.300,サーバー(直接取得)
cam11,2026-09-22T21:10:01.912Z,2026-09-23 06:00:07,,12.427,0.482,サーバー(直接取得)
cam12,2026-09-22T21:10:02.031Z,2026-09-23 06:00:07,,12.181,-0.054,サーバー(直接取得)
cam13,2026-09-22T21:10:02.047Z,2026-09-23 06:00:06,,12.493,0.048,サーバー(直接取得)
cam14,2026-09-22T21:10:02.213Z,2026-09-23 06:00:20,,12.049,0.057,サーバー(直接取得)
cam36,2026-09-22T21:10:02.284Z,2026-09-23 06:00:07,,12.511,0.029,サーバー(直接取得)
cam39,2026-09-22T21:10:02.290Z,2026-09-23 06:08:05,,13.381,0.059,サーバー(直接取得)
cam40,2026-09-22T21:10:02.306Z,2026-09-23 06:00:07,,12.493,0.312,サーバー(直接取得)
cam41,2026-09-22T21:10:02.464Z,2026-09-23 06:00:03,,12.550,0.145,サーバー(直接取得)
cam42,2026-09-22T21:10:02.568Z,2026-09-23 06:00:18,,12.339,0.430,サーバー(直接取得)
cam43,2026-09-22T21:10:02.585Z,2026-09-23 06:00:16,,11.416,0.510,サーバー(直接取得)
cam44,2026-09-22T21:10:02.600Z,2026-09-23 06:00:03,,12.238,0.170,サーバー(直接取得)
cam45,2026-09-22T21:10:02.610Z,2026-09-23 06:00:03,,12.357,0.360,サーバー(直接取得)
cam46,2026-09-22T21:10:02.716Z,2026-09-23 06:00:17,,12.256,0.820,サーバー(直接取得)
cam47,2026-09-22T21:10:02.818Z,2026-09-23 06:00:07,,12.207,0.429,サーバー(直接取得)
cam48,2026-09-22T21:10:02.838Z,2026-09-23 06:00:03,,13.741,-15.400,サーバー(直接取得)
cam50,2026-09-22T21:10:02.839Z,2026-09-23 06:09:00,,13.500,0.190,サーバー(直接取得)
cam51,2026-09-22T21:10:02.874Z,2026-09-23 06:08:21,,13.601,0.090,サーバー(直接取得)
cam52,2026-09-22T21:10:02.960Z,2026-09-23 06:00:28,,12.172,0.300,サーバー(直接取得)
cam53,2026-09-22T21:10:03.061Z,2026-09-23 06:00:24,,12.058,0.100,サーバー(直接取得)
cam54,2026-09-22T21:10:03.091Z,2026-09-23 06:00:20,,12.225,0.110,サーバー(直接取得)
cam55,2026-09-22T21:10:03.092Z,2026-09-23 06:00:21,,12.528,0.680,サーバー(直接取得)
kw01,2026-09-22T21:10:03.122Z,2026/09/23 06:00,,,0.560,サーバー(国交省 川の防災情報)
kw02,2026-09-22T21:10:03.205Z,2026/09/23 06:00,,,0.290,サーバー(国交省 川の防災情報)
kw03,2026-09-22T21:10:03.340Z,2026/09/23 06:00,,,1.110,サーバー(国交省 川の防災情報)
kw04,2026-09-22T21:10:03.352Z,2026/09/23 06:00,,,0.790,サーバー(国交省 川の防災情報)
kw05,2026-09-22T21:10:03.355Z,2026/09/22 09:00,,,-1.270,サーバー(国交省 川の防災情報)
kw06,2026-09-22T21:10:03.874Z,2026/09/22 09:00,,,-2.390,サーバー(国交省 川の防災情報)
kw07,2026-09-22T21:10:03.905Z,2026/09/22 09:00,,,-4.180,サーバー(国交省 川の防災情報)
kw08,2026-09-22T21:10:03.973Z,2026/09/23 06:00,,,0.630,サーバー(国交省 川の防災情報)
kw09,2026-09-22T21:10:04.002Z,2026/09/22 10:00,,,-4.040,サーバー(国交省 川の防災情報)
kw10,2026-09-22T21:10:04.209Z,2026/09/23 06:00,,,1.830,サーバー(国交省 川の防災情報)
kw11,2026-09-22T21:10:04.234Z,2026/09/23 06:00,,,0.710,サーバー(国交省 川の防災情報)
kw01,2026-09-22T21:20:00.376Z,2026/09/23 06:10,,,0.560,サーバー(国交省 川の防災情報)
kw02,2026-09-22T21:20:00.410Z,2026/09/23 06:10,,,0.290,サーバー(国交省 川の防災情報)
kw03,2026-09-22T21:20:00.411Z,2026/09/23 06:10,,,1.120,サーバー(国交省 川の防災情報)
kw04,2026-09-22T21:20:00.412Z,2026/09/23 06:10,,,0.790,サーバー(国交省 川の防災情報)
kw05,2026-09-22T21:20:00.412Z,2026/09/22 09:00,,,-1.270,サーバー(国交省 川の防災情報)
kw06,2026-09-22T21:20:01.186Z,2026/09/22 09:00,,,-2.390,サーバー(国交省 川の防災情報)
kw07,2026-09-22T21:20:01.211Z,2026/09/22 09:00,,,-4.180,サーバー(国交省 川の防災情報)
kw08,2026-09-22T21:20:01.588Z,2026/09/23 06:10,,,0.630,サーバー(国交省 川の防災情報)
kw09,2026-09-22T21:20:01.647Z,2026/09/22 10:00,,,-4.040,サーバー(国交省 川の防災情報)
kw10,2026-09-22T21:20:01.816Z,2026/09/23 06:10,,,1.840,サーバー(国交省 川の防災情報)
kw11,2026-09-22T21:20:01.963Z,2026/09/23 06:10,,,0.720,サーバー(国交省 川の防災情報)
kw01,2026-09-22T21:30:00.137Z,2026/09/23 06:20,,,0.560,サーバー(国交省 川の防災情報)
kw02,2026-09-22T21:30:00.172Z,2026/09/23 06:20,,,0.280,サーバー(国交省 川の防災情報)
kw03,2026-09-22T21:30:00.173Z,2026/09/23 06:20,,,1.130,サーバー(国交省 川の防災情報)
kw04,2026-09-22T21:30:00.173Z,2026/09/23 06:20,,,0.790,サーバー(国交省 川の防災情報)
kw05,2026-09-22T21:30:00.174Z,2026/09/22 09:00,,,-1.270,サーバー(国交省 川の防災情報)
kw06,2026-09-22T21:30:00.995Z,2026/09/22 09:00,,,-2.390,サーバー(国交省 川の防災情報)
kw07,2026-09-22T21:30:01.099Z,2026/09/22 09:00,,,-4.180,サーバー(国交省 川の防災情報)
kw08,2026-09-22T21:30:01.428Z,2026/09/23 06:20,,,0.630,サーバー(国交省 川の防災情報)
kw09,2026-09-22T21:30:01.454Z,2026/09/22 10:00,,,-4.040,サーバー(国交省 川の防災情報)
kw10,2026-09-22T21:30:01.466Z,2026/09/23 06:20,,,1.840,サーバー(国交省 川の防災情報)
kw11,2026-09-22T21:30:01.520Z,2026/09/23 06:20,,,0.700,サーバー(国交省 川の防災情報)
cam02,2026-09-22T21:40:00.127Z,2026-09-23 06:30:08,,12.154,0.570,サーバー(直接取得)
cam03,2026-09-22T21:40:00.128Z,2026-09-23 06:30:13,,11.829,-4.580,サーバー(直接取得)
cam04,2026-09-22T21:40:00.129Z,2026-09-23 06:30:06,,12.313,1.080,サーバー(直接取得)
cam08,2026-09-22T21:40:00.129Z,2026-09-23 06:30:21,,12.286,0.120,サーバー(直接取得)
cam09,2026-09-22T21:40:03.142Z,2026-09-23 06:30:23,,12.093,0.310,サーバー(直接取得)
cam11,2026-09-22T21:40:03.147Z,2026-09-23 06:30:06,,12.458,0.490,サーバー(直接取得)
cam12,2026-09-22T21:40:03.428Z,2026-09-23 06:30:07,,12.172,-0.061,サーバー(直接取得)
cam13,2026-09-22T21:40:03.444Z,2026-09-23 06:30:06,,12.493,0.048,サーバー(直接取得)
cam14,2026-09-22T21:40:03.448Z,2026-09-23 06:30:19,,12.036,0.057,サーバー(直接取得)
cam36,2026-09-22T21:40:03.457Z,2026-09-23 06:30:07,,12.506,0.029,サーバー(直接取得)
cam39,2026-09-22T21:40:03.458Z,2026-09-23 06:38:05,,13.381,0.057,サーバー(直接取得)
cam40,2026-09-22T21:40:03.664Z,2026-09-23 06:30:07,,12.515,0.317,サーバー(直接取得)
cam41,2026-09-22T21:40:03.685Z,2026-09-23 06:30:03,,12.568,0.139,サーバー(直接取得)
cam42,2026-09-22T21:40:03.695Z,2026-09-23 06:30:15,,12.357,0.430,サーバー(直接取得)
cam43,2026-09-22T21:40:03.698Z,2026-09-23 06:30:18,,11.429,0.510,サーバー(直接取得)
cam44,2026-09-22T21:40:03.709Z,2026-09-23 06:30:03,,12.251,0.170,サーバー(直接取得)
cam45,2026-09-22T21:40:03.901Z,2026-09-23 06:30:03,,12.343,0.360,サーバー(直接取得)
cam46,2026-09-22T21:40:03.924Z,2026-09-23 06:30:18,,12.278,0.800,サーバー(直接取得)
cam47,2026-09-22T21:40:03.931Z,2026-09-23 06:30:06,,12.234,0.424,サーバー(直接取得)
cam48,2026-09-22T21:40:03.942Z,2026-09-23 06:30:03,,13.746,-15.470,サーバー(直接取得)
cam50,2026-09-22T21:40:03.969Z,2026-09-23 06:39:00,,13.500,0.190,サーバー(直接取得)
cam51,2026-09-22T21:40:04.159Z,2026-09-23 06:38:20,,13.601,0.100,サーバー(直接取得)
cam52,2026-09-22T21:40:04.163Z,2026-09-23 06:30:25,,12.198,0.300,サーバー(直接取得)
cam53,2026-09-22T21:40:04.180Z,2026-09-23 06:30:28,,12.067,0.100,サーバー(直接取得)
cam54,2026-09-22T21:40:04.184Z,2026-09-23 06:30:21,,12.238,0.110,サーバー(直接取得)
cam55,2026-09-22T21:40:04.214Z,2026-09-23 06:30:22,,12.563,0.680,サーバー(直接取得)
kw01,2026-09-22T21:40:04.396Z,2026/09/23 06:30,,,0.560,サーバー(国交省 川の防災情報)
kw02,2026-09-22T21:40:04.416Z,2026/09/23 06:30,,,0.290,サーバー(国交省 川の防災情報)
kw03,2026-09-22T21:40:04.428Z,2026/09/23 06:30,,,1.120,サーバー(国交省 川の防災情報)
kw04,2026-09-22T21:40:04.444Z,2026/09/23 06:30,,,0.790,サーバー(国交省 川の防災情報)
kw05,2026-09-22T21:40:04.445Z,2026/09/22 09:00,,,-1.270,サーバー(国交省 川の防災情報)
kw06,2026-09-22T21:40:05.580Z,2026/09/22 09:00,,,-2.390,サーバー(国交省 川の防災情報)
kw07,2026-09-22T21:40:05.735Z,2026/09/22 09:00,,,-4.180,サーバー(国交省 川の防災情報)
kw08,2026-09-22T21:40:05.743Z,2026/09/23 06:30,,,0.630,サーバー(国交省 川の防災情報)
kw09,2026-09-22T21:40:05.845Z,2026/09/22 10:00,,,-4.040,サーバー(国交省 川の防災情報)
kw10,2026-09-22T21:40:05.879Z,2026/09/23 06:30,,,1.850,サーバー(国交省 川の防災情報)
kw11,2026-09-22T21:40:06.242Z,2026/09/23 06:30,,,0.710,サーバー(国交省 川の防災情報)
kw01,2026-09-22T21:50:00.718Z,2026/09/23 06:40,,,0.560,サーバー(国交省 川の防災情報)
kw02,2026-09-22T21:50:00.751Z,2026/09/23 06:40,,,0.290,サーバー(国交省 川の防災情報)
kw03,2026-09-22T21:50:00.752Z,2026/09/23 06:40,,,1.130,サーバー(国交省 川の防災情報)
kw04,2026-09-22T21:50:00.752Z,2026/09/23 06:40,,,0.790,サーバー(国交省 川の防災情報)
kw05,2026-09-22T21:50:00.753Z,2026/09/22 09:00,,,-1.270,サーバー(国交省 川の防災情報)
kw06,2026-09-22T21:50:01.734Z,2026/09/22 09:00,,,-2.390,サーバー(国交省 川の防災情報)
kw07,2026-09-22T21:50:01.791Z,2026/09/22 09:00,,,-4.180,サーバー(国交省 川の防災情報)
kw08,2026-09-22T21:50:02.040Z,2026/09/23 06:40,,,0.630,サーバー(国交省 川の防災情報)
kw09,2026-09-22T21:50:02.080Z,2026/09/22 10:00,,,-4.040,サーバー(国交省 川の防災情報)
kw10,2026-09-22T21:50:02.140Z,2026/09/23 06:40,,,1.850,サーバー(国交省 川の防災情報)
kw11,2026-09-22T21:50:02.142Z,2026/09/23 06:40,,,0.690,サーバー(国交省 川の防災情報)
kw01,2026-09-22T22:00:00.950Z,2026/09/23 06:50,,,0.560,サーバー(国交省 川の防災情報)
kw02,2026-09-22T22:00:00.984Z,2026/09/23 06:50,,,0.290,サーバー(国交省 川の防災情報)
kw03,2026-09-22T22:00:00.985Z,2026/09/23 06:50,,,1.120,サーバー(国交省 川の防災情報)
kw04,2026-09-22T22:00:00.986Z,2026/09/23 06:50,,,0.790,サーバー(国交省 川の防災情報)
kw05,2026-09-22T22:00:00.986Z,2026/09/22 09:00,,,-1.270,サーバー(国交省 川の防災情報)
kw06,2026-09-22T22:00:01.800Z,2026/09/22 09:00,,,-2.390,サーバー(国交省 川の防災情報)
kw07,2026-09-22T22:00:01.844Z,2026/09/22 09:00,,,-4.180,サーバー(国交省 川の防災情報)
kw08,2026-09-22T22:00:02.168Z,2026/09/23 06:50,,,0.630,サーバー(国交省 川の防災情報)
kw09,2026-09-22T22:00:02.192Z,2026/09/22 10:00,,,-4.040,サーバー(国交省 川の防災情報)
kw10,2026-09-22T22:00:02.197Z,2026/09/23 06:50,,,1.860,サーバー(国交省 川の防災情報)
kw11,2026-09-22T22:00:02.234Z,2026/09/23 06:50,,,0.680,サーバー(国交省 川の防災情報)
cam02,2026-09-22T22:10:00.216Z,2026-09-23 07:00:08,,12.159,0.560,サーバー(直接取得)
cam03,2026-09-22T22:10:00.217Z,2026-09-23 07:00:16,,11.820,-4.580,サーバー(直接取得)
cam04,2026-09-22T22:10:00.217Z,2026-09-23 07:00:07,,12.330,1.090,サーバー(直接取得)
cam08,2026-09-22T22:10:00.218Z,2026-09-23 07:00:20,,12.300,0.120,サーバー(直接取得)
cam09,2026-09-22T22:10:00.929Z,2026-09-23 07:00:22,,12.097,0.310,サーバー(直接取得)
cam11,2026-09-22T22:10:00.936Z,2026-09-23 07:00:06,,12.440,0.506,サーバー(直接取得)
cam12,2026-09-22T22:10:01.079Z,2026-09-23 07:00:07,,12.172,-0.060,サーバー(直接取得)
cam13,2026-09-22T22:10:01.088Z,2026-09-23 07:00:06,,12.515,0.048,サーバー(直接取得)
cam14,2026-09-22T22:10:01.170Z,2026-09-23 07:00:22,,12.058,0.057,サーバー(直接取得)
cam36,2026-09-22T22:10:01.196Z,2026-09-23 07:00:07,,12.519,0.030,サーバー(直接取得)
cam39,2026-09-22T22:10:01.292Z,2026-09-23 07:08:06,,13.381,0.056,サーバー(直接取得)
cam40,2026-09-22T22:10:01.348Z,2026-09-23 07:00:07,,12.515,0.317,サーバー(直接取得)
cam41,2026-09-22T22:10:01.354Z,2026-09-23 07:00:03,,12.554,0.141,サーバー(直接取得)
cam42,2026-09-22T22:10:01.415Z,2026-09-23 07:00:17,,12.343,0.430,サーバー(直接取得)
cam43,2026-09-22T22:10:01.446Z,2026-09-23 07:00:17,,11.407,0.510,サーバー(直接取得)
cam44,2026-09-22T22:10:01.592Z,2026-09-23 07:00:03,,12.247,0.170,サーバー(直接取得)
cam45,2026-09-22T22:10:01.595Z,2026-09-23 07:00:03,,12.339,0.360,サーバー(直接取得)
cam46,2026-09-22T22:10:01.652Z,2026-09-23 07:00:18,,12.273,0.800,サーバー(直接取得)
cam47,2026-09-22T22:10:01.700Z,2026-09-23 07:00:07,,12.225,0.422,サーバー(直接取得)
cam48,2026-09-22T22:10:01.832Z,2026-09-23 07:00:03,,13.763,-15.480,サーバー(直接取得)
cam50,2026-09-22T22:10:01.841Z,2026-09-23 07:08:00,,13.500,0.190,サーバー(直接取得)
cam51,2026-09-22T22:10:01.891Z,2026-09-23 07:08:21,,13.601,0.100,サーバー(直接取得)
cam52,2026-09-22T22:10:01.954Z,2026-09-23 07:00:27,,12.190,0.300,サーバー(直接取得)
cam53,2026-09-22T22:10:02.040Z,2026-09-23 07:00:26,,12.089,0.100,サーバー(直接取得)
cam54,2026-09-22T22:10:02.126Z,2026-09-23 07:00:21,,12.260,0.110,サーバー(直接取得)
cam55,2026-09-22T22:10:02.131Z,2026-09-23 07:00:21,,12.563,0.690,サーバー(直接取得)
kw01,2026-09-22T22:10:02.176Z,2026/09/23 07:00,,,0.560,サーバー(国交省 川の防災情報)
kw02,2026-09-22T22:10:02.247Z,2026/09/23 07:00,,,0.280,サーバー(国交省 川の防災情報)
kw03,2026-09-22T22:10:02.312Z,2026/09/23 07:00,,,1.120,サーバー(国交省 川の防災情報)
kw04,2026-09-22T22:10:02.417Z,2026/09/23 07:00,,,0.790,サーバー(国交省 川の防災情報)
kw05,2026-09-22T22:10:02.423Z,2026/09/22 09:00,,,-1.270,サーバー(国交省 川の防災情報)
kw06,2026-09-22T22:10:03.080Z,2026/09/22 09:00,,,-2.390,サーバー(国交省 川の防災情報)
kw07,2026-09-22T22:10:03.200Z,2026/09/22 09:00,,,-4.180,サーバー(国交省 川の防災情報)
kw08,2026-09-22T22:10:03.214Z,2026/09/23 07:00,,,0.630,サーバー(国交省 川の防災情報)
kw09,2026-09-22T22:10:03.432Z,2026/09/22 10:00,,,-4.040,サーバー(国交省 川の防災情報)
kw10,2026-09-22T22:10:03.567Z,2026/09/23 07:00,,,1.860,サーバー(国交省 川の防災情報)
kw11,2026-09-22T22:10:03.584Z,2026/09/23 07:00,,,0.690,サーバー(国交省 川の防災情報)
kw01,2026-09-22T22:20:00.847Z,2026/09/23 07:10,,,0.560,サーバー(国交省 川の防災情報)
kw02,2026-09-22T22:20:00.882Z,2026/09/23 07:10,,,0.280,サーバー(国交省 川の防災情報)
kw03,2026-09-22T22:20:00.883Z,2026/09/23 07:10,,,1.130,サーバー(国交省 川の防災情報)
kw04,2026-09-22T22:20:00.883Z,2026/09/23 07:10,,,0.790,サーバー(国交省 川の防災情報)
kw05,2026-09-22T22:20:00.884Z,2026/09/22 09:00,,,-1.270,サーバー(国交省 川の防災情報)
kw06,2026-09-22T22:20:01.541Z,2026/09/22 09:00,,,-2.390,サーバー(国交省 川の防災情報)
kw07,2026-09-22T22:20:01.608Z,2026/09/22 09:00,,,-4.180,サーバー(国交省 川の防災情報)
kw08,2026-09-22T22:20:01.627Z,2026/09/23 07:10,,,0.630,サーバー(国交省 川の防災情報)
kw09,2026-09-22T22:20:01.773Z,2026/09/22 10:00,,,-4.040,サーバー(国交省 川の防災情報)
kw10,2026-09-22T22:20:01.955Z,2026/09/23 07:10,,,1.870,サーバー(国交省 川の防災情報)
kw11,2026-09-22T22:20:02.039Z,2026/09/23 07:10,,,0.690,サーバー(国交省 川の防災情報)
kw01,2026-09-22T22:30:01.032Z,2026/09/23 07:20,,,0.560,サーバー(国交省 川の防災情報)
kw02,2026-09-22T22:30:01.067Z,2026/09/23 07:20,,,0.280,サーバー(国交省 川の防災情報)
kw03,2026-09-22T22:30:01.068Z,2026/09/23 07:20,,,1.130,サーバー(国交省 川の防災情報)
kw04,2026-09-22T22:30:01.069Z,2026/09/23 07:20,,,0.790,サーバー(国交省 川の防災情報)
kw05,2026-09-22T22:30:01.069Z,2026/09/22 09:00,,,-1.270,サーバー(国交省 川の防災情報)
kw06,2026-09-22T22:30:02.086Z,2026/09/22 09:00,,,-2.390,サーバー(国交省 川の防災情報)
kw07,2026-09-22T22:30:02.114Z,2026/09/22 09:00,,,-4.180,サーバー(国交省 川の防災情報)
kw08,2026-09-22T22:30:02.188Z,2026/09/23 07:20,,,0.630,サーバー(国交省 川の防災情報)
kw09,2026-09-22T22:30:02.194Z,2026/09/22 10:00,,,-4.040,サーバー(国交省 川の防災情報)
kw10,2026-09-22T22:30:02.272Z,2026/09/23 07:20,,,1.870,サーバー(国交省 川の防災情報)
kw11,2026-09-22T22:30:02.616Z,2026/09/23 07:20,,,0.690,サーバー(国交省 川の防災情報)
cam02,2026-09-22T22:40:00.448Z,2026-09-23 07:30:07,,12.203,0.540,サーバー(直接取得)
cam03,2026-09-22T22:40:00.449Z,2026-09-23 07:30:18,,11.834,-4.580,サーバー(直接取得)
cam04,2026-09-22T22:40:00.450Z,2026-09-23 07:30:07,,12.352,1.060,サーバー(直接取得)
cam08,2026-09-22T22:40:00.450Z,2026-09-23 07:30:21,,12.326,0.110,サーバー(直接取得)
cam09,2026-09-22T22:40:01.161Z,2026-09-23 07:30:23,,12.115,0.310,サーバー(直接取得)
cam11,2026-09-22T22:40:01.162Z,2026-09-23 07:30:06,,12.480,0.506,サーバー(直接取得)
cam12,2026-09-22T22:40:01.355Z,2026-09-23 07:30:07,,12.190,-0.063,サーバー(直接取得)
cam13,2026-09-22T22:40:01.419Z,2026-09-23 07:30:06,,12.532,0.044,サーバー(直接取得)
cam14,2026-09-22T22:40:01.419Z,2026-09-23 07:30:19,,12.075,0.067,サーバー(直接取得)
cam36,2026-09-22T22:40:01.535Z,2026-09-23 07:30:07,,12.550,0.029,サーバー(直接取得)
cam39,2026-09-22T22:40:01.615Z,2026-09-23 07:38:06,,13.381,0.060,サーバー(直接取得)
cam40,2026-09-22T22:40:01.714Z,2026-09-23 07:30:07,,12.537,0.336,サーバー(直接取得)
cam41,2026-09-22T22:40:01.731Z,2026-09-23 07:30:03,,12.616,0.139,サーバー(直接取得)
cam42,2026-09-22T22:40:01.782Z,2026-09-23 07:30:21,,12.365,0.430,サーバー(直接取得)
cam43,2026-09-22T22:40:01.810Z,2026-09-23 07:30:17,,11.425,0.510,サーバー(直接取得)
cam44,2026-09-22T22:40:01.971Z,2026-09-23 07:30:03,,12.269,0.170,サーバー(直接取得)
cam45,2026-09-22T22:40:02.007Z,2026-09-23 07:30:04,,12.361,0.360,サーバー(直接取得)
cam46,2026-09-22T22:40:02.076Z,2026-09-23 07:30:18,,12.282,0.820,サーバー(直接取得)
cam47,2026-09-22T22:40:02.106Z,2026-09-23 07:30:07,,12.256,0.429,サーバー(直接取得)
cam48,2026-09-22T22:40:02.265Z,2026-09-23 07:30:03,,13.755,-15.510,サーバー(直接取得)
cam50,2026-09-22T22:40:02.267Z,2026-09-23 07:39:00,,13.504,0.190,サーバー(直接取得)
cam51,2026-09-22T22:40:02.341Z,2026-09-23 07:32:22,,13.605,0.100,サーバー(直接取得)
cam52,2026-09-22T22:40:02.368Z,2026-09-23 07:30:27,,12.198,0.300,サーバー(直接取得)
cam53,2026-09-22T22:40:02.369Z,2026-09-23 07:30:29,,12.093,0.110,サーバー(直接取得)
cam54,2026-09-22T22:40:02.520Z,2026-09-23 07:30:21,,12.282,0.110,サーバー(直接取得)
cam55,2026-09-22T22:40:02.549Z,2026-09-23 07:30:21,,12.559,0.680,サーバー(直接取得)
kw01,2026-09-22T22:40:02.605Z,2026/09/23 07:30,,,0.560,サーバー(国交省 川の防災情報)
kw02,2026-09-22T22:40:02.612Z,2026/09/23 07:30,,,0.280,サーバー(国交省 川の防災情報)
kw03,2026-09-22T22:40:02.630Z,2026/09/23 07:30,,,1.130,サーバー(国交省 川の防災情報)
kw04,2026-09-22T22:40:02.767Z,2026/09/23 07:30,,,0.880,サーバー(国交省 川の防災情報)
kw05,2026-09-22T22:40:02.784Z,2026/09/22 09:00,,,-1.270,サーバー(国交省 川の防災情報)
kw06,2026-09-22T22:40:03.383Z,2026/09/22 09:00,,,-2.390,サーバー(国交省 川の防災情報)
kw07,2026-09-22T22:40:03.562Z,2026/09/22 09:00,,,-4.180,サーバー(国交省 川の防災情報)
kw08,2026-09-22T22:40:03.759Z,2026/09/23 07:30,,,0.630,サーバー(国交省 川の防災情報)
kw09,2026-09-22T22:40:03.773Z,2026/09/22 10:00,,,-4.040,サーバー(国交省 川の防災情報)
kw10,2026-09-22T22:40:03.842Z,2026/09/23 07:30,,,1.880,サーバー(国交省 川の防災情報)
kw11,2026-09-22T22:40:03.911Z,2026/09/23 07:30,,,0.680,サーバー(国交省 川の防災情報)
kw01,2026-09-22T22:50:00.574Z,2026/09/23 07:40,,,0.560,サーバー(国交省 川の防災情報)
kw02,2026-09-22T22:50:00.616Z,2026/09/23 07:40,,,0.280,サーバー(国交省 川の防災情報)
kw03,2026-09-22T22:50:00.618Z,2026/09/23 07:40,,,1.130,サーバー(国交省 川の防災情報)
kw04,2026-09-22T22:50:00.619Z,2026/09/23 07:40,,,0.840,サーバー(国交省 川の防災情報)
kw05,2026-09-22T22:50:00.620Z,2026/09/22 09:00,,,-1.270,サーバー(国交省 川の防災情報)
kw06,2026-09-22T22:50:01.441Z,2026/09/22 09:00,,,-2.390,サーバー(国交省 川の防災情報)
kw07,2026-09-22T22:50:01.480Z,2026/09/22 09:00,,,-4.180,サーバー(国交省 川の防災情報)
kw08,2026-09-22T22:50:01.602Z,2026/09/23 07:40,,,0.630,サーバー(国交省 川の防災情報)
kw09,2026-09-22T22:50:01.717Z,2026/09/22 10:00,,,-4.040,サーバー(国交省 川の防災情報)
kw10,2026-09-22T22:50:01.732Z,2026/09/23 07:40,,,1.890,サーバー(国交省 川の防災情報)
kw11,2026-09-22T22:50:01.941Z,2026/09/23 07:40,,,0.670,サーバー(国交省 川の防災情報)
kw01,2026-09-22T23:00:00.878Z,2026/09/23 07:50,,,0.560,サーバー(国交省 川の防災情報)
kw02,2026-09-22T23:00:00.910Z,2026/09/23 07:50,,,0.280,サーバー(国交省 川の防災情報)
kw03,2026-09-22T23:00:00.911Z,2026/09/23 07:50,,,1.130,サーバー(国交省 川の防災情報)
kw04,2026-09-22T23:00:00.911Z,2026/09/23 07:50,,,0.810,サーバー(国交省 川の防災情報)
kw05,2026-09-22T23:00:00.912Z,2026/09/22 09:00,,,-1.270,サーバー(国交省 川の防災情報)
kw06,2026-09-22T23:00:01.731Z,2026/09/22 09:00,,,-2.390,サーバー(国交省 川の防災情報)
kw07,2026-09-22T23:00:01.753Z,2026/09/22 09:00,,,-4.180,サーバー(国交省 川の防災情報)
kw08,2026-09-22T23:00:01.769Z,2026/09/23 07:50,,,0.630,サーバー(国交省 川の防災情報)
kw09,2026-09-22T23:00:01.982Z,2026/09/22 10:00,,,-4.040,サーバー(国交省 川の防災情報)
kw10,2026-09-22T23:00:02.030Z,2026/09/23 07:50,,,1.910,サーバー(国交省 川の防災情報)
kw11,2026-09-22T23:00:02.114Z,2026/09/23 07:50,,,0.680,サーバー(国交省 川の防災情報)
cam02,2026-09-22T23:10:00.256Z,2026-09-23 08:00:07,,12.163,0.540,サーバー(直接取得)
cam03,2026-09-22T23:10:00.257Z,2026-09-23 08:00:14,,11.825,-4.580,サーバー(直接取得)
cam04,2026-09-22T23:10:00.257Z,2026-09-23 08:00:07,,12.335,1.090,サーバー(直接取得)
cam08,2026-09-22T23:10:00.258Z,2026-09-23 07:40:22,,12.321,0.090,サーバー(直接取得)
cam09,2026-09-22T23:10:00.997Z,2026-09-23 08:00:21,,12.110,0.330,サーバー(直接取得)
cam11,2026-09-22T23:10:00.998Z,2026-09-23 08:00:06,,12.445,0.450,サーバー(直接取得)
cam12,2026-09-22T23:10:01.235Z,2026-09-23 08:00:06,,12.181,-0.046,サーバー(直接取得)
cam13,2026-09-22T23:10:01.240Z,2026-09-23 08:00:07,,12.519,0.089,サーバー(直接取得)
cam14,2026-09-22T23:10:01.389Z,2026-09-23 08:00:19,,12.067,0.067,サーバー(直接取得)
cam36,2026-09-22T23:10:01.394Z,2026-09-23 08:00:07,,12.541,0.029,サーバー(直接取得)
cam39,2026-09-22T23:10:01.495Z,2026-09-23 08:08:06,,13.381,0.062,サーバー(直接取得)
cam40,2026-09-22T23:10:01.498Z,2026-09-23 08:00:07,,12.515,0.332,サーバー(直接取得)
cam41,2026-09-22T23:10:01.607Z,2026-09-23 08:00:03,,12.572,0.140,サーバー(直接取得)
cam42,2026-09-22T23:10:01.682Z,2026-09-23 08:00:20,,12.348,0.430,サーバー(直接取得)
cam43,2026-09-22T23:10:01.687Z,2026-09-23 08:00:16,,11.398,0.510,サーバー(直接取得)
cam44,2026-09-22T23:10:01.781Z,2026-09-23 08:00:03,,12.238,0.170,サーバー(直接取得)
cam45,2026-09-22T23:10:01.881Z,2026-09-23 08:00:03,,12.361,0.360,サーバー(直接取得)
cam46,2026-09-22T23:10:01.930Z,2026-09-23 08:00:17,,12.269,0.830,サーバー(直接取得)
cam47,2026-09-22T23:10:01.947Z,2026-09-23 08:00:07,,12.216,0.429,サーバー(直接取得)
cam48,2026-09-22T23:10:02.028Z,2026-09-23 08:00:03,,13.768,-15.450,サーバー(直接取得)
cam50,2026-09-22T23:10:02.045Z,2026-09-23 08:08:00,,13.500,0.200,サーバー(直接取得)
cam51,2026-09-22T23:10:02.161Z,2026-09-23 08:08:20,,13.605,0.100,サーバー(直接取得)
cam52,2026-09-22T23:10:02.218Z,2026-09-23 08:00:28,,12.194,0.300,サーバー(直接取得)
cam53,2026-09-22T23:10:02.261Z,2026-09-23 08:00:28,,12.102,0.140,サーバー(直接取得)
cam54,2026-09-22T23:10:02.305Z,2026-09-23 08:00:21,,12.269,0.110,サーバー(直接取得)
cam55,2026-09-22T23:10:02.360Z,2026-09-23 08:00:21,,12.572,0.690,サーバー(直接取得)
kw01,2026-09-22T23:10:02.485Z,2026/09/23 08:00,,,0.560,サーバー(国交省 川の防災情報)
kw02,2026-09-22T23:10:02.648Z,2026/09/23 08:00,,,0.280,サーバー(国交省 川の防災情報)
kw03,2026-09-22T23:10:02.681Z,2026/09/23 08:00,,,1.140,サーバー(国交省 川の防災情報)
kw04,2026-09-22T23:10:02.716Z,2026/09/23 08:00,,,0.790,サーバー(国交省 川の防災情報)
kw05,2026-09-22T23:10:02.722Z,2026/09/22 09:00,,,-1.270,サーバー(国交省 川の防災情報)
kw06,2026-09-22T23:10:03.232Z,2026/09/22 09:00,,,-2.390,サーバー(国交省 川の防災情報)
kw07,2026-09-22T23:10:03.316Z,2026/09/22 09:00,,,-4.180,サーバー(国交省 川の防災情報)
kw08,2026-09-22T23:10:03.518Z,2026/09/23 08:00,,,0.630,サーバー(国交省 川の防災情報)
kw09,2026-09-22T23:10:03.593Z,2026/09/22 10:00,,,-4.040,サーバー(国交省 川の防災情報)
kw10,2026-09-22T23:10:03.655Z,2026/09/23 08:00,,,1.920,サーバー(国交省 川の防災情報)
kw11,2026-09-22T23:10:03.770Z,2026/09/23 08:00,,,0.680,サーバー(国交省 川の防災情報)
kw01,2026-09-22T23:20:00.321Z,2026/09/23 08:10,,,0.560,サーバー(国交省 川の防災情報)
kw02,2026-09-22T23:20:00.357Z,2026/09/23 08:10,,,0.280,サーバー(国交省 川の防災情報)
kw03,2026-09-22T23:20:00.358Z,2026/09/23 08:10,,,1.140,サーバー(国交省 川の防災情報)
kw04,2026-09-22T23:20:00.359Z,2026/09/23 08:10,,,0.790,サーバー(国交省 川の防災情報)
kw05,2026-09-22T23:20:00.359Z,2026/09/22 09:00,,,-1.270,サーバー(国交省 川の防災情報)
kw06,2026-09-22T23:20:00.933Z,2026/09/22 09:00,,,-2.390,サーバー(国交省 川の防災情報)
kw07,2026-09-22T23:20:00.984Z,2026/09/22 09:00,,,-4.180,サーバー(国交省 川の防災情報)
kw08,2026-09-22T23:20:01.296Z,2026/09/23 08:10,,,0.630,サーバー(国交省 川の防災情報)
kw09,2026-09-22T23:20:01.333Z,2026/09/22 10:00,,,-4.040,サーバー(国交省 川の防災情報)
kw10,2026-09-22T23:20:01.398Z,2026/09/23 08:10,,,1.930,サーバー(国交省 川の防災情報)
kw11,2026-09-22T23:20:01.459Z,2026/09/23 08:10,,,0.670,サーバー(国交省 川の防災情報)
kw01,2026-09-22T23:30:00.812Z,2026/09/23 08:20,,,0.560,サーバー(国交省 川の防災情報)
kw02,2026-09-22T23:30:00.845Z,2026/09/23 08:20,,,0.290,サーバー(国交省 川の防災情報)
kw03,2026-09-22T23:30:00.846Z,2026/09/23 08:20,,,1.140,サーバー(国交省 川の防災情報)
kw04,2026-09-22T23:30:00.846Z,2026/09/23 08:20,,,0.800,サーバー(国交省 川の防災情報)
kw05,2026-09-22T23:30:00.847Z,2026/09/22 09:00,,,-1.270,サーバー(国交省 川の防災情報)
kw06,2026-09-22T23:30:01.740Z,2026/09/22 09:00,,,-2.390,サーバー(国交省 川の防災情報)
kw07,2026-09-22T23:30:01.794Z,2026/09/22 09:00,,,-4.180,サーバー(国交省 川の防災情報)
kw08,2026-09-22T23:30:01.990Z,2026/09/23 08:20,,,0.630,サーバー(国交省 川の防災情報)
kw09,2026-09-22T23:30:02.167Z,2026/09/22 10:00,,,-4.040,サーバー(国交省 川の防災情報)
kw10,2026-09-22T23:30:02.204Z,2026/09/23 08:20,,,1.930,サーバー(国交省 川の防災情報)
kw11,2026-09-22T23:30:02.346Z,2026/09/23 08:20,,,0.670,サーバー(国交省 川の防災情報)
cam02,2026-09-22T23:40:00.778Z,2026-09-23 08:30:07,,12.176,0.530,サーバー(直接取得)
cam03,2026-09-22T23:40:00.779Z,2026-09-23 08:30:16,,11.825,-4.580,サーバー(直接取得)
cam04,2026-09-22T23:40:00.780Z,2026-09-23 08:30:07,,12.348,1.070,サーバー(直接取得)
cam08,2026-09-22T23:40:00.780Z,2026-09-23 08:30:21,,12.330,0.110,サーバー(直接取得)
cam09,2026-09-22T23:40:01.521Z,2026-09-23 08:30:20,,12.093,0.280,サーバー(直接取得)
cam11,2026-09-22T23:40:01.525Z,2026-09-23 08:30:07,,12.449,0.490,サーバー(直接取得)
cam12,2026-09-22T23:40:01.713Z,2026-09-23 08:30:07,,12.185,-0.060,サーバー(直接取得)
cam13,2026-09-22T23:40:01.726Z,2026-09-23 08:30:07,,12.519,0.056,サーバー(直接取得)
cam14,2026-09-22T23:40:01.777Z,2026-09-23 08:30:21,,12.049,0.067,サーバー(直接取得)
cam36,2026-09-22T23:40:01.783Z,2026-09-23 08:30:07,,12.541,0.030,サーバー(直接取得)
cam39,2026-09-22T23:40:01.924Z,2026-09-23 08:38:06,,13.385,0.057,サーバー(直接取得)
cam40,2026-09-22T23:40:02.030Z,2026-09-23 08:30:07,,12.515,0.333,サーバー(直接取得)
cam41,2026-09-22T23:40:02.062Z,2026-09-23 08:30:03,,12.594,0.141,サーバー(直接取得)
cam42,2026-09-22T23:40:02.070Z,2026-09-23 08:30:17,,12.352,0.440,サーバー(直接取得)
cam43,2026-09-22T23:40:02.277Z,2026-09-23 08:30:24,,11.412,0.510,サーバー(直接取得)
cam44,2026-09-22T23:40:02.305Z,2026-09-23 08:30:03,,12.238,0.170,サーバー(直接取得)
cam45,2026-09-22T23:40:02.477Z,2026-09-23 08:10:03,,12.365,0.360,サーバー(直接取得)
cam46,2026-09-22T23:40:02.478Z,2026-09-23 08:30:23,,12.273,0.840,サーバー(直接取得)
cam47,2026-09-22T23:40:02.593Z,2026-09-23 08:30:07,,12.216,0.430,サーバー(直接取得)
cam48,2026-09-22T23:40:02.629Z,2026-09-23 08:30:03,,13.755,-15.420,サーバー(直接取得)
cam50,2026-09-22T23:40:02.758Z,2026-09-23 08:39:00,,13.504,0.200,サーバー(直接取得)
cam51,2026-09-22T23:40:02.767Z,2026-09-23 08:38:22,,13.601,0.110,サーバー(直接取得)
cam52,2026-09-22T23:40:02.910Z,2026-09-23 08:30:28,,12.234,0.300,サーバー(直接取得)
cam53,2026-09-22T23:40:02.911Z,2026-09-23 08:30:30,,12.075,0.130,サーバー(直接取得)
cam54,2026-09-22T23:40:02.933Z,2026-09-23 08:30:21,,12.273,0.110,サーバー(直接取得)
cam55,2026-09-22T23:40:03.086Z,2026-09-23 08:30:22,,12.563,0.680,サーバー(直接取得)
kw01,2026-09-22T23:40:03.153Z,2026/09/23 08:30,,,0.560,サーバー(国交省 川の防災情報)
kw02,2026-09-22T23:40:03.164Z,2026/09/23 08:30,,,0.290,サーバー(国交省 川の防災情報)
kw03,2026-09-22T23:40:03.174Z,2026/09/23 08:30,,,1.140,サーバー(国交省 川の防災情報)
kw04,2026-09-22T23:40:03.331Z,2026/09/23 08:30,,,0.800,サーバー(国交省 川の防災情報)
kw05,2026-09-22T23:40:03.479Z,2026/09/22 09:00,,,-1.270,サーバー(国交省 川の防災情報)
kw06,2026-09-22T23:40:03.989Z,2026/09/22 09:00,,,-2.390,サーバー(国交省 川の防災情報)
kw07,2026-09-22T23:40:04.041Z,2026/09/22 09:00,,,-4.180,サーバー(国交省 川の防災情報)
kw08,2026-09-22T23:40:04.103Z,2026/09/23 08:30,,,0.630,サーバー(国交省 川の防災情報)
kw09,2026-09-22T23:40:04.297Z,2026/09/22 10:00,,,-4.040,サーバー(国交省 川の防災情報)
kw10,2026-09-22T23:40:04.305Z,2026/09/23 08:30,,,1.940,サーバー(国交省 川の防災情報)
kw11,2026-09-22T23:40:04.349Z,2026/09/23 08:30,,,0.680,サーバー(国交省 川の防災情報)
kw01,2026-09-22T23:50:00.708Z,2026/09/23 08:40,,,0.560,サーバー(国交省 川の防災情報)
kw02,2026-09-22T23:50:00.744Z,2026/09/23 08:40,,,0.290,サーバー(国交省 川の防災情報)
kw03,2026-09-22T23:50:00.745Z,2026/09/23 08:40,,,1.140,サーバー(国交省 川の防災情報)
kw04,2026-09-22T23:50:00.746Z,2026/09/23 08:40,,,0.800,サーバー(国交省 川の防災情報)
kw05,2026-09-22T23:50:00.746Z,2026/09/22 09:00,,,-1.270,サーバー(国交省 川の防災情報)
kw06,2026-09-22T23:50:01.446Z,2026/09/22 09:00,,,-2.390,サーバー(国交省 川の防災情報)
kw07,2026-09-22T23:50:01.480Z,2026/09/22 09:00,,,-4.180,サーバー(国交省 川の防災情報)
kw08,2026-09-22T23:50:01.754Z,2026/09/23 08:40,,,0.630,サーバー(国交省 川の防災情報)
kw09,2026-09-22T23:50:01.847Z,2026/09/22 10:00,,,-4.040,サーバー(国交省 川の防災情報)
kw10,2026-09-22T23:50:01.855Z,2026/09/23 08:40,,,1.950,サーバー(国交省 川の防災情報)
kw11,2026-09-22T23:50:01.869Z,2026/09/23 08:40,,,0.680,サーバー(国交省 川の防災情報)
kw01,2026-09-23T00:00:00.379Z,2026/09/23 08:50,,,0.560,サーバー(国交省 川の防災情報)
kw02,2026-09-23T00:00:00.412Z,2026/09/23 08:50,,,0.280,サーバー(国交省 川の防災情報)
kw03,2026-09-23T00:00:00.413Z,2026/09/23 08:50,,,1.130,サーバー(国交省 川の防災情報)
kw04,2026-09-23T00:00:00.413Z,2026/09/23 08:50,,,0.800,サーバー(国交省 川の防災情報)
kw05,2026-09-23T00:00:00.414Z,2026/09/22 09:00,,,-1.270,サーバー(国交省 川の防災情報)
kw06,2026-09-23T00:00:01.174Z,2026/09/22 09:00,,,-2.390,サーバー(国交省 川の防災情報)
kw07,2026-09-23T00:00:01.424Z,2026/09/22 09:00,,,-4.180,サーバー(国交省 川の防災情報)
kw08,2026-09-23T00:00:01.507Z,2026/09/23 08:50,,,0.640,サーバー(国交省 川の防災情報)
kw09,2026-09-23T00:00:01.528Z,2026/09/22 10:00,,,-4.040,サーバー(国交省 川の防災情報)
kw10,2026-09-23T00:00:01.796Z,2026/09/23 08:50,,,1.950,サーバー(国交省 川の防災情報)
kw11,2026-09-23T00:00:01.802Z,2026/09/23 08:50,,,0.670,サーバー(国交省 川の防災情報)
cam02,2026-09-23T00:10:00.861Z,2026-09-23 09:00:07,,12.212,0.520,サーバー(直接取得)
cam03,2026-09-23T00:10:00.862Z,2026-09-23 09:00:14,,11.820,-4.490,サーバー(直接取得)
cam04,2026-09-23T00:10:00.862Z,2026-09-23 09:00:07,,12.374,1.080,サーバー(直接取得)
cam08,2026-09-23T00:10:00.863Z,2026-09-23 09:00:21,,12.335,0.100,サーバー(直接取得)
cam09,2026-09-23T00:10:01.893Z,2026-09-23 09:00:21,,12.110,0.280,サーバー(直接取得)
cam11,2026-09-23T00:10:01.895Z,2026-09-23 09:00:07,,12.462,0.471,サーバー(直接取得)
cam12,2026-09-23T00:10:02.289Z,2026-09-23 09:00:07,,12.185,-0.064,サーバー(直接取得)
cam13,2026-09-23T00:10:02.294Z,2026-09-23 09:00:07,,12.541,0.052,サーバー(直接取得)
cam14,2026-09-23T00:10:02.352Z,2026-09-23 09:00:16,,12.049,0.057,サーバー(直接取得)
cam36,2026-09-23T00:10:02.456Z,2026-09-23 09:00:07,,12.559,0.028,サーバー(直接取得)
cam39,2026-09-23T00:10:02.629Z,2026-09-23 09:08:06,,13.381,0.059,サーバー(直接取得)
cam40,2026-09-23T00:10:02.658Z,2026-09-23 09:00:07,,12.519,0.324,サーバー(直接取得)
cam41,2026-09-23T00:10:02.707Z,2026-09-23 09:00:03,,12.625,0.143,サーバー(直接取得)
cam42,2026-09-23T00:10:02.738Z,2026-09-23 09:00:18,,12.357,0.430,サーバー(直接取得)
cam43,2026-09-23T00:10:02.846Z,2026-09-23 09:00:21,,11.407,0.510,サーバー(直接取得)
cam44,2026-09-23T00:10:02.875Z,2026-09-23 09:00:03,,12.256,0.170,サーバー(直接取得)
cam45,2026-09-23T00:10:02.916Z,2026-09-23 09:00:03,,12.383,0.360,サーバー(直接取得)
cam46,2026-09-23T00:10:02.987Z,2026-09-23 09:00:17,,12.269,0.820,サーバー(直接取得)
cam47,2026-09-23T00:10:02.999Z,2026-09-23 09:00:07,,12.234,0.433,サーバー(直接取得)
cam48,2026-09-23T00:10:03.091Z,2026-09-23 09:00:03,,13.741,-15.480,サーバー(直接取得)
cam50,2026-09-23T00:10:03.128Z,2026-09-23 09:09:00,,13.504,0.200,サーバー(直接取得)
cam51,2026-09-23T00:10:03.170Z,2026-09-23 09:08:19,,13.605,0.100,サーバー(直接取得)
cam52,2026-09-23T00:10:03.229Z,2026-09-23 09:00:27,,12.207,0.300,サーバー(直接取得)
cam53,2026-09-23T00:10:03.240Z,2026-09-23 09:00:26,,12.093,0.110,サーバー(直接取得)
cam54,2026-09-23T00:10:03.344Z,2026-09-23 09:00:21,,12.260,0.110,サーバー(直接取得)
cam55,2026-09-23T00:10:03.378Z,2026-09-23 09:00:21,,12.594,0.690,サーバー(直接取得)
kw01,2026-09-23T00:10:03.413Z,2026/09/23 09:00,,,0.560,サーバー(国交省 川の防災情報)
kw02,2026-09-23T00:10:03.473Z,2026/09/23 09:00,,,0.290,サーバー(国交省 川の防災情報)
kw03,2026-09-23T00:10:03.488Z,2026/09/23 09:00,,,1.140,サーバー(国交省 川の防災情報)
kw04,2026-09-23T00:10:03.599Z,2026/09/23 09:00,,,0.790,サーバー(国交省 川の防災情報)
kw05,2026-09-23T00:10:03.626Z,2026/09/23 09:00,,,-1.250,サーバー(国交省 川の防災情報)
kw06,2026-09-23T00:10:04.165Z,2026/09/23 09:00,,,-2.420,サーバー(国交省 川の防災情報)
kw07,2026-09-23T00:10:04.166Z,2026/09/23 09:00,,,-4.200,サーバー(国交省 川の防災情報)
kw08,2026-09-23T00:10:04.202Z,2026/09/23 09:00,,,0.640,サーバー(国交省 川の防災情報)
kw09,2026-09-23T00:10:04.220Z,2026/09/22 10:00,,,-4.040,サーバー(国交省 川の防災情報)
kw10,2026-09-23T00:10:04.266Z,2026/09/23 09:00,,,1.930,サーバー(国交省 川の防災情報)
kw11,2026-09-23T00:10:04.559Z,2026/09/23 09:00,,,0.670,サーバー(国交省 川の防災情報)
kw01,2026-09-23T00:20:00.222Z,2026/09/23 09:10,,,0.560,サーバー(国交省 川の防災情報)
kw02,2026-09-23T00:20:00.254Z,2026/09/23 09:10,,,0.280,サーバー(国交省 川の防災情報)
kw03,2026-09-23T00:20:00.255Z,2026/09/23 09:10,,,1.130,サーバー(国交省 川の防災情報)
kw04,2026-09-23T00:20:00.256Z,2026/09/23 09:10,,,0.790,サーバー(国交省 川の防災情報)
kw05,2026-09-23T00:20:00.256Z,2026/09/23 09:00,,,-1.250,サーバー(国交省 川の防災情報)
kw06,2026-09-23T00:20:01.190Z,2026/09/23 09:00,,,-2.420,サーバー(国交省 川の防災情報)
kw07,2026-09-23T00:20:01.243Z,2026/09/23 09:00,,,-4.200,サーバー(国交省 川の防災情報)
kw08,2026-09-23T00:20:01.273Z,2026/09/23 09:10,,,0.640,サーバー(国交省 川の防災情報)
kw09,2026-09-23T00:20:01.301Z,2026/09/22 10:00,,,-4.040,サーバー(国交省 川の防災情報)
kw10,2026-09-23T00:20:01.305Z,2026/09/23 09:10,,,1.930,サーバー(国交省 川の防災情報)
kw11,2026-09-23T00:20:01.606Z,2026/09/23 09:10,,,0.670,サーバー(国交省 川の防災情報)
kw01,2026-09-23T00:30:00.718Z,2026/09/23 09:20,,,0.570,サーバー(国交省 川の防災情報)
kw02,2026-09-23T00:30:00.750Z,2026/09/23 09:20,,,0.290,サーバー(国交省 川の防災情報)
kw03,2026-09-23T00:30:00.751Z,2026/09/23 09:20,,,1.130,サーバー(国交省 川の防災情報)
kw04,2026-09-23T00:30:00.751Z,2026/09/23 09:20,,,0.790,サーバー(国交省 川の防災情報)
kw05,2026-09-23T00:30:00.752Z,2026/09/23 09:00,,,-1.250,サーバー(国交省 川の防災情報)
kw06,2026-09-23T00:30:01.507Z,2026/09/23 09:00,,,-2.420,サーバー(国交省 川の防災情報)
kw07,2026-09-23T00:30:01.586Z,2026/09/23 09:00,,,-4.200,サーバー(国交省 川の防災情報)
kw08,2026-09-23T00:30:01.616Z,2026/09/23 09:20,,,0.630,サーバー(国交省 川の防災情報)
kw09,2026-09-23T00:30:01.726Z,2026/09/22 10:00,,,-4.040,サーバー(国交省 川の防災情報)
kw10,2026-09-23T00:30:01.980Z,2026/09/23 09:20,,,1.920,サーバー(国交省 川の防災情報)
kw11,2026-09-23T00:30:01.998Z,2026/09/23 09:20,,,0.660,サーバー(国交省 川の防災情報)
cam02,2026-09-23T00:40:00.448Z,2026-09-23 09:30:07,,12.212,0.520,サーバー(直接取得)
cam03,2026-09-23T00:40:00.449Z,2026-09-23 09:30:18,,11.856,-4.410,サーバー(直接取得)
cam04,2026-09-23T00:40:00.449Z,2026-09-23 09:30:07,,12.431,1.080,サーバー(直接取得)
cam08,2026-09-23T00:40:00.450Z,2026-09-23 09:30:22,,12.489,0.110,サーバー(直接取得)
cam09,2026-09-23T00:40:01.174Z,2026-09-23 09:30:23,,12.141,0.290,サーバー(直接取得)
cam11,2026-09-23T00:40:01.184Z,2026-09-23 09:30:07,,12.467,0.439,サーバー(直接取得)
cam12,2026-09-23T00:40:01.480Z,2026-09-23 09:30:07,,12.273,-0.066,サーバー(直接取得)
cam13,2026-09-23T00:40:01.483Z,2026-09-23 09:30:07,,12.669,0.046,サーバー(直接取得)
cam14,2026-09-23T00:40:01.489Z,2026-09-23 09:30:21,,12.089,0.067,サーバー(直接取得)
cam36,2026-09-23T00:40:01.501Z,2026-09-23 09:30:07,,12.673,0.027,サーバー(直接取得)
cam39,2026-09-23T00:40:02.010Z,2026-09-23 09:38:06,,13.381,0.057,サーバー(直接取得)
cam40,2026-09-23T00:40:02.172Z,2026-09-23 09:30:07,,12.590,0.322,サーバー(直接取得)
cam41,2026-09-23T00:40:02.198Z,2026-09-23 09:30:03,,12.612,0.142,サーバー(直接取得)
cam42,2026-09-23T00:40:02.228Z,2026-09-23 09:30:19,,12.343,0.430,サーバー(直接取得)
cam43,2026-09-23T00:40:02.273Z,2026-09-23 09:30:22,,11.390,0.510,サーバー(直接取得)
cam44,2026-09-23T00:40:02.454Z,2026-09-23 09:30:03,,12.251,0.170,サーバー(直接取得)
cam45,2026-09-23T00:40:02.459Z,2026-09-23 09:30:03,,12.401,0.360,サーバー(直接取得)
cam46,2026-09-23T00:40:02.497Z,2026-09-23 09:30:17,,12.278,0.760,サーバー(直接取得)
cam47,2026-09-23T00:40:02.527Z,2026-09-23 09:30:06,,12.256,0.438,サーバー(直接取得)
cam48,2026-09-23T00:40:02.656Z,2026-09-23 09:30:03,,13.746,-15.510,サーバー(直接取得)
cam50,2026-09-23T00:40:02.695Z,2026-09-23 09:38:00,,13.504,0.190,サーバー(直接取得)
cam51,2026-09-23T00:40:02.706Z,2026-09-23 09:38:18,,13.601,0.100,サーバー(直接取得)
cam52,2026-09-23T00:40:02.743Z,2026-09-23 09:32:40,,12.190,0.300,サーバー(直接取得)
cam53,2026-09-23T00:40:02.768Z,2026-09-23 09:30:26,,12.154,0.110,サーバー(直接取得)
cam54,2026-09-23T00:40:02.907Z,2026-09-23 09:30:21,,12.326,0.110,サーバー(直接取得)
cam55,2026-09-23T00:40:02.958Z,2026-09-23 09:30:21,,12.576,0.680,サーバー(直接取得)
kw01,2026-09-23T00:40:02.965Z,2026/09/23 09:30,,,0.560,サーバー(国交省 川の防災情報)
kw02,2026-09-23T00:40:03.003Z,2026/09/23 09:30,,,0.290,サーバー(国交省 川の防災情報)
kw03,2026-09-23T00:40:03.020Z,2026/09/23 09:30,,,1.130,サーバー(国交省 川の防災情報)
kw04,2026-09-23T00:40:03.183Z,2026/09/23 09:30,,,0.790,サーバー(国交省 川の防災情報)
kw05,2026-09-23T00:40:03.205Z,2026/09/23 09:00,,,-1.250,サーバー(国交省 川の防災情報)
kw06,2026-09-23T00:40:03.816Z,2026/09/23 09:00,,,-2.420,サーバー(国交省 川の防災情報)
kw07,2026-09-23T00:40:03.838Z,2026/09/23 09:00,,,-4.200,サーバー(国交省 川の防災情報)
kw08,2026-09-23T00:40:03.874Z,2026/09/23 09:30,,,0.630,サーバー(国交省 川の防災情報)
kw09,2026-09-23T00:40:04.022Z,2026/09/22 10:00,,,-4.040,サーバー(国交省 川の防災情報)
kw10,2026-09-23T00:40:04.038Z,2026/09/23 09:30,,,1.920,サーバー(国交省 川の防災情報)
kw11,2026-09-23T00:40:04.368Z,2026/09/23 09:30,,,0.650,サーバー(国交省 川の防災情報)
kw01,2026-09-23T00:50:00.536Z,2026/09/23 09:40,,,0.560,サーバー(国交省 川の防災情報)
kw02,2026-09-23T00:50:00.568Z,2026/09/23 09:40,,,0.290,サーバー(国交省 川の防災情報)
kw03,2026-09-23T00:50:00.569Z,2026/09/23 09:40,,,1.130,サーバー(国交省 川の防災情報)
kw04,2026-09-23T00:50:00.569Z,2026/09/23 09:40,,,0.790,サーバー(国交省 川の防災情報)
kw05,2026-09-23T00:50:00.570Z,2026/09/23 09:00,,,-1.250,サーバー(国交省 川の防災情報)
kw06,2026-09-23T00:50:01.308Z,2026/09/23 09:00,,,-2.420,サーバー(国交省 川の防災情報)
kw07,2026-09-23T00:50:01.309Z,2026/09/23 09:00,,,-4.200,サーバー(国交省 川の防災情報)
kw08,2026-09-23T00:50:01.396Z,2026/09/23 09:40,,,0.700,サーバー(国交省 川の防災情報)
kw09,2026-09-23T00:50:01.443Z,2026/09/22 10:00,,,-4.040,サーバー(国交省 川の防災情報)
kw10,2026-09-23T00:50:01.511Z,2026/09/23 09:40,,,1.620,サーバー(国交省 川の防災情報)
kw11,2026-09-23T00:50:01.856Z,2026/09/23 09:40,,,0.660,サーバー(国交省 川の防災情報)
kw01,2026-09-23T01:00:00.963Z,2026/09/23 09:50,,,0.560,サーバー(国交省 川の防災情報)
kw02,2026-09-23T01:00:01.015Z,2026/09/23 09:50,,,0.280,サーバー(国交省 川の防災情報)
kw03,2026-09-23T01:00:01.017Z,2026/09/23 09:50,,,1.130,サーバー(国交省 川の防災情報)
kw04,2026-09-23T01:00:01.017Z,2026/09/23 09:50,,,0.790,サーバー(国交省 川の防災情報)
kw05,2026-09-23T01:00:01.018Z,2026/09/23 09:00,,,-1.250,サーバー(国交省 川の防災情報)
kw06,2026-09-23T01:00:01.643Z,2026/09/23 09:00,,,-2.420,サーバー(国交省 川の防災情報)
kw07,2026-09-23T01:00:01.651Z,2026/09/23 09:00,,,-4.200,サーバー(国交省 川の防災情報)
kw08,2026-09-23T01:00:01.693Z,2026/09/23 09:50,,,0.840,サーバー(国交省 川の防災情報)
kw09,2026-09-23T01:00:01.775Z,2026/09/22 10:00,,,-4.040,サーバー(国交省 川の防災情報)
kw10,2026-09-23T01:00:01.806Z,2026/09/23 09:50,,,0.810,サーバー(国交省 川の防災情報)
kw11,2026-09-23T01:00:02.023Z,2026/09/23 09:50,,,0.660,サーバー(国交省 川の防災情報)
kw01,2026-09-23T01:10:01.021Z,2026/09/23 10:00,,,0.560,サーバー(国交省 川の防災情報)
kw02,2026-09-23T01:10:01.074Z,2026/09/23 10:00,,,0.280,サーバー(国交省 川の防災情報)
kw03,2026-09-23T01:10:01.075Z,2026/09/23 10:00,,,1.130,サーバー(国交省 川の防災情報)
kw04,2026-09-23T01:10:01.076Z,2026/09/23 10:00,,,0.790,サーバー(国交省 川の防災情報)
kw05,2026-09-23T01:10:01.077Z,2026/09/23 09:00,,,-1.250,サーバー(国交省 川の防災情報)
kw06,2026-09-23T01:10:01.856Z,2026/09/23 09:00,,,-2.420,サーバー(国交省 川の防災情報)
kw07,2026-09-23T01:10:01.933Z,2026/09/23 09:00,,,-4.200,サーバー(国交省 川の防災情報)
kw08,2026-09-23T01:10:01.982Z,2026/09/23 10:00,,,0.700,サーバー(国交省 川の防災情報)
kw09,2026-09-23T01:10:02.243Z,2026/09/23 10:00,,,-4.040,サーバー(国交省 川の防災情報)
kw10,2026-09-23T01:10:02.262Z,2026/09/23 10:00,,,0.470,サーバー(国交省 川の防災情報)
kw11,2026-09-23T01:10:02.349Z,2026/09/23 10:00,,,0.670,サーバー(国交省 川の防災情報)
cam02,2026-09-23T01:20:00.719Z,2026-09-23 10:10:06,,12.251,0.540,サーバー(直接取得)
cam03,2026-09-23T01:20:00.720Z,2026-09-23 10:10:14,,11.864,-4.320,サーバー(直接取得)
cam04,2026-09-23T01:20:00.721Z,2026-09-23 10:10:07,,12.480,1.060,サーバー(直接取得)
cam08,2026-09-23T01:20:00.722Z,2026-09-23 10:10:21,,12.581,0.110,サーバー(直接取得)
cam09,2026-09-23T01:20:01.881Z,2026-09-23 10:10:23,,12.154,0.310,サーバー(直接取得)
cam11,2026-09-23T01:20:01.893Z,2026-09-23 10:10:07,,12.462,0.480,サーバー(直接取得)
cam12,2026-09-23T01:20:01.987Z,2026-09-23 10:10:07,,12.300,-0.067,サーバー(直接取得)
cam13,2026-09-23T01:20:02.000Z,2026-09-23 10:10:07,,12.700,0.045,サーバー(直接取得)
cam14,2026-09-23T01:20:02.002Z,2026-09-23 10:10:27,,12.110,0.067,サーバー(直接取得)
cam36,2026-09-23T01:20:02.406Z,2026-09-23 10:10:06,,12.717,0.028,サーバー(直接取得)
cam39,2026-09-23T01:20:02.417Z,2026-09-23 10:18:06,,13.381,0.058,サーバー(直接取得)
cam40,2026-09-23T01:20:02.420Z,2026-09-23 10:10:07,,12.594,0.319,サーバー(直接取得)
cam41,2026-09-23T01:20:02.464Z,2026-09-23 10:10:03,,12.625,0.141,サーバー(直接取得)
cam42,2026-09-23T01:20:02.473Z,2026-09-23 10:10:18,,12.365,0.430,サーバー(直接取得)
cam43,2026-09-23T01:20:02.651Z,2026-09-23 10:10:17,,11.398,0.510,サーバー(直接取得)
cam44,2026-09-23T01:20:02.655Z,2026-09-23 10:10:03,,12.256,0.170,サーバー(直接取得)
cam45,2026-09-23T01:20:02.672Z,2026-09-23 10:10:03,,12.387,0.360,サーバー(直接取得)
cam46,2026-09-23T01:20:02.700Z,2026-09-23 10:10:20,,12.295,0.870,サーバー(直接取得)
cam47,2026-09-23T01:20:02.716Z,2026-09-23 10:10:06,,12.269,0.438,サーバー(直接取得)
cam48,2026-09-23T01:20:02.881Z,2026-09-23 10:10:03,,13.755,-15.530,サーバー(直接取得)
cam50,2026-09-23T01:20:02.887Z,2026-09-23 10:19:00,,13.504,0.190,サーバー(直接取得)
cam51,2026-09-23T01:20:02.916Z,2026-09-23 10:18:20,,13.601,0.090,サーバー(直接取得)
cam52,2026-09-23T01:20:02.951Z,2026-09-23 10:10:26,,12.190,0.290,サーバー(直接取得)
cam53,2026-09-23T01:20:02.951Z,2026-09-23 10:10:26,,12.185,0.110,サーバー(直接取得)
cam54,2026-09-23T01:20:03.114Z,2026-09-23 10:10:21,,12.361,0.110,サーバー(直接取得)
cam55,2026-09-23T01:20:03.122Z,2026-09-23 10:10:22,,12.576,0.680,サーバー(直接取得)
kw01,2026-09-23T01:20:03.151Z,2026/09/23 10:10,,,0.560,サーバー(国交省 川の防災情報)
kw02,2026-09-23T01:20:03.190Z,2026/09/23 10:10,,,0.280,サーバー(国交省 川の防災情報)
kw03,2026-09-23T01:20:03.210Z,2026/09/23 10:10,,,1.130,サーバー(国交省 川の防災情報)
kw04,2026-09-23T01:20:03.335Z,2026/09/23 10:10,,,0.790,サーバー(国交省 川の防災情報)
kw05,2026-09-23T01:20:03.343Z,2026/09/23 09:00,,,-1.250,サーバー(国交省 川の防災情報)
kw06,2026-09-23T01:20:04.013Z,2026/09/23 09:00,,,-2.420,サーバー(国交省 川の防災情報)
kw07,2026-09-23T01:20:04.044Z,2026/09/23 09:00,,,-4.200,サーバー(国交省 川の防災情報)
kw08,2026-09-23T01:20:04.051Z,2026/09/23 10:10,,,0.650,サーバー(国交省 川の防災情報)
kw09,2026-09-23T01:20:04.111Z,2026/09/23 10:00,,,-4.040,サーバー(国交省 川の防災情報)
kw10,2026-09-23T01:20:04.470Z,2026/09/23 10:10,,,0.300,サーバー(国交省 川の防災情報)
kw11,2026-09-23T01:20:04.547Z,2026/09/23 10:10,,,0.680,サーバー(国交省 川の防災情報)
kw01,2026-09-23T01:30:00.932Z,2026/09/23 10:20,,,0.560,サーバー(国交省 川の防災情報)
kw02,2026-09-23T01:30:00.986Z,2026/09/23 10:20,,,0.280,サーバー(国交省 川の防災情報)
kw03,2026-09-23T01:30:00.987Z,2026/09/23 10:20,,,1.130,サーバー(国交省 川の防災情報)
kw04,2026-09-23T01:30:00.988Z,2026/09/23 10:20,,,0.790,サーバー(国交省 川の防災情報)
kw05,2026-09-23T01:30:00.989Z,2026/09/23 09:00,,,-1.250,サーバー(国交省 川の防災情報)
kw06,2026-09-23T01:30:01.840Z,2026/09/23 09:00,,,-2.420,サーバー(国交省 川の防災情報)
kw07,2026-09-23T01:30:01.842Z,2026/09/23 09:00,,,-4.200,サーバー(国交省 川の防災情報)
kw08,2026-09-23T01:30:01.844Z,2026/09/23 10:20,,,0.630,サーバー(国交省 川の防災情報)
kw09,2026-09-23T01:30:01.918Z,2026/09/23 10:00,,,-4.040,サーバー(国交省 川の防災情報)
kw10,2026-09-23T01:30:01.975Z,2026/09/23 10:20,,,0.240,サーバー(国交省 川の防災情報)
kw11,2026-09-23T01:30:02.235Z,2026/09/23 10:20,,,0.680,サーバー(国交省 川の防災情報)
kw01,2026-09-23T01:40:00.725Z,2026/09/23 10:30,,,0.560,サーバー(国交省 川の防災情報)
kw02,2026-09-23T01:40:00.777Z,2026/09/23 10:30,,,0.280,サーバー(国交省 川の防災情報)
kw03,2026-09-23T01:40:00.778Z,2026/09/23 10:30,,,1.130,サーバー(国交省 川の防災情報)
kw04,2026-09-23T01:40:00.779Z,2026/09/23 10:30,,,0.780,サーバー(国交省 川の防災情報)
kw05,2026-09-23T01:40:00.780Z,2026/09/23 09:00,,,-1.250,サーバー(国交省 川の防災情報)
kw06,2026-09-23T01:40:01.482Z,2026/09/23 09:00,,,-2.420,サーバー(国交省 川の防災情報)
kw07,2026-09-23T01:40:01.484Z,2026/09/23 09:00,,,-4.200,サーバー(国交省 川の防災情報)
kw08,2026-09-23T01:40:01.511Z,2026/09/23 10:30,,,0.630,サーバー(国交省 川の防災情報)
kw09,2026-09-23T01:40:01.536Z,2026/09/23 10:00,,,-4.040,サーバー(国交省 川の防災情報)
kw10,2026-09-23T01:40:01.763Z,2026/09/23 10:30,,,0.230,サーバー(国交省 川の防災情報)
kw11,2026-09-23T01:40:01.874Z,2026/09/23 10:30,,,0.680,サーバー(国交省 川の防災情報)
cam02,2026-09-23T01:50:00.289Z,2026-09-23 10:40:07,,12.273,0.510,サーバー(直接取得)
cam03,2026-09-23T01:50:00.290Z,2026-09-23 10:40:14,,11.869,-4.250,サーバー(直接取得)
cam04,2026-09-23T01:50:00.291Z,2026-09-23 10:40:06,,12.532,1.070,サーバー(直接取得)
cam08,2026-09-23T01:50:00.292Z,2026-09-23 10:40:22,,12.651,0.110,サーバー(直接取得)
cam09,2026-09-23T01:50:00.896Z,2026-09-23 10:40:22,,12.203,0.320,サーバー(直接取得)
cam11,2026-09-23T01:50:00.900Z,2026-09-23 10:40:07,,12.506,0.486,サーバー(直接取得)
cam12,2026-09-23T01:50:01.024Z,2026-09-23 10:40:07,,12.365,-0.070,サーバー(直接取得)
cam13,2026-09-23T01:50:01.035Z,2026-09-23 10:40:07,,12.783,0.042,サーバー(直接取得)
cam14,2026-09-23T01:50:01.111Z,2026-09-23 10:40:21,,12.176,0.067,サーバー(直接取得)
cam36,2026-09-23T01:50:01.126Z,2026-09-23 10:40:07,,12.796,0.026,サーバー(直接取得)
cam39,2026-09-23T01:50:01.244Z,2026-09-23 10:48:06,,13.381,0.055,サーバー(直接取得)
cam40,2026-09-23T01:50:01.283Z,2026-09-23 10:40:07,,12.682,0.314,サーバー(直接取得)
cam41,2026-09-23T01:50:01.310Z,2026-09-23 10:40:03,,12.673,0.141,サーバー(直接取得)
cam42,2026-09-23T01:50:01.336Z,2026-09-23 10:40:21,,12.379,0.430,サーバー(直接取得)
cam43,2026-09-23T01:50:01.370Z,2026-09-23 10:40:20,,11.407,0.510,サーバー(直接取得)
cam44,2026-09-23T01:50:01.480Z,2026-09-23 10:40:03,,12.251,0.170,サーバー(直接取得)
cam45,2026-09-23T01:50:01.561Z,2026-09-23 10:40:03,,12.449,0.360,サーバー(直接取得)
cam46,2026-09-23T01:50:01.588Z,2026-09-23 10:40:17,,12.278,0.620,サーバー(直接取得)
cam47,2026-09-23T01:50:01.605Z,2026-09-23 10:40:07,,12.308,0.451,サーバー(直接取得)
cam48,2026-09-23T01:50:01.713Z,2026-09-23 10:40:03,,13.755,-15.530,サーバー(直接取得)
cam50,2026-09-23T01:50:01.826Z,2026-09-23 10:49:00,,13.500,0.190,サーバー(直接取得)
cam51,2026-09-23T01:50:01.832Z,2026-09-23 10:48:21,,13.605,0.090,サーバー(直接取得)
cam52,2026-09-23T01:50:01.845Z,2026-09-23 10:40:26,,12.212,0.290,サーバー(直接取得)
cam53,2026-09-23T01:50:01.898Z,2026-09-23 10:40:29,,12.264,0.110,サーバー(直接取得)
cam54,2026-09-23T01:50:01.994Z,2026-09-23 10:40:21,,12.453,0.100,サーバー(直接取得)
cam55,2026-09-23T01:50:02.183Z,2026-09-23 10:40:21,,12.607,0.670,サーバー(直接取得)
kw01,2026-09-23T01:50:02.197Z,2026/09/23 10:40,,,0.560,サーバー(国交省 川の防災情報)
kw02,2026-09-23T01:50:02.204Z,2026/09/23 10:40,,,0.280,サーバー(国交省 川の防災情報)
kw03,2026-09-23T01:50:02.321Z,2026/09/23 10:40,,,1.130,サーバー(国交省 川の防災情報)
kw04,2026-09-23T01:50:02.346Z,2026/09/23 10:40,,,0.780,サーバー(国交省 川の防災情報)
kw05,2026-09-23T01:50:02.467Z,2026/09/23 09:00,,,-1.250,サーバー(国交省 川の防災情報)
kw06,2026-09-23T01:50:03.044Z,2026/09/23 09:00,,,-2.420,サーバー(国交省 川の防災情報)
kw07,2026-09-23T01:50:03.050Z,2026/09/23 09:00,,,-4.200,サーバー(国交省 川の防災情報)
kw08,2026-09-23T01:50:03.057Z,2026/09/23 10:40,,,0.630,サーバー(国交省 川の防災情報)
kw09,2026-09-23T01:50:03.058Z,2026/09/23 10:00,,,-4.040,サーバー(国交省 川の防災情報)
kw10,2026-09-23T01:50:03.401Z,2026/09/23 10:40,,,0.220,サーバー(国交省 川の防災情報)
kw11,2026-09-23T01:50:03.436Z,2026/09/23 10:40,,,0.670,サーバー(国交省 川の防災情報)
kw01,2026-09-23T02:00:00.622Z,2026/09/23 10:50,,,0.560,サーバー(国交省 川の防災情報)
kw02,2026-09-23T02:00:00.679Z,2026/09/23 10:50,,,0.280,サーバー(国交省 川の防災情報)
kw03,2026-09-23T02:00:00.681Z,2026/09/23 10:50,,,1.130,サーバー(国交省 川の防災情報)
kw04,2026-09-23T02:00:00.682Z,2026/09/23 10:50,,,0.780,サーバー(国交省 川の防災情報)
kw05,2026-09-23T02:00:00.683Z,2026/09/23 09:00,,,-1.250,サーバー(国交省 川の防災情報)
kw06,2026-09-23T02:00:01.444Z,2026/09/23 09:00,,,-2.420,サーバー(国交省 川の防災情報)
kw07,2026-09-23T02:00:01.446Z,2026/09/23 09:00,,,-4.200,サーバー(国交省 川の防災情報)
kw08,2026-09-23T02:00:01.453Z,2026/09/23 10:50,,,0.630,サーバー(国交省 川の防災情報)
kw09,2026-09-23T02:00:01.472Z,2026/09/23 10:00,,,-4.040,サーバー(国交省 川の防災情報)
kw10,2026-09-23T02:00:01.802Z,2026/09/23 10:50,,,0.220,サーバー(国交省 川の防災情報)
kw11,2026-09-23T02:00:01.852Z,2026/09/23 10:50,,,0.670,サーバー(国交省 川の防災情報)
kw01,2026-09-23T02:10:00.957Z,2026/09/23 11:00,,,0.550,サーバー(国交省 川の防災情報)
kw02,2026-09-23T02:10:01.010Z,2026/09/23 11:00,,,0.280,サーバー(国交省 川の防災情報)
kw03,2026-09-23T02:10:01.012Z,2026/09/23 11:00,,,1.120,サーバー(国交省 川の防災情報)
kw04,2026-09-23T02:10:01.013Z,2026/09/23 11:00,,,0.780,サーバー(国交省 川の防災情報)
kw05,2026-09-23T02:10:01.014Z,2026/09/23 09:00,,,-1.250,サーバー(国交省 川の防災情報)
kw06,2026-09-23T02:10:01.726Z,2026/09/23 09:00,,,-2.420,サーバー(国交省 川の防災情報)
kw07,2026-09-23T02:10:01.734Z,2026/09/23 09:00,,,-4.200,サーバー(国交省 川の防災情報)
kw08,2026-09-23T02:10:01.790Z,2026/09/23 11:00,,,0.620,サーバー(国交省 川の防災情報)
kw09,2026-09-23T02:10:02.035Z,2026/09/23 10:00,,,-4.040,サーバー(国交省 川の防災情報)
kw10,2026-09-23T02:10:02.124Z,2026/09/23 11:00,,,0.210,サーバー(国交省 川の防災情報)
kw11,2026-09-23T02:10:02.151Z,2026/09/23 11:00,,,0.670,サーバー(国交省 川の防災情報)
cam02,2026-09-23T02:20:00.718Z,2026-09-23 11:10:07,,12.295,0.500,サーバー(直接取得)
cam03,2026-09-23T02:20:00.719Z,2026-09-23 11:10:13,,11.869,-4.180,サーバー(直接取得)
cam04,2026-09-23T02:20:00.720Z,2026-09-23 11:10:07,,12.576,1.060,サーバー(直接取得)
cam08,2026-09-23T02:20:00.721Z,2026-09-23 11:10:21,,12.612,0.120,サーバー(直接取得)
cam09,2026-09-23T02:20:03.266Z,2026-09-23 11:10:21,,12.194,0.320,サーバー(直接取得)
cam11,2026-09-23T02:20:03.272Z,2026-09-23 11:10:07,,12.506,0.478,サーバー(直接取得)
cam12,2026-09-23T02:20:03.383Z,2026-09-23 11:10:07,,12.343,-0.074,サーバー(直接取得)
cam13,2026-09-23T02:20:03.400Z,2026-09-23 11:10:07,,12.774,0.042,サーバー(直接取得)
cam14,2026-09-23T02:20:03.415Z,2026-09-23 11:10:22,,12.141,0.057,サーバー(直接取得)
cam36,2026-09-23T02:20:03.500Z,2026-09-23 11:10:07,,12.783,0.028,サーバー(直接取得)
cam39,2026-09-23T02:20:03.504Z,2026-09-23 11:18:06,,13.385,0.055,サーバー(直接取得)
cam40,2026-09-23T02:20:03.605Z,2026-09-23 11:10:07,,12.730,0.315,サーバー(直接取得)
cam41,2026-09-23T02:20:03.625Z,2026-09-23 11:10:03,,12.691,0.140,サーバー(直接取得)
cam42,2026-09-23T02:20:03.634Z,2026-09-23 11:10:16,,12.379,0.430,サーバー(直接取得)
cam43,2026-09-23T02:20:03.732Z,2026-09-23 11:10:18,,11.416,0.510,サーバー(直接取得)
cam44,2026-09-23T02:20:03.738Z,2026-09-23 11:10:03,,12.247,0.070,サーバー(直接取得)
cam45,2026-09-23T02:20:03.833Z,2026-09-23 11:10:03,,12.418,0.360,サーバー(直接取得)
cam46,2026-09-23T02:20:03.860Z,2026-09-23 11:10:18,,12.295,0.630,サーバー(直接取得)
cam47,2026-09-23T02:20:03.869Z,2026-09-23 11:10:07,,12.365,0.458,サーバー(直接取得)
cam48,2026-09-23T02:20:03.973Z,2026-09-23 11:10:03,,13.772,-15.540,サーバー(直接取得)
cam50,2026-09-23T02:20:03.978Z,2026-09-23 11:19:00,,13.500,0.190,サーバー(直接取得)
cam51,2026-09-23T02:20:04.064Z,2026-09-23 11:18:20,,13.605,0.090,サーバー(直接取得)
cam52,2026-09-23T02:20:04.086Z,2026-09-23 11:10:31,,12.212,0.290,サーバー(直接取得)
cam53,2026-09-23T02:20:04.111Z,2026-09-23 11:10:29,,12.260,0.100,サーバー(直接取得)
cam54,2026-09-23T02:20:04.208Z,2026-09-23 11:10:21,,12.418,0.100,サーバー(直接取得)
cam55,2026-09-23T02:20:04.209Z,2026-09-23 11:10:22,,12.585,0.680,サーバー(直接取得)
kw01,2026-09-23T02:20:04.323Z,2026/09/23 11:10,,,0.560,サーバー(国交省 川の防災情報)
kw02,2026-09-23T02:20:04.335Z,2026/09/23 11:10,,,0.280,サーバー(国交省 川の防災情報)
kw03,2026-09-23T02:20:04.365Z,2026/09/23 11:10,,,1.120,サーバー(国交省 川の防災情報)
kw04,2026-09-23T02:20:04.438Z,2026/09/23 11:10,,,0.780,サーバー(国交省 川の防災情報)
kw05,2026-09-23T02:20:04.445Z,2026/09/23 09:00,,,-1.250,サーバー(国交省 川の防災情報)
kw06,2026-09-23T02:20:05.212Z,2026/09/23 09:00,,,-2.420,サーバー(国交省 川の防災情報)
kw07,2026-09-23T02:20:05.261Z,2026/09/23 09:00,,,-4.200,サーバー(国交省 川の防災情報)
kw08,2026-09-23T02:20:05.269Z,2026/09/23 11:10,,,0.620,サーバー(国交省 川の防災情報)
kw09,2026-09-23T02:20:05.552Z,2026/09/23 10:00,,,-4.040,サーバー(国交省 川の防災情報)
kw10,2026-09-23T02:20:05.606Z,2026/09/23 11:10,,,0.210,サーバー(国交省 川の防災情報)
kw11,2026-09-23T02:20:05.638Z,2026/09/23 11:10,,,0.670,サーバー(国交省 川の防災情報)
kw01,2026-09-23T02:30:00.192Z,2026/09/23 11:20,,,0.550,サーバー(国交省 川の防災情報)
kw02,2026-09-23T02:30:00.253Z,2026/09/23 11:20,,,0.280,サーバー(国交省 川の防災情報)
kw03,2026-09-23T02:30:00.254Z,2026/09/23 11:20,,,1.120,サーバー(国交省 川の防災情報)
kw04,2026-09-23T02:30:00.255Z,2026/09/23 11:20,,,0.780,サーバー(国交省 川の防災情報)
kw05,2026-09-23T02:30:00.256Z,2026/09/23 09:00,,,-1.250,サーバー(国交省 川の防災情報)
kw06,2026-09-23T02:30:00.929Z,2026/09/23 09:00,,,-2.420,サーバー(国交省 川の防災情報)
kw07,2026-09-23T02:30:00.969Z,2026/09/23 09:00,,,-4.200,サーバー(国交省 川の防災情報)
kw08,2026-09-23T02:30:00.991Z,2026/09/23 11:20,,,0.620,サーバー(国交省 川の防災情報)
kw09,2026-09-23T02:30:01.246Z,2026/09/23 10:00,,,-4.040,サーバー(国交省 川の防災情報)
kw10,2026-09-23T02:30:01.383Z,2026/09/23 11:20,,,0.210,サーバー(国交省 川の防災情報)
kw11,2026-09-23T02:30:01.438Z,2026/09/23 11:20,,,0.660,サーバー(国交省 川の防災情報)
kw01,2026-09-23T02:40:00.768Z,2026/09/23 11:30,,,0.550,サーバー(国交省 川の防災情報)
kw02,2026-09-23T02:40:00.820Z,2026/09/23 11:30,,,0.280,サーバー(国交省 川の防災情報)
kw03,2026-09-23T02:40:00.821Z,2026/09/23 11:30,,,1.120,サーバー(国交省 川の防災情報)
kw04,2026-09-23T02:40:00.822Z,2026/09/23 11:30,,,0.780,サーバー(国交省 川の防災情報)
kw05,2026-09-23T02:40:00.823Z,2026/09/23 09:00,,,-1.250,サーバー(国交省 川の防災情報)
kw06,2026-09-23T02:40:01.641Z,2026/09/23 09:00,,,-2.420,サーバー(国交省 川の防災情報)
kw07,2026-09-23T02:40:01.769Z,2026/09/23 09:00,,,-4.200,サーバー(国交省 川の防災情報)
kw08,2026-09-23T02:40:01.959Z,2026/09/23 11:30,,,0.620,サーバー(国交省 川の防災情報)
kw09,2026-09-23T02:40:01.974Z,2026/09/23 10:00,,,-4.040,サーバー(国交省 川の防災情報)
kw10,2026-09-23T02:40:02.008Z,2026/09/23 11:30,,,0.210,サーバー(国交省 川の防災情報)
kw11,2026-09-23T02:40:02.115Z,2026/09/23 11:30,,,0.670,サーバー(国交省 川の防災情報)
cam02,2026-09-23T02:50:00.572Z,2026-09-23 11:40:07,,12.313,0.490,サーバー(直接取得)
cam03,2026-09-23T02:50:00.574Z,2026-09-23 11:40:13,,11.877,-4.120,サーバー(直接取得)
cam04,2026-09-23T02:50:00.574Z,2026-09-23 11:40:07,,12.590,1.070,サーバー(直接取得)
cam08,2026-09-23T02:50:00.575Z,2026-09-23 11:20:21,,12.642,0.120,サーバー(直接取得)
cam09,2026-09-23T02:50:01.653Z,2026-09-23 11:40:21,,12.198,0.300,サーバー(直接取得)
cam11,2026-09-23T02:50:01.655Z,2026-09-23 11:40:06,,12.502,0.500,サーバー(直接取得)
cam12,2026-09-23T02:50:01.896Z,2026-09-23 11:40:07,,12.361,-0.074,サーバー(直接取得)
cam13,2026-09-23T02:50:01.904Z,2026-09-23 11:40:07,,12.809,0.042,サーバー(直接取得)
cam14,2026-09-23T02:50:02.185Z,2026-09-23 11:40:20,,12.154,0.057,サーバー(直接取得)
cam36,2026-09-23T02:50:02.624Z,2026-09-23 11:40:07,,12.814,0.026,サーバー(直接取得)
cam39,2026-09-23T02:50:02.701Z,2026-09-23 11:48:06,,13.381,0.053,サーバー(直接取得)
cam40,2026-09-23T02:50:02.740Z,2026-09-23 11:40:07,,12.739,0.315,サーバー(直接取得)
cam41,2026-09-23T02:50:02.864Z,2026-09-23 11:40:03,,12.678,0.140,サーバー(直接取得)
cam42,2026-09-23T02:50:02.932Z,2026-09-23 11:40:16,,12.379,0.440,サーバー(直接取得)
cam43,2026-09-23T02:50:02.969Z,2026-09-23 11:40:20,,11.398,0.510,サーバー(直接取得)
cam44,2026-09-23T02:50:03.092Z,2026-09-23 11:40:03,,12.242,0.070,サーバー(直接取得)
cam45,2026-09-23T02:50:03.163Z,2026-09-23 11:40:03,,12.409,0.360,サーバー(直接取得)
cam46,2026-09-23T02:50:03.173Z,2026-09-23 11:40:17,,12.295,0.620,サーバー(直接取得)
cam47,2026-09-23T02:50:03.193Z,2026-09-23 11:40:07,,12.361,0.463,サーバー(直接取得)
cam48,2026-09-23T02:50:03.196Z,2026-09-23 11:40:03,,13.755,-15.500,サーバー(直接取得)
cam50,2026-09-23T02:50:03.332Z,2026-09-23 11:49:00,,13.504,0.190,サーバー(直接取得)
cam51,2026-09-23T02:50:03.388Z,2026-09-23 11:48:21,,13.605,0.090,サーバー(直接取得)
cam52,2026-09-23T02:50:03.406Z,2026-09-23 11:40:27,,12.212,0.290,サーバー(直接取得)
cam53,2026-09-23T02:50:03.430Z,2026-09-23 11:40:30,,12.282,0.100,サーバー(直接取得)
cam54,2026-09-23T02:50:03.482Z,2026-09-23 11:40:20,,12.449,0.100,サーバー(直接取得)
cam55,2026-09-23T02:50:03.594Z,2026-09-23 11:40:21,,12.585,0.670,サーバー(直接取得)
kw01,2026-09-23T02:50:03.610Z,2026/09/23 11:40,,,0.550,サーバー(国交省 川の防災情報)
kw02,2026-09-23T02:50:03.630Z,2026/09/23 11:40,,,0.280,サーバー(国交省 川の防災情報)
kw03,2026-09-23T02:50:03.657Z,2026/09/23 11:40,,,1.130,サーバー(国交省 川の防災情報)
kw04,2026-09-23T02:50:03.725Z,2026/09/23 11:40,,,0.780,サーバー(国交省 川の防災情報)
kw05,2026-09-23T02:50:03.845Z,2026/09/23 09:00,,,-1.250,サーバー(国交省 川の防災情報)
kw06,2026-09-23T02:50:04.447Z,2026/09/23 09:00,,,-2.420,サーバー(国交省 川の防災情報)
kw07,2026-09-23T02:50:04.455Z,2026/09/23 09:00,,,-4.200,サーバー(国交省 川の防災情報)
kw08,2026-09-23T02:50:04.455Z,2026/09/23 11:40,,,0.620,サーバー(国交省 川の防災情報)
kw09,2026-09-23T02:50:04.488Z,2026/09/23 10:00,,,-4.040,サーバー(国交省 川の防災情報)
kw10,2026-09-23T02:50:04.749Z,2026/09/23 11:40,,,0.210,サーバー(国交省 川の防災情報)
kw11,2026-09-23T02:50:04.878Z,2026/09/23 11:40,,,0.670,サーバー(国交省 川の防災情報)
kw01,2026-09-23T03:00:00.173Z,2026/09/23 11:50,,,0.560,サーバー(国交省 川の防災情報)
kw02,2026-09-23T03:00:00.226Z,2026/09/23 11:50,,,0.280,サーバー(国交省 川の防災情報)
kw03,2026-09-23T03:00:00.228Z,2026/09/23 11:50,,,1.120,サーバー(国交省 川の防災情報)
kw04,2026-09-23T03:00:00.229Z,2026/09/23 11:50,,,0.780,サーバー(国交省 川の防災情報)
kw05,2026-09-23T03:00:00.230Z,2026/09/23 09:00,,,-1.250,サーバー(国交省 川の防災情報)
kw06,2026-09-23T03:00:00.972Z,2026/09/23 09:00,,,-2.420,サーバー(国交省 川の防災情報)
kw07,2026-09-23T03:00:00.975Z,2026/09/23 09:00,,,-4.200,サーバー(国交省 川の防災情報)
kw08,2026-09-23T03:00:00.998Z,2026/09/23 11:50,,,0.620,サーバー(国交省 川の防災情報)
kw09,2026-09-23T03:00:01.011Z,2026/09/23 10:00,,,-4.040,サーバー(国交省 川の防災情報)
kw10,2026-09-23T03:00:01.372Z,2026/09/23 11:50,,,0.210,サーバー(国交省 川の防災情報)
kw11,2026-09-23T03:00:01.399Z,2026/09/23 11:50,,,0.660,サーバー(国交省 川の防災情報)
kw01,2026-09-23T03:10:00.690Z,2026/09/23 12:00,,,0.560,サーバー(国交省 川の防災情報)
kw02,2026-09-23T03:10:00.744Z,2026/09/23 12:00,,,0.270,サーバー(国交省 川の防災情報)
kw03,2026-09-23T03:10:00.745Z,2026/09/23 12:00,,,1.120,サーバー(国交省 川の防災情報)
kw04,2026-09-23T03:10:00.746Z,2026/09/23 12:00,,,0.790,サーバー(国交省 川の防災情報)
kw05,2026-09-23T03:10:00.747Z,2026/09/23 09:00,,,-1.250,サーバー(国交省 川の防災情報)
kw06,2026-09-23T03:10:01.545Z,2026/09/23 09:00,,,-2.420,サーバー(国交省 川の防災情報)
kw07,2026-09-23T03:10:01.549Z,2026/09/23 09:00,,,-4.200,サーバー(国交省 川の防災情報)
kw08,2026-09-23T03:10:01.566Z,2026/09/23 12:00,,,0.620,サーバー(国交省 川の防災情報)
kw09,2026-09-23T03:10:01.636Z,2026/09/23 10:00,,,-4.040,サーバー(国交省 川の防災情報)
kw10,2026-09-23T03:10:01.816Z,2026/09/23 12:00,,,0.210,サーバー(国交省 川の防災情報)
kw11,2026-09-23T03:10:01.954Z,2026/09/23 12:00,,,0.660,サーバー(国交省 川の防災情報)
cam02,2026-09-23T03:20:00.728Z,2026-09-23 12:10:07,,12.251,0.480,サーバー(直接取得)
cam03,2026-09-23T03:20:00.729Z,2026-09-23 12:10:15,,11.847,-4.060,サーバー(直接取得)
cam04,2026-09-23T03:20:00.731Z,2026-09-23 12:10:07,,12.528,1.060,サーバー(直接取得)
cam08,2026-09-23T03:20:00.732Z,2026-09-23 12:10:22,,12.576,0.120,サーバー(直接取得)
cam09,2026-09-23T03:20:01.346Z,2026-09-23 12:10:23,,12.172,0.300,サーバー(直接取得)
cam11,2026-09-23T03:20:01.353Z,2026-09-23 12:10:06,,12.497,0.516,サーバー(直接取得)
cam12,2026-09-23T03:20:01.647Z,2026-09-23 12:10:06,,12.326,-0.069,サーバー(直接取得)
cam13,2026-09-23T03:20:01.658Z,2026-09-23 12:10:07,,12.765,0.042,サーバー(直接取得)
cam14,2026-09-23T03:20:01.719Z,2026-09-23 12:10:17,,12.128,0.057,サーバー(直接取得)
cam36,2026-09-23T03:20:01.736Z,2026-09-23 12:10:07,,12.770,0.026,サーバー(直接取得)
cam39,2026-09-23T03:20:01.755Z,2026-09-23 12:18:06,,13.377,0.054,サーバー(直接取得)
cam40,2026-09-23T03:20:02.130Z,2026-09-23 12:10:06,,12.700,0.314,サーバー(直接取得)
cam41,2026-09-23T03:20:02.249Z,2026-09-23 12:10:03,,12.673,0.138,サーバー(直接取得)
cam42,2026-09-23T03:20:02.296Z,2026-09-23 12:10:18,,12.365,0.430,サーバー(直接取得)
cam43,2026-09-23T03:20:02.364Z,2026-09-23 12:10:18,,11.385,0.510,サーバー(直接取得)
cam44,2026-09-23T03:20:02.550Z,2026-09-23 12:10:03,,12.238,0.070,サーバー(直接取得)
cam45,2026-09-23T03:20:02.555Z,2026-09-23 12:10:03,,12.374,0.360,サーバー(直接取得)
cam46,2026-09-23T03:20:02.556Z,2026-09-23 12:10:20,,12.278,0.620,サーバー(直接取得)
cam47,2026-09-23T03:20:02.603Z,2026-09-23 12:10:07,,12.365,0.473,サーバー(直接取得)
cam48,2026-09-23T03:20:02.653Z,2026-09-23 12:10:03,,13.759,-15.410,サーバー(直接取得)
cam50,2026-09-23T03:20:02.785Z,2026-09-23 12:18:00,,13.500,0.190,サーバー(直接取得)
cam51,2026-09-23T03:20:02.822Z,2026-09-23 12:18:20,,13.601,0.090,サーバー(直接取得)
cam52,2026-09-23T03:20:02.837Z,2026-09-23 12:10:29,,12.216,0.290,サーバー(直接取得)
cam53,2026-09-23T03:20:02.858Z,2026-09-23 12:10:30,,12.225,0.100,サーバー(直接取得)
cam54,2026-09-23T03:20:02.881Z,2026-09-23 12:10:20,,12.401,0.100,サーバー(直接取得)
cam55,2026-09-23T03:20:03.004Z,2026-09-23 12:10:21,,12.594,0.670,サーバー(直接取得)
kw01,2026-09-23T03:20:03.053Z,2026/09/23 12:10,,,0.560,サーバー(国交省 川の防災情報)
kw02,2026-09-23T03:20:03.060Z,2026/09/23 12:10,,,0.270,サーバー(国交省 川の防災情報)
kw03,2026-09-23T03:20:03.100Z,2026/09/23 12:10,,,1.120,サーバー(国交省 川の防災情報)
kw04,2026-09-23T03:20:03.121Z,2026/09/23 12:10,,,0.780,サーバー(国交省 川の防災情報)
kw05,2026-09-23T03:20:03.342Z,2026/09/23 09:00,,,-1.250,サーバー(国交省 川の防災情報)
kw06,2026-09-23T03:20:03.775Z,2026/09/23 09:00,,,-2.420,サーバー(国交省 川の防災情報)
kw07,2026-09-23T03:20:03.796Z,2026/09/23 09:00,,,-4.200,サーバー(国交省 川の防災情報)
kw08,2026-09-23T03:20:03.798Z,2026/09/23 12:10,,,0.620,サーバー(国交省 川の防災情報)
kw09,2026-09-23T03:20:03.800Z,2026/09/23 10:00,,,-4.040,サーバー(国交省 川の防災情報)
kw10,2026-09-23T03:20:04.082Z,2026/09/23 12:10,,,0.210,サーバー(国交省 川の防災情報)
kw11,2026-09-23T03:20:04.178Z,2026/09/23 12:10,,,0.660,サーバー(国交省 川の防災情報)
kw01,2026-09-23T03:30:00.320Z,2026/09/23 12:20,,,0.550,サーバー(国交省 川の防災情報)
kw02,2026-09-23T03:30:00.373Z,2026/09/23 12:20,,,0.270,サーバー(国交省 川の防災情報)
kw03,2026-09-23T03:30:00.374Z,2026/09/23 12:20,,,1.120,サーバー(国交省 川の防災情報)
kw04,2026-09-23T03:30:00.375Z,2026/09/23 12:20,,,0.780,サーバー(国交省 川の防災情報)
kw05,2026-09-23T03:30:00.376Z,2026/09/23 09:00,,,-1.250,サーバー(国交省 川の防災情報)
kw06,2026-09-23T03:30:01.280Z,2026/09/23 09:00,,,-2.420,サーバー(国交省 川の防災情報)
kw07,2026-09-23T03:30:01.282Z,2026/09/23 09:00,,,-4.200,サーバー(国交省 川の防災情報)
kw08,2026-09-23T03:30:01.334Z,2026/09/23 12:20,,,0.610,サーバー(国交省 川の防災情報)
kw09,2026-09-23T03:30:01.620Z,2026/09/23 10:00,,,-4.040,サーバー(国交省 川の防災情報)
kw10,2026-09-23T03:30:01.623Z,2026/09/23 12:20,,,0.210,サーバー(国交省 川の防災情報)
kw11,2026-09-23T03:30:01.701Z,2026/09/23 12:20,,,0.650,サーバー(国交省 川の防災情報)
kw01,2026-09-23T03:40:00.201Z,2026/09/23 12:30,,,0.550,サーバー(国交省 川の防災情報)
kw02,2026-09-23T03:40:00.254Z,2026/09/23 12:30,,,0.270,サーバー(国交省 川の防災情報)
kw03,2026-09-23T03:40:00.255Z,2026/09/23 12:30,,,1.120,サーバー(国交省 川の防災情報)
kw04,2026-09-23T03:40:00.256Z,2026/09/23 12:30,,,0.770,サーバー(国交省 川の防災情報)
kw05,2026-09-23T03:40:00.257Z,2026/09/23 09:00,,,-1.250,サーバー(国交省 川の防災情報)
kw06,2026-09-23T03:40:01.073Z,2026/09/23 09:00,,,-2.420,サーバー(国交省 川の防災情報)
kw07,2026-09-23T03:40:01.371Z,2026/09/23 09:00,,,-4.200,サーバー(国交省 川の防災情報)
kw08,2026-09-23T03:40:01.382Z,2026/09/23 12:30,,,0.610,サーバー(国交省 川の防災情報)
kw09,2026-09-23T03:40:01.422Z,2026/09/23 10:00,,,-4.040,サーバー(国交省 川の防災情報)
kw10,2026-09-23T03:40:01.462Z,2026/09/23 12:30,,,0.210,サーバー(国交省 川の防災情報)
kw11,2026-09-23T03:40:01.539Z,2026/09/23 12:30,,,0.640,サーバー(国交省 川の防災情報)
cam02,2026-09-23T03:50:00.465Z,2026-09-23 12:40:07,,12.264,0.470,サーバー(直接取得)
cam03,2026-09-23T03:50:00.466Z,2026-09-23 12:40:11,,11.816,-4.000,サーバー(直接取得)
cam04,2026-09-23T03:50:00.467Z,2026-09-23 12:40:07,,12.524,1.070,サーバー(直接取得)
cam08,2026-09-23T03:50:00.468Z,2026-09-23 12:40:21,,12.524,0.120,サーバー(直接取得)
cam09,2026-09-23T03:50:01.074Z,2026-09-23 12:40:21,,12.137,0.280,サーバー(直接取得)
cam11,2026-09-23T03:50:01.076Z,2026-09-23 12:40:06,,12.458,0.456,サーバー(直接取得)
cam12,2026-09-23T03:50:01.084Z,2026-09-23 12:40:07,,12.291,-0.072,サーバー(直接取得)
cam13,2026-09-23T03:50:01.096Z,2026-09-23 12:40:07,,12.695,0.042,サーバー(直接取得)
cam14,2026-09-23T03:50:01.203Z,2026-09-23 12:40:20,,12.071,0.047,サーバー(直接取得)
cam36,2026-09-23T03:50:01.288Z,2026-09-23 12:40:07,,12.708,0.026,サーバー(直接取得)
cam39,2026-09-23T03:50:01.307Z,2026-09-23 12:48:06,,13.377,0.053,サーバー(直接取得)
cam40,2026-09-23T03:50:01.308Z,2026-09-23 12:40:07,,12.594,0.314,サーバー(直接取得)
cam41,2026-09-23T03:50:01.355Z,2026-09-23 12:40:03,,12.603,0.140,サーバー(直接取得)
cam42,2026-09-23T03:50:01.439Z,2026-09-23 12:40:23,,12.339,0.430,サーバー(直接取得)
cam43,2026-09-23T03:50:01.548Z,2026-09-23 12:40:19,,11.372,0.510,サーバー(直接取得)
cam44,2026-09-23T03:50:01.592Z,2026-09-23 12:40:04,,12.207,0.080,サーバー(直接取得)
cam45,2026-09-23T03:50:01.603Z,2026-09-23 12:40:03,,12.352,0.360,サーバー(直接取得)
cam46,2026-09-23T03:50:01.642Z,2026-09-23 12:40:19,,12.256,0.630,サーバー(直接取得)
cam47,2026-09-23T03:50:01.673Z,2026-09-23 12:40:07,,12.264,0.468,サーバー(直接取得)
cam48,2026-09-23T03:50:01.907Z,2026-09-23 12:40:03,,13.741,-15.470,サーバー(直接取得)
cam50,2026-09-23T03:50:02.292Z,2026-09-23 12:49:00,,13.500,0.190,サーバー(直接取得)
cam51,2026-09-23T03:50:02.293Z,2026-09-23 12:48:21,,13.601,0.090,サーバー(直接取得)
cam52,2026-09-23T03:50:02.313Z,2026-09-23 12:40:26,,12.198,0.290,サーバー(直接取得)
cam53,2026-09-23T03:50:02.324Z,2026-09-23 12:40:29,,12.141,0.100,サーバー(直接取得)
cam54,2026-09-23T03:50:02.612Z,2026-09-23 12:40:21,,12.348,0.100,サーバー(直接取得)
cam55,2026-09-23T03:50:02.779Z,2026-09-23 12:40:21,,12.581,0.660,サーバー(直接取得)
kw01,2026-09-23T03:50:02.829Z,2026/09/23 12:40,,,0.550,サーバー(国交省 川の防災情報)
kw02,2026-09-23T03:50:02.923Z,2026/09/23 12:40,,,0.270,サーバー(国交省 川の防災情報)
kw03,2026-09-23T03:50:02.947Z,2026/09/23 12:40,,,1.120,サーバー(国交省 川の防災情報)
kw04,2026-09-23T03:50:02.989Z,2026/09/23 12:40,,,0.780,サーバー(国交省 川の防災情報)
kw05,2026-09-23T03:50:03.113Z,2026/09/23 09:00,,,-1.250,サーバー(国交省 川の防災情報)
kw06,2026-09-23T03:50:03.690Z,2026/09/23 09:00,,,-2.420,サーバー(国交省 川の防災情報)
kw07,2026-09-23T03:50:03.704Z,2026/09/23 09:00,,,-4.200,サーバー(国交省 川の防災情報)
kw08,2026-09-23T03:50:03.712Z,2026/09/23 12:40,,,0.610,サーバー(国交省 川の防災情報)
kw09,2026-09-23T03:50:03.950Z,2026/09/23 10:00,,,-4.040,サーバー(国交省 川の防災情報)
kw10,2026-09-23T03:50:04.101Z,2026/09/23 12:40,,,0.210,サーバー(国交省 川の防災情報)
kw11,2026-09-23T03:50:04.126Z,2026/09/23 12:40,,,0.640,サーバー(国交省 川の防災情報)
kw01,2026-09-23T04:00:00.293Z,2026/09/23 12:50,,,0.550,サーバー(国交省 川の防災情報)
kw02,2026-09-23T04:00:00.345Z,2026/09/23 12:50,,,0.270,サーバー(国交省 川の防災情報)
kw03,2026-09-23T04:00:00.346Z,2026/09/23 12:50,,,1.120,サーバー(国交省 川の防災情報)
kw04,2026-09-23T04:00:00.347Z,2026/09/23 12:50,,,0.780,サーバー(国交省 川の防災情報)
kw05,2026-09-23T04:00:00.348Z,2026/09/23 09:00,,,-1.250,サーバー(国交省 川の防災情報)
kw06,2026-09-23T04:00:01.250Z,2026/09/23 09:00,,,-2.420,サーバー(国交省 川の防災情報)
kw07,2026-09-23T04:00:01.252Z,2026/09/23 09:00,,,-4.200,サーバー(国交省 川の防災情報)
kw08,2026-09-23T04:00:01.254Z,2026/09/23 12:50,,,0.610,サーバー(国交省 川の防災情報)
kw09,2026-09-23T04:00:01.277Z,2026/09/23 10:00,,,-4.040,サーバー(国交省 川の防災情報)
kw10,2026-09-23T04:00:01.331Z,2026/09/23 12:50,,,0.210,サーバー(国交省 川の防災情報)
kw11,2026-09-23T04:00:01.682Z,2026/09/23 12:50,,,0.640,サーバー(国交省 川の防災情報)
kw01,2026-09-23T04:10:00.638Z,2026/09/23 13:00,,,0.550,サーバー(国交省 川の防災情報)
kw02,2026-09-23T04:10:00.691Z,2026/09/23 13:00,,,0.270,サーバー(国交省 川の防災情報)
kw03,2026-09-23T04:10:00.692Z,2026/09/23 13:00,,,1.120,サーバー(国交省 川の防災情報)
kw04,2026-09-23T04:10:00.693Z,2026/09/23 13:00,,,0.780,サーバー(国交省 川の防災情報)
kw05,2026-09-23T04:10:00.694Z,2026/09/23 09:00,,,-1.250,サーバー(国交省 川の防災情報)
kw06,2026-09-23T04:10:01.453Z,2026/09/23 09:00,,,-2.420,サーバー(国交省 川の防災情報)
kw07,2026-09-23T04:10:01.456Z,2026/09/23 09:00,,,-4.200,サーバー(国交省 川の防災情報)
kw08,2026-09-23T04:10:01.518Z,2026/09/23 13:00,,,0.610,サーバー(国交省 川の防災情報)
kw09,2026-09-23T04:10:01.553Z,2026/09/23 10:00,,,-4.040,サーバー(国交省 川の防災情報)
kw10,2026-09-23T04:10:01.775Z,2026/09/23 13:00,,,0.210,サーバー(国交省 川の防災情報)
kw11,2026-09-23T04:10:01.826Z,2026/09/23 13:00,,,0.640,サーバー(国交省 川の防災情報)
cam02,2026-09-23T04:20:00.389Z,2026-09-23 13:10:06,,12.212,0.460,サーバー(直接取得)
cam03,2026-09-23T04:20:00.390Z,2026-09-23 13:10:15,,11.812,-3.930,サーバー(直接取得)
cam04,2026-09-23T04:20:00.391Z,2026-09-23 13:10:07,,12.480,1.070,サーバー(直接取得)
cam08,2026-09-23T04:20:00.392Z,2026-09-23 13:10:22,,12.524,0.130,サーバー(直接取得)
cam09,2026-09-23T04:20:00.971Z,2026-09-23 13:10:24,,12.119,0.290,サーバー(直接取得)
cam11,2026-09-23T04:20:00.973Z,2026-09-23 13:10:07,,12.467,0.429,サーバー(直接取得)
cam12,2026-09-23T04:20:01.190Z,2026-09-23 13:10:07,,12.282,-0.069,サーバー(直接取得)
cam13,2026-09-23T04:20:01.199Z,2026-09-23 13:10:07,,12.682,0.041,サーバー(直接取得)
cam14,2026-09-23T04:20:01.213Z,2026-09-23 13:10:19,,12.075,0.047,サーバー(直接取得)
cam36,2026-09-23T04:20:01.224Z,2026-09-23 13:10:07,,12.700,0.026,サーバー(直接取得)
cam39,2026-09-23T04:20:01.238Z,2026-09-23 13:18:06,,13.381,0.052,サーバー(直接取得)
cam40,2026-09-23T04:20:01.421Z,2026-09-23 13:10:08,,12.576,0.312,サーバー(直接取得)
cam41,2026-09-23T04:20:01.428Z,2026-09-23 13:10:03,,12.625,0.141,サーバー(直接取得)
cam42,2026-09-23T04:20:01.433Z,2026-09-23 13:10:19,,12.352,0.440,サーバー(直接取得)
cam43,2026-09-23T04:20:01.448Z,2026-09-23 13:10:21,,11.363,0.510,サーバー(直接取得)
cam44,2026-09-23T04:20:01.468Z,2026-09-23 13:10:03,,12.225,0.070,サーバー(直接取得)
cam45,2026-09-23T04:20:01.685Z,2026-09-23 13:10:03,,12.361,0.360,サーバー(直接取得)
cam46,2026-09-23T04:20:01.688Z,2026-09-23 13:10:21,,12.256,0.610,サーバー(直接取得)
cam47,2026-09-23T04:20:01.694Z,2026-09-23 13:10:06,,12.242,0.461,サーバー(直接取得)
cam48,2026-09-23T04:20:01.708Z,2026-09-23 13:10:03,,13.741,-15.520,サーバー(直接取得)
cam50,2026-09-23T04:20:01.761Z,2026-09-23 13:18:00,,13.504,0.190,サーバー(直接取得)
cam51,2026-09-23T04:20:01.977Z,2026-09-23 13:18:22,,13.601,0.090,サーバー(直接取得)
cam52,2026-09-23T04:20:01.986Z,2026-09-23 13:10:26,,12.238,0.290,サーバー(直接取得)
cam53,2026-09-23T04:20:02.032Z,2026-09-23 13:10:27,,12.141,0.100,サーバー(直接取得)
cam54,2026-09-23T04:20:02.288Z,2026-09-23 13:10:21,,12.308,0.100,サーバー(直接取得)
cam55,2026-09-23T04:20:02.333Z,2026-09-23 13:10:22,,12.585,0.670,サーバー(直接取得)
kw01,2026-09-23T04:20:02.334Z,2026/09/23 13:10,,,0.550,サーバー(国交省 川の防災情報)
kw02,2026-09-23T04:20:02.355Z,2026/09/23 13:10,,,0.270,サーバー(国交省 川の防災情報)
kw03,2026-09-23T04:20:02.427Z,2026/09/23 13:10,,,1.120,サーバー(国交省 川の防災情報)
kw04,2026-09-23T04:20:02.531Z,2026/09/23 13:10,,,0.790,サーバー(国交省 川の防災情報)
kw05,2026-09-23T04:20:02.581Z,2026/09/23 09:00,,,-1.250,サーバー(国交省 川の防災情報)
kw06,2026-09-23T04:20:03.166Z,2026/09/23 09:00,,,-2.420,サーバー(国交省 川の防災情報)
kw07,2026-09-23T04:20:03.200Z,2026/09/23 09:00,,,-4.200,サーバー(国交省 川の防災情報)
kw08,2026-09-23T04:20:03.446Z,2026/09/23 13:10,,,0.610,サーバー(国交省 川の防災情報)
kw09,2026-09-23T04:20:03.534Z,2026/09/23 10:00,,,-4.040,サーバー(国交省 川の防災情報)
kw10,2026-09-23T04:20:03.602Z,2026/09/23 13:10,,,0.210,サーバー(国交省 川の防災情報)
kw11,2026-09-23T04:20:03.660Z,2026/09/23 13:10,,,0.640,サーバー(国交省 川の防災情報)
kw01,2026-09-23T04:30:01.017Z,2026/09/23 13:20,,,0.550,サーバー(国交省 川の防災情報)
kw02,2026-09-23T04:30:01.070Z,2026/09/23 13:20,,,0.270,サーバー(国交省 川の防災情報)
kw03,2026-09-23T04:30:01.071Z,2026/09/23 13:20,,,1.120,サーバー(国交省 川の防災情報)
kw04,2026-09-23T04:30:01.072Z,2026/09/23 13:20,,,0.950,サーバー(国交省 川の防災情報)
kw05,2026-09-23T04:30:01.073Z,2026/09/23 09:00,,,-1.250,サーバー(国交省 川の防災情報)
kw06,2026-09-23T04:30:02.034Z,2026/09/23 09:00,,,-2.420,サーバー(国交省 川の防災情報)
kw07,2026-09-23T04:30:02.037Z,2026/09/23 09:00,,,-4.200,サーバー(国交省 川の防災情報)
kw08,2026-09-23T04:30:02.038Z,2026/09/23 13:20,,,0.610,サーバー(国交省 川の防災情報)
kw09,2026-09-23T04:30:02.062Z,2026/09/23 10:00,,,-4.040,サーバー(国交省 川の防災情報)
kw10,2026-09-23T04:30:02.525Z,2026/09/23 13:20,,,0.210,サーバー(国交省 川の防災情報)
kw11,2026-09-23T04:30:02.551Z,2026/09/23 13:20,,,0.640,サーバー(国交省 川の防災情報)
kw01,2026-09-23T04:40:00.729Z,2026/09/23 13:30,,,0.550,サーバー(国交省 川の防災情報)
kw02,2026-09-23T04:40:00.788Z,2026/09/23 13:30,,,0.270,サーバー(国交省 川の防災情報)
kw03,2026-09-23T04:40:00.789Z,2026/09/23 13:30,,,1.130,サーバー(国交省 川の防災情報)
kw04,2026-09-23T04:40:00.791Z,2026/09/23 13:30,,,0.960,サーバー(国交省 川の防災情報)
kw05,2026-09-23T04:40:00.792Z,2026/09/23 09:00,,,-1.250,サーバー(国交省 川の防災情報)
kw06,2026-09-23T04:40:01.540Z,2026/09/23 09:00,,,-2.420,サーバー(国交省 川の防災情報)
kw07,2026-09-23T04:40:01.606Z,2026/09/23 09:00,,,-4.200,サーバー(国交省 川の防災情報)
kw08,2026-09-23T04:40:01.867Z,2026/09/23 13:30,,,0.610,サーバー(国交省 川の防災情報)
kw09,2026-09-23T04:40:01.948Z,2026/09/23 10:00,,,-4.040,サーバー(国交省 川の防災情報)
kw10,2026-09-23T04:40:02.035Z,2026/09/23 13:30,,,0.210,サーバー(国交省 川の防災情報)
kw11,2026-09-23T04:40:02.084Z,2026/09/23 13:30,,,0.630,サーバー(国交省 川の防災情報)
cam02,2026-09-23T04:50:00.846Z,2026-09-23 13:40:07,,12.194,0.460,サーバー(直接取得)
cam03,2026-09-23T04:50:00.847Z,2026-09-23 13:40:13,,11.803,-3.870,サーバー(直接取得)
cam04,2026-09-23T04:50:00.848Z,2026-09-23 13:40:07,,12.418,1.090,サーバー(直接取得)
cam08,2026-09-23T04:50:00.849Z,2026-09-23 13:10:22,,12.524,0.130,サーバー(直接取得)
cam09,2026-09-23T04:50:02.129Z,2026-09-23 13:40:22,,12.097,0.280,サーバー(直接取得)
cam11,2026-09-23T04:50:02.174Z,2026-09-23 13:40:07,,12.489,0.488,サーバー(直接取得)
cam12,2026-09-23T04:50:02.254Z,2026-09-23 13:40:07,,12.234,-0.071,サーバー(直接取得)
cam13,2026-09-23T04:50:02.272Z,2026-09-23 13:40:07,,12.629,0.042,サーバー(直接取得)
cam14,2026-09-23T04:50:02.400Z,2026-09-23 13:40:20,,12.049,0.057,サーバー(直接取得)
cam36,2026-09-23T04:50:02.419Z,2026-09-23 13:40:07,,12.647,0.021,サーバー(直接取得)
cam39,2026-09-23T04:50:02.430Z,2026-09-23 13:48:06,,13.385,0.052,サーバー(直接取得)
cam40,2026-09-23T04:50:02.492Z,2026-09-23 13:40:07,,12.581,0.315,サーバー(直接取得)
cam41,2026-09-23T04:50:02.631Z,2026-09-23 13:40:03,,12.682,0.139,サーバー(直接取得)
cam42,2026-09-23T04:50:02.659Z,2026-09-23 13:40:24,,12.365,0.440,サーバー(直接取得)
cam43,2026-09-23T04:50:02.670Z,2026-09-23 13:40:21,,11.381,0.510,サーバー(直接取得)
cam44,2026-09-23T04:50:02.706Z,2026-09-23 13:40:03,,12.229,0.070,サーバー(直接取得)
cam45,2026-09-23T04:50:02.753Z,2026-09-23 13:40:03,,12.352,0.360,サーバー(直接取得)
cam46,2026-09-23T04:50:02.847Z,2026-09-23 13:40:21,,12.264,0.690,サーバー(直接取得)
cam47,2026-09-23T04:50:02.881Z,2026-09-23 13:40:06,,12.260,0.483,サーバー(直接取得)
cam48,2026-09-23T04:50:02.895Z,2026-09-23 13:40:03,,13.750,-15.530,サーバー(直接取得)
cam50,2026-09-23T04:50:02.933Z,2026-09-23 13:49:00,,13.504,0.190,サーバー(直接取得)
cam51,2026-09-23T04:50:02.990Z,2026-09-23 13:44:22,,13.605,0.090,サーバー(直接取得)
cam52,2026-09-23T04:50:03.066Z,2026-09-23 13:40:26,,12.256,0.290,サーバー(直接取得)
cam53,2026-09-23T04:50:03.110Z,2026-09-23 13:40:25,,12.110,0.100,サーバー(直接取得)
cam54,2026-09-23T04:50:03.122Z,2026-09-23 13:40:21,,12.300,0.100,サーバー(直接取得)
cam55,2026-09-23T04:50:03.175Z,2026-09-23 13:40:21,,12.612,0.670,サーバー(直接取得)
kw01,2026-09-23T04:50:03.212Z,2026/09/23 13:40,,,0.550,サーバー(国交省 川の防災情報)
kw02,2026-09-23T04:50:03.284Z,2026/09/23 13:40,,,0.270,サーバー(国交省 川の防災情報)
kw03,2026-09-23T04:50:03.327Z,2026/09/23 13:40,,,1.120,サーバー(国交省 川の防災情報)
kw04,2026-09-23T04:50:03.356Z,2026/09/23 13:40,,,0.910,サーバー(国交省 川の防災情報)
kw05,2026-09-23T04:50:03.471Z,2026/09/23 09:00,,,-1.250,サーバー(国交省 川の防災情報)
kw06,2026-09-23T04:50:04.159Z,2026/09/23 09:00,,,-2.420,サーバー(国交省 川の防災情報)
kw07,2026-09-23T04:50:04.347Z,2026/09/23 09:00,,,-4.200,サーバー(国交省 川の防災情報)
kw08,2026-09-23T04:50:04.506Z,2026/09/23 13:40,,,0.610,サーバー(国交省 川の防災情報)
kw09,2026-09-23T04:50:04.549Z,2026/09/23 10:00,,,-4.040,サーバー(国交省 川の防災情報)
kw10,2026-09-23T04:50:04.573Z,2026/09/23 13:40,,,0.210,サーバー(国交省 川の防災情報)
kw11,2026-09-23T04:50:04.592Z,2026/09/23 13:40,,,0.610,サーバー(国交省 川の防災情報)
kw01,2026-09-23T05:00:00.431Z,2026/09/23 13:50,,,0.560,サーバー(国交省 川の防災情報)
kw02,2026-09-23T05:00:00.485Z,2026/09/23 13:50,,,0.270,サーバー(国交省 川の防災情報)
kw03,2026-09-23T05:00:00.486Z,2026/09/23 13:50,,,1.120,サーバー(国交省 川の防災情報)
kw04,2026-09-23T05:00:00.487Z,2026/09/23 13:50,,,0.820,サーバー(国交省 川の防災情報)
kw05,2026-09-23T05:00:00.488Z,2026/09/23 09:00,,,-1.250,サーバー(国交省 川の防災情報)
kw06,2026-09-23T05:00:01.425Z,2026/09/23 09:00,,,-2.420,サーバー(国交省 川の防災情報)
kw07,2026-09-23T05:00:01.427Z,2026/09/23 09:00,,,-4.200,サーバー(国交省 川の防災情報)
kw08,2026-09-23T05:00:01.434Z,2026/09/23 13:50,,,0.610,サーバー(国交省 川の防災情報)
kw09,2026-09-23T05:00:01.437Z,2026/09/23 10:00,,,-4.040,サーバー(国交省 川の防災情報)
kw10,2026-09-23T05:00:01.454Z,2026/09/23 13:50,,,0.210,サーバー(国交省 川の防災情報)
kw11,2026-09-23T05:00:01.876Z,2026/09/23 13:50,,,0.610,サーバー(国交省 川の防災情報)
kw01,2026-09-23T05:10:00.400Z,2026/09/23 14:00,,,0.560,サーバー(国交省 川の防災情報)
kw02,2026-09-23T05:10:00.453Z,2026/09/23 14:00,,,0.270,サーバー(国交省 川の防災情報)
kw03,2026-09-23T05:10:00.454Z,2026/09/23 14:00,,,1.120,サーバー(国交省 川の防災情報)
kw04,2026-09-23T05:10:00.455Z,2026/09/23 14:00,,,0.860,サーバー(国交省 川の防災情報)
kw05,2026-09-23T05:10:00.456Z,2026/09/23 09:00,,,-1.250,サーバー(国交省 川の防災情報)
kw06,2026-09-23T05:10:02.422Z,2026/09/23 09:00,,,-2.420,サーバー(国交省 川の防災情報)
kw07,2026-09-23T05:10:02.464Z,2026/09/23 09:00,,,-4.200,サーバー(国交省 川の防災情報)
kw08,2026-09-23T05:10:02.497Z,2026/09/23 14:00,,,0.610,サーバー(国交省 川の防災情報)
kw09,2026-09-23T05:10:02.718Z,2026/09/23 10:00,,,-4.040,サーバー(国交省 川の防災情報)
kw10,2026-09-23T05:10:02.731Z,2026/09/23 14:00,,,0.210,サーバー(国交省 川の防災情報)
kw11,2026-09-23T05:10:02.858Z,2026/09/23 14:00,,,0.610,サーバー(国交省 川の防災情報)
cam02,2026-09-23T05:20:00.410Z,2026-09-23 14:10:08,,12.163,0.460,サーバー(直接取得)
cam03,2026-09-23T05:20:00.411Z,2026-09-23 14:10:14,,11.794,-3.810,サーバー(直接取得)
cam04,2026-09-23T05:20:00.412Z,2026-09-23 14:10:07,,12.357,1.060,サーバー(直接取得)
cam08,2026-09-23T05:20:00.413Z,2026-09-23 14:10:21,,12.414,0.130,サーバー(直接取得)
cam09,2026-09-23T05:20:01.008Z,2026-09-23 14:10:23,,12.097,0.280,サーバー(直接取得)
cam11,2026-09-23T05:20:01.012Z,2026-09-23 14:10:07,,12.475,0.500,サーバー(直接取得)
cam12,2026-09-23T05:20:01.024Z,2026-09-23 14:10:07,,12.176,-0.073,サーバー(直接取得)
cam13,2026-09-23T05:20:01.030Z,2026-09-23 14:10:07,,12.554,0.046,サーバー(直接取得)
cam14,2026-09-23T05:20:01.123Z,2026-09-23 14:10:22,,12.040,0.057,サーバー(直接取得)
cam36,2026-09-23T05:20:01.229Z,2026-09-23 14:10:07,,12.590,0.026,サーバー(直接取得)
cam39,2026-09-23T05:20:01.242Z,2026-09-23 14:18:06,,13.381,0.055,サーバー(直接取得)
cam40,2026-09-23T05:20:01.270Z,2026-09-23 14:10:07,,12.541,0.309,サーバー(直接取得)
cam41,2026-09-23T05:20:01.286Z,2026-09-23 14:10:03,,12.717,0.138,サーバー(直接取得)
cam42,2026-09-23T05:20:01.353Z,2026-09-23 14:10:18,,12.370,0.440,サーバー(直接取得)
cam43,2026-09-23T05:20:01.443Z,2026-09-23 14:10:18,,11.381,0.510,サーバー(直接取得)
cam44,2026-09-23T05:20:01.467Z,2026-09-23 14:10:03,,12.234,0.080,サーバー(直接取得)
cam45,2026-09-23T05:20:01.522Z,2026-09-23 14:10:03,,12.339,0.350,サーバー(直接取得)
cam46,2026-09-23T05:20:01.559Z,2026-09-23 14:10:20,,12.238,0.830,サーバー(直接取得)
cam47,2026-09-23T05:20:01.595Z,2026-09-23 14:10:07,,12.229,0.447,サーバー(直接取得)
cam48,2026-09-23T05:20:01.745Z,2026-09-23 14:10:03,,13.741,-15.550,サーバー(直接取得)
cam50,2026-09-23T05:20:01.827Z,2026-09-23 14:19:00,,13.500,0.200,サーバー(直接取得)
cam51,2026-09-23T05:20:01.901Z,2026-09-23 14:18:21,,13.601,0.090,サーバー(直接取得)
cam52,2026-09-23T05:20:01.943Z,2026-09-23 14:10:31,,12.198,0.290,サーバー(直接取得)
cam53,2026-09-23T05:20:02.049Z,2026-09-23 14:10:24,,12.093,0.100,サーバー(直接取得)
cam54,2026-09-23T05:20:02.152Z,2026-09-23 14:10:21,,12.260,0.110,サーバー(直接取得)
cam55,2026-09-23T05:20:02.198Z,2026-09-23 14:10:21,,12.594,0.670,サーバー(直接取得)
kw01,2026-09-23T05:20:02.279Z,2026/09/23 14:10,,,0.560,サーバー(国交省 川の防災情報)
kw02,2026-09-23T05:20:02.285Z,2026/09/23 14:10,,,0.270,サーバー(国交省 川の防災情報)
kw03,2026-09-23T05:20:02.329Z,2026/09/23 14:10,,,1.120,サーバー(国交省 川の防災情報)
kw04,2026-09-23T05:20:02.465Z,2026/09/23 14:10,,,0.870,サーバー(国交省 川の防災情報)
kw05,2026-09-23T05:20:02.758Z,2026/09/23 09:00,,,-1.250,サーバー(国交省 川の防災情報)
kw06,2026-09-23T05:20:03.129Z,2026/09/23 09:00,,,-2.420,サーバー(国交省 川の防災情報)
kw07,2026-09-23T05:20:03.245Z,2026/09/23 09:00,,,-4.200,サーバー(国交省 川の防災情報)
kw08,2026-09-23T05:20:03.258Z,2026/09/23 14:10,,,0.610,サーバー(国交省 川の防災情報)
kw09,2026-09-23T05:20:03.514Z,2026/09/23 10:00,,,-4.040,サーバー(国交省 川の防災情報)
kw10,2026-09-23T05:20:03.762Z,2026/09/23 14:10,,,0.210,サーバー(国交省 川の防災情報)
kw11,2026-09-23T05:20:03.771Z,2026/09/23 14:10,,,0.610,サーバー(国交省 川の防災情報)
kw01,2026-09-23T05:30:00.739Z,2026/09/23 14:20,,,0.560,サーバー(国交省 川の防災情報)
kw02,2026-09-23T05:30:00.792Z,2026/09/23 14:20,,,0.270,サーバー(国交省 川の防災情報)
kw03,2026-09-23T05:30:00.793Z,2026/09/23 14:20,,,1.130,サーバー(国交省 川の防災情報)
kw04,2026-09-23T05:30:00.794Z,2026/09/23 14:20,,,0.820,サーバー(国交省 川の防災情報)
kw05,2026-09-23T05:30:00.795Z,2026/09/23 09:00,,,-1.250,サーバー(国交省 川の防災情報)
kw06,2026-09-23T05:30:01.629Z,2026/09/23 09:00,,,-2.420,サーバー(国交省 川の防災情報)
kw07,2026-09-23T05:30:01.631Z,2026/09/23 09:00,,,-4.200,サーバー(国交省 川の防災情報)
kw08,2026-09-23T05:30:01.665Z,2026/09/23 14:20,,,0.610,サーバー(国交省 川の防災情報)
kw09,2026-09-23T05:30:01.901Z,2026/09/23 10:00,,,-4.040,サーバー(国交省 川の防災情報)
kw10,2026-09-23T05:30:01.950Z,2026/09/23 14:20,,,0.210,サーバー(国交省 川の防災情報)
kw11,2026-09-23T05:30:02.042Z,2026/09/23 14:20,,,0.600,サーバー(国交省 川の防災情報)
kw01,2026-09-23T05:40:00.795Z,2026/09/23 14:30,,,0.560,サーバー(国交省 川の防災情報)
kw02,2026-09-23T05:40:00.850Z,2026/09/23 14:30,,,0.270,サーバー(国交省 川の防災情報)
kw03,2026-09-23T05:40:00.851Z,2026/09/23 14:30,,,1.130,サーバー(国交省 川の防災情報)
kw04,2026-09-23T05:40:00.852Z,2026/09/23 14:30,,,0.940,サーバー(国交省 川の防災情報)
kw05,2026-09-23T05:40:00.853Z,2026/09/23 09:00,,,-1.250,サーバー(国交省 川の防災情報)
kw06,2026-09-23T05:40:01.706Z,2026/09/23 09:00,,,-2.420,サーバー(国交省 川の防災情報)
kw07,2026-09-23T05:40:01.740Z,2026/09/23 09:00,,,-4.200,サーバー(国交省 川の防災情報)
kw08,2026-09-23T05:40:01.748Z,2026/09/23 14:30,,,0.610,サーバー(国交省 川の防災情報)
kw09,2026-09-23T05:40:01.764Z,2026/09/23 10:00,,,-4.040,サーバー(国交省 川の防災情報)
kw10,2026-09-23T05:40:01.775Z,2026/09/23 14:30,,,0.210,サーバー(国交省 川の防災情報)
kw11,2026-09-23T05:40:02.163Z,2026/09/23 14:30,,,0.600,サーバー(国交省 川の防災情報)
cam02,2026-09-23T05:50:00.735Z,2026-09-23 14:40:08,,12.154,0.460,サーバー(直接取得)
cam03,2026-09-23T05:50:00.736Z,2026-09-23 14:40:18,,11.763,-3.670,サーバー(直接取得)
cam04,2026-09-23T05:50:00.737Z,2026-09-23 14:40:07,,12.330,1.070,サーバー(直接取得)
cam08,2026-09-23T05:50:00.738Z,2026-09-23 14:40:21,,12.379,0.130,サーバー(直接取得)
cam09,2026-09-23T05:50:01.464Z,2026-09-23 14:40:23,,12.071,0.310,サーバー(直接取得)
cam11,2026-09-23T05:50:01.479Z,2026-09-23 14:40:07,,12.458,0.451,サーバー(直接取得)
cam12,2026-09-23T05:50:01.682Z,2026-09-23 14:40:07,,12.172,-0.069,サーバー(直接取得)
cam13,2026-09-23T05:50:01.702Z,2026-09-23 14:40:07,,12.515,0.044,サーバー(直接取得)
cam14,2026-09-23T05:50:01.710Z,2026-09-23 14:40:20,,12.031,0.047,サーバー(直接取得)
cam36,2026-09-23T05:50:01.714Z,2026-09-23 14:40:06,,12.550,0.028,サーバー(直接取得)
cam39,2026-09-23T05:50:01.736Z,2026-09-23 14:48:06,,13.381,0.057,サーバー(直接取得)
cam40,2026-09-23T05:50:01.904Z,2026-09-23 14:40:07,,12.524,0.347,サーバー(直接取得)
cam41,2026-09-23T05:50:01.941Z,2026-09-23 14:40:04,,12.612,0.148,サーバー(直接取得)
cam42,2026-09-23T05:50:01.947Z,2026-09-23 14:40:16,,12.335,0.440,サーバー(直接取得)
cam43,2026-09-23T05:50:01.959Z,2026-09-23 14:40:16,,11.341,0.510,サーバー(直接取得)
cam44,2026-09-23T05:50:02.008Z,2026-09-23 14:40:03,,12.220,0.070,サーバー(直接取得)
cam45,2026-09-23T05:50:02.343Z,2026-09-23 14:40:03,,12.326,0.360,サーバー(直接取得)
cam46,2026-09-23T05:50:02.367Z,2026-09-23 14:40:16,,12.234,0.820,サーバー(直接取得)
cam47,2026-09-23T05:50:02.535Z,2026-09-23 14:40:07,,12.216,0.405,サーバー(直接取得)
cam48,2026-09-23T05:50:02.592Z,2026-09-23 14:40:03,,13.746,-15.490,サーバー(直接取得)
cam50,2026-09-23T05:50:02.593Z,2026-09-23 14:49:00,,13.504,0.200,サーバー(直接取得)
cam51,2026-09-23T05:50:02.639Z,2026-09-23 14:48:22,,13.605,0.140,サーバー(直接取得)
cam52,2026-09-23T05:50:02.696Z,2026-09-23 14:40:31,,12.198,0.290,サーバー(直接取得)
cam53,2026-09-23T05:50:02.792Z,2026-09-23 14:40:26,,12.089,0.130,サーバー(直接取得)
cam54,2026-09-23T05:50:02.836Z,2026-09-23 14:40:21,,12.242,0.110,サーバー(直接取得)
cam55,2026-09-23T05:50:02.854Z,2026-09-23 14:40:21,,12.572,0.690,サーバー(直接取得)
kw01,2026-09-23T05:50:02.870Z,2026/09/23 14:40,,,0.570,サーバー(国交省 川の防災情報)
kw02,2026-09-23T05:50:02.930Z,2026/09/23 14:40,,,0.280,サーバー(国交省 川の防災情報)
kw03,2026-09-23T05:50:03.035Z,2026/09/23 14:40,,,1.130,サーバー(国交省 川の防災情報)
kw04,2026-09-23T05:50:03.052Z,2026/09/23 14:40,,,0.930,サーバー(国交省 川の防災情報)
kw05,2026-09-23T05:50:03.074Z,2026/09/23 09:00,,,-1.250,サーバー(国交省 川の防災情報)
kw06,2026-09-23T05:50:03.486Z,2026/09/23 09:00,,,-2.420,サーバー(国交省 川の防災情報)
kw07,2026-09-23T05:50:03.502Z,2026/09/23 09:00,,,-4.200,サーバー(国交省 川の防災情報)
kw08,2026-09-23T05:50:03.559Z,2026/09/23 14:40,,,0.610,サーバー(国交省 川の防災情報)
kw09,2026-09-23T05:50:03.827Z,2026/09/23 10:00,,,-4.040,サーバー(国交省 川の防災情報)
kw10,2026-09-23T05:50:03.965Z,2026/09/23 14:40,,,0.210,サーバー(国交省 川の防災情報)
kw11,2026-09-23T05:50:03.981Z,2026/09/23 14:40,,,0.590,サーバー(国交省 川の防災情報)
kw01,2026-09-23T06:00:00.896Z,2026/09/23 14:50,,,0.570,サーバー(国交省 川の防災情報)
kw02,2026-09-23T06:00:00.950Z,2026/09/23 14:50,,,0.290,サーバー(国交省 川の防災情報)
kw03,2026-09-23T06:00:00.951Z,2026/09/23 14:50,,,1.140,サーバー(国交省 川の防災情報)
kw04,2026-09-23T06:00:00.953Z,2026/09/23 14:50,,,0.950,サーバー(国交省 川の防災情報)
kw05,2026-09-23T06:00:00.954Z,2026/09/23 09:00,,,-1.250,サーバー(国交省 川の防災情報)
kw06,2026-09-23T06:00:01.838Z,2026/09/23 09:00,,,-2.420,サーバー(国交省 川の防災情報)
kw07,2026-09-23T06:00:02.065Z,2026/09/23 09:00,,,-4.200,サーバー(国交省 川の防災情報)
kw08,2026-09-23T06:00:02.147Z,2026/09/23 14:50,,,0.620,サーバー(国交省 川の防災情報)
kw09,2026-09-23T06:00:02.196Z,2026/09/23 10:00,,,-4.040,サーバー(国交省 川の防災情報)
kw10,2026-09-23T06:00:02.219Z,2026/09/23 14:50,,,0.210,サーバー(国交省 川の防災情報)
kw11,2026-09-23T06:00:02.365Z,2026/09/23 14:50,,,0.590,サーバー(国交省 川の防災情報)
